target_id,exominer_score
10797460,0.8352990927386446
10797460,0.9542493760765729
10811496,0.7225782538166899
10848459,0.22103743914543894
10854555,0.8668763041439098
10872983,0.8396104410831419
10872983,0.8395784447447854
10872983,0.7902509491095524
6721123,0.016009028011467606
10910878,0.900700129150383
11446443,0.9165989166258341
10666592,0.773757210820229
6922244,0.9325048843524372
10984090,0.7026415038963629
10419211,0.05285711102986561
10464078,0.21861656899053056
10480982,0.07895934596501347
10485250,0.13743446035958534
10526549,0.8894530249659979
10583066,0.783096312372924
10583180,0.1128193299110055
10601284,0.969548516465504
10601284,0.7175124743949521
10601284,0.9604804710800252
2306756,0.04578382078557517
10662202,0.7220799873655701
10682541,0.8815332792421912
11460018,0.9076798588116819
11463211,0.033828869974216295
11465813,0.23663175580921963
11493732,0.29890539042362857
11507101,0.9892439420014373
10910878,0.9020458982317234
10910878,0.9125156072631859
10987985,0.8774271999127158
11018648,0.8118771756866849
11018648,0.7506477753039815
11138155,0.8298900573045345
11152159,0.2966023600121387
11153539,0.972248969549877
11242721,0.2011002332424649
9579641,0.9780440148978111
11304958,0.9149093438515814
11391957,0.7401350437793734
11403044,0.9537447196185989
11414511,0.783514202590935
11442465,0.26678401999438184
12110942,0.7938964107975334
12366084,0.900488096496145
12366084,0.7070473778498394
12404086,0.7454913580352963
8395660,0.9667406764785627
9579641,0.9401045610521401
11656840,0.21310490219004283
11754553,0.831321313983802
11754553,0.950441172564086
11754553,0.8761537131018821
11812062,0.783899456369533
11818800,0.7342798916659823
11853255,0.9595420508944221
11909839,0.12568421252808273
11918099,0.8663220995794612
11918099,0.9221484547821466
9579641,0.8132304346683439
11923270,0.7020797514635603
11960862,0.9179742009206665
12020329,0.8069879982727323
12066335,0.7578802967898609
12066335,0.7098798076449366
12070811,0.780066261637813
8395660,0.8790081353209119
3120431,0.21106071500774162
3246984,0.2501039923237368
3342970,0.8188740010412493
3342970,0.9056769788588193
12459725,0.09429728228707715
12470844,0.9242125792833757
12470844,0.8521537003738578
12644822,0.7488683874329191
2440757,0.2590635585255721
2445129,0.05316371261224806
2713049,0.7062033077644965
3114167,0.7533745799744677
3114661,0.2420507918661059
3115833,0.8957461873580437
4139816,0.9118594853995226
4139816,0.9287341293402527
8395660,0.7522425950045195
4139816,0.7808518841059655
4275191,0.7446468414530137
4476123,0.7209445038470697
3351888,0.8989862006280477
3453214,0.7519997084695434
3554600,0.284700190949679
3641726,0.7021357763161692
3734868,0.26878822622385656
3832474,0.8385991744495394
8395660,0.8859016227264043
3832474,0.8717695925040592
3832474,0.7534295914951686
3836375,0.1800369585313415
3838486,0.06470088578336428
3935914,0.9102467607815715
3940418,0.7924394765843766
4049131,0.8030621526834464
4139816,0.9516647049649916
5287983,0.1225875052444263
5358241,0.9110754833589503
10875245,0.7461110270071064
5358241,0.7697309189075356
5358241,0.7844097758555787
5358624,0.7019477557441831
4544670,0.9394005610222385
4664847,0.9831841160674197
4725681,0.8658125987770147
4725681,0.9534971645419228
4913852,0.8283689665300132
4932348,0.11256336714154803
4936180,0.8068529838010633
11913073,0.21391494328943342
10875245,0.7347449766593138
5021899,0.7125850302822531
5077629,0.2504336680739156
5115978,0.8966018109256464
5164255,0.8003318587207265
5252423,0.9298086343172065
5252423,0.919061003522821
5272878,0.9218572082165756
5283542,0.29220222214665803
5649215,0.17354023482305
5651104,0.8754125964482699
5792202,0.8353637680699396
10875245,0.8838138365499982
5792202,0.7242426721154258
5370302,0.29361699426398047
5372966,0.26300708501417924
5376067,0.24737423690997115
5436502,0.7203264617152221
5436502,0.8547129447440722
5436502,0.9515819410018498
5436502,0.714942123989621
10875245,0.8239461093750746
5436502,0.8189736952887114
5456651,0.9205433647990553
5456651,0.9301639648135647
5481416,0.04365780303877907
5531576,0.9037596472729728
5531576,0.90422558155978
5534814,0.2490571139001225
6291653,0.8027622367740991
6392727,0.7010631366737469
6422070,0.7599364348941254
6428700,0.8469948142947945
6428700,0.7686848351290118
5792202,0.836448044034926
5794379,0.7760507171340485
5794379,0.9817329282037586
5881688,0.8690355348393473
6022556,0.7968473059558893
6032497,0.901387631410272
6061119,0.882633078503227
6191521,0.8958120243527753
6267425,0.23146906507863213
3531558,0.7835914987867528
6276477,0.9035067112678627
6863998,0.9587087982641065
6867155,0.7582902484959355
6948054,0.7460449594525679
6948054,0.8812600666136557
6948054,0.722511674641998
6435936,0.808063964167625
6522242,0.7202432731515133
6526710,0.9685746610938295
6587280,0.7428515130162544
9471974,0.9599611521424521
6587280,0.7198346773161092
6599919,0.8786059741733229
6675056,0.11243757092393816
6685526,0.9742785235832637
6756669,0.07081027883054879
6784235,0.7676129617506036
6849310,0.9639053137844505
6849310,0.8237213661118777
6849310,0.7394707624357293
6862328,0.910764551416175
9471974,0.9040289227039721
6862603,0.2689962214139849
7366258,0.7519704521428052
7366258,0.8020204996615363
7366258,0.897101937542828
7366258,0.9048008269977712
7373451,0.9075960038146924
6948054,0.9361117547711446
6949607,0.8760077806514024
6949607,0.8597737030190596
7031517,0.8578752289140129
11869052,0.14791460149614055
7109675,0.7697210224414879
7109675,0.8781916585212126
7118364,0.8888851581950499
7134976,0.986603315579972
7134976,0.7983391960434619
7135852,0.9243328967242672
7270230,0.2065689213973406
7287995,0.7062449800390571
7287995,0.8418513893955893
7287995,0.9209564823378399
3247396,0.16266735671021473
7303253,0.9829405495740164
5094751,0.7281390901582931
7678434,0.9700235009514069
7678434,0.8609793278366065
7685981,0.865685594186267
7708215,0.22511520752488492
7373451,0.8214871436717538
7377033,0.03066968897507414
7380537,0.7741667932389188
7434875,0.8905779496553309
8349582,0.9650781086135433
7434875,0.8983620144932003
7434875,0.9547474701808936
7455287,0.7255761877645254
7455287,0.9455157986054132
7455287,0.8152429689857421
7458762,0.8446015411219686
7552344,0.25546241689105303
757450,0.8572153760887846
7585481,0.7156637184547205
7663691,0.9516545152479303
5812701,0.7652923079915214
8013419,0.8010229449447153
8018547,0.8519106406253669
8039892,0.7445668876373693
8150320,0.7176308457743129
8150320,0.7632118884390142
11086270,0.896750167624734
7767559,0.062099193227671545
7825899,0.9764281641451722
7825899,0.7934191005037751
7849854,0.9896603671430206
7870390,0.890296763535607
7870390,0.7338655836335445
5094751,0.8501764258688743
7870390,0.8136651556691091
7907423,0.9476189342946908
7907423,0.8042896032242106
7907423,0.8011951230372214
7938496,0.923511803728231
8490993,0.8925390406956837
8490993,0.9193743449293422
8505670,0.8469870853632236
8505670,0.973331020788198
8544996,0.9787745537880443
8552202,0.8557346139954787
8150320,0.7251954062172111
8150320,0.7813642223757913
8150320,0.789230621331561
8180063,0.03499207193582994
8226994,0.7190826275472469
8226994,0.8565719649189599
8226994,0.9850729513540438
8247638,0.7655231163762848
8247638,0.9794347550630513
8247638,0.8626159999621116
11086270,0.787021367891866
8247638,0.7881342046870351
8255887,0.9475979417594281
8256049,0.1369838251185487
8414716,0.8641651112037705
9140402,0.7522357883450834
9141746,0.9103170721994052
9159275,0.28778333840123793
9166862,0.9122949306214262
9166870,0.021351165313933742
11449844,0.7461677293160937
8605074,0.023323275835749974
8628973,0.9803271793730263
8655354,0.2779970627495204
8672910,0.8434020500942448
8686150,0.05270434036657311
8689031,0.8662386234296738
8689373,0.7995164380790927
8689373,0.7698551199588167
8689373,0.9499389402196788
8826878,0.836355774601883
5897826,0.2880379059643442
8883593,0.939932821195009
8951215,0.954870936102012
9016295,0.12634559444405055
9077124,0.8954037297002064
9097120,0.04948233497068659
9466668,0.9629611397690674
9466668,0.7363191078545223
9466668,0.8886590358708926
9466668,0.84973357144529
9479273,0.940306325002416
8359498,0.8608508773577116
9171801,0.23260818610880135
9334289,0.8068312019690526
9334289,0.7695907279986396
9334289,0.808136594524245
9347899,0.7764001753751255
9347899,0.7178850237185617
9347899,0.7859766973458531
9347899,0.7100483969934802
9388479,0.8059902263009698
9388479,0.7755813664544081
11359879,0.7841162144390976
9406990,0.7168541422416495
9415172,0.7979694961343579
9415172,0.8065098041955833
9415172,0.7127317704043321
9904059,0.0752410150663676
3231341,0.7010676043526898
3231341,0.7686681446422527
3231341,0.9141920977913959
2860866,0.9866646365060725
7626506,0.7241356120698902
10460629,0.735069113118345
10319385,0.8239567656931379
10482160,0.8689034239780183
10485069,0.19442762961979768
3233043,0.04679657427591755
6579806,0.08721097381805229
3560301,0.045028940653689765
4044005,0.2973798536863739
11502218,0.8552519933078179
11180361,0.7982855754880309
5802246,0.13271854359148044
6066403,0.20103602915869295
6209637,0.16823341957968366
5988031,0.2166976134923977
7684873,0.1618693135971215
8559644,0.8896203627118394
2851100,0.21627928994671577
3130300,0.08387200535905534
3240158,0.871232706665107
3240158,0.8113925708537542
3228959,0.09618528586238373
3218908,0.7221017996567736
10341913,0.017323001513971037
10480921,0.016410392171180517
10287723,0.7041906283589938
10350571,0.8109998041181151
10350571,0.911971026043915
3749365,0.7132189724299488
11013201,0.7202992577392157
11673674,0.24075884387477114
11013201,0.9386413011591253
9414417,0.7333464624446521
3632418,0.9855027989898499
3441784,0.01765762745211899
5820218,0.05734581770346064
5876368,0.020595506362451478
5809890,0.7085271175718434
5809890,0.9712674320371513
6131236,0.704939472829831
9048161,0.16492399566950153
3218908,0.9333105088332222
3218908,0.9377478551330891
3235672,0.0345953732332181
2837111,0.7430556052563672
3120276,0.019170398762599267
2307199,0.9758788782750297
3547091,0.19276445123161412
3869825,0.14704416713109886
3655332,0.10096726247899111
4042026,0.18197716974646416
3344419,0.11623394187181371
11192141,0.22998054777808147
11494130,0.22214666012088144
5648449,0.16697627312390687
12167361,0.10237133009410378
8607720,0.04567249659567804
1433962,0.24344724829336414
9032900,0.8207066513634352
5956342,0.7177611926801082
5956342,0.8252762840607168
5956342,0.8637569614178614
5956342,0.7498961569577716
5956656,0.7364764000746309
3109930,0.9241445870559206
2854914,0.7167179054388956
2854914,0.72759436363684
3337425,0.0377202954980681
3116412,0.7283088168359001
3865567,0.24802858133924674
3544689,0.01590956748456177
4037164,0.25889587117787044
3443790,0.29944755512701765
3966912,0.019859658338027858
8394721,0.7000481837844995
11607193,0.1819647277759279
1161345,0.9643647776246627
10227501,0.2583828710962575
2854698,0.8195829521269575
2854698,0.8720787464268012
8559644,0.901070203474916
6032981,0.07404451103978021
5866099,0.2022466452898036
5964985,0.01390468612597556
6066416,0.2937943785218547
1996679,0.2557969203126395
2849805,0.8298563043438991
3114811,0.8283547786422739
2853446,0.7624656406279641
3003992,0.17913464534844425
3942446,0.9247026462587662
3554031,0.8756127327236153
3554031,0.7628682256247447
3554031,0.7734727598782964
8394721,0.896946659568097
7295235,0.9445440838191765
2302548,0.7443227818822715
2302548,0.786174537603917
10743597,0.1834039079962194
10743597,0.2758183297680026
9818381,0.9758152805132805
6124941,0.17423921236682643
6060203,0.7791992212383009
5880320,0.7858363113442635
5880320,0.9465249845758891
5880320,0.9437088687961774
3003992,0.21491657787658422
6307537,0.16590464182180426
6359798,0.2688892727338236
6311681,0.016749827485581195
6365321,0.2414309370502172
6301035,0.08898220365474095
3859079,0.7207776196322849
3557493,0.2465869628413346
4061149,0.7858949654359658
3444588,0.7517518007480697
8394721,0.9075356558563104
3962243,0.8663469849333643
10743597,0.8531599169456249
10015516,0.26198456258366487
10154388,0.7068601496212631
1432789,0.9835860381492072
1718189,0.7518072464831508
5880320,0.7075423874751468
5130369,0.16991645011907144
6037187,0.8308337800217114
6147122,0.28706967616772855
8257407,0.12416584178159604
8218274,0.1765642987494874
3964562,0.19992132887587793
5735762,0.9384969960668206
6292162,0.2167210071597793
6307521,0.19047815464905274
6359320,0.9104229376186989
3848972,0.21182276115528603
3860441,0.2836108741506505
3765771,0.10526473578057767
3557341,0.298272071752176
3859628,0.8664424574898978
3644071,0.776637210675968
1718189,0.7835332344955883
1431122,0.8450629308093325
3858949,0.048314394640577886
3858824,0.17374333355828275
2157247,0.088637282253187
7601633,0.12429368240926383
8242681,0.2911624372291436
8260218,0.7327563208199952
8246781,0.012251482648212526
8264070,0.1591067806024907
8222813,0.9895320947196372
6359320,0.8166500445479086
6359320,0.817730722230681
6362874,0.9777917275547539
6272413,0.7335505923145157
8279765,0.14940212028750371
8330548,0.1872488699528837
3348082,0.22386098351487
3853673,0.09888883439894178
3447722,0.981186285145538
3447722,0.841022915036429
3447722,0.9361421872792104
3447722,0.7553092909801983
1432214,0.25708360667215197
2165002,0.9361420719786848
2165002,0.7928043555628053
2441728,0.0782432408122919
1871056,0.9448392913820138
8222813,0.8475148293275306
12105051,0.9332341603194925
8240904,0.7209339443263618
8240904,0.8747221220790057
8240904,0.9207060567123606
8374494,0.14011101393506753
5735762,0.8960232643423818
8414907,0.021726899289705538
8414907,0.14193846665380383
8397446,0.12499115457983817
8386035,0.05616363511607363
3962243,0.7478451458445098
3962243,0.8074881099160606
3438507,0.8894094239649022
3869014,0.7584188861582402
3756801,0.7745919423145057
1871056,0.929739606485673
1865042,0.9145526036852626
2438502,0.10927167746045803
2309585,0.08100800812315272
5780460,0.7899976016553582
8244190,0.017859063554843315
8229696,0.9384345202706492
8262210,0.2965354836731676
10272640,0.8788992984970255
10232123,0.21808158954349077
10223616,0.020783623251550268
8415745,0.20995408966794482
8378634,0.15866983237169988
8397675,0.2685047372368243
8346392,0.7596173057901829
8288947,0.7874706103302598
8312852,0.02245977020497444
9480189,0.7089502826726113
11974540,0.7851721101096178
9480189,0.9150363910990701
9480189,0.8282799859438019
9512687,0.7231860491442627
8644288,0.9407134169458885
5738346,0.18888416263769783
1725016,0.8114374311628375
1722276,0.12462853436080812
892772,0.03719122060803776
1027438,0.08877583144954729
10268907,0.23752643962693024
5446285,0.7212655376248621
10166274,0.916710741129467
10166274,0.9880707400033578
10166274,0.886016311809383
10153827,0.2605501130479508
5735762,0.8780678890412561
8302450,0.09742426136498276
8313667,0.8070152167350462
8351704,0.985430709099246
8299955,0.17530538246845984
9513865,0.7306125081849645
9595686,0.17125032343348554
9605514,0.9361123286529509
9605514,0.9693938609854023
9661877,0.11735604341749051
5728283,0.20155800458583656
8127639,0.08454202864605108
6047498,0.21517605175000729
8125580,0.9152830663262682
8158127,0.7569586378456152
10158990,0.057925969582959244
10149023,0.7614420073935602
10141900,0.8804657343887973
10141900,0.7908095845194105
10141900,0.9749584555988665
8410727,0.9399763169939159
8410727,0.9504669024264975
8349405,0.21856249991687415
8278371,0.8332219763856303
8280511,0.7838890592088603
8280511,0.9313333775307537
9710326,0.9853864871807014
9761882,0.946393166172828
5297298,0.1173920376216791
9766437,0.8018536787254893
9772531,0.9517355555389928
9775938,0.9067088436735853
8644288,0.7508206586712052
8158127,0.9489573590452745
8176653,0.10709491699521946
8174625,0.9049366510810803
8183911,0.1104686035870258
8179973,0.13534478830104985
10157458,0.9475420362462105
4649305,0.2824333670669709
10148521,0.11350041173738691
10118816,0.8563834915053188
10122255,0.803043393063917
3124412,0.036959041254146605
3835670,0.898763583901262
10287248,0.1073585621101408
10351767,0.16869027207078416
10295951,0.8572665454813607
10342041,0.13120157396714463
10514770,0.28799159957599935
9775938,0.730273460124654
9787239,0.8209472835248321
9787239,0.8299170978278712
9787239,0.8521519005830679
9787239,0.7426564228053368
9787239,0.8939362697155329
2309719,0.045754628067370684
2558363,0.0732874736471686
2716853,0.917663626566094
2445154,0.2223851392106853
2715135,0.7605261429874859
8644288,0.7004376116608874
3113266,0.18293504308597686
3247268,0.9078470900405714
3247268,0.7649657149993563
3232859,0.2511216598748247
3098184,0.21958617988304535
2720309,0.22277122201993252
10342065,0.18870162049411313
10352945,0.143962913891402
10354039,0.8906253225154743
10330115,0.9840696174897798
10426656,0.8625988392318737
9820483,0.942681467626598
9941662,0.795754152550018
7778437,0.9190375301786188
9823457,0.9063668383428718
9823457,0.9716870323988924
2574201,0.2855308392641962
2166206,0.21856169439899237
2164169,0.7698093605468836
2574338,0.8937328192573089
2584163,0.7864320090185584
4180280,0.8978757359881104
3239636,0.037505200316077146
2721030,0.8579756279964178
3329204,0.8825554014139467
3230491,0.9816788971619408
3340070,0.2554475580326505
7626506,0.7215671056678502
10426656,0.7169157667985785
10426656,0.882665740478433
10528068,0.9688269700799446
10468940,0.7043984358918602
9825625,0.9522280507007705
9875711,0.7249348440936475
7661409,0.20597164641607424
1026957,0.8062404417112901
10002261,0.191784476816108
8176650,0.25682999856848665
2162635,0.9641019978555019
5899544,0.11156766191433404
5963222,0.1531209636064928
5982353,0.046672609506354365
6205468,0.07351529430196874
8506766,0.2886486310406142
3240706,0.047038619479348766
2853093,0.769354756147583
3228824,0.07884764636784598
3245969,0.9646351043798009
3231341,0.865525471704875
10468940,0.9856651931794643
10341831,0.24969438182485193
10337517,0.8233071223031844
10337517,0.8966938212961031
10351231,0.9641220799203789
10485179,0.05090005153298792
8561063,0.7903347835333832
8561063,0.7263766082341828
8892910,0.2656280079368979
8561063,0.8144464476377583
10657664,0.07593343148566967
3337351,0.0641284821071439
6153201,0.19028002393668864
5802486,0.22337022744370952
5817553,0.22743196910514368
5982368,0.29116321452626903
5816811,0.02352749846463638
5816165,0.012542959600329051
7102227,0.9071349847264608
7102227,0.8767870529813886
7102227,0.8086274660274841
6960913,0.9335760609002689
6837146,0.8035430934274164
11122894,0.7665098650191642
11122894,0.7672723362968702
11129738,0.9645731676291631
11401182,0.7023085681220986
11030711,0.7646351538067588
11512246,0.9644230049742157
6607286,0.7833121563361143
6607286,0.8835905680378139
6690082,0.9180779930911761
6690082,0.8949693991461034
6448890,0.8747178651626221
6448890,0.7718221949038082
10730034,0.9256241488674646
10730034,0.8541223063231037
10858691,0.9375566987114524
10858691,0.7552521948897475
10858691,0.7120099221479774
8107380,0.9532799427847714
6936909,0.8589491696335734
6936909,0.779177253636379
6962977,0.8595341548893616
6962977,0.8150776707819392
11176127,0.9797459274691456
11176127,0.7303610492513563
11176127,0.8934169843951056
11075279,0.9542872324482814
11014932,0.8705840674581806
6607447,0.7885038777148423
6677256,0.24472915408030332
8030148,0.7212950700781944
6692833,0.11438513825019528
6693640,0.824849771030609
10858691,0.8523967467315796
10973814,0.7281766436332706
10973814,0.9885004749843525
6541920,0.9896611624991509
10586208,0.7412160000864055
6962977,0.9457186435886711
6962977,0.8303560906102756
6962977,0.7818154941958089
7174351,0.24775152483456775
6932987,0.7407693621770463
11014932,0.8988376070171296
11014932,0.8276244447021726
11014932,0.7347378794279656
11288505,0.7756575750433354
11493431,0.7360349840058585
6441738,0.7335291570209266
8801343,0.26643392539848837
8488878,0.29610662963280815
8560285,0.16404080667823448
8620565,0.24903189671370674
8616873,0.7510985395521932
10854768,0.7279919998828301
10964440,0.9426164136604344
10713616,0.9603040434366494
10963242,0.7550951361940232
10785538,0.20037996232318137
6932987,0.8670239415586789
8191672,0.7683045151343451
6851425,0.7198755088638019
6934291,0.9099084582127384
7357531,0.06569819926536283
6185711,0.23013314520628747
11037335,0.7160103328441615
11037335,0.7014151171869071
11389771,0.8550272284329712
11389771,0.8719216439449985
8737796,0.02765796718176313
8462258,0.018749716192827313
10925104,0.8633549834350349
8454250,0.0389490153296272
8494263,0.9801791543994423
8848271,0.24523304081293298
10585852,0.9474692410333599
10928043,0.9317944778865694
10794087,0.7058145371818325
10794087,0.9892404532755401
6541920,0.8281829303246776
4275739,0.07224577821809944
7287415,0.8386348575909426
6924203,0.8962769036808499
6878167,0.2649066274103613
6880531,0.08999235997898276
6863839,0.23071335770721468
7296086,0.02566050072234259
11389771,0.969105498821953
11599038,0.9542157122702661
11193263,0.7973522983061857
11027624,0.859161968815524
11032227,0.9096301141692253
8751933,0.9580735987382241
8630788,0.7418878603890922
8630788,0.9306166419737673
8630788,0.7657586043304259
8823426,0.012948033578217426
4070376,0.11768630406581898
4078157,0.0252305891600853
4164994,0.7575872024581978
4480676,0.015153945188646533
4079535,0.25405261983599825
6766634,0.7320923666774611
6774826,0.019661248407550548
5652237,0.19651188028373062
7211469,0.7951849115235162
7375795,0.036911940237531644
7255336,0.19174851333016846
7831264,0.7651518098169124
7802136,0.2340244812296823
7532973,0.8604620331168251
9632895,0.2429296547914861
7449844,0.16179750928172823
8766222,0.08843042606133258
8678594,0.722676422925876
10925104,0.7556420589342463
8678594,0.8767777251071337
8703884,0.061165515486556854
8560840,0.1523291878604523
4076098,0.9420982371955051
4551328,0.07921730423188737
4282872,0.9411542473047442
4639868,0.16297553825997868
10555375,0.09409167216458744
4372768,0.05823192543536209
7375795,0.20979087750153294
7211221,0.8908458005546963
7025526,0.22363866910308666
9451127,0.2577973975776006
9446824,0.03748329315823677
11356260,0.7656844738887761
11044770,0.19742772219748794
11600889,0.7941202874482393
11197126,0.0767788450994565
11043167,0.8398245046157178
8612847,0.8397167258413785
8552583,0.036413545749472434
8547140,0.7340167005408303
8519253,0.10708679897797833
8813698,0.9179666002272915
8757910,0.20386867198640996
4074736,0.9061270807115516
4072526,0.8254746227570151
4150539,0.20553555067947837
4274548,0.9134327546098597
4455231,0.8869730527916175
8953257,0.2872267121893444
8971432,0.2126186633310625
9278553,0.03538257576091505
9527915,0.9147789133369919
9143254,0.03125521356012089
8949247,0.2829150863562306
11336883,0.7611074095854585
11336883,0.7355166371038738
11336883,0.7363355395725736
12506351,0.07787357117508804
7622486,0.29152928071574763
7622486,0.11130366379102148
9705459,0.24811197382756245
8564587,0.9752390891287566
10925104,0.8142973688772278
8564587,0.8053182650353324
8631160,0.7492955853041564
8552498,0.13661699081601061
8806072,0.7519835502199989
4455231,0.7755269951670662
4455231,0.9419685566332918
4285107,0.02237793592301445
4150624,0.09442032398273673
8972058,0.9124852201625264
9346253,0.10276520640128851
9002237,0.25875169612953464
9288786,0.1145921703366156
8958035,0.11570230060972461
9040849,0.17576349681521783
9202151,0.7167933224983805
7842610,0.2882448072010263
7830637,0.1563968800793144
4760746,0.7758156922739211
7832356,0.7873991687111769
9643874,0.7192651939783018
8800954,0.9249371953879792
8583696,0.7820395592422932
8804283,0.8186478744453815
8804283,0.7731145377767008
8552565,0.07043493856524026
4155328,0.9599389793900717
4077526,0.90769292526052
4077526,0.7233078165849157
4077526,0.7407402056642729
4077526,0.9852124077645548
8937021,0.15530584957372656
8935810,0.7349096655168725
2441495,0.7107674230762356
9455556,0.8598545336545006
9455556,0.8995720181455166
9427402,0.9803971258587534
3732821,0.8042229574028722
3962440,0.7627167938113434
3534076,0.7126096847404606
3962357,0.93496615498607
9110357,0.14480510760778
8394721,0.8174647921053744
8609450,0.8222389147616275
6541920,0.7862937440998037
8609450,0.9208306237237698
8609450,0.7280269968781958
8609450,0.9303132639359633
4243911,0.932653325105622
4466677,0.7689893806349938
4466677,0.7275018264868712
4466677,0.7480781993294302
4135665,0.7973347436568191
9269281,0.934437807056389
9100484,0.7056911553898604
9157908,0.020542264537100473
9030447,0.15408432007229678
9034103,0.9673361053603093
9214942,0.9315972304861911
3858704,0.22605780338368212
3749134,0.8915574674569678
3556220,0.2541279275967528
3660924,0.8323092735652531
3939150,0.8102416461405921
8628758,0.7208614222834815
8628758,0.7141286800590494
8509361,0.017214216414984898
8742590,0.7752578323124119
8822366,0.8881074606685229
8972058,0.7680807365274986
4386059,0.09442288405019181
4650674,0.7798018880287885
4275721,0.9644992518666142
4275721,0.7674995552191899
8874090,0.8315715058253071
11666881,0.8073678164026358
9264949,0.7552484917174118
9271752,0.8961364181652237
9007866,0.13583675282076202
9150827,0.875548862602136
3939150,0.8077925976285841
3839488,0.9512220726599633
3542588,0.26215939445685627
3442055,0.807669740783358
3440861,0.13068645689654954
12252424,0.9759520959598134
8700771,0.8353063709138896
10960993,0.21935651619891003
6541920,0.7406052895712597
10599397,0.019653423050586573
10879208,0.0868895784812266
10843203,0.06889165693187382
4570931,0.03411203478115899
4136466,0.9378505948763077
7284688,0.1494417669507623
7199774,0.15777247015183757
7037540,0.034797953392639455
6866228,0.18140083313642005
9391208,0.7133191264545232
9391506,0.7541701250734228
8950853,0.980715635818934
9006449,0.7666491540910748
9006449,0.8799986494719767
9006449,0.7922033337101637
4043190,0.9858843444168334
3640905,0.8224116375706976
3640905,0.735305150607787
4060815,0.2661548312744931
6613006,0.10377844462996892
6606653,0.060222203902740516
10790387,0.8318548859477729
10748393,0.1450474411686954
10874226,0.17258502619464922
10661771,0.2513098152566895
10924853,0.039975750397841764
10874926,0.04437982952044748
6631721,0.07454128999894166
6847018,0.18294765173697672
7220322,0.25499560648263825
6956233,0.22465210905547106
7303287,0.9622265847536606
7303287,0.95170722402356
11512246,0.7515056929776787
8916492,0.23454537623284413
11193447,0.0422897212776692
11517719,0.8873378655108004
11599264,0.05700754049691747
11100657,0.24570372877529223
6620003,0.9617983938289735
6621116,0.2830273953750816
6629332,0.04596158154080519
6387450,0.06072098381458382
12252424,0.7307213760567726
6432059,0.060448609548469465
6470149,0.12559447613647268
10549562,0.24202089174690916
10874614,0.7907681999418623
6541920,0.8375351937588661
10666230,0.11906881949562644
10971674,0.013290851744132158
6891543,0.06189466200351347
7211141,0.9082360982816429
7363829,0.918534099691267
6719086,0.7845086511846532
7376983,0.8815499435113139
5084942,0.9201671140043371
11125936,0.18165327445989804
11026304,0.7559771372694575
11342550,0.7097717110403721
11497958,0.722588323986273
11497958,0.9666482975816971
11512246,0.8322302332105364
6462874,0.10543479540275903
6665223,0.09236882426812573
6545358,0.09313626391753443
6390824,0.2528937713445916
6546528,0.2274449419988714
10676923,0.2428566236061848
10604335,0.8658470533185747
10604335,0.865714143452115
10864656,0.7559428519148136
10975146,0.843398333155718
10538176,0.7368883176509944
7376983,0.8449191371394886
7376983,0.9033247808761911
7376983,0.9493913536122432
6946199,0.9870356814701045
6946199,0.9692928062968054
11497958,0.8527718629601251
11177707,0.8529307736657599
11611600,0.9794204785298125
11254382,0.9757220625121279
11122894,0.8651997976686001
6677841,0.7787686029113606
6677841,0.7940295881699508
6677841,0.7201494431264519
9970525,0.0928321442041822
6531491,0.2449475447943459
6383821,0.8284644311340674
10538176,0.7512188390035275
10724369,0.7923227825671955
6541920,0.8868030365389864
10867062,0.7622561535568806
10744335,0.924974435955123
4860678,0.8519401116775149
5177104,0.9052606611691861
7023960,0.0538271924249761
10033279,0.16868197774728746
5009189,0.0808100843087963
8230616,0.8570144817880938
9836959,0.9384477667538486
9838949,0.7235243310479704
9895006,0.7860232505334681
9896558,0.8014117346975207
9589323,0.9767707964341018
9823487,0.8755297641047268
9602514,0.2702957614608622
9726659,0.8193557011899796
12108312,0.2776168107801515
5371776,0.9042085643450488
5371776,0.9390950359837733
5371776,0.8696190829616268
9573539,0.7724334140408845
5371776,0.7394505857648156
9886661,0.8859480144015808
5477805,0.11610659453348475
10055126,0.9379952936297948
10055126,0.9263781923693425
5009743,0.810455881436145
10015937,0.7935956113947121
10019065,0.8413994432042448
7950644,0.9747349403711211
10080248,0.8191365693973003
10213902,0.9617552926585997
9842906,0.1500971909636147
11821363,0.9316362868930865
7629518,0.8197856060608772
10810838,0.9029821696904725
4828341,0.12867622406623433
10019763,0.07416642118492632
9899280,0.08725709677354203
8046659,0.8256108844237073
4940438,0.15724490020792092
5308663,0.2505291088955754
5474733,0.03712743899512653
10963065,0.8757388382227294
6268648,0.9014425218183966
10125352,0.1927482201722464
5357901,0.7925972168168054
4278221,0.8824865801639303
10214162,0.9545885998190986
10905746,0.811433109725067
8242434,0.9379281420407966
6185331,0.8044968793225142
11820830,0.19385584156598334
11774387,0.15020930558555737
9636135,0.8232807185234785
9636135,0.7897975308823798
7841925,0.8156736177572322
7841925,0.8077690497830324
7841925,0.7989588053178415
5219234,0.7004603002592888
5219234,0.9563363586906426
5219234,0.8363185831566105
5219234,0.7876643931966378
12504988,0.19132227780201289
9015738,0.7079777916980365
7215603,0.717562970427751
4276716,0.9658494145428826
5561278,0.7772313756285345
7287683,0.703412285809649
6387542,0.9181027962644644
8266276,0.7996616754797218
6869184,0.7143333033204701
8396405,0.9422859197413651
10799735,0.09951806715114402
6604328,0.9037122221835978
9719634,0.12627925576499152
7439316,0.9205494327858729
12061238,0.17813964123659767
8323753,0.044014239053563664
12400538,0.8869823179618892
5184584,0.9749409435341234
5636648,0.11054758280466043
5564247,0.013311419377065717
5438099,0.9331505018864988
5438099,0.9755080925605308
6543893,0.875151114367974
6543893,0.7572399943375361
6975129,0.866856354511724
11391018,0.9033280595395763
8685497,0.8893373165129406
4365645,0.7713207443278068
7199906,0.7305782514194312
8197343,0.7874575748782933
7032421,0.07513946425894387
6786348,0.7188087058347314
6209677,0.8653533801814073
9641018,0.021485397944413905
9813499,0.92405628933474
12254792,0.8290382393842086
12020218,0.9378092622255276
7690844,0.7784396015545807
9535080,0.11559478997025534
5438099,0.7693826288411095
5438099,0.9442420671171964
5210475,0.23733638822827302
8009350,0.7104671711886978
8082001,0.8984239753812544
9017682,0.8919215821104856
9277896,0.9330163930321772
9401997,0.7547718438379571
10686864,0.812742807551109
10749128,0.7469927028502757
11904734,0.8199609924425688
8043714,0.08510721204770079
7918217,0.18481842800512457
10153011,0.9356466499859256
9631995,0.8378077515789761
11870545,0.7619858033659581
7901948,0.7194701452044914
11955499,0.2792682411648091
6442377,0.7019781142544844
9784222,0.06343310905597421
5376836,0.2062845170945499
5557821,0.12666714396192716
10004519,0.8228454369249082
5031857,0.9341601839269129
5031857,0.7725942537987863
10879038,0.7547472061581846
10990917,0.8474542708814194
11043136,0.012819658674499728
11046025,0.9763914759090322
5771719,0.2980422692658479
9729691,0.7010929639428722
9729691,0.7035850533051327
4950232,0.12501531936186003
10904857,0.9642317920008838
8651389,0.8490665948771567
9520668,0.29823594705319445
7871954,0.9133246122644662
7871954,0.89661057848209
12418724,0.9118476646162174
7456001,0.7021922928057057
10028792,0.7202752530373069
10028792,0.7100937304236824
10028792,0.8257656925445862
5553652,0.258129340168187
5299459,0.7835487081377432
11153121,0.9556673290256636
11153121,0.8745687424854628
11153121,0.8095118899840654
11177543,0.7901147998931266
11337141,0.8016442072453672
6705142,0.8413669025927004
3967760,0.8306092682180584
3967760,0.7095914864862248
4067336,0.12558322749289447
5387843,0.200058015421488
7549209,0.8309302066206568
7663405,0.880169755816261
9765975,0.9385153138096611
9818462,0.7428473302067189
6803202,0.8779151704412405
5299459,0.8116320685575247
9651668,0.8078877739476158
5299459,0.8949859607546607
12506770,0.8041338285885294
5629985,0.21666289986631157
9898364,0.25516213720447034
11337372,0.742743934646665
11337833,0.7545102435345121
11546211,0.17415956656115777
11547505,0.7100946604012857
4471747,0.9004753637085895
11502867,0.9442033937926108
9909735,0.8310776938931381
9909735,0.7527930632720384
11551692,0.7095520737592139
11551692,0.750781613724835
12266636,0.9545725795706547
9850893,0.16649256459232478
4826110,0.28180177868653394
7869917,0.7710439009585747
9824805,0.775303307316233
5193400,0.08345199390034533
7939330,0.7007678568227457
7939330,0.7238031902823424
4918309,0.7294843814430394
12602568,0.9897383970023184
9941066,0.9006562891574572
5972334,0.8630847920035367
4650733,0.7525733841646973
4830605,0.9263428705656964
4832197,0.2602311724585215
4844004,0.1451649746532899
12120943,0.9679540050026589
7831264,0.7638820990044426
9761199,0.2496337518759026
7751571,0.20353068961044407
9579499,0.06293966067701351
11913013,0.1320258971193663
7768451,0.8453723324744825
7691260,0.804879884337823
9821454,0.7056900790512031
9821454,0.8740626257673652
11954842,0.8170159113803912
7972785,0.2138884075478343
5470739,0.7663598326479578
10022908,0.7058128249187439
9932970,0.7645698005444345
5617854,0.7751750487849686
4932442,0.9015930518260893
4932442,0.8533939164565715
5183357,0.8479225466508937
5269467,0.7093995568232978
5360920,0.8082475367811578
7672940,0.15778524151887272
7838655,0.0513967705338139
11702948,0.8131506752395102
9512981,0.9415071608765845
7770450,0.08815753591182245
11455491,0.228109710265879
11764462,0.7568478443499368
11656246,0.8794574562208721
7808587,0.9272638895192225
4741126,0.932126734004565
5301750,0.7744873415081537
5301750,0.8048250897990018
5301750,0.7269090686705031
5301750,0.8780838051085833
5301750,0.8552657094530618
5526717,0.8248106174947627
5972334,0.8487234485527183
5526717,0.9764373841616942
5530882,0.14824557242302178
5531953,0.9770932965876103
6034945,0.8288836723328996
9851226,0.032243927992247595
8692861,0.9081580615940814
7543649,0.19973470458187384
9480310,0.7115688817743487
11858748,0.2979019162383935
4741126,0.953730041979243
11669125,0.8000866363138728
12159249,0.9583500934193816
9872292,0.957709903983863
9963461,0.08739134168000585
8081482,0.0642029394889228
5542466,0.7398221018616749
4178389,0.8221457380468085
5542466,0.8721012995754426
5542466,0.8797999078286185
10028140,0.8266658674956184
6048024,0.2015787687956338
6049190,0.7570164423290368
6149553,0.028116255665371015
6198999,0.7799589360247268
6310636,0.8065323346525779
6616218,0.8582624840246309
7761545,0.7638654562688342
7499398,0.8539659459111113
12365184,0.7557080498187868
4770365,0.8771931098658131
4770365,0.896428899630818
4770365,0.7645128378846547
10748390,0.7017527280813982
11804465,0.8115136070696835
9663113,0.9430692031548467
5649956,0.08509958739276151
4840513,0.051648388513188155
5217586,0.026660041671641453
5289854,0.7846456168759908
5289854,0.8878700506566315
9895709,0.26421419143158315
10006581,0.8656846000198775
5972334,0.8782361752249053
6616218,0.7349863968299983
6696462,0.18842153420048535
7220429,0.8951750405132931
7222086,0.19641460532975696
12406749,0.8863772170967996
8692861,0.9584200192020285
7811397,0.7748259181469576
12403119,0.8044891411394621
9842890,0.16759334951757163
8113154,0.2540185212920309
5270698,0.059471511318206625
5024450,0.167506557600082
5282049,0.2710558581674874
5475431,0.9092236059652673
10027323,0.9827195709038887
10027323,0.7955449976486688
12019440,0.7566309172622023
5039228,0.9668037629294108
10004738,0.9411616784512458
10004738,0.8849537011779791
7304449,0.9074857330088795
7386827,0.7198782208083558
7522911,0.9110848845114912
7626370,0.7263365786804113
7703955,0.842252389906354
7512982,0.9348435572227457
7512982,0.7032210757102644
9597806,0.858828382397512
7812167,0.09077801314184294
11760959,0.03190463273607615
5283458,0.8930363458736643
9940565,0.1616278023985359
8053552,0.7052698876485132
9663113,0.9759762977402472
8111381,0.2646575948223812
5444549,0.05081001608731055
10004738,0.9615064201207741
5474613,0.7607811577797986
4860932,0.2033408242457093
5438757,0.9671505292202778
5438757,0.7418732585642445
7750419,0.8423270926187425
5972334,0.7296383995312012
7815744,0.9190220191381855
7955580,0.8840957510043044
8230616,0.8493978948701452
9692345,0.18488115018854742
7898352,0.9589434025867593
11402995,0.8268443618862313
7898352,0.8659228231845778
12062667,0.055638183164219104
7984047,0.7342166362235838
7951018,0.9787775129732166
9899355,0.05637555592218808
12644774,0.028701496974016312
9902856,0.11760080661806707
7747425,0.945641011078612
9892816,0.8776859132458508
9892816,0.9038902912723058
9836149,0.9383455276743357
4813563,0.9682934070720257
2985767,0.8757484366082936
2304320,0.93421982638593
3657758,0.8164684390667041
9790806,0.7175310049635881
6382217,0.8634161528873098
5375194,0.7122132223048061
6468138,0.8753784872864813
10019708,0.7617703558074571
11875734,0.7784888677274628
7697568,0.1970780130302534
7046804,0.87230918513187
7449136,0.9020216301254346
8680979,0.8624414193526184
8680979,0.7294934499191584
9030537,0.7803676774776773
6949061,0.972907750865673
7269493,0.7881534155813791
5513648,0.8228242671659648
9164836,0.2898589877175773
7887791,0.8004944351502145
11657891,0.7168774502229216
6305192,0.760116708807494
6382217,0.8880050802511945
9634821,0.7932441644743586
9634821,0.9511268563935668
8950568,0.9096209273716337
3326377,0.8584073361319045
11601584,0.9007071473115997
11601584,0.7674394880320801
11601584,0.850670667995681
11601584,0.9561009500572138
8689793,0.988790669682355
11673802,0.7320659974085659
4263293,0.8340884239217664
4263293,0.7408912276610464
4263293,0.9195972937618706
5695524,0.7794818514462173
6205897,0.899531543675981
7948784,0.8529620116148083
9244756,0.7154093598896676
9650808,0.9365828443156641
9650808,0.7791176256175695
8950568,0.9768617017854807
8950568,0.8817609087143783
8950568,0.8098766442275124
8804845,0.8364938685250272
10480915,0.8487078819635173
11709244,0.9323557717193409
11709244,0.7924045879567849
11709244,0.8872102190061226
10019708,0.03142501728779963
11853878,0.9706489779661169
5728139,0.9374829758957206
7668663,0.9399690990962662
7047922,0.9636271117608018
9353314,0.9202933014763738
3629967,0.9464013388122522
9347009,0.7034033131612373
11253711,0.9862191522618998
4917596,0.7199558345102629
4743513,0.26902464333379944
11046458,0.9158996645518158
9111849,0.7833356123310159
7132798,0.8161568544684434
3448130,0.7754507148279179
9656252,0.8307138889292858
6026438,0.7906360527873368
9471268,0.7401826611404395
9471268,0.9638917716458866
9471268,0.8375900599006026
10657406,0.9171892610524954
5526527,0.7156765217090918
5809954,0.09374383601946593
8766650,0.8927286851593775
10328393,0.7725841080668372
11773328,0.7216063664047445
7094486,0.8372260771609559
7289577,0.7063495373744803
8543100,0.9313625504073033
2693736,0.7654475726537773
9412760,0.8320612384729401
9412760,0.9302659651591707
6026438,0.8174547803812515
10663396,0.7309064652796641
11457726,0.976054493821539
8956206,0.7565220287346429
9649706,0.9089968173582725
5856571,0.9406840964510875
7765528,0.8481054600947352
11760231,0.7186751505239226
7779077,0.7005563753889568
6046540,0.914619079273713
5706966,0.7002207239922608
3762468,0.9814999146574175
5706966,0.7540339558432468
10130039,0.8876569171870897
10130039,0.7564074611622026
9518318,0.7164709021587387
9518318,0.8394637095853806
7273277,0.7666012342589893
11769890,0.7358960343425264
6862721,0.8198778369528514
12301181,0.8245710744540581
9279354,0.8830616906752893
6774880,0.7902841383452919
3937519,0.7149472435612585
7449541,0.7802394915156223
5080636,0.8534803138682241
5080636,0.9334078010873011
3338885,0.8931021014559954
3338885,0.8014458360992451
6776401,0.8060354579058411
10130039,0.8808174477681228
8226050,0.701917093346536
9965957,0.9482760536344296
9704384,0.9292763563908572
8426567,0.7591919892767578
12508335,0.12041182738811931
10094670,0.9394887471041046
8142942,0.9858766366479297
8257205,0.8723986442581666
9044228,0.9896962493333163
7265298,0.7800301821259739
7265298,0.776939367344062
7132798,0.9884684710688898
3248501,0.9355139917356995
2307415,0.9547783939034995
7430034,0.7211304970055149
9735426,0.8938720970250659
8826168,0.8514974435949885
10464050,0.8124115993422186
9763348,0.931028155754398
9101496,0.8844671966757767
6037581,0.9399262818631116
10723750,0.8429351093169708
6037581,0.9052160194231829
6037581,0.9030268432013281
10779233,0.8973250079857679
11614617,0.9348588153411553
11450414,0.9175555386120051
4736569,0.8343371040581631
10384798,0.9891521035678719
2307415,0.81961915855348
3128552,0.8726465099114777
10134152,0.986632447409006
9573685,0.7098514904418759
10329835,0.8836899937833096
6849046,0.7937934625393902
8804397,0.8262106107986225
9662811,0.7012732709734598
11570749,0.7280225212025756
11297236,0.7798710127232824
10074466,0.7157861213802973
8218379,0.8237867291428475
7755636,0.8329592913642205
9411166,0.884536687179103
9411166,0.8533662630732671
4989057,0.8134028902916379
9834040,0.9490384170644827
6152974,0.8399961382605806
8802693,0.8086887422799118
6061773,0.9446465996110949
10024701,0.824702044088098
2579043,0.880368480844595
3239671,0.926515845400361
9304101,0.7555986047880516
11360571,0.9572865890270889
6035124,0.8313309122240728
8160953,0.9307513110890643
8160953,0.7512199510190493
4157325,0.8852425625424725
4157325,0.7157449878800741
4157325,0.9206552492064128
5108214,0.16892362290889296
9955598,0.8797493838473682
10723750,0.9607307498482737
7219761,0.09638339350801474
5770074,0.9446083370535634
10136549,0.9163227371577949
9851271,0.029187555077513187
12154526,0.9339047905970038
6665512,0.7803248989162145
10525027,0.7493814720421645
11069176,0.8885287140863242
10005758,0.7372610735580161
10158418,0.960156414810738
3128793,0.2527682467623421
5864975,0.8429902800449033
2975770,0.9836068967104528
3648437,0.7867562662741072
7877496,0.8032788948377134
7286173,0.7449036554731595
11126381,0.7114056662245972
4149450,0.974364305278596
10136549,0.7004364092452567
5511081,0.837672615073443
5511081,0.9260379588905036
5511081,0.7775933282705006
5511081,0.9524387114060192
10978763,0.7566815667995482
11069176,0.9747599503922506
8098728,0.25133931805724946
6152974,0.8773530335596591
2449431,0.9036360785202202
5631630,0.7326682169171078
6504954,0.8646538023184298
9410930,0.7977190345430321
5731623,0.9194428791473542
6153672,0.04101824991798515
10676014,0.7003226178223395
9520838,0.8042737847166243
8167996,0.8783476881798439
8167996,0.8840087825877687
8167996,0.8841719758983025
6773862,0.9045480823419688
10978763,0.9110838680789061
10602291,0.776110460372805
10978763,0.929919610714819
5202905,0.7889668999590455
9072190,0.9504689006596463
5384079,0.7371388567648277
9839821,0.8851902235647684
4056616,0.9281977574921441
6707908,0.05269089062790457
8492026,0.7080801778977013
6867766,0.18277032876028154
6058614,0.19654387781466348
11017901,0.7999038387610966
5088591,0.8448696729393717
11298298,0.8824841741019092
10187159,0.8667680852028622
9758089,0.8252177137912053
10619192,0.730461671620342
9883311,0.9826953007910755
4939346,0.765046678437971
4242147,0.9503279879451754
5396122,0.11014954729191956
10190777,0.7181278073467187
9651234,0.7776088973401073
7045496,0.9813241794071985
8750043,0.9626479295773505
9973109,0.7102293961883143
6226290,0.9713401704711937
9595827,0.8773096287809065
9349482,0.7193424512026937
4349442,0.8650742970032719
4644952,0.9645269222886987
2987027,0.8169626640400971
4644952,0.8549656135390976
4644952,0.9778826088896599
8978528,0.809788976720623
8978528,0.927858685496996
9967771,0.917476288349917
11622600,0.9549462332464931
10454632,0.7822497049726513
10005788,0.893216107960223
10005788,0.9406704563836743
10656508,0.8887457251670658
5213902,0.07462568492522152
2832589,0.782041882132313
2438513,0.7635043433028094
6356207,0.7562610286354501
8564674,0.9834153888131781
8564674,0.8753752599484939
8578780,0.8273154070501656
4544907,0.7389147485274317
7761918,0.7296206050084778
8240797,0.857571213146286
8240797,0.9757110023976239
8164262,0.25629317314712524
6279974,0.11312476165946087
9455325,0.8936599642469369
3098810,0.740041893143982
8367644,0.8933875834459476
10332883,0.9827114281259187
9071386,0.05554460166149027
9305831,0.7285231212272358
2438513,0.16238987135442917
11656918,0.9672256087355113
11656918,0.7897214305449781
10844890,0.8791690245504312
9536692,0.1047848305244316
4636578,0.7577220004451984
4636578,0.839281598005196
4636578,0.820263747899452
11923284,0.8080454607265776
9838975,0.20098013734172757
5621125,0.9290269445156202
9872283,0.786205277234332
10666242,0.2930100096049243
8624520,0.8767240532754842
7870032,0.7595291247539522
9597058,0.9066488934415488
4035640,0.7837150409268974
6205228,0.8632513871856057
11758544,0.7533545155822441
4851530,0.7284264658869564
4851530,0.8612479778543016
3118797,0.9040842216573823
7747425,0.7570686683098731
6300348,0.8035677677458389
7747425,0.8568324984868312
7747425,0.7902798876494385
7102316,0.9785508967956158
7102316,0.7946527041287824
9489524,0.8235855058774036
9489524,0.9873569532161008
5940165,0.7565174827370846
8277797,0.9787061554673107
8277797,0.714068871441361
5124667,0.9243970177647145
2989404,0.9686530363423297
2989404,0.9021354310788278
11413812,0.9783280044654374
9549648,0.8284045180589368
10063802,0.7305438625659715
11074178,0.9455277921832307
11074178,0.81916391850311
11030475,0.8404703698963637
5942808,0.8853657065577254
6206214,0.966309296150796
8959839,0.7767317451261154
7672097,0.8483420290899202
6142862,0.2590789317625793
5599774,0.8725978403390159
8099138,0.9182211124487688
7033233,0.852525341613719
7033233,0.8270768834618676
6383785,0.9376483656634018
9411412,0.9196833419797281
7008211,0.7639272983130937
7620413,0.8193963361894732
4545187,0.8887509040952273
10854546,0.7976685110393908
11774991,0.8169907611567057
11774991,0.9470696955446248
8261920,0.7444100231606334
8261920,0.8809985240667331
8261920,0.8668752866681035
9112931,0.7437521180277132
9071593,0.9092487654003109
8126558,0.9249329877716097
11811193,0.7020660244739778
3734418,0.7287866677459698
8681734,0.9389678760186768
10232693,0.268476573801601
10212441,0.7249588534350976
6119141,0.7193143462444588
8247771,0.9561274754957423
8165946,0.8067349168968319
12017109,0.8062460572970779
9225395,0.9538330266004968
10709622,0.9833937936912467
11499228,0.831090363786781
9022166,0.8682295456203523
10965588,0.8242388945165237
10670119,0.7601458814795736
10670119,0.8181098826179853
4043443,0.15713364494222287
8491277,0.8710186163356177
3734418,0.8773891183488137
8613535,0.7181065399664965
12256520,0.8213984938103334
3337432,0.20516575418229854
5629538,0.9457835265132306
8561231,0.8535610878911125
8235924,0.723749024927476
6941084,0.9584727990770072
6200235,0.8666451015787434
11460462,0.9180685411633662
8612275,0.8609138430537839
8612275,0.9849917697722568
7207061,0.8859505185787313
4545187,0.7048957131051218
7286911,0.7832310513023786
8591173,0.7421976527071211
6962109,0.9418620840877103
5706595,0.717036989346363
5706595,0.8488863779300193
10489345,0.9840973019775648
11774303,0.03393498024532884
10329469,0.9274451439992719
9654875,0.8723052693872273
9717943,0.8994027272177963
8026752,0.7160067161866606
1872821,0.7041826644843142
8013439,0.8612328471255928
8013439,0.7543182844542945
8013439,0.9637062822743454
7207061,0.8480939760389778
6921944,0.7992667849628807
9532052,0.7352638333735947
8164012,0.9281233006550522
4140813,0.7999419678083401
8611781,0.7118085617239448
3097926,0.8050413766318273
10518424,0.7702396083216072
5730445,0.8075439744158805
5601258,0.9491619487631834
7960980,0.9391336375996127
8107225,0.7022378851850609
3458028,0.8954281796815906
3342794,0.8209259994148362
3342794,0.8456223603458075
5716932,0.9568054399405247
11288051,0.8967878853783376
7515670,0.20336058876238208
11566256,0.9310366049071878
8495415,0.9603829372322691
4055304,0.9335398898024859
4857213,0.764435677565844
9415108,0.7681267013322503
4262581,0.8819607795289724
8591693,0.7256440594777139
4833421,0.7989564813101481
8282651,0.7659450928172523
3548044,0.9423323381196823
11401767,0.7595002842162123
10909127,0.7335716707166963
3661886,0.9080226906664307
3661886,0.9117113001613995
2439243,0.8949978299945036
9221517,0.8724234529145096
6751874,0.7409747652961423
10863608,0.9459485438086358
5602588,0.9312660805589676
11288051,0.7573234094568295
5602588,0.7421717102098422
5385304,0.753622521130396
5547480,0.1502014973234978
11462341,0.7294424987886499
9405595,0.9459757637458259
3546060,0.9674126679149919
7019489,0.2968422475064222
2141783,0.2820524160666334
4144576,0.9160917524158871
8494542,0.7451365318732865
9992325,0.785448853247037
11073656,0.9258823664370956
10206675,0.16133160034648877
9945370,0.7319370717006665
3832716,0.22360228863446313
8453211,0.17188197171111413
8973129,0.8878889706511683
12505654,0.9651464599802295
7215678,0.8220903914349106
11670125,0.7468575066686345
11461844,0.9370058253251469
7449554,0.9442345237707531
9351920,0.9109103714534914
2161536,0.8337099077999744
10549023,0.8353225968724495
9661979,0.8039475008170996
8219268,0.7288915394528871
10531955,0.7846584260491355
4833421,0.8139048078532769
8168187,0.8400161609167429
4142847,0.9114608126036243
10203349,0.7675690092763863
9718066,0.7970546536160613
3440978,0.7337537488728705
3867615,0.833582659632833
12121570,0.910573953082539
8410415,0.8604809128485802
7987866,0.815953273671925
9532710,0.7771292925680932
11560897,0.7023037774955384
11342416,0.7060999014451401
9086251,0.9436175608162184
4254466,0.944346170100532
5801571,0.08941920778919096
9904006,0.7594309563418362
5288570,0.13826080581926622
9364609,0.8721907147883923
7457296,0.7901984151245063
10328458,0.9383735988247838
7050060,0.07525165589728426
4248120,0.7969512754258726
9580992,0.9165613983759044
8321314,0.7713415878863151
6934986,0.7818808005938407
4049901,0.9406885029815953
11498128,0.8484911896265974
8041216,0.8592179200765265
11824786,0.9558957845455656
12254909,0.9025246392317706
10798331,0.7403767297253597
9364290,0.9019166624494713
9364290,0.951598426585738
5022828,0.860896175057664
8233702,0.7132472408970502
11403339,0.8901437900133171
8260902,0.9707394890758398
8381204,0.8260067086901381
12058204,0.8323996592088683
12058204,0.7109207916848725
4833421,0.9113369217988921
5357545,0.9767235205743956
6871071,0.7690933056200039
5342473,0.7238616997081074
9334893,0.96158555067333
9963265,0.8905768134525514
10583761,0.8831121980302616
7542813,0.8445587369617187
12058147,0.8950389372965484
8164257,0.9375732551222179
8164257,0.7344840538230897
8164257,0.8098461540925697
10593759,0.07843967034909285
6774537,0.982500523975622
10404582,0.8803447832809389
5959753,0.9578391160588156
6021193,0.7017703055780239
6021193,0.9242201824647153
6871071,0.8255054725926619
6871071,0.701729941375297
6287313,0.7801934554643618
9289704,0.765982349168736
9278725,0.7439025412024829
4458082,0.966506706193129
8042453,0.9284747951837607
10874215,0.766537799967734
6666233,0.035330407256034306
7661065,0.2870231304708728
3937519,0.7164505248713018
8866137,0.7712479934340212
10857519,0.8035980096363621
9517393,0.7012746618920533
9351316,0.8979440995833727
6021193,0.8789763908883129
10617017,0.7355604053163065
3229150,0.9861055931995302
7989422,0.26088535607832436
9641481,0.7506812920093406
8892157,0.7654404806820055
8892157,0.726130239920204
11569782,0.8587399849516201
4833421,0.7089166639551071
11520459,0.7530360835736262
7219825,0.9030514395118259
3749978,0.8231794369166008
10010440,0.8208322582894724
11718144,0.9630376289154103
4247991,0.933615107730893
4247991,0.9478773389296457
10026544,0.7562818902781829
9473078,0.8483192929636418
10864531,0.7328520022416171
10864531,0.7199308829732337
2853780,0.7700249390968358
9472000,0.9455081164722908
10253547,0.821590739516873
10253547,0.7345680109879797
12505076,0.8863777196942477
6185476,0.7217140471379301
12116380,0.7427404472244383
2556650,0.756566028711868
10600955,0.8417698816763017
10801100,0.2087525845684431
4473226,0.9785754408818627
8914779,0.09083418233302688
2854181,0.7693449395593748
8963721,0.249778400339175
10132832,0.9772149784782802
3219995,0.8098957145173185
6062929,0.7480470240835436
7504778,0.886939307247355
7219825,0.7456096414390196
7097965,0.8584218162432771
4249725,0.8337589812369847
3967326,0.7675520576695178
6768394,0.8808356156795678
6768394,0.7453766515534255
5211199,0.7214164992468928
8804455,0.739064405996815
8804455,0.09901896229614611
5546761,0.7987781510936514
5546761,0.7651647934643488
9205938,0.9497472916695474
10723367,0.7269687860476436
10723367,0.9617769674464672
5005121,0.8242072340007135
4833421,0.7120323058250269
8229458,0.8403754324463037
10684670,0.9098130290377974
11495458,0.9053897866769803
9003401,0.8200646010451822
5978559,0.920084905945174
8872048,0.7447845625814036
7746958,0.8457822046074536
6768394,0.7514028454816744
6922710,0.8628314369000206
11348997,0.7879907774079972
5705819,0.8421813725261114
6696580,0.826907293004064
11358389,0.9477551654413297
7204981,0.9631342857097074
3847907,0.8419571600745159
4370527,0.9367296024155716
6041734,0.7452671884347161
5125347,0.8297491550239876
9336200,0.7645882685759067
4770617,0.8000358191921982
4454934,0.9248515305195405
9458343,0.804968781200306
7120108,0.8751197261303
10730703,0.9748745801277238
8007644,0.8870742311271591
11192235,0.9240911825941712
6383785,0.884222356411219
6696580,0.9357527231371887
6525946,0.8827673285802509
4249725,0.75209979985844
8505920,0.8800917186900329
7918992,0.7981093705975283
6041734,0.7393698183168224
11308499,0.7608437554840806
11308499,0.7042887989039256
9006186,0.8401886093349574
9006186,0.8836251886254922
7802719,0.797277071122021
11030475,0.9837698096787096
11030475,0.8857144002125942
11030475,0.8237879533879966
5023956,0.26613560567038125
12401863,0.9794744890180427
5534941,0.820931619637033
11121752,0.9557079610732477
11121752,0.7538238151667438
2990873,0.7382392322994571
9307509,0.7078966141470595
10158729,0.733613964637905
6105462,0.9258258053062628
3120355,0.8180520224606258
6047072,0.8403974477507781
9006186,0.8191275539056687
9006186,0.9802066160597287
11410904,0.7206051215414734
5021737,0.2749246388505865
3862246,0.21056749588889548
4173026,0.7887845645202824
10471621,0.8407135911745947
10471621,0.9052073614119456
5350244,0.7220133005762049
5374403,0.87658676017843
10925113,0.209054105308644
11769801,0.16293487027774772
11752906,0.8074795135406158
1995519,0.7807825594467267
4914566,0.8547701103895864
6198182,0.9389670596882236
10024051,0.9214588859551734
8676038,0.1272332476651077
4349452,0.8871019753164073
8676038,0.08136062155564902
8073806,0.8398557102641411
10419312,0.24707593981267337
3234598,0.7255908549569607
10453588,0.9554396047753836
11125613,0.8108668087349045
8074328,0.8260753084578331
7212184,0.8956694561815057
6956014,0.07871278098593446
9757613,0.8317657222092276
5307858,0.16578471384076723
6605493,0.9208817189408685
4670217,0.8298825811114515
7259298,0.9115871654239126
9574179,0.7458700442147177
6211812,0.7383213496299845
11391755,0.8928983821468471
11391755,0.8253586534266653
9088780,0.9833001108036402
8894646,0.7861681037199726
3234598,0.7442207501101831
8611832,0.8120859624772625
8611832,0.8820529244524369
5621586,0.754922861319844
9210387,0.7133541609030842
11852982,0.7780111466950487
8559152,0.8218182815361434
2718778,0.8226679318799195
3122913,0.8164618308658386
9229657,0.9870336648627556
10415227,0.27373951014836423
5175024,0.7042351485945825
9026749,0.8884334386468331
12216278,0.11057387497956872
9159242,0.23713122854458496
12061096,0.11512116090490651
5794240,0.8293127919347588
6933567,0.767369929020499
9993529,0.012613796866957483
11303815,0.07786219009285943
6044553,0.2739097471654834
9654468,0.7970533061983373
4349452,0.7554034927638787
10027247,0.7144807411426236
6343170,0.7618267360920364
7107802,0.767070287715577
11752632,0.7236218779251231
10028535,0.7140136812852027
7047207,0.7322984692051344
5212220,0.2147085978050733
9964748,0.039939216696964104
9842937,0.22771193722836555
9757613,0.8310199137746234
8247770,0.8438242589128117
6867588,0.7258123393467344
7501646,0.7367139669177392
11962284,0.8674861077554824
2573056,0.292776570442724
6842682,0.7735207878922103
8890150,0.7779349497640202
8890150,0.9047994409311503
8838950,0.9464784790952426
11360805,0.7538979665921185
9845898,0.7806996326199643
12453581,0.9098321352087064
11922678,0.056335075939123125
11179076,0.702174129990995
5364071,0.9062766159298121
5959719,0.7776211965492854
5544903,0.18212735499148525
5542983,0.09287103622487941
8256453,0.2854893965076421
9474493,0.012313149602590872
4551663,0.14227758895755924
12257999,0.7409767351042641
6922203,0.8810923092554257
11752908,0.11643691060352107
7021681,0.8627450752570952
4346178,0.903808963091939
9664142,0.7328215680095693
10018233,0.7915913131840152
8081899,0.9084298017419571
10189557,0.017927666600124
8478994,0.7747762595442028
9965184,0.2977989880450901
9911882,0.09646982691239733
8631504,0.7883712657820892
8110767,0.9376036323650706
5471574,0.10679452301624756
6767840,0.7018726809948791
8379705,0.8138067259004642
9896018,0.822753949039443
11037511,0.7161963639150323
9757613,0.9890712908059494
11818872,0.8141729339960933
11771430,0.7444940567638558
5513012,0.7652575145738353
11761199,0.0905824053876
8074805,0.2118779350594075
2437505,0.911328414164713
2437505,0.21040821796113673
11253827,0.7641933329625146
3533469,0.12044965425929163
8956706,0.2764413794607099
7047363,0.9115476378476544
11968463,0.7423159156439045
11968463,0.9586510468270438
8836888,0.8948510027691094
9880190,0.8723723849899635
5364071,0.7162609086490414
5392702,0.22503942244043426
8429566,0.22538053931183819
10387742,0.9236616101675004
7673841,0.7056518644262808
9827149,0.8626077717273766
5546691,0.9294043252776898
12156347,0.9470674146805973
8636539,0.753446933490617
9283156,0.955927702297561
8547429,0.9137794291618574
8803882,0.2641340900055436
9893318,0.8024225483381684
6864885,0.2235887495109121
5097868,0.04706145138583663
8570333,0.9697734390151973
8478994,0.8338047540752551
5036705,0.8874352339030411
9574158,0.7089797655264709
9653622,0.9179278496233754
4391348,0.12073970626938936
7294743,0.9211141907596074
8947520,0.785543106376803
10468885,0.8457536918774042
12016267,0.01891384226630849
6765135,0.759719507773093
3861595,0.9172536175780399
5725087,0.1361274933128959
10489206,0.7512256506726511
3426367,0.9233293730276932
5562090,0.9444989932912945
11548140,0.08983201854517849
12110786,0.05396292819754437
5342061,0.959812896081033
3654095,0.1587993999416892
5078939,0.030577816230986564
6867555,0.7233277309373909
5339567,0.800628982467818
4459924,0.08722328172898001
11080405,0.8470210350680929
5529738,0.02907263411995699
4047631,0.8944443169515278
10059645,0.7283888036277861
5364071,0.9462467143678013
7183745,0.7443414660057858
8212002,0.9387473267310806
8004903,0.7927810701780472
8883329,0.8477607773998368
8883329,0.8945807450862391
3644653,0.09560743603445218
11253827,0.9746238904806881
5514383,0.7074979775470672
10747445,0.18387320940822863
8022489,0.8060466000899106
8022489,0.9888907389977084
8022489,0.7110970842833548
9209624,0.9731065339144926
9209624,0.9735530311936089
3354846,0.9872435033668014
6516185,0.8606428531885159
8478994,0.9170301155471376
3946023,0.1342819327537977
7183745,0.8391087929711661
9177629,0.7221246915958768
7778767,0.7065266879472263
7515762,0.7300584398658793
5942949,0.7830300783244329
12120307,0.7791460436330234
12120307,0.9781042231990006
12120307,0.8525391819807694
7446631,0.9428593545461712
9777251,0.08693630702459819
6864893,0.1700053499765942
11701407,0.7260683065295552
5906426,0.7813111101087555
11288051,0.7014360157227808
10813132,0.911956956549342
5857540,0.9889495338054954
12208631,0.7413247972898875
7289317,0.7616625691663124
6500206,0.04181011523344648
5545815,0.027308212948945143
3116302,0.24340779328177103
7879433,0.7559737353311788
9205907,0.7873825853812332
8463346,0.9860537816983637
5364071,0.9751361002928944
10489206,0.9717404173463696
7531677,0.28916171164269266
10068659,0.7984614395982629
2443393,0.9705024043879533
9019191,0.7169638865806286
9718379,0.08387193606385344
3002478,0.8459245396686532
4055774,0.049399282791830756
6670075,0.13839247977624208
9395024,0.9368833547467827
8631751,0.7085043235067455
11401822,0.23284987550579803
6507427,0.08945500616076424
5521300,0.06065297805867714
8478994,0.7634896011426322
9753154,0.9754108111709235
9011825,0.7307108811321398
4172746,0.7307298476404154
5174858,0.8064174858987343
11074835,0.8521512094035699
1996180,0.9266140647792511
10407221,0.28135923865346996
5991936,0.25108368512933615
5095635,0.7330007027806346
6269070,0.7017733476134462
6705137,0.22527701969703806
12254688,0.923868663230274
8345172,0.19615082791014166
4172013,0.9895139689469412
12254378,0.8339122343955967
4247791,0.2777778226842187
7604328,0.7537374770458564
11236244,0.9347677726682555
9837685,0.9773941259418955
5042210,0.8825919606268151
12454461,0.7792221477271415
1996180,0.7948688977664882
9635606,0.9250658694521889
3728701,0.8475294012557715
10861715,0.27442406068897673
1849702,0.8263463328568172
9390653,0.7007422564855158
2305866,0.9068425949772771
11187837,0.8733143054575255
8885673,0.12802785377529166
9712350,0.8701726075091503
8025596,0.9349160000837756
5956787,0.14584286169216765
3642741,0.11216594426083441
12071037,0.08434613916760758
8494617,0.8031925166136027
10289119,0.9822458782074471
7382313,0.704647424447104
9887224,0.06648790214652066
7542369,0.09026498986041942
8544992,0.7924662306429927
8544992,0.8839478450081146
11295426,0.8820068856330632
7289162,0.21699496552067002
3001885,0.14176687405424537
12306058,0.7991154684951847
6183511,0.7474244282254755
12469800,0.7732170336876518
4915638,0.764296967336095
6351097,0.03257940555209725
8081905,0.9386039938684001
11465950,0.7123214450363867
9996632,0.11590944220326757
4665571,0.7918834215658218
4829935,0.12628837471863985
9269042,0.9624639283262053
6199056,0.17464245195892378
11461433,0.842202601702244
11818607,0.9144617297561932
8380709,0.7572960541818698
6149910,0.7114837964528439
9108085,0.24397965860653067
5436013,0.9717348931911733
8676148,0.7437162239883782
9696358,0.96210946169076
5039129,0.19836354460078628
4484336,0.7657980233843451
9580167,0.9266886110020034
9757613,0.7166741267083105
10527135,0.27964383596908315
11752906,0.7940070688138054
10916600,0.9885040715100317
8429314,0.9370904206866048
9153570,0.9373355412822669
11768142,0.8845487243513033
7984574,0.928893554775164
9592579,0.12228335375877801
10336951,0.8690422860429043
8481129,0.7734237101143473
2142522,0.9599246140449481
9395719,0.926313407242527
8753896,0.8791666198737167
8240617,0.8198720763521872
8746295,0.19818750516510145
10090257,0.1199422526428662
11295426,0.7845268022230492
10679583,0.27496642881173433
11622985,0.961193455248172
11361283,0.8576478824619803
8757824,0.88590701998629
9832208,0.8880162706302476
6124512,0.7222363339131233
10070468,0.7963690462532109
10031656,0.27622153508002
7584650,0.7841619614883494
11337566,0.7182928553376305
6364215,0.9016343498777687
10202759,0.09447174228923341
5007345,0.8835520947805748
12120484,0.9144916614364765
6429812,0.9569511184096181
6846911,0.7362374794754273
5385439,0.1434602276047535
5963582,0.7708885243030232
4476423,0.013514430917656056
11403389,0.9576072312039854
9851662,0.8402645468413329
6467363,0.8980527102543897
6467363,0.7324774599259397
8758204,0.8088164598827957
8733898,0.9169474933626521
8733898,0.7670068686883131
3228945,0.26160751233200163
7008149,0.1014096255287325
10332213,0.9659185079707974
7090524,0.7207242268288848
11133306,0.8429800006062274
6307063,0.048070821966014844
5871985,0.736458499820063
8292840,0.9196368047388546
9730163,0.881369897904606
9730163,0.8324524083199738
11453592,0.8135084483605293
3834322,0.13093713977972601
10073672,0.8800350276097777
11188249,0.12421586009807993
4677282,0.0449626771379065
5097470,0.2975000446734002
4858610,0.06316394671979994
10591855,0.8044639703577995
4832175,0.19792013292963428
7749773,0.7014893474754208
9451706,0.9478860183629769
10064256,0.7381541521184634
6842807,0.7440704414745858
4381282,0.23222810560769053
9815053,0.8306834135223725
7609553,0.7542315556165322
10122538,0.7674160028312544
10122538,0.7668600844364645
9697131,0.7954244916622544
5480640,0.9473368300154759
5480640,0.8793096660365961
5480640,0.9028308687971149
5175986,0.7884327601244296
9008737,0.9113230183473942
9008737,0.9438495222196092
9692128,0.13508530254799828
10917043,0.838465385957111
6521045,0.9109876459139958
8167959,0.29519775754494926
4075015,0.018042954831446814
6697605,0.8053444063311098
6697605,0.9881330187090722
6294819,0.8083394280913052
12602314,0.7671657807984544
5787131,0.9536485871666538
3230753,0.038449245718427984
8358012,0.26993226004121446
4664046,0.07696278743027907
11401755,0.839220589405848
4180401,0.15434419380528142
6350476,0.06676482835105957
8292840,0.7764335315401623
5272233,0.8991287421812073
5272233,0.9288936224958526
11456382,0.20832016542916806
3130548,0.16864554290478984
9593757,0.17347013913349163
6346809,0.9773889739720308
4275117,0.29355675868276054
6545051,0.11024246392842998
5513866,0.038250323587976795
4547603,0.7666805039119291
5688910,0.9867134136095197
6345732,0.8030110572687712
5716763,0.8326209883190164
6345732,0.9138868297198788
8611257,0.8006940861438957
3861611,0.27465073744695256
12416987,0.85605787597885
8259713,0.9441372203593559
10880507,0.900154195541109
11098013,0.7826610461755857
5443604,0.2051241809804841
12206313,0.8116871110264496
12206313,0.7605886559685442
9837661,0.7519384026648569
7769819,0.7125598311306623
11874577,0.7451980974818541
12164564,0.8573128934125859
8190354,0.0522025401677174
3425851,0.8105031522231025
10397751,0.9236036484493241
10397751,0.7608542559147585
10397751,0.7114627325992549
7815931,0.13902374329440575
6679295,0.7829125755148221
9642292,0.9856000005577294
6356692,0.7902112051603893
6026737,0.7423656891855853
4991208,0.9783833897913207
8243283,0.12565847034227748
9837661,0.9077383891631305
9837661,0.7096353059336447
9092504,0.9698884082169894
5383248,0.9602524652110169
9092504,0.8034472044071153
10001368,0.9527858675786458
9466429,0.8155726946239417
4365442,0.06719912472433587
8885643,0.7950259314229354
5652893,0.7066289310743527
3241557,0.22625600200489424
3957082,0.0656419900949714
8681833,0.951167378077312
4138951,0.8593363666273632
3102384,0.9529253580143755
10471515,0.8416081554617254
4935172,0.940660324691416
8760040,0.9821516897275028
8760040,0.9086201415099664
10098844,0.8195645222156707
9467404,0.7087387968309826
5308666,0.17371896449377366
5184911,0.9406104553971137
8176564,0.8433118752056364
6587105,0.9394480998540117
11662184,0.7129964048420774
11127479,0.9881097922986455
5428668,0.08571444365516648
5041569,0.17593777020700424
10604521,0.9377302850771306
9899181,0.20990790707416054
9899181,0.2059122210171088
8884274,0.8656655818597689
7767162,0.76578894012133
4861791,0.2212671561114544
4385148,0.9721178213039876
4385148,0.7916036282967024
9838468,0.8494110645489807
6781548,0.0670389536381367
8617363,0.8221683072749382
11401755,0.8527079949332823
7673192,0.7143649273760593
7673192,0.8417033658636552
7673192,0.7333596812825223
7673192,0.9399190695714658
11807274,0.925378189837115
7670943,0.7012627588498195
6697756,0.9624389185973856
5649833,0.10307049076312859
10518399,0.06553116254475162
5905822,0.9667097362943438
10793172,0.9389250205595405
10793172,0.8070539901448791
7136729,0.2735725510008583
6364276,0.1241146272450217
4367854,0.8875953054877195
5108946,0.15608115071766399
8801316,0.8447839560243704
10597693,0.8713351200291556
7466270,0.9532232764622078
10876237,0.2519913935806654
12314973,0.8767469407165742
3346154,0.9431649480182743
5308387,0.12906624220460153
6233573,0.10736259539285173
10363281,0.23738753775523688
4861527,0.12997589598194895
5775129,0.7874107895483701
9898447,0.9286896698036707
5307568,0.28491046185746005
11135308,0.811770740296343
2985587,0.7195664141403781
6521045,0.9178153146557397
8077137,0.9898753807730791
7019524,0.9784644185923783
5106313,0.7445412874072078
9825174,0.8857316617554691
5642620,0.8938792734678953
8429415,0.29820440164051
5014903,0.27806663295991013
5980783,0.9601525093746298
8873090,0.7538257410264224
8560804,0.2547681959630353
12008872,0.7849331527918735
8415200,0.9084731008473731
4072333,0.019382570078987325
9886361,0.834946488634002
9886361,0.9422705643324403
3730335,0.1801954075535186
6528464,0.9047144909906741
7428316,0.12835335072582885
10275766,0.25793858908880585
10275766,0.25688856734739174
6370120,0.19509982893383285
5642620,0.06390475045155465
5209845,0.9841870476673847
9652649,0.06704921002893525
11100670,0.2709390975830378
6129524,0.9442708099662989
5794570,0.9880182360198119
5794570,0.8690809372849391
5649325,0.2113198087420374
9958387,0.7025253761877499
6779260,0.8823716271157587
11807274,0.8216820035692651
5953297,0.7514335312099186
7659389,0.7057840744821181
9472074,0.8614489204116385
10842192,0.7205268172826212
2442448,0.7630310251030803
11197853,0.8923742945286174
9665922,0.1290742083862901
11283615,0.8835222180938584
7605093,0.8791986226835278
3859363,0.15043416864630235
8077137,0.7746739884518846
12023078,0.2218042735405344
6364162,0.21667680394313724
7463685,0.8965305007604901
6716021,0.9829672649377819
11231334,0.2670716559474977
8326342,0.7030781139545275
6878240,0.7053636852130918
6878240,0.8063185767267187
2436378,0.04140980927201474
6614629,0.18100797559992854
6630943,0.2381602951371601
4831728,0.9228751896393355
4831728,0.8189655876049031
3336765,0.024047689352600113
4270565,0.06378885562916528
6528464,0.7394139221324577
11963206,0.8414540998130419
4249611,0.8474104705961358
8263545,0.9876176604835449
10068024,0.17165561999188306
9636563,0.09569541259537068
6937402,0.8872990098845337
5475641,0.2631950034142079
2853828,0.17074181307237898
7899070,0.9711935002574196
4035667,0.20576914874782984
9612825,0.2648029223261746
7826659,0.8964159841361756
7202957,0.7074443160300248
5513893,0.2641143573314157
10514430,0.17834453894368157
8095441,0.868788883347769
5881813,0.7536361570256095
12456601,0.9457763129286714
10341917,0.07316760570487763
3241604,0.11951558600682871
9591070,0.10163531904535075
8227661,0.2320431782514133
7428736,0.9332188442856217
5817986,0.012981292650555396
11129258,0.7040674870251958
10586004,0.7308622603684688
4939533,0.8148699365184773
4846856,0.7440596080691025
7202957,0.7935326214305953
6521045,0.7545917675021261
5790807,0.11518238372066744
8892303,0.9012009201960084
10265602,0.9443107342540032
5369827,0.793789508071557
5302643,0.018524188477527032
6586746,0.9826890235142742
9962455,0.8487264722704978
9962455,0.7908701235955672
8687088,0.1896932285960514
6436029,0.8390225006095985
6197215,0.7457319259905596
9451706,0.9310824817320533
9244508,0.8863760743532462
9692557,0.10203264326978004
9366886,0.04158768127152905
3657176,0.017925537974589685
3969687,0.7966050330678209
9369366,0.15130082031919637
6716545,0.8889177955727641
4552729,0.9288599915783761
2989706,0.21913906441821732
5185897,0.7230485487815981
5185897,0.8115888189385667
5185897,0.9839183090898562
3663173,0.7764054477238259
9881077,0.9404378828242745
3097346,0.1891241897016018
5717567,0.19835324709093882
6265792,0.8869895801587815
9995402,0.8801118074235852
9109857,0.8282105228059297
5609593,0.9375116787535902
5436338,0.9185338958021484
11414465,0.7362870984159229
6716545,0.7024037045767448
2708885,0.17815480069917305
6612284,0.2152059736588788
10586004,0.9787910407027212
4483138,0.9240832582981398
9475552,0.8483780282705878
9475552,0.9050078422218144
8292840,0.9785761230874305
5196864,0.8530085195841001
11071200,0.7127231903914027
11071200,0.8732083912237566
10905911,0.7973514189245443
3545135,0.8805887441135377
6964929,0.844702455832522
6432345,0.8196466548826955
8703129,0.8078987499867457
11565924,0.850008897016894
6607357,0.7090360023725599
6607357,0.9528222740261885
9451706,0.7456108099202494
6186964,0.8968558412276499
5471202,0.13025053068698525
9640439,0.23726501585632612
9693006,0.7801859123903198
6837283,0.9232334362588013
5613821,0.9550216479256545
6627507,0.25137797243289606
5128673,0.8693985180351169
6690836,0.9523470950162839
8639908,0.7997767982808863
5481148,0.09632043715441183
11076400,0.9117084235410138
7877978,0.8072216919090313
7903086,0.23043305154987073
12024120,0.9578888152754705
8210018,0.7557883943965988
3642289,0.9247681154333824
3642289,0.7539191873573167
3662838,0.9494116414002016
5966322,0.713499049247265
6029239,0.7599145311859301
12106929,0.14117510036842823
12107021,0.03912761528254967
8248939,0.26953468266631475
12404954,0.8938791816067699
1571511,0.293163081659076
2438070,0.05213823868319821
3747262,0.14809860122841711
10190075,0.9159161893663851
9070666,0.7683736864425971
3642335,0.9208193770686378
3328052,0.12042706969103346
10749059,0.8615796506306969
9119568,0.014789630675685745
9119568,0.2756582052425719
9020114,0.7926616954821161
6196457,0.9028154742465156
7668416,0.9099153639580334
6029239,0.935645954605388
6063220,0.7785517533859299
6071903,0.9508459696280692
6289257,0.9084251496328754
10905239,0.8078156130319819
11623629,0.8014419647543567
3545478,0.9305139008134281
4815520,0.8039487927170997
6603043,0.24821166993213828
7175184,0.9804821879595723
7109851,0.03032112989020143
11565544,0.7029104067786615
7347246,0.8795830781770578
11403530,0.860965756425266
5088536,0.7361615995324209
12072872,0.8739498896820099
6609270,0.8024882636106534
12406807,0.7568531889203177
8046689,0.1177672730672531
5096590,0.729164426426925
9650989,0.9867545681838105
6289257,0.7810555325760443
6291837,0.900867517070739
7024222,0.2610005850117318
7024511,0.27602428240442595
7050989,0.8125027403942744
7175184,0.8194821506623697
8494142,0.7226138107809651
11554435,0.8328726059091953
8494142,0.7221305587582839
5652983,0.20928879550069387
6471021,0.7607081476226378
7906671,0.09570265119778272
8709688,0.9774104387240798
8241079,0.9217328978142267
3348285,0.19325220098807158
11618601,0.9770765921884412
7582689,0.8351970551815748
7582689,0.8793579861413243
7582689,0.8861238405747038
9959589,0.1277886814224575
9025922,0.14195111893838808
6196457,0.7388044345591609
7050989,0.7869223190077842
7419318,0.8214774664095807
7419318,0.8350252857345346
7603200,0.809790162754564
7603200,0.7300457672153351
10905239,0.9823162170468434
7364176,0.8419646416963344
8686097,0.7999363106390633
12356617,0.7073945044854352
12643589,0.012213670450446405
12643589,0.016369556060283248
3323887,0.9339028246932424
11618601,0.7471591021994393
7732285,0.2740078749149262
9716391,0.7316553773843311
6929841,0.8749727810414868
5088536,0.8788741762461658
5124254,0.25305412114329623
11508644,0.8883959139460456
12168993,0.8016232233466571
8895758,0.8758321702677362
10031500,0.11644097700100793
7603200,0.9334283745135723
7700622,0.8717508606133049
8008067,0.8429585946632872
8008067,0.7122702127649368
8008067,0.7947218731797127
3323887,0.7064787017427958
7051180,0.7440660786019013
3323887,0.8173904309287494
2449074,0.26362025279499807
2446113,0.04419910107005935
2446113,0.8227565978133974
11137180,0.9101473852838919
9838804,0.23695760089623505
5903749,0.8555757716285577
5903749,0.7360809103502136
5524881,0.22023491447173432
3756264,0.9163450792930612
11572193,0.7183126985614818
11285870,0.9550698609817665
8581240,0.8543464662244238
8581240,0.8926845983397242
6196457,0.805014789194045
8121310,0.8425879022396988
8156120,0.9884224350037207
8684730,0.8661945489770573
8700558,0.16296738588339788
8753657,0.8587802543447858
8554498,0.810040032327985
3847708,0.19309140943467903
3849155,0.13786439651784307
3858804,0.038504829539441995
3942670,0.8599318667195066
3942670,0.8808755005311235
6949898,0.8968683928920393
10585738,0.790890409910084
7186665,0.010280552223619212
2973386,0.8039475839782779
6388770,0.20729936788323114
7022573,0.8495314070446544
7676423,0.9057689150396178
9288237,0.7768735671869952
11714231,0.9537786952362053
11720424,0.9145518152516241
7837302,0.04806410371361959
8753657,0.8791653838070786
8948424,0.14293886740069514
9139084,0.787803281984819
9641041,0.13848327974440022
9724984,0.053032934417807695
2452450,0.026603333224308592
3230578,0.12602723104698466
3231137,0.10596724333177779
3353050,0.8684404957504204
3446746,0.8269457795913018
5695396,0.7758311697496301
5217891,0.2328937395711613
6593150,0.950958605707808
8051946,0.7809351025159212
5445681,0.8862589027313257
6523351,0.7556224581275027
5551672,0.8430842766350548
11499192,0.7178658495871585
12416661,0.9168497266215732
8197793,0.7526341404989881
8258171,0.2687900431229042
9880467,0.08278350575009531
9880467,0.13558717776959217
9881662,0.7824758236587523
9881662,0.8209530668072116
9895004,0.07055359289876227
3656121,0.8174380649749973
10620329,0.1288547135415605
3656121,0.9071802021850774
3733628,0.8374616115393887
3831053,0.9010967611269509
6357290,0.7572365147889661
4072955,0.8285265558818499
8695311,0.9778597190815136
9834731,0.9411609908124134
5092266,0.8535055816925314
4076976,0.025524565391601625
8751796,0.9582982358635355
7097534,0.06169615065284654
9907129,0.7578555207351827
7609674,0.9249075478457598
9527334,0.7208248601589063
10031885,0.01221279317853808
11361646,0.9121725043887419
11361646,0.9650710798584194
10285631,0.8163076042019733
3964109,0.7423877166504459
4159347,0.12441365538272334
3544595,0.9123751382773123
4165960,0.10520628360230935
4252322,0.9087962646941458
4376644,0.2837101584380386
9301506,0.1523837489121073
5695396,0.7444756479991669
9714550,0.8049460518493826
6263593,0.9852547727828714
5475042,0.7884077865698946
6964159,0.29004297382141403
10252275,0.7094751386923981
10252275,0.8172750088512186
11455181,0.9052577057401242
9541295,0.9646928344355229
10290666,0.8523844963968585
10337258,0.7443512357144132
10383687,0.1367239961071304
10470206,0.084729106425905
10518725,0.19016047406220132
12314973,0.8379411480453343
5450893,0.8901624093584045
4770174,0.9181593764280076
8949925,0.7563988337397419
5091016,0.22350278044056116
9959492,0.8893427537539418
8827575,0.871976595747943
8827575,0.825147831979993
2716801,0.7027828481622445
7281454,0.2803191124275
7216284,0.8711482944441917
8703887,0.24942073125869407
9899352,0.2332999271121565
6945786,0.7214912108016115
5978170,0.7230840122939729
5440317,0.9848046053399414
10545066,0.8307149758419355
6056992,0.1932282377158539
10552611,0.9642678673777407
10552611,0.7894626604743458
10587105,0.8992127276702875
10587105,0.7407211759863931
6948480,0.25485545446304286
6438099,0.7243740762317141
11090556,0.703914292185355
11090556,0.8500551426366342
10686814,0.16071819900350434
3234843,0.8519587543886823
6021275,0.9726054670284283
3234843,0.7748253218551774
8192911,0.10944247701811331
10554967,0.10930410023627155
3752110,0.8619508945035836
5688790,0.9655250007872697
1717722,0.7290785658224305
1717722,0.7814522701825962
10908248,0.8946870644212181
10616571,0.16808063032488804
10878263,0.8580556018698803
10878263,0.8517966233611082
10982872,0.7907442019681856
10982872,0.7880593962731638
2720514,0.20017947777099115
4141376,0.7292841898637336
9468551,0.7321329623923892
9076971,0.7402855651986809
8360640,0.8791391028176323
11019987,0.7294232774443572
4857058,0.9679698644004258
10924562,0.8797052133052264
9899505,0.21445157177659782
5040077,0.9875524741086847
7534267,0.8031988289682136
9592705,0.8584063500840651
10611420,0.02873013638186519
10386922,0.9694615870626171
10386922,0.8731678161497531
10982872,0.8119085918391116
3558981,0.05032321698600028
11015108,0.9863875315457604
11074541,0.8802835920855002
11100383,0.9126491806656382
7918652,0.8135555560839146
8847111,0.22260119444832957
4568298,0.1880409789062977
9230021,0.7385042233650304
4374339,0.0522226650467657
6636320,0.7198805655695132
4067925,0.9849046929719728
4847782,0.23910603216816878
6021275,0.79959968846099
10350571,0.28497937517662186
3230805,0.8861729661689274
4676964,0.723708569766849
10488450,0.12997018002281055
10933561,0.9386405802610325
10933561,0.7131511392617415
4770617,0.7009638197618266
8845026,0.17003534899265604
11075737,0.8256424672484334
11189127,0.04431919744385765
11194032,0.987944928171905
11394027,0.9826856880632573
7609553,0.9437090221801075
11395587,0.7205513023330088
11442793,0.8026736588118193
5520547,0.9304468274099557
4848424,0.10685365935204408
8866102,0.9712976892488283
4143755,0.8651073030256715
8509442,0.8406369894796617
11244137,0.9542760385921361
6072593,0.22249245691430647
5865654,0.9030382487915523
3219643,0.9420413597663743
8546542,0.9619403014142225
8197560,0.2441792436110123
11200415,0.0966757571984079
8613535,0.9329605215511722
11259686,0.906819343777026
11547513,0.8753201544372922
11547513,0.7684106620619765
11802615,0.7329919911885606
11442793,0.9366102735377497
10122538,0.8634656920286676
11442793,0.9285383133454852
2445975,0.0901652609601497
11521793,0.9817580101844467
11566064,0.7869883650021106
11566064,0.7091419192277533
6531496,0.06050388941382911
3848275,0.89262515487061
12021625,0.723606615979265
9777256,0.12980110325014366
4175630,0.7534649079700384
7433585,0.17548164066245556
6665223,0.18969619441674182
3328080,0.827871715128625
8430964,0.7820190144801715
3654719,0.11103992283826561
6021275,0.8580136276349674
10619142,0.1856114370084584
12256520,0.9081766474821871
11905011,0.8892954210122246
12785320,0.8583933036319217
12785320,0.9678521812744836
2692377,0.7338580043464868
3742855,0.138740821293713
3438975,0.18446795875094307
11568987,0.7079076523079696
11568987,0.8346958122422072
11621223,0.9147490189483136
11624249,0.8619333272850425
12017140,0.06131416041543353
10000941,0.92247342443346
5702939,0.04426658472490195
3852655,0.9788654496206883
11255231,0.041323960254222275
5088536,0.8312391978933835
6103377,0.8617185952220635
6677841,0.8303220757375089
7106173,0.846142217835545
7106173,0.7516946762015245
7106173,0.9880352671598016
3324986,0.24634688798672066
11912932,0.10225206586500485
8037145,0.8020965869734005
8162789,0.7701458935774741
8265218,0.7569842707833502
8806123,0.825706197139287
8806123,0.707972998156455
10098844,0.12628948620459704
8355239,0.8718140205886573
9210823,0.14954368201601997
8367113,0.9235525233831549
8474898,0.03464720004083892
8558011,0.7991716956355946
7429287,0.09076129118848712
9115800,0.8971436284331866
9214713,0.8007659413793947
9478990,0.842414419574789
9597411,0.24813056506956185
6850504,0.7077306286322517
8609450,0.298026078490242
10934674,0.9543426709232292
10990886,0.8570923316829662
11015323,0.9557082665966901
11134879,0.9571634651483409
11192998,0.8573237455212906
9334893,0.8944259056517125
8934495,0.7087316016435427
9119458,0.7020062914273646
5866724,0.8370100103366498
9157634,0.7154495835182761
9636569,0.04731905660513827
12406807,0.9063561281719829
8565266,0.9611605091716406
8616637,0.889340429149019
8616637,0.9142723232284955
8625925,0.9895959429932359
8822216,0.9007435672865927
4548011,0.8756208681629679
9967884,0.11025588528795648
10016874,0.9291171631894928
10189546,0.9274111339919322
10189546,0.8353334921097775
10189546,0.9674873773736901
10748393,0.14420105958960075
11192998,0.7314391590905893
11192998,0.8617866218999395
8823868,0.14669283674975248
11255761,0.23113250724024972
11497977,0.8358199846776896
7021681,0.1568108813597211
9941859,0.9243535513396675
9941859,0.7187659615375243
9941859,0.9377268515531418
10068030,0.08861018621854522
10266615,0.8931587626905342
6444896,0.7707885746198353
10395543,0.989485992744328
8822216,0.7161075981557412
9020160,0.9341271045139447
7941200,0.8488881365538812
9020160,0.7199516511232353
7429287,0.8495922125972062
9020160,0.9325843351327991
10418224,0.9332795089549029
10616679,0.9233832209682945
10717241,0.7506399978538503
10717241,0.7276772286269726
7303287,0.959726787573363
10843590,0.8686045183732154
6850504,0.8694029485880495
12061222,0.7614188074639036
12316431,0.21143869092470421
12404305,0.7238005572635148
10212441,0.16577139778842798
12834874,0.89595846755981
2557816,0.9082300122561014
10454313,0.7927446577753654
10513530,0.9856462829331998
5866724,0.876367643712967
8121310,0.8375409288286321
10513530,0.7821329530419174
10554999,0.8414750132206249
9076513,0.8705537440681343
9146018,0.9198219846394877
9146018,0.7532414997858008
9146018,0.8329216864563465
9279669,0.982915866570087
10843590,0.975522281348724
10858832,0.7247457210945226
10937029,0.8975581230983862
11599038,0.22813414968635146
10937029,0.8246002910262255
11656302,0.22787868744271583
2576197,0.16089475316026244
2576197,0.0975405980664286
3239945,0.9177508049946926
10387742,0.260186179016418
10187017,0.9194854678334704
3239945,0.8810736051733095
10554999,0.8923118533956803
10873260,0.9419814031624862
10965008,0.7674692789433345
10467815,0.23493412340853828
11073351,0.9201308538919659
11090765,0.9222276594145656
11246364,0.14121639369620864
9570741,0.8403635437372027
9607164,0.7657079436364636
9631762,0.9084054420614673
6462863,0.951984641987293
9782691,0.9448241044714925
11709124,0.8577428679067914
11709124,0.9585470983346267
11805075,0.8255545564494853
11599038,0.025133815664093565
11824222,0.9836582956826483
12302530,0.815244509371695
11904151,0.8159469114857817
3239945,0.7668929292531781
3239945,0.8247568283644313
3541800,0.038770780341467206
3559935,0.7484701349488402
3834360,0.10000719203846488
3966801,0.8771181848051904
11521048,0.09258287435052466
11656721,0.9625085188223867
11853905,0.9759621071867797
5866724,0.9080001458273729
11669239,0.7925885500341537
11669239,0.7345447501531464
10600261,0.7171709464855439
10656823,0.7322951289494815
10656823,0.8847616976074784
10676824,0.7072803144588691
10718726,0.7716110022753919
12302530,0.7655762106205544
12470954,0.9516983090576674
6268648,0.8970512656149732
2438264,0.8832098205494242
2438264,0.7168923572430967
3340312,0.21082779183008354
4049108,0.26484542331011357
4454752,0.897906770447922
8212002,0.7281433626784083
4757437,0.7872463530964795
10187017,0.799409378716607
4757437,0.8327145291697778
11823054,0.9232580074362384
11823054,0.8283381759015086
7017274,0.8974795250228851
11913012,0.03122775049883108
11972666,0.10213878774617734
12058931,0.788809293454586
9782691,0.7474669954874147
9886221,0.143835299120228
12366084,0.9481207421236612
9957627,0.7110128903082827
9958962,0.9094511320519377
9958962,0.938258652059431
3745690,0.8669436527296837
3745690,0.7912071040053659
9872283,0.8491410762724705
3745690,0.8433522672457201
3833007,0.7043072890520532
3847138,0.8069309520413305
4833135,0.10041281089820711
4847534,0.8896925482028947
4852528,0.7118194936485002
4852528,0.9543577725992873
4852528,0.972337197201036
4852528,0.8093958246099775
12058931,0.7113234995116118
12116489,0.9449865441794429
12600735,0.7538222167070143
10593626,0.8443387879570677
3437776,0.16042512498818093
9958962,0.8606258637707971
10294465,0.20542868860944002
10388286,0.8258015985736358
10600261,0.8780524818072085
6462863,0.7030050838959254
10600261,0.7374516821586621
11904151,0.9325425077991857
4384675,0.15505092897736192
4633570,0.8198202975951407
4633570,0.9333113589474986
5021176,0.10899051348247939
5640085,0.9479090315648322
5640085,0.7236581117490282
4852528,0.9532130004112416
4951877,0.8202540966216334
5282051,0.26715351127350667
10187017,0.8013044957859655
5340644,0.8737064641425443
3437776,0.03269864801016139
4165473,0.8667893478322264
4270253,0.9009223990661847
5544450,0.8714402344798874
4270253,0.9036222871395451
5122112,0.24432654740712362
10973664,0.9799376835479696
10973664,0.9651151516239407
10973664,0.9266405876397377
9141746,0.85486339551664
12459913,0.9447381739371614
6462863,0.8589855983719537
5779852,0.13969840474700648
6042214,0.19688162174568588
6200715,0.1493929746266798
8226050,0.7086065638936662
6291033,0.7389230823848361
6889235,0.11748714934358863
6758917,0.027971982361117295
5461440,0.9351711858104922
5689351,0.8251598482703213
6779260,0.7154215966682681
5689351,0.7961572808826628
5689351,0.7089820878357764
5689351,0.7288606015940623
5303551,0.06482652045660348
5443837,0.8920875922529594
7692093,0.20382142706209827
5709725,0.9004923029578025
5709725,0.9549773697643136
7700871,0.246526482950835
9946525,0.7848516184615917
9946525,0.7052359468179951
2716853,0.18991685696627236
9946525,0.9609453689599636
7289157,0.20933366259364153
2695110,0.15625401400029618
7098355,0.821406954902336
7101828,0.05808456937588351
2832589,0.912717672624635
7269974,0.8763383413532866
7269974,0.8231230708983001
7440748,0.8847423115052093
5689351,0.7414422239005036
5780715,0.10325537557327281
10793172,0.9162635924802449
5812960,0.8502866665804238
6266741,0.8675759906139293
10187017,0.7619159015038917
5738496,0.21436859854347695
5774349,0.7360587931764487
10285631,0.7941310906790049
5978361,0.857464685871467
6422367,0.20243987071039907
6501635,0.7319797157551297
3217264,0.976642660022037
3217264,0.7046908153687568
8554498,0.11236982958345171
6850504,0.9074730974709402
3217264,0.916533068014233
3342592,0.21111116866263852
7440748,0.9816326154300532
7504328,0.7158721803564071
8219268,0.06574323069485731
7977197,0.7995280144517986
7977197,0.9001713111454682
7199397,0.8982306654207637
6266741,0.807911660794442
6381846,0.7979267293621044
4367854,0.2890537751823571
6381846,0.7785936114274832
6381846,0.7175545926275122
6422155,0.896253849332394
6665695,0.8167030439451268
6707833,0.7030454379562274
9785921,0.0714292729781503
6786037,0.933716367486443
6786037,0.8102380223179723
6786037,0.8193428933336554
4247092,0.22918581161957116
4949751,0.2430922921091792
10157458,0.7572731923990162
5003117,0.0690998582283846
5035972,0.13090259437635138
5218441,0.2524153437015206
5351250,0.7435362076472699
8043638,0.8650916915779239
8261920,0.9728285385626971
8621348,0.20855519122309188
8773869,0.26037225506424694
8845205,0.7806342684444948
8890783,0.8128614566068364
8890783,0.9667940708614513
6716545,0.7022294946566565
6422155,0.9651146600800985
6422155,0.843753225359966
6422155,0.8699400020662119
6451936,0.8806392447707232
6451936,0.8878522231706952
1723078,0.831693381127833
8056665,0.9425084425256525
7025846,0.13850985667105845
7119481,0.9518187870394771
7445445,0.8629028833273797
7445445,0.7674052065918917
8397947,0.15806084726654668
5351250,0.9623853072200114
5351250,0.7921620356294502
6850504,0.9847395635347174
5351250,0.9374116356394504
5444548,0.7232991502348662
10187017,0.2500511677113686
8891318,0.033007134492547156
9008220,0.8494634921360199
9583881,0.8145509157657289
9589524,0.7520932354697024
9955262,0.7551326885161638
8019043,0.22562741517770166
11775507,0.241929493735145
10187017,0.7383857248179815
6838050,0.7337662310596347
6937692,0.7782533986257709
7602070,0.23674483057855922
7812179,0.2254504104834677
1868404,0.2861243949287525
7445445,0.7524417600260973
7595157,0.9638942797539346
7595157,0.815057158073013
8008206,0.9169903599521365
8008206,0.7674729155531371
7906892,0.7927989571296538
5449777,0.1613388298218171
5478055,0.28791618134300695
5683743,0.7134043766690932
5791986,0.7590694908460758
5791986,0.9567302778455288
8320630,0.9148220075659595
9703198,0.8766247032885724
9844088,0.7410194793803154
10019643,0.8194877438388065
10019643,0.8678595456283187
10123064,0.92941849954952
5653126,0.12924443604126423
7840044,0.26876008318144734
8015907,0.947561379751606
8017703,0.8600079070969731
8017703,0.8458168006551323
8017703,0.8415308771428818
1995712,0.24832258305122235
8106610,0.10043407912771651
8056665,0.9587296244487831
8120608,0.7631771293199294
8120608,0.7461681766457565
8120608,0.8063166008426071
8120608,0.8744268711875497
5872150,0.18075176369136592
5872150,0.021547618256157117
6289650,0.8496987095939156
6850504,0.9389228378903889
6508221,0.7335866059535704
11135694,0.7366615714098864
10155434,0.7599703749088147
10460984,0.7164023334859799
10460984,0.9608041135500485
10460984,0.8118743333649481
10460984,0.7256957785246482
6436505,0.19585023875984559
8022244,0.8265270655406782
2571238,0.881142349970007
8022244,0.7087052155319291
8037145,0.9286144500841162
8037145,0.8430176486514245
2140389,0.04972036116212892
8193178,0.8363265883646542
8193178,0.7028266138824577
8344004,0.8618446453313917
8344004,0.9730988797201305
8355239,0.7619840347211972
8216763,0.9273475387049347
6508221,0.777885867073667
6879865,0.7404262011969633
7975727,0.02350788727283197
8219673,0.1781045129989526
8352537,0.8513587445840506
3758499,0.7125806465632621
3248033,0.22530982070701414
9552608,0.9311131012317435
10577994,0.8255546647827849
10577994,0.7093769472331771
10599206,0.7684447694456721
6768616,0.07991527574952383
10068383,0.23286084024025133
10157573,0.29404693340994753
10191070,0.1974988027363597
10221013,0.7022156745989071
10225800,0.0929989670482122
2299738,0.7277884703038613
10227020,0.7520582747906905
4563268,0.7583725518117774
4644604,0.8473664216647636
4656049,0.7416165445814359
4659405,0.10022831197371862
7941635,0.2181130708969559
4742414,0.9102303641252812
7619236,0.793899888810059
7630229,0.8876013250813065
7730747,0.8831966574044585
7764367,0.8827016705127723
9024857,0.1377414076995422
7906882,0.7074732551247861
7976520,0.9516515433053945
10227020,0.829058768470643
10227020,0.8852941616667608
6678383,0.9102000786052281
2302997,0.8454254573183153
10227020,0.821281928152797
10259031,0.15819810318504962
8505215,0.9212409641826784
4827723,0.8151847723456378
4841374,0.9429179072806981
4861736,0.041516033044159656
5020319,0.7504775992216876
5090690,0.28111423101859767
8161561,0.707630304441464
8361905,0.9826403205541439
12116489,0.7225023300843992
8409588,0.24301986066262482
11250587,0.7907074954712067
8480285,0.8108380040358701
8480285,0.7618695744562028
10265898,0.7861558691369254
10265898,0.7628674095379161
2302758,0.18972531694777453
10265898,0.7365424883204101
10271806,0.980382405252017
10271806,0.9380870361687174
5098444,0.019360544698128798
5113822,0.8897528472411957
5113822,0.9395662365196973
5120087,0.8181172461844648
5121511,0.7516332891314847
8557374,0.7182223442359188
8557374,0.8034466593150295
12600735,0.8170252975660541
8738735,0.7852159091008599
8738735,0.8563346715064193
8802165,0.9019020167959892
10271806,0.7682618060928719
10271806,0.9304294616923809
5351250,0.23661531797008684
10272442,0.8784223396195616
10984090,0.7956950216501694
10272442,0.8099251798873146
4055765,0.8674117303819775
5131180,0.8628262870303636
5181817,0.26227660585763657
5309353,0.014144065875267876
5356593,0.28023260802274613
8805348,0.9588475563158054
8869680,0.15948809886667478
10843431,0.9877099448945689
8878187,0.9450705943352108
4914423,0.8268001539486232
8891278,0.26261325808423147
10287242,0.8467499818003528
10340423,0.9286961917792392
10340423,0.9086849071585704
10345478,0.06170070307323676
10358759,0.7801444823519519
5374854,0.9462188523677335
5374854,0.805282798020192
5384802,0.2213811015572557
5531694,0.8967199879718664
5596440,0.9435182789282937
8908102,0.07584407314417042
8962094,0.7130284650140963
8962094,0.7805939663794186
8962094,0.9282630443976513
8962094,0.8487026358385392
10358759,0.823297761138324
10386984,0.7295985032756866
9588822,0.9509377869755666
10395381,0.9576301358534098
10418797,0.0702432944632972
5613330,0.8683884726463382
8456679,0.8488220503788562
5786676,0.8844171100979777
5796186,0.19038279896476742
5796675,0.966414774446128
9002278,0.7078103083213336
12306808,0.2430626663899655
9002278,0.8727565929610075
9002278,0.8732673742878608
9053112,0.14357079185353327
4914423,0.8304797289353754
9162741,0.054420979934442754
5893123,0.20757928793332195
5941160,0.7146963783415412
5941160,0.7920774383926502
5966154,0.9373796674607401
5966154,0.8987324748822266
3749508,0.1744453982896315
9266431,0.9003854870999952
9300285,0.15988984982382912
9426071,0.030635207072938216
9458613,0.8809710304900503
9458613,0.7145606969781326
10729472,0.23453288852127344
5966660,0.28604046326283494
6020753,0.963751841032841
8456679,0.7839558904183239
6020753,0.7089956111662992
6062088,0.7046757529376186
9458613,0.908173790995557
9458613,0.934837313089795
9458613,0.7401934222079931
9530945,0.7594322120441396
10610039,0.8852608003667475
4752451,0.1547836536446003
6062088,0.7203230008547579
6062088,0.8157946841284179
6125481,0.7251156291001384
6267535,0.9639633369356073
1025986,0.9161981898023422
6347299,0.7123178076834933
9530945,0.9819503383159567
9578686,0.7565630963781844
9590976,0.9368182969311413
9590976,0.9341248046892328
11284772,0.702526711558817
9590976,0.8428354148632287
2441151,0.041478946231932295
3970233,0.2155530440649709
4832837,0.8375913651112585
4832837,0.7608599027514716
5014753,0.2528463634591529
5441980,0.9625787377885008
6347299,0.9761069249684413
6365156,0.7977387349849688
6425957,0.8115916370174062
1293046,0.2666422176846029
2444412,0.9298811855685781
6425957,0.8263150151505572
9597345,0.984080619850175
9597345,0.7671379612772067
9597345,0.7134426701897579
10972902,0.7301700692593106
9640976,0.18168946631313262
9640985,0.19849595223340621
5562784,0.2113357938486956
5608566,0.0720070403699284
5686174,0.8776190837541348
6309763,0.8226599767041252
5903312,0.19571280161300728
6462863,0.7164832914111989
6442340,0.7938507771939586
6442340,0.8648316396759124
1434395,0.17422475968529935
6442340,0.7464603557041688
6685609,0.7472682912487871
6685609,0.7229614108577529
9450647,0.9187842759212776
9702072,0.731849515468394
9413156,0.8593058603619687
9834719,0.16419139024782078
9846348,0.9210206181257778
9873254,0.9781975510125498
6587002,0.7831836506174271
6587002,0.8864197527379969
6960456,0.12717579685997707
7368664,0.9317579788187758
8374580,0.15554437957601955
6685609,0.7760504901300499
6707835,0.7265373149924441
2696205,0.861086533193233
6752502,0.2795146088430099
6805146,0.22580311100877334
10318874,0.8826443917533429
6960445,0.2922395091611787
9873254,0.8523376985709937
9884104,0.9227329299073435
9884104,0.7489342432715942
9884104,0.7336119327084119
9950612,0.7653775464811408
9714696,0.010530578584779631
9846086,0.17744248763412512
10353968,0.7034578301045213
10384962,0.11297193603525796
11773022,0.9259849523824224
7033671,0.7602371603639236
7040629,0.8933165395487405
2711131,0.2843308028394278
7040629,0.7216104692937969
7040629,0.7683877578990873
7040629,0.8664063057545567
9950612,0.8470452832417988
6678383,0.805138824464138
2308411,0.23583511902724785
9950612,0.7714623953354296
9950612,0.9476520172520706
9963524,0.9442988060739751
5780885,0.711656494607359
11773022,0.9672591622780558
11773022,0.936606747666507
12251650,0.8540604763798435
12417486,0.8539634526616384
12068975,0.8696894897246648
7115785,0.7678959907373145
2834805,0.9798629691437779
7115785,0.8357045974367384
7115785,0.20794717465866117
7124613,0.8330128981693792
8711794,0.836431412270089
7277317,0.9498550080183495
2446134,0.25546701977317826
9963524,0.809377418242121
9963524,0.727693165780525
9963524,0.7425373716732577
9964801,0.70204680531471
9965439,0.7904798670906055
2569995,0.7308147399940794
12068975,0.7023214137331468
12068975,0.9091821300159754
12068975,0.9354521748172302
3541946,0.7488256100436352
3541946,0.7856900240788696
10264660,0.8894455664406816
7385509,0.2611789259315934
7447200,0.809331348464367
7447200,0.9457085709875779
7466863,0.21804945961422398
7509886,0.7603358335394249
7509886,0.9642109577888116
10002866,0.8642780002840467
10002866,0.9357074573061627
6678383,0.8858203677691426
10002866,0.8442221262098952
2577353,0.8560822629706071
10005020,0.23312315431509972
3541946,0.8296459728370127
4449034,0.17773980538746875
4478168,0.7509569669631229
4478168,0.9166040067138014
2854839,0.018516879016177126
4563268,0.7007444843688034
7515212,0.9376016116807289
7515212,0.7751270202781547
7529266,0.8791972614786596
11553706,0.1738537647050206
2449053,0.2242836581716291
10489525,0.2722344358553783
7598128,0.28670468379796654
11858979,0.03635948127893638
5900390,0.2269277449757645
5444334,0.047844546294850854
10139620,0.04929670856409512
8686373,0.9826581356848112
5386264,0.21881205394357667
3867615,0.8738971535548709
3218844,0.18978467091732473
7256914,0.7338835310181432
7256914,0.7144953661934514
3542222,0.10834350417630093
6871071,0.9000954105835752
5530112,0.7421502174919427
6226908,0.7232912802940643
5906694,0.7718029185565878
10186945,0.1355429789951593
4636565,0.19603912990020775
9956082,0.7208360627609607
3241647,0.17904287017666576
7761585,0.25126769641775254
3241248,0.2911515305741136
9716302,0.11182491382214295
2708286,0.09559527081425717
6755944,0.795931590425688
10419797,0.16047939196270367
6515335,0.13903342197793211
7777471,0.14848653820562555
10294509,0.27983108461416184
3112129,0.9837435073142048
3003019,0.22924137322964028
9334893,0.9320438153611142
3103212,0.8135103349516979
10000941,0.7927617746859156
9455677,0.7503654455076966
6871071,0.7738585991041139
7690855,0.2728849844719912
5649837,0.28585942549680504
10141938,0.031895931356384424
8029197,0.24824235651951257
12257886,0.19849654019106555
10875007,0.9488530247751222
10875007,0.7642736224616797
11465651,0.9256130438485844
5036480,0.25516651296083936
10275077,0.0992444629756898
6592832,0.24021682096831493
8524346,0.114463897118692
3937814,0.757795930332089
5551228,0.12558326909619022
5471271,0.034223743098621376
5881120,0.912167725672329
3248696,0.018468389745824015
4548098,0.8778150700992048
5306383,0.267883931116685
5446285,0.062287690845003324
7021681,0.7563260057899184
5041847,0.1323188580369574
3836558,0.24500279285532886
4770617,0.7564378934980862
6106282,0.7999404836922576
4946584,0.21931035110463848
6463499,0.29320423468130197
8254882,0.2284351354817166
6042031,0.2786982048505253
4078311,0.967062487572446
5475735,0.2734890237744561
11709124,0.7140003269387291
9022166,0.8242860718354869
10075409,0.16850141634505472
7038096,0.29572345533158745
3345973,0.17301166236067464
11967788,0.9316868937616932
11972872,0.10324068936443118
9899233,0.29600162847234307
3103227,0.819483108068249
4850961,0.766476157358003
3102309,0.059431882591447334
8521059,0.22921476067955765
5217574,0.06181690164739763
7199060,0.8232267740953491
8439323,0.7871499105865765
4458082,0.8109262213924444
3230095,0.14369601096575235
5551228,0.1172107006640585
11967788,0.7748881865863358
7733731,0.8469164344076304
6862332,0.08242353063895853
10714072,0.8658460623160917
3110177,0.747967502909534
10992011,0.22336548670641113
8128247,0.1963936418058748
6276994,0.15975653271068346
9674564,0.040075450079656745
5942808,0.9160388109160226
3232249,0.9656161608514908
5688683,0.7779447989751987
6607644,0.9627979012879198
7610663,0.8437832267745847
5565707,0.1221277490036367
1293031,0.24484652567413864
2859299,0.08286214385702464
7449554,0.7407914890955963
4067110,0.089266393937706
8694309,0.17025573159811141
8282651,0.7762518414456904
7818447,0.0675531735348468
11569475,0.0664790109095445
5688683,0.799361225207539
8222627,0.7872178817275396
8951205,0.8175559551455597
5700900,0.29265722696375596
7026477,0.26681838246138806
9402583,0.18807530252709787
7838675,0.9067930955970359
8700537,0.27287174012718496
10858785,0.24114452848738785
9640907,0.11942287164471348
7515670,0.2906867302952864
9551430,0.1896367460887529
3228986,0.06403209087560613
7100673,0.9605917249894379
7100673,0.7911873685184947
4138557,0.04624238449633702
2708278,0.16789238099893175
2984990,0.8760730993537114
3747817,0.9643409423142426
8483366,0.20438930534540517
7758018,0.7601204561447207
9071593,0.8367118802703294
10089911,0.8315248352547875
3247404,0.14633166328245217
11415243,0.7711535190411456
3548044,0.9623510886118116
8264402,0.8455641600148477
7773179,0.28820765547778715
11017094,0.060078053233125976
3129238,0.8955223515721078
5956633,0.27322994405099066
9899065,0.24482557314181802
7907808,0.8363939146756311
5471792,0.1950191100349187
11145831,0.08419290193091025
11444952,0.12723725302536937
8647295,0.28404605544372047
3444098,0.23842401726060525
5112567,0.28209316246705957
2708343,0.26287408588022193
3235282,0.022056651252367956
3348090,0.052777871755462676
9282762,0.0816398595341274
3117046,0.0986232747279302
6311520,0.28191573223856975
5201115,0.04582819520263175
2708203,0.22201158155933137
4150496,0.055395492867184065
11401767,0.727075658370557
9655005,0.1616921892349552
11709124,0.9087803177496542
3851194,0.18956166863206766
8613535,0.8285431424793632
5092655,0.0742777981248183
3955817,0.9000372768966769
10661778,0.07374044711568417
5513857,0.05302944382086048
10272389,0.2383454920045975
4679687,0.08994245754085593
7968683,0.2019611211224264
10360722,0.7175267712095957
9091755,0.022924263300910977
3852476,0.11556797554097362
9700449,0.7168288805298473
6349881,0.9339953723506311
9851970,0.2822877216247689
6140059,0.9538354416535286
5726910,0.22645121154749165
1718958,0.8973134646471148
6428794,0.7669944282179253
3228825,0.024945822855802914
4673628,0.7639749042268862
11401767,0.7712765344785937
3852872,0.7017325144232333
9099950,0.08307210533629848
9718066,0.9499302278129487
9272070,0.8431725127478567
5088400,0.9652287928747645
4669402,0.09601790874100517
3757407,0.04998871792962357
4769931,0.21169461344798038
9220612,0.12787473864282925
9086154,0.7021650327198825
6806695,0.25902464645222506
3858943,0.17301411846206124
11970988,0.9654950781017911
10858803,0.22437788679151968
6129694,0.07966057485624953
5957181,0.15799602951647385
7601918,0.04734200224958011
6119877,0.10672335593531138
6792908,0.8872793334327802
7211879,0.28311764270902146
8087812,0.7918114199886417
4863956,0.28223434527022945
10534155,0.7804420286879182
10397751,0.7389565326250923
5308537,0.8587488877648337
6350882,0.8516180340701114
5281113,0.9170956129338819
7847104,0.144835226316286
3450040,0.8052515602220311
3347807,0.21646685009336855
8487805,0.09738463434102275
9456281,0.9546062744127431
5129453,0.7983004462458916
7918478,0.7609503113174515
3336845,0.09492842173453918
3645282,0.1853520641938654
6026924,0.8024250098142388
6525280,0.1460751778756527
4861784,0.03296653684884142
5876360,0.05049337523660689
9509343,0.8084406556581973
3732972,0.07226538434545626
3244792,0.9537833829106985
8743082,0.15900163418579868
7673841,0.7325037005208087
9142742,0.19218809907564074
6891513,0.21305078860897153
4579598,0.25418887902471937
7777522,0.14985607472724177
9305012,0.05456145928876646
9597729,0.01879731818523223
11390109,0.2961503638898184
5078025,0.17350951181957866
1724719,0.7059232578437619
8120608,0.9399893456605755
11968463,0.9769157515060387
5026326,0.06949445041136378
5471574,0.09447226375268074
5512580,0.1822846977445246
11670599,0.14083334639739364
6359820,0.2595239805336627
11872139,0.27357181586060153
5436161,0.8548901668307476
2708221,0.1058669081764114
4571844,0.7689642845760596
5040223,0.06940826863177675
4571004,0.20623833621780926
2859893,0.7668238869385171
6026737,0.938466732151372
7582691,0.9226567858022274
7031942,0.2686292712254434
9836563,0.981096418862657
1724719,0.7616729816617166
5632701,0.2944150181069057
10549924,0.13250743096973544
9366617,0.7191197229841537
6187341,0.1264799588945446
3353454,0.27085851882097245
10156055,0.25103997534348194
8418018,0.08812225856418303
5024177,0.280883424760757
11081504,0.8625826679544106
4548011,0.7233622166163189
4571004,0.26780381562893374
4571004,0.07755624689730198
4571004,0.1465241144282315
12016267,0.8198077454833231
4571004,0.10035369862832907
8459663,0.9855403473621
3550372,0.9030087616209967
10155321,0.18415635089288743
3866536,0.21572857594725608
7046035,0.9873764306389343
4679314,0.2967383921415555
8240790,0.7676389874573217
5702637,0.08487320619492272
8309169,0.09118449530859889
4678919,0.20936897176024763
5563080,0.2742729783224059
6364067,0.17623715398387602
4548011,0.9183496370631175
5983532,0.19430735040558236
3439126,0.19885031312399126
8463346,0.7522415055555995
5868793,0.7579723654540936
8483021,0.0446541075138822
10063208,0.70423581571048
7191646,0.7004623481283077
1575873,0.03252137353643696
10669994,0.8743258722266599
7801070,0.8510331315924435
11449918,0.031511121265178396
4172805,0.7533672631141359
5126182,0.9528609495599273
3750350,0.12995568736011948
8949925,0.8134663334283069
4584865,0.16523961320295386
9642018,0.979857623976338
11968463,0.016431803188886613
9183378,0.9194696968833675
11188254,0.2069780293628877
1724513,0.2743619259514155
9535876,0.09982944788001351
5817533,0.017688286067127742
7681230,0.09988369071018031
7596240,0.8160982722669533
7661893,0.7756295794964525
3448456,0.28097957185786715
12107008,0.1294618659719519
9776794,0.7399310095559193
7427764,0.7212636547441753
7673192,0.7271214532270278
4754831,0.05043792510521816
4754831,0.10940677571827943
9899630,0.1386521302295741
4367528,0.033664626252797036
8416523,0.8853976293610855
11124436,0.875241326785224
5780855,0.9096841521793226
3751231,0.19529843680774625
9491832,0.7932339848561004
7816665,0.29016552651418265
9535881,0.04542419256084523
11616596,0.14959946428641074
9872831,0.8821932229225153
2852941,0.9721435284506852
8508126,0.11743812572026914
12306058,0.7279326874462696
8507475,0.8167413714958005
8773015,0.807540045830081
4754831,0.276765327956728
10647452,0.8390632304781672
3531231,0.17520608722423192
4773392,0.9883458711173674
5471489,0.1697131115769408
5471489,0.08442748897602112
9011874,0.12064477499793916
9936080,0.9891464352654502
9936080,0.04872710668322768
8611344,0.06894970764704043
9518651,0.18990649989599911
2305311,0.27866263570291383
6383595,0.049991870306146935
11080405,0.9292317699962195
11509504,0.8254769073077433
6599949,0.11756022353190983
11611275,0.9838925780031551
6290935,0.9277075034743003
12734396,0.9789606828087078
11612280,0.7050113745367941
5536715,0.2446564534798088
8149484,0.11079421263263213
12407623,0.08534751031566332
11444514,0.9622964213486183
9886361,0.7951530928065719
9702006,0.842936437743958
6778008,0.20538983702407262
8278685,0.7796465572901186
8308260,0.1621286804421884
8492101,0.0267779435987357
6103377,0.8211904871752271
3660581,0.7765227701132372
6343576,0.07990775116944628
10794974,0.8018138610650564
2449101,0.10951685816847906
7259249,0.16078993063526506
8678691,0.15204975778820606
9640924,0.08998942749563295
3558849,0.8060044074540091
11151677,0.06021225628854981
11037128,0.22291045475318058
6587002,0.7481157658716389
5175024,0.8485161734685391
10991114,0.777148807641652
11969092,0.0231573402899046
2570773,0.04714135087837149
4945764,0.8555302519060002
6356885,0.06886690742041209
3542542,0.19813309645236404
11718389,0.7270824692312995
11124703,0.258973440239811
10329196,0.9569142581028827
10604592,0.7764429007722459
9834731,0.7177578110577593
9593773,0.04029428637610369
9285568,0.9374609961818288
7604328,0.9391783827465139
9514372,0.9190872482663421
9777757,0.2986122518883651
7103919,0.8615180437789105
3762750,0.9013150958728235
8645191,0.11491507798920572
10722485,0.8678499741046679
9717958,0.2710850069938714
8128067,0.2717182370093641
7703910,0.09476084412303334
7777818,0.052542118322135026
9851360,0.07593342153738131
9886361,0.8070647185821564
6937529,0.7999300885044168
9490653,0.09561716504458992
3328027,0.11690403407835416
3644631,0.08990371754747102
9640931,0.26870238253124995
5125196,0.25530256065173706
9640962,0.12307336881711953
5097454,0.24481385635933633
12737015,0.9874090542519143
3663141,0.08542572307249748
5177859,0.7430292827646184
8482059,0.7075633939553558
4568117,0.24335414567624175
10342248,0.1209842357232012
9777290,0.06526239219360949
8548427,0.26349087733179993
9286088,0.8600631430422374
6289344,0.08593720644706289
6937529,0.7751363080398689
9883606,0.8168645885959366
5860968,0.8371639816127279
3645438,0.8122964502230696
8480582,0.9618261005038549
5197233,0.9438488605573363
10936786,0.0432694595161055
7119481,0.8599841428969481
6938264,0.25755643741533324
9899315,0.256997795066701
9541089,0.048583920632754074
3650049,0.14303014260060756
9641076,0.10542126919954002
8741470,0.9070825517935662
11125613,0.7844659085522808
10525049,0.9161377097570076
9896018,0.8788142352608296
5095082,0.9660165614857675
12418891,0.25912262967058486
3839294,0.09222986884216801
7698701,0.1554788794238351
7698701,0.07040098521851736
2830919,0.255347206607602
9588822,0.08865248997176901
2997459,0.7246574407395375
8330207,0.920639381058681
5881813,0.7445148085530273
11560897,0.8481279132184592
10858737,0.15010213473362452
6752002,0.7233086669777731
7257966,0.832325753186464
3644738,0.26698195903163224
9406892,0.11432499940607685
9202434,0.8880300985970918
8487645,0.2920148642072016
10407482,0.7022104844425255
5817613,0.07094675784595601
7901016,0.9163959863133886
5385410,0.7113206315081102
9910942,0.265724830253524
7749002,0.9185877388763767
10924340,0.2636018492463644
5371777,0.7294288510513012
3848083,0.8112374080139286
6359926,0.7384848479468866
6629993,0.08489271992540465
8324518,0.8046324250974781
10427700,0.08123338927103163
3103473,0.7278974142532489
11296045,0.07794523809517369
3124598,0.041672648370770324
6879171,0.9493675076469312
9897364,0.8821451621692955
12505503,0.8414230113126837
3548639,0.020992964126305434
4390912,0.06985645823059478
7115925,0.025458294453799338
5785279,0.7811393220090539
7429287,0.08116389770230484
10526887,0.7428024801722619
11125613,0.8845559809842994
3545583,0.17247544827374361
9896018,0.7816984299633648
12456063,0.9361361797895055
8374741,0.2718001948714072
5096053,0.8121792567335445
11296045,0.07690402161360307
11296045,0.23776487819685949
3247503,0.043416741650080574
5802637,0.9875916103495854
5531694,0.8712951412064354
8733898,0.7466770661845461
9828127,0.9283398974194166
7107802,0.9000769414621066
4281068,0.1835756296483009
9092496,0.044978575080967316
5644412,0.8439730323966883
9959545,0.2559043072661235
9641144,0.26489323395328757
8572168,0.101351307563795
4472143,0.14839127951755576
12509829,0.8383647868270103
7368137,0.02266906668582663
9027841,0.2584818881057214
8953414,0.05145723878132396
2576962,0.8243934489705201
10140274,0.8082127795250732
10730070,0.7859795992230314
4458109,0.18967046905273352
8345384,0.7692831617391485
2831055,0.7814969624552299
11044826,0.1428482056099784
6681687,0.18772191320622483
7703882,0.8708566489354248
8179190,0.08332774810223827
9777724,0.17755126542882466
9072639,0.7314243297458547
5340878,0.838963018109204
10273903,0.034446456227910455
7450747,0.7050709156020943
7826620,0.7104996818853669
8890924,0.7755685983652589
8890924,0.8599066161830252
8483241,0.13925344619845995
8573193,0.7729409629746449
9240664,0.1944192554087114
7673841,0.9724937209596654
7281411,0.12313726455835984
6528141,0.132311699018511
8106112,0.05425941456334929
4054784,0.8771906676482473
10745365,0.8109354257101563
5563937,0.04786942934809504
8396660,0.8798857337320654
10736179,0.25610003041610996
6119921,0.01122600317443556
5084171,0.782794067055331
4141587,0.10506649243946177
11968463,0.9533997692897058
3834317,0.1298253946236254
10593535,0.710228090083156
5959719,0.7845885692322728
5992210,0.18665696073478766
4284980,0.2894558453953078
9302543,0.17985623219306837
9716028,0.8881974278865314
6223324,0.8196329179917899
9701962,0.9124933877858816
6685646,0.04250552927474832
4574319,0.18353275282243237
7741837,0.28895434978592605
11137065,0.16460681894995582
11093335,0.26464215715457534
9394768,0.14229599851871566
9773980,0.9178710374618126
10972902,0.292336669234757
3832474,0.19924204299257
12004971,0.08159827648666232
3644602,0.07302627902174173
10467714,0.7521167125488619
11912941,0.2556567470922163
4141593,0.904270206297301
7778427,0.9813636987890647
6525106,0.09633811501548593
6523058,0.7739057418935629
5977470,0.7735018456575035
11769689,0.898057226997089
4355503,0.21829102041547396
6119923,0.18622670770425123
6126076,0.015564952361461921
11284772,0.9564573966326291
9209183,0.28351639627441005
6153407,0.7394603546269317
5955621,0.19216502983894995
11519187,0.909297909204725
8417078,0.9042306379724017
9457948,0.9884464766684402
4852297,0.14936511160888385
9851845,0.12864902955324134
9474483,0.12887987551609273
4072271,0.7422901517971482
9898017,0.8427583385568704
8613218,0.26995626306070336
8548069,0.014928295260195382
6278762,0.9892366711768412
8098212,0.7578005596964356
3127911,0.06957656084501859
6369131,0.7165164802882455
7820699,0.8603667007307014
10399321,0.06456078001789238
10257229,0.7336977714552646
3539231,0.8723434847701395
6311891,0.7088259293923903
7837733,0.09482207702992577
2578017,0.03776549061422202
7834045,0.9176033772655291
10663738,0.7191683254935833
7891294,0.9170014896751452
9413156,0.7835656209732551
8625732,0.07442158535546418
2831251,0.25071393831936234
6721380,0.11948373472613413
7694615,0.21563363544654965
6201203,0.13081990568840396
4556468,0.7027762335292193
9222516,0.19563240612258623
5431027,0.7893410996565108
7285673,0.08781841277178251
5282437,0.0882852553544349
7747457,0.7850082641621667
8652360,0.2747252560309622
9602421,0.08549017188208749
6070337,0.8536346675035261
5954001,0.8561596699065908
4373195,0.2648872459196172
5090937,0.11991254786966947
8196226,0.7705454182235489
9002538,0.7402210981705254
6359175,0.1675081498942166
8104207,0.2951442980763287
5642688,0.9003133753418728
10026502,0.8762306107153686
3953173,0.2930138523075045
8037926,0.1351267336495045
5552562,0.8563844207666967
6186182,0.8871749629055743
4073017,0.9702817095939171
9002278,0.936177133582335
10585749,0.7377234509211079
9579208,0.7038154419694527
6437617,0.08358052544714208
8453851,0.12633955040625136
11650401,0.855133750027657
9873759,0.035179624225786854
9773270,0.7542979503936025
9457728,0.9006001006395721
9516728,0.10707825674161249
4825872,0.10513075339440277
4680772,0.11599316458816922
8110733,0.20303294662704988
2303903,0.7436116800604444
9278216,0.973552052715662
8355131,0.8955510137382188
6278762,0.9263105800172862
12645057,0.811570218669936
4844367,0.7547983631789309
10937749,0.9519463511296634
9100953,0.8433277934104076
8332521,0.7913553440482515
10407086,0.04895026749351866
4073089,0.03581342679809479
6065351,0.21346784598565677
4060229,0.8920244708410624
6761777,0.9822462441009271
4825872,0.09512731452619887
9412623,0.8123776797175728
3644505,0.10143280557379598
4664743,0.2856634285472435
4735826,0.7131294722442338
6593734,0.2293524735783219
8443527,0.7305404119319148
9711297,0.08656741764310473
8395860,0.03173185319027217
7778621,0.8725936423530174
5956354,0.2367753890791533
9100953,0.8308790131075828
8109107,0.010011420584545445
6200529,0.1796375886145819
10907132,0.9543902684554446
6520753,0.7031716281398354
6929285,0.22108040041469404
4848321,0.06780262283225011
12255382,0.18241401609411373
6522745,0.24828894332144322
9893468,0.7862825351913836
11655826,0.7982665518540796
1721157,0.8525697129958945
11076276,0.03944279769468035
12012439,0.27736290356647003
9947653,0.9248365001317782
4374610,0.1689863796336495
9002538,0.7713724504195164
5253802,0.8681131353521132
12554634,0.9758688020275574
6264750,0.8163254419499174
11290515,0.8864171004892692
6520753,0.9118117306679613
6278762,0.7572299091645522
8493354,0.8307032822215384
4545570,0.7809897656326408
7598111,0.18093072567070057
5457326,0.8640103387577138
8240746,0.2322623159674956
10610039,0.8335238727206444
9652655,0.27466641411453463
10140843,0.027555467587802425
8628761,0.9429885918940126
10473272,0.11831420314158506
4750669,0.8351703498113471
9824928,0.19136293134866297
6717252,0.7168573996942825
5817685,0.01907525861878285
4902202,0.928650910935975
7282042,0.24859451509397412
7523542,0.2917894500530983
3109937,0.16540273092039764
9386171,0.08917361141633595
11350118,0.7247153555160311
11671579,0.8993723295112263
11553598,0.14171149972944497
12069414,0.11998387247413504
9216775,0.9365729415989164
2572029,0.9872000269200243
7905106,0.9780808519438481
9007151,0.7169507378397444
4450844,0.877856596597029
8443265,0.2806289083098341
3240406,0.11370809342031105
11181260,0.9288075673572955
5090803,0.2464561631475025
2558163,0.7912386095596937
8107611,0.8620827931518764
8377197,0.1187038594034308
6137779,0.02122832971205324
11913072,0.08966893371961472
8752940,0.970005490685618
9083470,0.18181788846581715
5783732,0.04998925308305353
6278762,0.8552537902578619
7900100,0.08829848619727326
9849884,0.28247496214263074
11243547,0.21745136316875116
4384909,0.9553608236678407
9009036,0.8804409478469024
11506654,0.9701972803395641
5687700,0.7034777534032973
8806985,0.8844008101344628
10491525,0.16195665843863005
3859042,0.09206750875264186
6527078,0.835096989587228
4946049,0.038437723055040666
2857607,0.7737281041870178
5559651,0.06759042750676676
5962262,0.8839371658425192
5437348,0.2609502985182383
8429668,0.04326731907292208
7429240,0.7573959289568658
10120548,0.932244067623641
4474462,0.788225147429198
7032001,0.1896143709325019
4141593,0.7626661116511575
10003058,0.8288171254763383
9031703,0.8015892524995438
6199864,0.23132263299386846
9577855,0.05238877404752301
12204137,0.7914132553911162
4386607,0.0754145999602643
5389956,0.9304821039257187
12108364,0.03748194971667486
8295671,0.13086648104546744
10662202,0.9858852718744633
10407210,0.2579714009446549
7457278,0.12372171982109102
3934657,0.9563971255144652
7515336,0.8812658080885679
8984755,0.268403374062912
7366895,0.09749657017491196
10729472,0.1369646225175678
6200612,0.2861601902574478
9777200,0.26136576927961563
3557560,0.7903503124971907
12109267,0.9237445678372215
8700895,0.9342080554655682
5003670,0.7091533150428198
5200084,0.28836986636511885
4144873,0.06330815209612191
5003670,0.7189958406479234
9171886,0.10247993584761567
3337061,0.14141290153246605
5696918,0.26711474586354195
12265786,0.7642889420412742
8487838,0.2777795897662088
10873178,0.8705563595259114
11337012,0.8350608313700982
8359569,0.8294732566554908
8937762,0.13224493287176295
2720828,0.07307727165703064
9837828,0.9646905710672447
4857058,0.7515187695491518
8652577,0.14659639018002096
8804937,0.08550462596003414
9947389,0.8043707780431866
11912987,0.013092234398451112
3765917,0.7432288721471209
4136659,0.13311323295943725
3438976,0.24635830148636698
7833305,0.9895130958100999
6610064,0.20596659773489231
12647577,0.8987775933078581
5476671,0.27801553985490174
7335972,0.035020855504859144
4252671,0.9528815474965928
2694632,0.03590786462823754
11153476,0.762983461173744
6144039,0.8141685012919747
5428471,0.27233160958102537
7283710,0.2544229584414785
5985713,0.7440298875891216
10794509,0.28824358368004444
6839010,0.9115043101863683
9775385,0.8137066614675516
6197344,0.8559976583058416
11357664,0.9415509622948106
2576224,0.2640489705129993
3967501,0.013917004581278234
7272132,0.9005220305343362
6437226,0.2302316192321705
2710623,0.18948203446772863
3330684,0.05460949884587773
2696703,0.011815665702336291
7699298,0.15673653484859612
8430053,0.8767670995586555
7115661,0.021257662440817313
2853889,0.07038537326077655
12458605,0.8388463178675151
4845862,0.016243892550514318
10130057,0.19918758291055208
4953173,0.7147117411260466
9838608,0.2695922921726947
4247811,0.10707823376878367
6543645,0.1448820019763531
5352640,0.8472465275550887
8738244,0.18515538224377562
4157052,0.20105609849901782
10006641,0.2381591272701073
10815916,0.07919060741088828
3547760,0.251669592810544
7281484,0.12464561875821653
4848115,0.29853500681323664
4048898,0.8211414239172062
5991765,0.17239623948030203
3962872,0.0626345788755576
11912911,0.11223565240420093
7045435,0.0351059572430447
2972800,0.25342889048147405
8573168,0.0643592621047821
10801249,0.26317805060679417
4587135,0.9599984880645416
3857860,0.15094534748668892
5024252,0.2617586192119646
7430876,0.23417872626944594
4843592,0.12314794578123225
9602775,0.09147380216618206
8955709,0.2517688059770597
7031430,0.05715232719028477
7133294,0.7705505936076044
4381429,0.753117922712967
11912916,0.09376826736377883
12108293,0.030348825178405155
5301093,0.0833775329528513
5511659,0.8986791723909291
9640946,0.13034604916616246
9776186,0.19311180034266406
9752973,0.23012093618284932
8044600,0.2849266761253876
10220837,0.7470231127263183
10991239,0.10011985222714688
7583650,0.768247758527804
9345819,0.24152731599360594
9180566,0.2360243128236122
3867794,0.9047455171941108
5819801,0.9490492175167831
11092040,0.17713440322773846
4851145,0.2447574680863135
10292540,0.163749417982974
3732894,0.28872790969706774
6276791,0.8636588564741264
6278762,0.8472012141119728
6276791,0.8189068655969458
8636600,0.9089365334362314
10220950,0.09254422880663597
10140122,0.8910604222133549
5033823,0.8123351467272959
10342316,0.2901044302683545
5305399,0.19501612878586366
3223433,0.8885261156372369
8803757,0.8528868707974233
12021811,0.1100522947026743
9479306,0.7861117256000804
5437762,0.8065155630438302
3962684,0.2352280281098597
4730442,0.08687982915053508
9447166,0.9094532707233169
9643043,0.27550081810025
8151055,0.7284570259016921
7177555,0.23033261604770633
3348082,0.7191189158073618
4996057,0.7722403102186908
8349399,0.758142362726872
6043562,0.9090563064141901
10615440,0.962723031433373
4919550,0.8613476183558453
5802292,0.13809132679637595
5126932,0.21558897676653083
10034146,0.06533915814723838
4175105,0.20857746117983442
5645170,0.9436581447120808
8216763,0.8072019097234722
9110610,0.954810524781307
2437897,0.13053782685191748
9307966,0.1219872369950822
5556726,0.1410373443728351
2554853,0.22940570035306773
5208962,0.9775782985300672
7889486,0.16227213334762577
7889486,0.2011048688233787
4742188,0.9107392738688108
8301878,0.8206279866151955
8233802,0.16348851073415005
7510820,0.9020418688680208
10221505,0.9492108283056376
6116035,0.09660910532755612
8958359,0.016105490554302597
11658036,0.7120574080825836
8397947,0.7757823697047959
6665860,0.8713036965893832
7983117,0.8660059430545913
5480884,0.2703243860726753
12506417,0.1979011954721485
10187563,0.2538972043033299
5769810,0.8844419171141411
12071754,0.875715357128247
10384298,0.7118181082254373
3109550,0.8862015461215361
5544450,0.07208446166297576
9307105,0.24910536847911618
6880517,0.9442651770328903
6615511,0.7581352659107666
6131130,0.9490224118296614
3632089,0.7992150599931578
4742452,0.8033347825215411
9959494,0.16325661394906377
8397947,0.7342336456328354
7906892,0.8056416038302119
4277304,0.8470371529626424
8626325,0.7171526293809102
3098605,0.8617298148983327
11456405,0.197304427210679
8320630,0.7987505170964506
4544684,0.19926627957432047
9005321,0.9496372541251844
8975368,0.03916391879596582
9291039,0.159147255645483
5168498,0.27308305291478213
10489539,0.08375091749701333
9569711,0.7304927750634366
12314973,0.9298185143823328
3348082,0.970890859334901
3632089,0.8602538483272761
5563300,0.7011324301627757
12253769,0.7060842862920717
12735830,0.7046611132038356
8054719,0.9895667739716788
6592335,0.9674932121028106
5651829,0.2649918798813263
4762283,0.959212275126956
9094763,0.2611575386324821
3849187,0.8152616991009946
2976017,0.7653588668762408
6786224,0.958645294576873
10338279,0.17111276661379474
4851239,0.2887759475325446
5009688,0.19190998743052043
11072016,0.9558868126046122
3245969,0.7724772143859462
10057494,0.959962666038317
7902003,0.9192948219387183
6587796,0.8754964374501777
9489953,0.044890189895708796
5305240,0.023559996363127774
11905409,0.8582001607078518
9571186,0.7189045394519761
9838060,0.19229673836797886
8554701,0.8805152823702719
5389632,0.24232279446962304
9031209,0.7677028315387452
5951416,0.07056770807914528
5612697,0.9854387202400601
8973285,0.906897776425334
4645833,0.20848831163311396
8940918,0.06159212443799667
3758922,0.7595067584872108
8360041,0.7867659455089596
9827596,0.2591683971135911
9782748,0.7809872178604458
2860656,0.8273921079465358
6206559,0.19669186866618846
5024429,0.26590096801881125
9532117,0.2514486604330301
6928906,0.2393719510800391
9821151,0.1828843324796996
8073705,0.8956305436351232
8330548,0.08052806799690736
4271474,0.9386814675579604
5130983,0.21933279572172268
11497958,0.8230044054397303
11093538,0.2394026247050649
11044779,0.13544225224866543
6438379,0.13250561845055198
9145415,0.17079407045715936
4545926,0.12057393135927938
9396760,0.057225387407257015
5119619,0.14306988011522095
9582496,0.045062963411036036
7094944,0.7088313711364195
3343281,0.18126526899804876
2573108,0.2843632053254048
6425597,0.9674629335804096
9885417,0.9686816034540598
3336476,0.15195615795844727
10917433,0.7216011412992333
5091479,0.9873612256722721
9083564,0.22699777573241564
7335713,0.0695934184504113
8331612,0.8558975094564745
8874090,0.8977911990993115
8331612,0.922462920287601
5185765,0.04330391390349779
5965819,0.833972846515411
5965819,0.7836327887992649
8328916,0.9018790358718278
11294883,0.025016732140220675
3832474,0.04849060793180715
10155029,0.9127382038735845
11618569,0.7587103128050682
11973517,0.8587109909704115
5471566,0.18441933562025709
7345248,0.9608972403142696
5814013,0.04118568733201143
7117355,0.2729246894073633
5653072,0.08022987031618445
2707985,0.296485883540961
9899141,0.27632712630488865
8183288,0.7465626119823063
11305996,0.12225195954714844
5965819,0.8233756309983926
6690171,0.8534241862548263
6859801,0.2578321662954284
7767733,0.022894842005740244
5193659,0.754185029314733
5201593,0.16369918395939123
6220312,0.9850293757517872
6358937,0.8093243783146485
9007609,0.025034912513862716
11038580,0.11622459690738299
7771181,0.7215681913118942
9509223,0.23203587404481277
6720773,0.20717134837068188
8056651,0.17853414204465798
4665991,0.0700877203254752
10191036,0.10943599088028254
8280511,0.7341778746721087
10420301,0.22769060047234096
4366323,0.7637550292307604
2853029,0.9618855798715537
12156174,0.7653550680087562
4634135,0.2111182707546985
6955671,0.9112144287791719
5097856,0.7334101372931514
4736644,0.9738477977071666
5876805,0.25020649431375125
5818068,0.2081220064997219
10139390,0.2099484098244378
8278073,0.7635963773014548
5273713,0.2669929976097087
3526331,0.24730547374538153
10810859,0.8233638753396313
7017274,0.8810177956088712
6767227,0.8678139856400148
11496490,0.146428622305894
1430305,0.1696130815287735
7117549,0.059680448829653905
2986833,0.8787878792025285
12055539,0.8934465126521163
12056139,0.9199602373759659
11853130,0.8384028243808745
4774646,0.18926967521394691
9345933,0.822742877348085
10030778,0.020836479812863844
7870282,0.019159121817189678
11153259,0.2131227697038231
9021075,0.8827785636264737
5783938,0.18429310302019417
11338056,0.9570843235959254
3445812,0.17631019328297748
4473613,0.8552811977690187
10676750,0.9207516907717771
8960918,0.04651115205644184
4647662,0.09583803120580725
9822284,0.121215567549536
8940700,0.17742138033519564
9581589,0.7375502981110486
11804437,0.9391253889780623
9850966,0.27116143711774593
8747009,0.246130248569822
8826007,0.8693592692318706
8280511,0.7069651253836771
8620402,0.7143387776071314
8379021,0.2628614843083158
8104030,0.24953470589106494
4813793,0.8532640531221768
5282477,0.11967048211883145
7266212,0.8246320136191545
6681546,0.28161947363019935
6421137,0.10796814106892348
9893278,0.16847355893622534
9419020,0.8388788325933992
4548162,0.2569944624554205
4270799,0.8534256319509157
8811490,0.9086628002793578
7293937,0.2653734770639531
8043721,0.05717726592052634
7985733,0.17828440402330709
8094120,0.7391814396809023
6522824,0.20795620257763012
6802536,0.027909819028064102
4750341,0.19042697682009466
9935642,0.9471565624911941
6612327,0.04853720783510472
7285757,0.7314926031810247
7285757,0.8968499259649261
5211922,0.15089675558069102
5280587,0.9803815570013459
8129005,0.14922016181248593
4840156,0.0904685793297423
4138008,0.9669059126018003
4262040,0.8086709863864684
6468904,0.28132949363468357
5709906,0.1995106748944877
4840672,0.8552889129894083
9777556,0.12080703463035894
7287677,0.9639210626761398
10753922,0.2837852210737054
5980061,0.06100639759926882
7692248,0.7275770086240024
4059887,0.13935574568657874
8288741,0.1806682052795072
6852354,0.08793689013436048
6691169,0.8509008117785604
5816811,0.17972618741038482
5303346,0.22080470982430475
3858879,0.013235734836155649
8280511,0.9558972698103988
3120904,0.7705022401901811
3342467,0.07029866257656552
11757451,0.7933700640205349
2711597,0.11008630806328473
8047428,0.9693351623119822
11513486,0.9759921353435879
4851283,0.250856661851978
6520519,0.80889149924259
9459162,0.9850094149319326
5024138,0.18012091457151047
9969287,0.9055062724792434
9086001,0.14360397752567639
4927734,0.26256050886421567
11189311,0.871239979208575
10747501,0.9664293560565853
10586744,0.9769161502896766
11970050,0.754905115815623
10031918,0.09619392969040286
5276332,0.29969572577133763
3544640,0.7530169655509518
10653179,0.8515837331261245
12066569,0.9427788685781043
6497146,0.7112106450211179
8625813,0.1331378722946809
4651399,0.11005637725822599
5308296,0.9013323328915173
9953575,0.048745160004004806
7887890,0.2525243541518966
3122872,0.8171495828139347
4544628,0.08636792009397823
9702945,0.9029825695481425
11401253,0.9186407967405352
7052511,0.12829310797343754
4764774,0.2106419154019601
10549902,0.883070456314606
12416597,0.7290464479500359
11135694,0.8926049942506447
9910828,0.06379471093076561
10065053,0.8296381040146481
11867608,0.05061303768923941
8016691,0.942966368064926
6584273,0.7604924930560855
5768816,0.8250517696207218
3644071,0.16912985091037477
5360974,0.24454782493913196
10291589,0.936646547994237
10118266,0.7906680623312377
5695615,0.7354291210504614
4670267,0.23032747189266675
7435780,0.12334338227150198
8938937,0.1494567003117867
5651846,0.7276073283840107
10556180,0.17328826574181755
12401132,0.7059922240844416
12401132,0.2700250152019603
8308070,0.14889092438975277
6424561,0.9471480391586395
6956136,0.043682901728348815
10661917,0.12049091143293363
10000162,0.8454357686931886
7799701,0.15008260725586586
6233483,0.07480386050056238
5392871,0.11673122305573891
3858851,0.09566148715355774
3858917,0.2521147435765233
4466356,0.2472379629968494
7949593,0.9635103027588188
9474232,0.012227827946485751
3859151,0.02476130618548808
7098255,0.8883576077014941
11456279,0.13317000254900638
4670361,0.8540565745466446
5398002,0.18489486008951608
6680911,0.2571202354515291
10356124,0.255346362985083
10584140,0.8165202970666225
8233326,0.7535482350857464
4940203,0.915534466169234
6286161,0.02648098778382777
5385471,0.22635090232624952
6368175,0.7305279818254404
5471158,0.11388295576853864
4847843,0.24772003642072637
5120225,0.04727951027905164
9656543,0.19806512250608885
10751515,0.19322252181997324
3348093,0.11601850141410892
6182846,0.024614542339358655
4939346,0.8657304563065397
6442602,0.07726780199802534
9851126,0.1355405635181971
6268648,0.9581721591296573
11455428,0.78252890089507
10484409,0.19043870090426662
10935993,0.8867504414113696
5257082,0.9013763633094041
5796185,0.19157181012956512
8628665,0.8754908776899832
3945802,0.14322571410960108
6265665,0.8828696040231894
5881307,0.8023679156699963
4645174,0.8688256052581669
4645174,0.7859216484349183
8719419,0.1829825773570231
9028474,0.14415146857111294
4349442,0.05013583801814204
6124137,0.7357162215771561
3644542,0.2883609946285545
6182849,0.13292013694590632
9851142,0.11711913842321642
3442054,0.1590973569914411
4079530,0.15249046482012313
6445531,0.21522508866713824
10677186,0.15002795615995307
9025914,0.10656783730231718
9366988,0.016828060911668084
11657614,0.9431942982913725
11657614,0.7834534638035834
5687986,0.8891731975084365
11125797,0.7895691073315801
9785921,0.8895233753675831
3102000,0.020879557127955597
6599975,0.7321330898657269
8266276,0.19026252241101554
5887316,0.017262361781496774
4282191,0.878315522259576
3559860,0.9739175982258854
10651945,0.13043728985825934
7117003,0.08838672038113665
3240159,0.22318122346445354
6147851,0.18512857180076192
9658118,0.15308699127685668
7132542,0.025100602935007685
8589754,0.06752912725053631
3757590,0.2190760840776495
2437149,0.20735052690269373
9715925,0.29585762493641643
9529733,0.08413137444738614
9613070,0.16465940053078706
9967771,0.8683831683826427
10845188,0.04328197879654688
6543893,0.8335240046815553
5709103,0.030114012222258124
6705026,0.8459506567679983
6705026,0.8037467656430158
6779726,0.8602128008581524
3098843,0.1845257235580741
5553959,0.8530709463890618
7288306,0.9322024513128693
5887393,0.06413423350640478
5384713,0.7571637429290343
5384713,0.7207302258267475
5384713,0.7916705568330321
11860395,0.7276048667578023
5456023,0.2427328433039188
6187888,0.27584627162994146
9529744,0.927008268793312
12021387,0.054944525335144725
8044608,0.1273800846760807
8760135,0.03362093331277811
4073707,0.2970728754110377
5730394,0.011997479547327196
6451368,0.9071766826414035
6956216,0.16463719167369933
6137704,0.17489854478440423
10275074,0.19098997793959405
9110346,0.1258894913157195
10259301,0.20926516112442312
2995392,0.7820230538293902
3120308,0.01395033320660221
9991621,0.0645931192102922
8078502,0.859321708554578
8644365,0.970501937191357
5888187,0.9046155370874561
2852528,0.25178707100503106
3348216,0.8943581996978957
7032421,0.07503360017697529
10798838,0.14556810490661276
8560940,0.08162192092182723
10793576,0.9289707128371941
10292238,0.19742786627982786
8733497,0.2435163047309354
4255422,0.23685539518140375
9837544,0.17082525726191017
7877824,0.07179158767674802
6469946,0.1995687469819857
6947164,0.2302443502240392
6233903,0.1603515928688384
7212066,0.16876428742239338
7212066,0.21162679933758788
7047922,0.9454723961445857
6675060,0.2627879726233736
5716508,0.2814820542657415
10518735,0.1796439951990396
6975129,0.7843881935608075
8644365,0.7565499738166216
9489947,0.24850453824106924
6960487,0.19650407572742432
5894182,0.8896390536115442
6309264,0.19686500236300566
7021177,0.16543526277833137
7122259,0.05751634871429329
6947668,0.7567398259864584
6364582,0.8676509088471116
6190535,0.2795546405307692
9834257,0.13884551051555216
10290666,0.7602644815609446
9529744,0.7358705689827881
10748621,0.1903944897072267
4824268,0.1626323911229776
6527016,0.059611499538113094
6431670,0.11323596159464701
7376500,0.10919562498940989
9636559,0.2415545429224862
8095110,0.2539593994271187
11499263,0.034966276862862036
10328393,0.7244792355237254
9775253,0.03527921603081372
3858988,0.01643724339454822
3848966,0.9786459267127778
10798605,0.20215923472254135
5895083,0.14490870325046318
9452897,0.7394786025937842
9714123,0.07740480960300933
6118370,0.7378843281377925
2717158,0.7473188401388281
6209677,0.7223498377415806
6198256,0.20186138887693397
9664276,0.7688560667025395
2437112,0.21203634192185716
7987086,0.10200073374306165
7374746,0.2843646243092776
8668810,0.1509609010240147
6519865,0.12743742631280297
8868907,0.27562078836975085
3865298,0.17919442334899485
10091110,0.18951536758994228
10091110,0.2963542888919428
3542574,0.13204386450758135
3544694,0.015266313174322043
11521793,0.7691946577945388
9085563,0.9244863394427383
11337372,0.8723756574164542
7748487,0.8052804626832617
3219037,0.7328859444739034
5952448,0.07405681467633503
5710069,0.805129088219513
9967009,0.8347059448119022
9967009,0.7769016485147575
11874338,0.13205898523063456
9763612,0.8506601095609472
6199716,0.22958267513038827
9468384,0.25655607315730994
8868364,0.15826621684032086
10092312,0.2748811579054589
3964545,0.09828331093407619
9656397,0.10005968563036499
5444491,0.21260017712503249
3735629,0.2574011534001091
8244173,0.20937107780225211
6546508,0.2495556814616726
9886224,0.2067231909268236
3735634,0.23438993891029547
5730380,0.10831416524923455
6058875,0.07729796957369141
10735564,0.2896384123778982
6200810,0.9427424805156546
3561464,0.7704581406134341
3561464,0.8946069498272889
5962509,0.10645611224802967
3561464,0.8658527219368622
6359802,0.28650668057114986
7121885,0.08087308017132513
5213404,0.9232947569575427
4844470,0.9145086523260341
6205566,0.12016633544879474
11551692,0.7567834880903337
9995771,0.8970384156163299
7287391,0.12595464852741892
6756202,0.1809037065672041
10215869,0.0938961927516636
5456319,0.25415339745603444
2307206,0.07719748948258902
7025540,0.189970995972099
7620844,0.11744684017715247
6677267,0.08153161041190586
7732791,0.15845351407861605
5736801,0.25556181646754533
8177798,0.03905097520519133
10489521,0.19230751236664378
12643582,0.21661547531907446
9328641,0.09137267840530185
9966219,0.7124328012745808
5991070,0.062113202139364505
5531953,0.8149833303067999
3757778,0.12337133932967964
11754430,0.7916092106893158
9995771,0.8176953623752017
11875511,0.04024883475709009
6231721,0.7608740285945689
9536108,0.8928461476490851
8905246,0.9855783169847958
5213230,0.8750787434237881
3326377,0.989976102764301
6233466,0.25978820006526515
5460434,0.7698068959203178
11249624,0.29055979977677254
6426592,0.2515174931574908
8491745,0.060160026007660954
3970117,0.2669134513040977
11147814,0.15380035790592725
10922659,0.86230919990353
8892720,0.22932605746507184
6021275,0.8345595378077126
7869917,0.9072400870924346
11754430,0.8478202355128862
6032920,0.0508540081683333
8409295,0.824487274390589
7131760,0.8326432825693537
11922778,0.8352673235815611
9468382,0.16633109123559434
6145201,0.23136829460815378
5986209,0.2195249210693127
9226339,0.24274078481502098
6525209,0.22674393896159573
2975770,0.9764229479127187
5534965,0.14546315146028546
5512513,0.017802079296613923
9965206,0.2661778022217968
4247023,0.18022376134008564
4848423,0.12506782821232434
11403216,0.1807271658669534
11853878,0.8225108925234437
5774375,0.166963854674998
7692093,0.9057530888323273
8263752,0.14409877878005686
8263752,0.20188960663106748
7772914,0.724417845236723
3529290,0.7919739282761274
3529290,0.8868226950554638
9285265,0.884178862514108
6025124,0.9479450937735091
5780930,0.9855767953558744
5531953,0.8068411224080815
4164393,0.27427700098256586
6277410,0.9354167292658359
9843517,0.9512925698819499
8812045,0.8087924070690851
7288444,0.8246188340943628
3101923,0.9648641841349166
10881457,0.931441792993637
5513861,0.27396639444845383
9948002,0.24359848373318477
5264304,0.0770174352218736
10960995,0.25979526619986437
9592575,0.20129449445497408
7898576,0.2785849791432999
5806800,0.11435746638616885
11671429,0.04106931139414269
5621333,0.9216082725154546
5621333,0.8779453037705028
5392897,0.20254565182634332
3236705,0.8466621296406676
5282049,0.1414024271262143
11810124,0.7064997424158388
6023859,0.18818854106082722
3433668,0.7653892326381424
2849140,0.9643545114118717
7503885,0.93079158298485
3629330,0.7960981956864008
5471289,0.1344557812212285
8121328,0.9693223947868153
9783760,0.19241402276852082
9528430,0.23884776660242402
5529552,0.023871122189856396
8882847,0.012678791238881538
9773869,0.06618870432850384
6707942,0.19389412117931276
5023948,0.2252748931921992
5113053,0.2540593533848438
5817957,0.19461864322975658
11853878,0.9166729126394904
4743508,0.10161320948314516
11810124,0.8340999469606224
11303322,0.7014281852265473
11241912,0.9241704172651111
6043538,0.9447870402225521
8824737,0.9630838604500928
9349757,0.7325272691848022
11519134,0.047322350761009234
7289338,0.7120790651729265
5004909,0.7956878601409456
6278670,0.8202471286120464
5898983,0.9549221724410821
7703955,0.7120534766345377
8552719,0.026603327918295908
12164634,0.15822836008100272
5193077,0.06637145231558222
5617259,0.9720690940573011
8880123,0.8441774591364578
9474756,0.8624871349855787
10068919,0.2897640990620917
7353970,0.21396900200095234
12316447,0.13188369387452545
5823557,0.13729810355131838
10491554,0.06739263827479222
9785454,0.1502452127498246
8636333,0.902784124872386
7136958,0.13149513406913468
1995732,0.27469160521949204
6069674,0.022838945113817552
8081239,0.7884699697304545
5308663,0.974978856176199
3745559,0.7067034186672029
8356054,0.25530663102270573
9117416,0.7927462657463267
6356400,0.8358973779613426
9117416,0.7259056180455337
5900235,0.8781881994017176
9474756,0.755090512665664
7517261,0.7435246883893372
7517261,0.8170135115807723
5653795,0.016150966132769777
8424002,0.8977155553579939
8635938,0.20367198965280625
10464666,0.08766528763293399
5024292,0.09557554071783371
4659255,0.14206216130699642
8263746,0.19951222114932324
5877292,0.8833206369773794
10657406,0.9368414280480626
3428468,0.09223323805072844
7091432,0.7215237160554189
9845909,0.7696396587696832
9221528,0.7460999100314202
6106046,0.7570382487440382
6368230,0.8277064889440389
7115291,0.05447040546590956
9907505,0.23265852251647887
9027909,0.9105047027529986
9230021,0.7705333743337315
6369845,0.06868369297385346
9230021,0.8940568417193773
9230021,0.053512829568329506
3662838,0.2117004908481846
5471688,0.27739568349864085
8552719,0.8266038136720919
5471688,0.028353273543460032
6058816,0.7402954287840842
6058816,0.8060732716304502
5130740,0.21858863745953133
9892471,0.21626469002847756
2019076,0.2380633952233177
5879448,0.15019422305913202
7376490,0.18040198831849769
11968513,0.057954863564601174
4263529,0.9360671106706154
7866921,0.02286025516832712
6619815,0.7401196352956504
6113752,0.13668188836975106
3098197,0.2752819397663533
11651712,0.955818081707543
9896558,0.7887105873417425
7697103,0.9143242574568835
9267996,0.732995664336017
7045605,0.17915505663025774
8738775,0.9745569626602096
7093401,0.820092921351867
7877818,0.23720228004886282
5636642,0.29467997203669494
6515722,0.1579287350956579
6679504,0.25635723540111577
5560831,0.24636975352968218
5305404,0.054740675305495236
3728432,0.9706006272886682
6696580,0.7258941182333539
5473535,0.06924725542397311
12106934,0.0639024501076281
6222898,0.16000473386758532
3955866,0.03658857880824882
11200767,0.012256362265818948
9892816,0.8436420586196367
8589731,0.034704872105244026
4356766,0.24468431065335125
2167890,0.026293101194804144
5384079,0.876061666213084
4935914,0.2870735526311749
11303811,0.11364381655565686
2437783,0.11472904467088281
12062660,0.017950173756828773
9777087,0.21941760142827757
5956776,0.029017866428921846
8883727,0.10162363778532842
4820550,0.9867737396355314
6516874,0.2604689189362141
11709124,0.7771965757254136
9161118,0.22991620491641487
3556229,0.21052641141365677
11911580,0.11799681225988486
9480535,0.7502372486533992
10583225,0.29386549837976084
5215251,0.11163655169806953
10383696,0.2694027323934885
9777090,0.12195323921270529
11455484,0.27644011116799294
2446623,0.2693721311795697
9596089,0.1169316723926455
5738506,0.0712034218700765
9777087,0.07204184448115608
4247807,0.2973572831741453
11547869,0.9593942114626703
7700590,0.07771300939665753
9053086,0.09717632816415962
3128552,0.9231399850292299
5467113,0.15502337529058838
8240123,0.07932094579940728
5114623,0.013585280930272774
5114623,0.23833926997530597
10031907,0.26540899963768794
6525946,0.7745575939239444
5480736,0.1468465633356881
8487748,0.19057055403359494
9892856,0.061921967982721426
7137213,0.20514092338995144
6795089,0.166280172452993
3340313,0.03854531246940946
9892816,0.7096806452941156
4150804,0.7226413389356667
5021174,0.06278393956310771
9025971,0.8821166918435724
2581316,0.7108995428062116
9973109,0.7519719167689984
6314185,0.1599947862748281
8620561,0.12182163781352238
8937019,0.09590390168262058
9896435,0.0283339801015181
10352938,0.2593694864472004
10676927,0.18800634308413605
5649836,0.18544504057205163
7620660,0.06456847821860669
3836399,0.15499821988841353
2581554,0.9625673366973049
3128552,0.8087504004868065
10363115,0.9778550622539579
5966810,0.9456729377702747
10491062,0.2963273086755589
9761615,0.9502299365864499
4058881,0.11083441530574047
6863158,0.8657273810715779
2581316,0.8588044437014062
8621353,0.1420214984142298
10795103,0.8998979502706513
9394601,0.23794488792348711
8494410,0.23696733594230465
8494410,0.909836841434049
6863161,0.08447584259921208
7840035,0.28246665799965603
8543279,0.0244120708633321
8047283,0.2608040321986326
8308347,0.8384895141460371
7090867,0.24049110721524122
7612691,0.11113439417885997
9761573,0.04620402508801108
8042789,0.2648011774881976
10095484,0.04156465854771229
5467102,0.15235422788696046
6780367,0.1393477725597362
10281221,0.7520563265451804
6525946,0.9214080616045833
5471496,0.037642289832222044
4544620,0.19081425510471814
5784777,0.7352119353475535
6863187,0.09418569480561141
6949061,0.8137857016727229
9719636,0.16381221088215087
2452440,0.09137689382853043
5020034,0.10862932747936811
7017372,0.8239414092808528
6974867,0.09923178988867218
7102316,0.8593004822878948
11518142,0.8168201071404291
3114667,0.08464834229660678
12109845,0.21809755802517877
3954227,0.21972790099210776
8651551,0.019707513478972972
7115550,0.2751131526282264
9532637,0.14654322206283943
5305451,0.2736174011954999
7174349,0.29600371160803307
11824218,0.2600605328383466
3128552,0.7835263671561904
10788461,0.8566860362741275
10788461,0.8966872744075741
10788461,0.958641746087965
11667548,0.15147365970310775
8868649,0.03913601498192308
9715939,0.0895427786954086
6887030,0.9679911689648311
4751083,0.25109677810359426
4751083,0.2456920663568342
5903301,0.28958641841225674
7695087,0.10199683545330476
6200709,0.18227017142796847
8323764,0.7600986657457043
7013923,0.2929762803421532
5360082,0.2280683234019293
6543683,0.24113078872895802
5008245,0.9341899232892353
10555365,0.02581217728082342
5481426,0.07729295192126785
7983756,0.25267039738491476
7289165,0.2626516899913105
12784167,0.8228027181593144
8949316,0.21683816577156148
8912730,0.26328456786100457
9784230,0.20925608726432157
11466960,0.1413749513624453
3124420,0.19238268599933564
4649440,0.22831740400582307
2437488,0.055107004648390884
10083623,0.26055297833239355
11253711,0.756997944490205
8043052,0.11458979199371926
5435816,0.24605069824972406
8559589,0.17665812612218304
4372765,0.16432276210680286
9489524,0.9616151944043101
10268903,0.0863406711156909
7017437,0.27458733980985983
7220320,0.02711774658121152
9291378,0.15460010824781995
4075067,0.7551120217717786
4949524,0.1758738857266273
2697935,0.28839077681467934
6531143,0.1085321628592787
3550434,0.1062402948566347
2558370,0.048656101550009566
12301181,0.8869973463322821
5397166,0.04525944694433533
7024530,0.1289315326056052
5015459,0.1296402787234672
11709124,0.8141612707262513
8505920,0.9542051619859842
1433980,0.04586854591844661
2438490,0.27287358386597277
3838496,0.24841110389659418
6470521,0.17517974496248023
2449090,0.19584591417578867
5652260,0.17438300896073147
2569494,0.1480823737916398
12405950,0.03704481668622871
5206233,0.14347430412588916
7031066,0.18442393244458452
6775985,0.12575247748022766
11357192,0.019778315915289026
9533489,0.05284065919179703
11825057,0.1743161436588468
12306699,0.06667307335559748
9692336,0.2119446069984172
9641008,0.058025590645115616
8588377,0.29112124957182206
3644601,0.23868988790695664
4242692,0.9354460542567875
8781480,0.27890515043058145
6783732,0.1459252026667106
11607176,0.22467756593142485
10661718,0.16632477816888816
6105462,0.7861468482272576
8257205,0.741381342143646
6470516,0.0478947284478158
6891124,0.8610926297929498
7770471,0.100134308158965
5130380,0.17543557963021908
6314173,0.0766376002140923
5688997,0.035447251252358966
9489524,0.9454483121592756
7031340,0.05534594059160594
4073730,0.16711660831520073
2854948,0.14831747806781045
7813039,0.8300490767393562
3644601,0.07754629798948125
8459354,0.11912313414191525
6531617,0.7814273364877833
4164922,0.9008819819512629
12061969,0.8376616062917555
4164922,0.8970782949448535
10328393,0.8565912763714731
10259029,0.029920884493061427
8299947,0.14177701199984877
3335813,0.28307467439108064
11858741,0.24963666468628273
6363494,0.19134188900386137
2576107,0.19124621740178052
9532421,0.06866314072259697
6936966,0.16961596642358576
5653849,0.10042717682074395
2437060,0.09627720738061248
8127648,0.08926385266962077
11564013,0.2211475438993445
9405541,0.2163117966226657
8906045,0.1573298751902433
7031638,0.15064968777097437
7296094,0.0869294302751873
5437945,0.8024531467807927
12009347,0.2779003441206825
4037163,0.12390512362670902
5535890,0.023410435897856886
5215980,0.18190897493698735
9353742,0.8863887611336924
9178185,0.09507209627440383
6290382,0.05217680893309584
3327992,0.04817993681881244
5649206,0.15441952636409254
5193384,0.1361182356127715
5181804,0.29369378347460284
10491544,0.12683479216503826
9101496,0.9539014577548697
11450414,0.8510521772697721
4937143,0.2561408041695779
8719324,0.11170327484728525
11241814,0.06801977351566935
5036537,0.08983977060402483
9837083,0.01618297446892704
12557548,0.971139986869038
3657758,0.8748643340602971
7031726,0.06360968611184369
3338660,0.2238025094519134
3338674,0.13127988022081782
5546277,0.15612096703523365
8258160,0.2539350264135261
9752982,0.23280079461696784
4666008,0.22231618330373992
8430105,0.024920859642521716
9517393,0.7842670605828241
8052474,0.2979400503183562
3534118,0.03021729492911672
3534118,0.20890523108670989
2441161,0.2461411296496514
3231120,0.22299533517338563
12216706,0.03566325893191559
12216706,0.20961877373710538
10735331,0.09174663474697008
7763269,0.20983046550936346
8365739,0.7022284057149049
5471606,0.2912039861957153
11200405,0.2224591847945359
5475736,0.1656233885218991
9049673,0.1434615495559502
7031898,0.2619404283154506
9593759,0.2485300301663717
8827930,0.7406819927331315
5020044,0.15627739924239448
11560037,0.04503254577655191
11911561,0.16037622178748667
6547322,0.02916415040153416
3440118,0.9070810157788409
9159265,0.13420388938656921
4472818,0.8962899996522614
5816806,0.21717320139396995
6531496,0.19588076462816378
9661869,0.04905920821899416
6790592,0.9763125472055962
9411166,0.748417693853391
3097352,0.2515461061490389
6066379,0.023531368569081036
6508221,0.720480606383595
12154526,0.7294347573200942
6952971,0.8865297843606361
3459199,0.03711495897544266
6973796,0.09382738514616633
12023089,0.15559107405656616
6286155,0.2691653144559301
7831363,0.16415836199964354
8804845,0.7159853829987195
4663185,0.08210985717839675
5305471,0.12390732736352945
5560830,0.2967732970822124
4147444,0.840125003372715
8211824,0.20705984321316764
5980800,0.214479655135794
9592850,0.08082610947567323
6227560,0.06717755869860582
5866104,0.2579553547746797
8256044,0.28239295268582887
8780968,0.22592711727974626
6960446,0.08653229551295145
8264097,0.1337933892841114
7515679,0.8207643295743311
9674592,0.06425321608987589
9674592,0.054999804134858755
10879213,0.09160856875592613
5650314,0.045909830809826586
6962901,0.2232808269906391
8302302,0.026901712898768172
10581918,0.1958444058767002
3851949,0.11350177996837738
9097892,0.252287689965272
5769943,0.9408925292993426
4638237,0.944090539496415
9351316,0.7287956984776737
4579313,0.2975363470964308
11614528,0.022076723714916216
8848288,0.14406043593079287
6590307,0.14115106247419756
5308419,0.20896760981510537
6312521,0.23654276335424776
4579321,0.12375826552489208
5202905,0.917176111234935
1575690,0.06228783562097665
4386047,0.252987900683981
5103998,0.2781052361973936
9655858,0.13199723314960213
12154526,0.7463785356689869
10275880,0.1258012499917909
2166200,0.0936254623658021
3547315,0.11982458734611609
6933781,0.05670090949664745
6148271,0.23529477902928372
5386904,0.16876778018138128
2997178,0.2803278943735073
8956206,0.255671653463824
6507433,0.7373116824466704
8260198,0.2857990188832279
10733174,0.11379410895437407
8564976,0.26726023069406074
8765560,0.9216521614745142
11760860,0.8118793481695039
7910148,0.2362156781807635
12459731,0.2480585406518805
12735740,0.8892731379638177
4678875,0.28529382346871174
7812175,0.012478956112758472
7708193,0.2413321162458756
5478083,0.2323186365519455
10857342,0.13615556526961714
5215700,0.1556054702769334
8780959,0.13755896252337443
8780959,0.7945260315406606
5565486,0.1349511404562069
8453214,0.08124787455784008
8552719,0.838532909421872
8556077,0.24761701078391016
7757698,0.09849025516719719
8625821,0.02409126653406153
8652999,0.17417202731388856
12164770,0.2960109232824893
9541322,0.09319735201411539
10470616,0.05364631470602663
10362031,0.0903585568658068
6373680,0.26607989890569617
10963242,0.257396595963316
9150827,0.20980800397984467
9957351,0.20120091570056925
5385575,0.2713284008442602
3732035,0.7945457590002792
5385697,0.16850020934653526
5385697,0.06604697495631699
8823833,0.29001220542384193
5008501,0.972072461492399
5015913,0.15186022914358233
5103942,0.1667936977856386
5184709,0.8766757693496903
5195172,0.9194204903383567
8678664,0.09047504359873694
8832512,0.8996390888352057
8892721,0.26725860588456324
7778664,0.9765731087019411
9042357,0.04843032659573855
9115681,0.2596790129609611
10481045,0.19623345049487892
8107034,0.29699788755481255
3962751,0.16377006228958532
8582291,0.261612478335549
5110683,0.07097236423562282
7967861,0.04279009039325096
8179325,0.24537831263440207
5211199,0.7345804979125634
5475494,0.1902530485871927
9412445,0.29606839190307355
7866914,0.16503374650429156
6057684,0.20159193870410796
5271608,0.21989724850379302
5357470,0.26644188392780666
5443775,0.19707519914591157
5527172,0.031911415183697556
7386391,0.2984330353544292
5529643,0.22170907926107838
9366989,0.20452211451309138
9468717,0.08421682002762845
9528420,0.06093415205256087
9529744,0.198534649428826
7834712,0.8461463747734471
9574614,0.721906800977843
9674608,0.07889362639344105
8495415,0.09348311119524887
10341905,0.25322378868372164
10336927,0.22640144067395976
12115188,0.04473325465369242
9850957,0.09828338467366154
12470954,0.2698087773452879
8189801,0.7363662704170607
11568224,0.13135253147857523
7938883,0.08170459326439476
9280239,0.760854838962356
4544571,0.29812459164810495
3245661,0.2391713058530159
5618071,0.0780406163423856
6312534,0.20617139869513731
6470917,0.2008264960981527
7431709,0.033687898871766396
6611330,0.22099516688141219
6699368,0.09142018077415877
9886255,0.8925803807144491
9973855,0.16204114042298756
10019399,0.09138808734188586
7841368,0.10117676588206888
10028352,0.7032549915256605
10031707,0.1981630008394975
10092312,0.28615072827059135
10407054,0.05223398858371758
10880007,0.2759315951094208
8418129,0.07983064111611121
6525185,0.12564746092359672
10812504,0.29866867375882844
8107115,0.13683607205250645
10663411,0.22327186386797845
10090219,0.2881581897128305
9205938,0.9882330971052824
9899217,0.04656400154146622
6750902,0.21248580642872253
5895588,0.22319870679910023
6803855,0.8933442049897806
6891366,0.2428400313564549
7448023,0.07731333256792912
6891637,0.055731094558438866
6975615,0.1390602590479754
7137725,0.28579038901461773
10153855,0.7445057901884615
10230571,0.2686396805638295
10294613,0.14204494671076234
7879648,0.11620297156798894
10491044,0.029837462470924378
10614012,0.12994380722164783
10616415,0.08604187614456198
6525193,0.1062807199630472
6866251,0.010885657474235597
7117710,0.1205765105741325
7762723,0.933599843866318
4178606,0.9543549533766771
5980208,0.8450509621754505
5303557,0.10873769402329973
10227863,0.19336659806374998
7281668,0.16615855201061344
8036287,0.8266103099994756
9602562,0.02791128874695358
10668665,0.2608692751471614
10407020,0.030362861623697328
7380829,0.1337890667028884
7470491,0.1110844599013156
7768952,0.2065313237208038
8162790,0.1991290555715124
9655129,0.24612948666029627
9899483,0.13585657662297962
10917681,0.8977296083319906
7882360,0.14289313229558176
10965740,0.21978309521017894
11187436,0.8283381194608177
11285136,0.2639453455087969
11298815,0.1887039176249773
11342573,0.22754355726075398
7134626,0.7692138875403229
9823519,0.821085108719843
11246161,0.9223493615120965
7047824,0.8058083661534251
4479633,0.049939578020094126
4952341,0.2313071823834832
8176019,0.1017833730616888
5385491,0.05495229201350658
11358389,0.7831430477708538
5551504,0.29672705543491795
6421503,0.1378413042152314
10352333,0.9645058090010414
7538434,0.16364303532505803
10487119,0.27910045287634255
10621666,0.15158875868310479
10747439,0.1293693281227923
10749128,0.1953682100130566
10813841,0.27724429684212465
10879656,0.0753663309822497
12253474,0.8878790141547694
12691412,0.03284178921886669
5024482,0.08876740868321488
8175131,0.2987844221974359
3764879,0.9311102300460158
7177766,0.2738545667956597
5513897,0.19533388434885812
10664416,0.06854938078255392
9602613,0.7623150761291626
5807769,0.8276136809408666
11495766,0.20574688735491697
7282154,0.27179759443247364
3228988,0.10857793880614348
2970804,0.11646628189073195
7552701,0.22493928203069996
7418173,0.023940478102249012
3228804,0.1868110734973158
11045383,0.08601939124748191
11391667,0.017866055294854147
11392017,0.17917176225572753
3446451,0.2926562179187462
6603756,0.1915476350903075
8460600,0.08495378420265391
12121470,0.20767849543606182
3327993,0.23230906820965685
5467124,0.2790285814918562
7906739,0.1769607355275307
2860114,0.010621671654021508
8501062,0.14448326632100297
7199644,0.10309738410746376
11966253,0.025436950630639013
10275805,0.2719993514371747
5709889,0.14835631557156456
3119256,0.20104975524850732
9943435,0.2806814381833028
2442359,0.05360884739990579
7707742,0.17383864279172379
6041734,0.8215743984746002
2010191,0.291825984038266
5471675,0.23709430311133867
7601665,0.7423444255042206
8845574,0.164662869481541
2021440,0.22296069532644675
3122985,0.1414306378442912
3248019,0.24146649188460684
3328026,0.08507997950195205
7116024,0.021604789574787182
2014991,0.26569731008261616
12885212,0.1500838606517875
5894073,0.11364994966819975
10518424,0.28838075860510415
4245933,0.1156641056463185
7199724,0.03830882739309454
12935144,0.2488951278567263
6185496,0.16987072253137536
6606438,0.7334407031763164
9149789,0.8406620967977969
12170648,0.12892620907205293
7051984,0.7580304501589878
7282168,0.07568385210094312
9851943,0.24111130271397846
5773121,0.8020805579326917
2708420,0.09002552027374733
4814502,0.9002097125885229
8142787,0.7231013892477369
7613620,0.7546008958835453
3345675,0.9236337718993537
3654950,0.29215651433530687
3836453,0.25517302889361526
3952651,0.26871478080310146
3966262,0.10594851227305935
4144231,0.0874217567574336
9964670,0.18936566664816673
6209798,0.1937715596272941
6525249,0.22405211177928813
11075429,0.7225463575926919
11705004,0.7125756475234006
6137681,0.2773013706916039
11244682,0.8101991625282687
9655419,0.2809274528249478
5895158,0.78525944499922
4947556,0.9118071642659926
7287028,0.9246919328818508
5471690,0.2555294058251047
8376848,0.7743281198310712
5350447,0.26052920734488383
4173026,0.959445388645685
8934103,0.9479505388245708
7618364,0.24253590506492997
4150390,0.17563202969361347
4851464,0.17394538856082328
4913000,0.19137208820340906
4945877,0.05352289519502448
5110423,0.18093209754493955
2581191,0.0570848838407426
7379385,0.10939477531517909
6199702,0.1970968196766342
6307083,0.06534132074855109
6780158,0.15421888059788627
7199756,0.10959028861742738
4947556,0.7774836537896173
7362696,0.07100776857999486
3865595,0.07238074733897705
9593528,0.19820994892150745
5195945,0.2478944075227122
7300182,0.7435056633843284
5288577,0.07713537906535205
11969988,0.22004505381414258
8483258,0.19901390068949124
4832225,0.2553990023773689
9009953,0.7192126181675179
7664272,0.17070469673483551
5302006,0.19215449169149296
5306720,0.08170507786460235
5389540,0.17203640389583558
5444384,0.1481116101366967
5450814,0.07856317819879305
7116519,0.13485733390696272
9635510,0.2622251453118433
8076630,0.28761132706411285
4077901,0.26039539715200977
10271691,0.21885550297645776
10544677,0.07882049738785499
7199883,0.23067620297295197
9904006,0.742257846353704
8552587,0.06346454821635797
6019872,0.2998361013209849
7679812,0.7050804232634842
4864734,0.05008636563113213
7366501,0.9381794196674322
8282846,0.9846359684664128
5938970,0.9082479280885164
8381693,0.14732118330312843
4929299,0.2260530192628767
7375348,0.980569319085485
10223615,0.2801924024662158
3342463,0.019984095213019155
6680177,0.23995326282983612
5565497,0.011326163151444711
5730389,0.1400909636586331
5802478,0.21739463936973824
5942093,0.028570844945098935
5992270,0.2977368814841404
7117126,0.12432558625169714
4761060,0.1256410402985108
5479802,0.11731044896775875
5607631,0.2664839761705898
4951249,0.2762991973886764
9156585,0.2940922417645811
3121340,0.10960991190368735
8636434,0.8595985462081397
5952366,0.08795557493622397
5952366,0.10645230629129347
6045250,0.297328099750422
5598595,0.1939546094383629
6681233,0.05848758435894746
7296438,0.9823774054486306
7351237,0.025022215255192937
7436215,0.028504165190014273
9763754,0.11795517461694302
10216045,0.06489719890787177
8846163,0.18193539410583434
12366681,0.2219986222648769
1996399,0.15144868907225448
2697169,0.2882487961794227
8435247,0.25237374094234716
8332986,0.1563016203502235
9425139,0.7251002224016262
6364327,0.24765923741141072
6762829,0.2808052835743456
7369865,0.07045439177854342
7593110,0.11524128611680402
7810483,0.7874780495188372
7117147,0.018303238577069635
6634133,0.09860989183149488
7021534,0.12312766248411078
9277210,0.12907355982828028
9728465,0.04561522577600705
7124026,0.1569204390482212
7200485,0.1239333996795373
9904006,0.7050849283498416
4544572,0.2417790292385091
5738634,0.2089744530522311
10152836,0.16470923581673438
10651816,0.08060503544610717
7367164,0.7166322974838952
6964043,0.2920215813363233
3644523,0.06919116478857412
11909686,0.28092323387867135
6678383,0.12568080704934065
12644769,0.26640506966030825
6233890,0.08995080100954359
7671950,0.8816708378642086
7918172,0.12912091563951772
8009496,0.21202065993333213
8081187,0.7683090321043935
8111919,0.035111184838788764
8127586,0.2544926735936996
7117485,0.03934646318096925
2860793,0.1808270960408338
3851130,0.17690970811844023
7257363,0.29373963100295697
11922722,0.03533172378463315
12061969,0.8274894379431352
7203326,0.2347600578892293
8030339,0.20636231701128924
9899414,0.1504746217366792
5471059,0.2759918664526286
7458309,0.18396092193911714
7777372,0.19407186340387525
7377200,0.29342268334418886
6312314,0.2177904463700253
6387969,0.22563906123000557
6468337,0.18142289040764575
9084778,0.9555324235257356
10357040,0.2975406669486173
10514429,0.03694693936506764
7747103,0.7924275016019333
8127607,0.0192657842472976
8129042,0.10157815210626556
8180020,0.13756620766286046
8223328,0.16897998684306426
8444552,0.2702496025711918
6342333,0.7822528391306592
10674871,0.8869619532938735
6032517,0.18452036374149794
4768846,0.2708144629531757
8260234,0.15997760011948545
7210749,0.21597968298082745
9282769,0.20748981675275352
10404582,0.7297656042731022
7777416,0.1986228541062227
7597005,0.05118375403641816
5479717,0.13010722335749264
3764714,0.02124473397278811
11392618,0.22811459702495127
4474645,0.020313822576383297
4570949,0.9767273556941083
4927315,0.2822095676709318
4928119,0.18948397099483366
11518201,0.7633255508840973
10861608,0.265653404155394
10934313,0.2880431230154968
11497958,0.7329045323981672
7516809,0.101743698253011
6115516,0.08653781395789321
9758032,0.9105118909058214
6444896,0.8117290598030665
5640511,0.10030011905047743
7336093,0.15566578153836536
10196493,0.15686378317023397
11442793,0.7543984521775473
11442793,0.7267814308587172
7812455,0.28145119797273166
9520443,0.20142741289595908
10601465,0.20753007436821755
7461307,0.28628446833976307
7269881,0.2124477826911605
6974658,0.7871904959183686
10964265,0.25995050909611345
8672910,0.29909959524635
3233043,0.24372536637276476
7269493,0.01880652052524843
9634821,0.8651341511279013
8753896,0.21879139034896083
11074835,0.26658928193070214
10812504,0.14340247900681147
9827149,0.21347540118734143
9602613,0.8842141268923256
7584650,0.012592925687328862
9758089,0.8636638042284144
10005758,0.9264058387307432
9823564,0.08978397921560774
9532424,0.13941049119697546
9950316,0.02140875725601204
6028860,0.029572984793804533
6778019,0.29494543108458415
4571536,0.164129288817211
10904004,0.9734734485154202
3336283,0.019619031265113593
5695904,0.21788355495309375
1725415,0.0615309826025147
11304987,0.10764728739496632
11709423,0.026524345584460637
8758136,0.021982438493216072
12405333,0.8752989287404538
10617638,0.2114153532201115
12833566,0.15547010130603495
9153554,0.0478181411182587
8161830,0.11538884428498365
6461850,0.15908311061401306
7613246,0.04514267201080822
11551715,0.16994904917977188
2715695,0.9141388253260978
11442793,0.9073859718779509
6312171,0.1415366931291488
10665043,0.08596236920372502
12352520,0.8282951315224663
7455981,0.9631845350232856
7107561,0.12340540944818962
9605552,0.704778717996213
11237332,0.27478470211778167
8669092,0.12166533692879429
5474613,0.8517304782800336
9823519,0.9457618407882561
2715695,0.8851146159530345
10587105,0.8269688314385455
8558011,0.9043435876149494
7885494,0.1594286854690325
5281714,0.07359167648221678
5283728,0.9768155180137031
5289857,0.11805154203280305
5303185,0.2253527626399865
5308777,0.18113229424173563
5364090,0.048717879161547205
5370944,0.2121096575427575
5374838,0.7653168282840741
6364143,0.02708815736498473
6364307,0.013997020376910255
6366559,0.9357093105436485
6367663,0.7320946320093096
6368905,0.7162308902480257
6369548,0.21142420587817157
6372194,0.9456920090200914
6387557,0.9847615137332124
3098843,0.23205637661097164
3958301,0.29234337415564254
5353137,0.22116912654350251
4932689,0.2607855985917563
5294945,0.7621194974794849
7742408,0.79643354575827
3968809,0.9878570368456572
3970397,0.15960672574855223
3973549,0.13857461756040043
3974928,0.8582148659876078
4058169,0.14984060257543705
4063943,0.7328929754018614
4068391,0.1971453677326531
4071638,0.7807917547316945
5390913,0.8391047040742253
5391911,0.020665044562444414
5394585,0.9145316053613916
5397106,0.1727852994127482
5425643,0.7837309170436789
5425908,0.1991219900430504
5428199,0.8000960729000961
5436415,0.16473900221424914
6387887,0.06251299351547988
6425377,0.7600245122092296
6428602,0.27305272398286534
6442735,0.7788186958445822
6443093,0.740790519284296
6447372,0.18499166838202202
6461675,0.29698670842235186
6509282,0.7655225657549031
8231667,0.9399235727344235
6697817,0.9741618573904567
3439096,0.2938431620997512
3324644,0.13277620593685435
5437945,0.9078493196649061
1161949,0.1580544827523606
4077252,0.259683264218479
4077767,0.0787063574184321
4135912,0.9625329995913134
4144238,0.27544639567404133
4147171,0.07012984284744735
4149060,0.055116562246192026
4150972,0.7751249010066178
4160006,0.11239936757930334
5436455,0.8632141822656236
5439000,0.7292213676606036
5440435,0.1145139338965834
5440472,0.18944284560487984
5440651,0.030863316811332378
5443320,0.9038564653035241
5446961,0.06446523428728368
5467126,0.12027608521806253
6511182,0.9712275548949614
6517064,0.7591927510558814
6517200,0.9635469439324809
6517255,0.7620121022564368
6522124,0.24520412100303526
6525196,0.1678024541379092
6525398,0.19464169370240472
6526377,0.2662030482304792
1164301,0.9642835671056543
1297263,0.11427101075187113
1429589,0.8472151177167833
1572948,0.1727883634539516
1725193,0.16556504883237325
1865864,0.9155332048764798
1870398,0.11173617376705926
1873513,0.9684591543843519
4164511,0.7542714320099289
4179201,0.10568259495149611
4241238,0.744823094942488
4242806,0.233449063664353
4245861,0.19084722834678874
4246343,0.2174175586827511
4253860,0.2691927642002838
4274816,0.26332592435061764
5470851,0.2502632388394038
5471108,0.2356658725356632
5524229,0.9883843376936555
5525484,0.05977719316545174
5529385,0.8270785418918526
5547424,0.29063621399933787
5551240,0.9471141179065559
6527229,0.022058275088104297
6543192,0.7513530708186229
6543674,0.2310070007220396
6548429,0.09907881731661825
6594945,0.8389876898345664
6599305,0.1706273347257291
6600515,0.24243115762479525
6608090,0.05638041110290706
2010607,0.20713014924464185
2015013,0.27071217893229454
2019199,0.9532700320897816
2158460,0.9267132964599529
2163226,0.17431492117906935
2165352,0.015101427902887009
2305255,0.22092660909327283
2305543,0.07327423770039428
4276114,0.21058482468378892
4281023,0.06246208612915487
4281700,0.07114898689487835
4346339,0.925854135849293
4365461,0.23355303971097313
4366923,0.28678474379744706
4449752,0.12807855964335849
4455763,0.03366522990772807
5563057,0.14186253697867882
5565261,0.20065297353787412
5602409,0.291895190499055
5603270,0.2720207078962379
5612111,0.2905243043457747
5616628,0.18647906375828324
5623137,0.2468936767620971
6611779,0.15858319765039394
6612411,0.17296578759666076
6612973,0.17429950473099357
6615600,0.2879102790680824
6634112,0.8838572709553598
6635813,0.024660731676909898
6675757,0.7980362899990424
6677415,0.09071548149570786
2309910,0.09378912090296637
2310993,0.8612358574144908
2437209,0.14328719853333932
2437653,0.775739082542102
2438406,0.1730751333298978
2452289,0.21815394704812122
2555080,0.7131328628680356
2569488,0.13626169171943964
4459503,0.25550683476656316
4464689,0.1916217973641206
4469825,0.19662056033481387
4470888,0.24144411612239058
4471313,0.8862019766165703
4478142,0.7952193698799771
4484179,0.7715265507648577
5623839,0.03655004754890168
5650420,0.2952208681962646
5650930,0.8022921602363248
5653152,0.19991094687169705
5653163,0.27631757383749356
5685113,0.24663598259700678
5697395,0.9128834479014576
5698524,0.09258346804159849
6784887,0.10162339292836309
6805414,0.7831418058316147
6864891,0.07035634859791587
6869373,0.9201277855941254
6875342,0.8077965196009167
6879183,0.9366570573294414
7891264,0.08886537316867892
6880123,0.24579051614955816
6891512,0.020466191438905275
2569516,0.04189070054158094
2570432,0.2775359260906441
2574543,0.12199839814394645
2578811,0.2247626280402801
7897936,0.28540973162438443
2582800,0.03918101304956486
2707916,0.267829227026271
2708270,0.028598544118443855
4540508,0.17577840926849275
4565943,0.19341902046869475
4566848,0.916201138495477
4570555,0.22875225223181941
4586482,0.22011943111666926
4647949,0.29019111908675854
4678873,0.09909778317238734
4732015,0.07415336649400521
5709014,0.08985279264043486
5732636,0.10558643305694265
5734702,0.8859211792227597
5779606,0.12555404303188886
5780194,0.0857267982889674
5781991,0.16112838288854153
5784803,0.2940534523203393
5791713,0.2402335116201981
6681473,0.19452973395466774
6688318,0.11471578844328269
6690523,0.2056382393313104
6692742,0.2941690055527492
6695801,0.19917294400263738
6699562,0.2714226572452402
6707260,0.09782925850530559
6718474,0.07790766717978322
2710101,0.011733221253036791
2711123,0.291971024167653
2833632,0.16296953977795442
2836076,0.26693892319987916
2850321,0.13982215503087553
2861126,0.04667899302731493
2861298,0.7732779493384873
2987433,0.2708238690721404
4732137,0.1628595596861971
4736439,0.239077900865225
4737848,0.719145635266453
4740375,0.04130870150808058
4741777,0.017168503666247007
4750406,0.051164698357065
4750962,0.7740972949833477
4760478,0.7047545037844704
5793275,0.8861187621024869
5794687,0.13948259404609786
5817712,0.13167346210523112
5857656,0.9231700810884329
5858519,0.22674715953444144
5859725,0.7186959057806918
5869272,0.12632541203285005
5905728,0.07153362141806517
6719052,0.8818162252242397
6721603,0.9845579255019172
6756369,0.7829543538442031
6762188,0.0845399128254373
6765563,0.9222067415885223
6766583,0.2136675570908107
6767337,0.08475964756448852
6776555,0.8323447939420967
2992634,0.8403923605024102
3001955,0.8798515168649093
3003673,0.1971214733191411
3101178,0.9824297566513289
3117115,0.06149173747740482
3120397,0.03381800147650776
3222680,0.09503879962474547
3239171,0.7901283380096187
4761427,0.8194468490214966
4769799,0.05443863373821751
4770798,0.8444803825301106
4813750,0.9764725816658133
4814168,0.06651245428556922
4815612,0.03341121496636897
4819158,0.19826052405000694
4833409,0.8810361137504481
5942112,0.25015998422979924
5946568,0.9142501290100866
5949765,0.10406420455024837
5954894,0.9633844529310471
5956038,0.25509144286742075
5963591,0.16642402837164838
5965629,0.9437568291963029
6934045,0.900496535915553
6939913,0.9323016584283533
6947062,0.15028162860992922
6948815,0.14052552310423277
6952570,0.2047797660504965
7009548,0.715248708135878
7011044,0.26237035419891475
7013635,0.2132696931398005
3240049,0.24021256585607267
3242039,0.8683626089453147
3245638,0.2090162511950613
3329985,0.22454754985975592
3340165,0.7173585208821939
3341760,0.21221670392138525
3341982,0.2669919660384341
3355104,0.9018265519247132
4840327,0.09965118693646192
4843751,0.20017620792896962
4856592,0.012723828840292582
4863260,0.18909763950711445
4902673,0.018633731449829237
4912650,0.9633480877511311
4914221,0.7123601787626849
4914399,0.273442881698812
5967194,0.2403724460364663
5980354,0.2023194258404833
5981058,0.9673973735644477
5986270,0.0926453184131457
5989391,0.24733631851954188
6021840,0.9214216396704455
6023571,0.9199474000430176
6025174,0.924063459569056
3356156,0.7749235225642136
3425363,0.7828200395182533
3428127,0.8114199668961509
3428359,0.12475631718948728
3439031,0.12765483858244372
3441795,0.9217281727525515
3449540,0.09368465627436946
3449870,0.026752455607203476
4915582,0.721501258199024
4917357,0.20107952764227996
4917658,0.12221206595281105
4918303,0.7135013027823721
4927738,0.17202878417890471
4937140,0.16331976009210578
4940376,0.7361250509668409
4945035,0.1374724909557196
6033602,0.1771257233906587
6034379,0.8996562704217343
6034834,0.8911522066465343
6036286,0.7464325767073003
6038152,0.8115892808112221
6043490,0.7820208212274791
6045404,0.8176861537757426
6047853,0.16686984369486146
3459529,0.06190946685468657
3532510,0.20416073770432464
3540873,0.8851532645744531
3542117,0.20697334324610914
3542928,0.1988308381431902
3545749,0.29198113037377454
3546821,0.1396298171016663
3548645,0.9695573660313883
4946581,0.13837622983118544
4953262,0.8572443881697044
4996558,0.0831629073573508
5006817,0.1109523087305919
5008775,0.04211004961468281
5015027,0.28623551824976523
5016163,0.23952518785645452
5024476,0.17921532881839985
6058896,0.2574130861060341
6062298,0.24696489289486895
6065010,0.0913962357123153
6067545,0.8909135918021844
6115356,0.7462554045132019
6116605,0.14944930425704578
6118840,0.0580324424174503
6129632,0.11122523678733016
3553900,0.9777248743773119
3554819,0.18868039382848945
3555178,0.1286969918320659
3632330,0.19512513261002531
3641216,0.21697609540127522
3644399,0.21139380111735173
3644649,0.12413017927300635
5027859,0.8080428399559633
5032842,0.2213489951195467
5036052,0.8422907143491858
5037742,0.19005411157563004
5039053,0.2862073477756069
5080565,0.21515127269005904
5091808,0.05435278858599329
6139220,0.047273798248182036
6143819,0.15924275323530587
6145939,0.11868530431654353
6149980,0.08101052166423517
6184894,0.7589786897951154
6195792,0.21750369333350889
6197658,0.8555389828479553
6198670,0.8787932319014448
3646449,0.9527353235022527
3646515,0.27514690944520365
3647097,0.7058768276473694
3730176,0.11925583618641206
3748239,0.7462342113347252
3751118,0.800305104361615
3755522,0.12271628618809038
5094412,0.7163922488468057
5105886,0.04264185977007467
5110453,0.8452771620865225
5113146,0.14733050318804305
5130563,0.17154239640339397
5131276,0.21384102338749178
5166811,0.7732011026753595
5174677,0.031794439832038945
6203955,0.8489216422991711
6205384,0.21228812572596822
6205405,0.22458000156629698
6206470,0.0265354011328479
6263468,0.1594306545984121
6266866,0.8885177672891621
6277594,0.23473607385817077
9002278,0.7133009793346378
6026438,0.8875745212351144
3229150,0.9469728819471206
11360805,0.9218908175908405
3757521,0.9615434075719071
3758499,0.8788582137543701
3763724,0.015269569830828746
3834728,0.7525792819159398
3836450,0.25642572862665347
3836509,0.24179701731820527
3836522,0.28688350760847536
3846515,0.16955906429611364
5179609,0.22344359867840285
5181086,0.25613376686676653
5181299,0.8538730582533914
5184144,0.9182592651341184
5192660,0.0417609055215049
5193813,0.23399330026199083
5199426,0.17438805208285513
5211631,0.17947783570384862
6281127,0.07478248199631217
6285906,0.218619264446527
6287131,0.2588577011368658
6289459,0.2983833595669794
6289897,0.2594589460856067
6290467,0.15966340224960535
6309307,0.8537857384927395
6342980,0.23262874967495786
8753896,0.7084963792623766
4150611,0.09086214236418298
4150611,0.07412601370040615
4909707,0.1756768486822443
7919516,0.18131941547235006
6850665,0.1322773571375989
4948730,0.14485478841967742
3848665,0.1671964844390427
3848919,0.1221876278096705
3848948,0.1900520045661186
3852865,0.2901288746180259
3854101,0.1962797715673783
3858926,0.16482869573862607
3859890,0.0942849441996245
3863877,0.7051254920838349
5213005,0.01623298916872408
5213811,0.22555158242450923
5255259,0.8129936822981094
5260419,0.2813918015239891
5262539,0.20938935457611335
5263802,0.26892084645882924
5265982,0.11529514093683742
5271637,0.18115318026436247
6346894,0.8294054485294986
6347434,0.2501680946211218
6347890,0.8641334431832313
6350031,0.979332181199358
6359881,0.806192111880822
6359929,0.8742088399745833
6363560,0.11565557963162781
6364064,0.1904424807621766
11177676,0.7826506205496048
4936990,0.28524713845649
7130418,0.24117773002241802
12208887,0.04798647626898085
10711551,0.16583424466160168
7919867,0.21860933114886333
11081512,0.17521960952925353
3865815,0.9250635052932117
3867593,0.2231811331170057
3941219,0.11940641233502487
3953106,0.1929719399714362
3953212,0.04308381766925897
3955444,0.9531953959311454
3962728,0.10643467982595932
3965326,0.20319840583506382
9265521,0.014847262190000966
9268456,0.08012830953326834
9271739,0.261517533939984
9274092,0.9742126231164534
9274431,0.25364157078281285
9282853,0.8553098042067961
9292100,0.9129605629022883
9300066,0.743081044051492
10186761,0.9115065112843848
10189542,0.2878560646518444
10191056,0.054377990276587206
10191449,0.8402923589070542
10199984,0.9314251540140155
10201891,0.1872714549831182
10208477,0.15231464003167844
10222603,0.033949607194043295
7581535,0.2034813689977091
7592339,0.1039057377195988
7598326,0.15114044912236316
7599004,0.2775006400473432
7618231,0.18027737053495754
7619667,0.24377440884043403
7625138,0.9623759877074017
8507073,0.04995024915892399
8507586,0.8061863324647002
8509781,0.28284129199575914
8510197,0.1625403361236819
8516349,0.27718802523561253
8525101,0.9309763602857001
8525286,0.7839143358999474
8542879,0.09820377581234482
9304976,0.8809298374611283
9306677,0.07183853919685834
9330740,0.8725433105508913
9334027,0.7912730476558919
9357578,0.18381603867471286
9362842,0.19758481575010536
9363944,0.9681585140262885
9368524,0.2760615012418532
10227881,0.10353671613569301
10266852,0.14418209695087014
10272858,0.9820731434721335
10292000,0.145416961095556
10319341,0.10775773483329625
10319834,0.9571647441739858
10320341,0.019436860259376826
10339000,0.7810792611714017
7625143,0.7460910326423548
7631138,0.9136042414133653
7658229,0.0498113435389403
7662502,0.8597252467794845
7672215,0.9183508011839587
7674050,0.12915865847520663
7690782,0.8189780168021662
7700561,0.026108754162206767
8546464,0.2636325560913804
8547213,0.7035922373707316
8547366,0.2080629885843346
8547525,0.29142681151252564
8547537,0.9692813598813654
8548403,0.12198317606732541
8548454,0.7209881870796271
8552607,0.04333298118389583
9390655,0.06030180671315108
9391817,0.9262162324294677
9394762,0.1003376744843036
9394953,0.8710992561815353
9397862,0.7004700595524974
9402670,0.09366396522104416
9402859,0.21393584616958564
9407689,0.0157342758041205
10356840,0.18631749136472062
10387792,0.9021782065805539
10394802,0.9325812739208106
10399137,0.24513022325389908
10416390,0.0738963028777991
10419108,0.12696748285161485
10453009,0.8099459264652001
10459749,0.7370431538670975
7701809,0.014246804580514028
7731281,0.9607078537338642
7743464,0.1398388805100292
7747091,0.9365704606135321
7747197,0.29760227057595906
7750342,0.018232868256214792
7751133,0.16349571571678295
7757620,0.8783000786006689
8560475,0.08708441460651929
8561192,0.026973705306880175
8570210,0.8970145983485751
8571421,0.7787325227754459
8574794,0.9392969604964401
8575061,0.2639892580297889
8612291,0.06744203098021673
8613769,0.9514124432926097
9412267,0.13463541589828418
9417931,0.9886264802990974
9418508,0.04485973478357342
9449320,0.1530225647753
9451521,0.2962064123282132
9455322,0.27682977580441065
9455526,0.18897576577456635
9456887,0.8552922904661411
10470779,0.9432291731532136
10480952,0.08168098821872488
10487228,0.8799859093623209
10519727,0.8120037146832936
10525077,0.8259041669110614
10535708,0.9474871656542252
10547378,0.15384637629984643
10548411,0.2356842630620171
7762153,0.9495157003435981
7762717,0.21602653700088104
7767781,0.7613573222635811
7770901,0.8968845775896915
7800285,0.048112989979328405
7804128,0.025662264891296423
7809049,0.2931493831639022
7811057,0.14273463218079638
8622875,0.1493699722718728
8644545,0.9197420942009275
8644911,0.8008719309402387
8652997,0.9185117238634484
8655076,0.2923604352724639
8656535,0.913946475824553
8671707,0.1265201019347383
8676061,0.22319879665486328
9457533,0.24820305546857752
9463329,0.13430916284275998
9466486,0.776695942358808
9472328,0.7269530786960541
9472341,0.9115523621440291
9474485,0.10365202569941927
9475697,0.8798669508214765
9481235,0.8769245071572285
10551346,0.025505025497886122
10552151,0.853474825518944
10552263,0.8195741852353398
10554421,0.9167541713071437
10556891,0.2623816333934438
10579570,0.048840138150184495
10581308,0.8688127376700326
10591578,0.08533305419299557
7812990,0.7997498859879896
7819520,0.052979039570347476
7829836,0.7935052142914867
7830953,0.7032391540437393
7836096,0.8800966400523492
7837526,0.27948593450189774
7881464,0.773521943106809
7884986,0.17686193135346492
8677186,0.111949147381866
8678345,0.1541556875403222
8682751,0.029655204734738476
8715564,0.2837191817139408
8715589,0.7547489450009368
8718273,0.2606411980926974
8737343,0.11423649146904716
8741367,0.9527053277747793
9489348,0.0693751952171636
9517242,0.15958747891679223
9532603,0.912248480215891
9534832,0.7413994835315411
9536727,0.9210532939360317
9543302,0.11057053405731235
9575728,0.72801223055869
10799291,0.16417527397818482
10802364,0.7029480399814397
10809888,0.8992528135621217
10813078,0.9309405680618108
10817600,0.016879193117666696
10850327,0.7295488599489384
10855545,0.8410516602375725
10858504,0.8027365444930102
7885558,0.1084720131750505
7888863,0.8916780883083262
7900450,0.20578307570465207
7900695,0.28683998193095867
7900727,0.21148037259138192
7902719,0.019165376483639023
7916058,0.20848870682552267
7917068,0.825319699855187
8742270,0.22493487184063238
8745553,0.7241917702906556
8747222,0.113870189602143
8747910,0.8568589321655906
8766285,0.09899604142456417
8807988,0.945951581807853
8812360,0.11208622350867253
8814872,0.9837189509711683
9579072,0.03332126499289994
9579606,0.9191112480728201
9591728,0.1474299648578779
9594184,0.23256074267563723
9594992,0.28501483620650997
9596820,0.9343216190870229
9598315,0.03818756510478806
9602595,0.05564205068412867
10601163,0.9410262616434033
10616317,0.2518823646667298
10616656,0.28934871987896144
10618044,0.8478280578587577
10656842,0.8659749176005789
10658177,0.9379467987177627
10661679,0.27066615693525836
10663976,0.9179878810963444
7935997,0.09739521145702386
7938499,0.26327002943214484
7941635,0.04248270321131946
7948619,0.2980770909804309
7950158,0.9543840231215586
7967210,0.17844257975159766
7970194,0.21402835355204963
7978202,0.8886146177057428
8823893,0.1872529486753807
8836224,0.15405216379522446
8841297,0.959222072701083
8868481,0.7294332383094311
8888745,0.8686788826386149
8890417,0.7149802910843971
8891684,0.7574357132099664
8904714,0.11220612400957565
9645188,0.1449130033772172
9659022,0.7960886540199112
9662475,0.10335702891210709
9674789,0.8902887720640217
9705620,0.27297259271062285
9715631,0.9088219916670741
9723746,0.7123594558448744
9724993,0.10132839729197843
10677763,0.18749390412308042
10678912,0.7986349604521878
10685764,0.9449381468136154
10724569,0.27343222636766323
10734441,0.144648212912061
10737437,0.7792685290331623
10747162,0.7824769052155617
10777591,0.8695993747515668
7979297,0.9740927972032362
7982917,0.02897680037020553
8005002,0.8477404536251194
8007174,0.9137210363728674
8009811,0.8357763126274858
8016211,0.020980209180453187
8016650,0.757743430493628
8025718,0.04593536466969571
8915379,0.9612188335736567
8935352,0.07970120554435997
8937555,0.9635967929710026
8939211,0.16971192735466342
8939650,0.21066786669404727
8946267,0.7341311435478202
8949512,0.28001203965590626
8955741,0.236346761413832
9758615,0.2995753225833358
9771920,0.25531029964968266
9775475,0.2315156418962599
9776907,0.7993809367890186
9780149,0.2464218457408447
9786017,0.21272035007334844
9832379,0.7070946534956785
9837659,0.2298667085826084
10865043,0.7718388399894365
10878117,0.7925158560360565
10879247,0.17134649650818368
10879899,0.8209331432243928
10905641,0.21001311239819018
10920086,0.2330145854515783
10933306,0.8577117577730022
10958972,0.1725397876347782
8029848,0.2618756334030186
8035322,0.1773361183639701
8036863,0.2103786912011718
8037038,0.8821733231010089
8040308,0.8300472936687678
8040457,0.7748000526434589
8043968,0.18189432281411913
8044083,0.8309071629861862
8959240,0.7176676416837302
8971044,0.9550863232301035
8975776,0.15080878288811386
8979500,0.23900556026490222
9003126,0.08667105618607217
9008125,0.2972188267535225
9011877,0.7534008555435284
9838414,0.2733343789338154
9838582,0.8988815126352692
9839030,0.7978314886112544
9845362,0.06791383228172779
9845931,0.19654859135213465
9847239,0.16248718073385196
9848760,0.17055907065497447
9850843,0.16535485878314732
7018210,0.8878832682666153
7019580,0.15430738924485018
7022603,0.2886503454527069
7024045,0.24592191678818945
7035812,0.23517991371145844
7038988,0.17858991354515077
7041972,0.05371980896434106
7047299,0.16802470119250346
8075618,0.19318599239299997
8076215,0.9230925465186322
8094942,0.788171644062217
8099517,0.8017745604290736
8105398,0.8665097302774349
8105719,0.7944244982118334
8106139,0.03510917873684755
8108437,0.25455019277338387
9012244,0.7490502619042219
9016592,0.1883316904704688
9018021,0.7507164638846265
9024568,0.04958413482403288
9026007,0.8532584654698355
9026248,0.9063387323307959
9044060,0.8737922493682649
9047416,0.967462960484647
9851638,0.7979901540011337
9875101,0.22794700676207447
9881660,0.841765901781007
9896438,0.2918686998641169
9899514,0.2643079198617534
9899607,0.08823161295919923
9908486,0.11172555895393846
9910043,0.7163686085459474
7101726,0.7709296830014721
7107567,0.06702388077430457
7109680,0.1013818338013247
7115671,0.08037412882071081
7123580,0.19266759616603096
7123614,0.058310025845458836
7125794,0.9132273589725693
7130612,0.8753553045453957
8125917,0.9707853640212841
8129333,0.7106369393505302
8155368,0.1611425755948176
8158429,0.8964975327463518
8179747,0.29048335189239155
8192427,0.23089043568824302
8197176,0.9213605266242204
8197406,0.803123524812493
9049550,0.11981123927706804
9049697,0.059021347488172685
9073549,0.7416631019820235
9079671,0.8824774115410734
9079767,0.7352007936144302
9087071,0.24996471073083404
9087853,0.98923857090914
9097470,0.7987246914405014
9911112,0.15314257564286024
9933600,0.25889247052405173
9934274,0.18132341642789004
9935983,0.9536448745295605
9941136,0.983530693886129
9941387,0.2799831434030826
9941550,0.1431239180774876
9942658,0.950450859940352
7132462,0.8629037984942459
7138841,0.2977263720365387
7174911,0.016681744387770585
7176424,0.10957483581276346
7184556,0.1542996493522349
7186436,0.9089873533103031
7189825,0.19946156323419623
7191523,0.7364601811461201
8223445,0.8794408246458647
8223655,0.06008903040679997
8229361,0.06476404249120256
8234889,0.16882944811353462
8241258,0.2684098549138429
8241736,0.1446186622665358
8242350,0.20765697202059236
8244947,0.28486302371030003
9101279,0.14514842381947235
9108058,0.03808685482598443
9114614,0.9813279342269743
9116075,0.06497686879528353
9116510,0.9384075935690863
9117123,0.2536160935725852
9118858,0.07448948792020674
9137257,0.04305576616552581
9953491,0.7096207355903672
9954225,0.10112144374146552
9957659,0.13474965289827442
9957668,0.155680704722371
9962595,0.7527913614882094
9967398,0.04299829625736097
9968924,0.7361650124850824
9993683,0.8279578346287181
7192680,0.19270938933179835
7198587,0.8692857825446317
7203858,0.10297404954010723
7204233,0.9864686902897608
7205717,0.7055102275016621
7206422,0.833820417944684
7207081,0.20583234020059477
7213311,0.903923062138463
8255058,0.03765730001290056
8265239,0.018947921590707503
8279146,0.9726451308075211
8288404,0.08379092765341135
8294683,0.9059701372102859
8295087,0.9605166722057473
8300828,0.2281246185257486
8307489,0.9749412656814944
9141355,0.7475136539649487
9142225,0.18818832876650612
9142334,0.05793972557461851
9147012,0.7128138329660301
9147029,0.9583140137573414
9153246,0.10252381464570691
9157030,0.7248646406145787
9157523,0.9188961760580806
9994381,0.7699335060085614
10002266,0.2600725174152126
10004515,0.04856620910787964
10004772,0.17635649540608103
10006096,0.1837920756947209
10007492,0.0953406809528541
10007916,0.8759347416441106
10018364,0.12139002917294485
7255910,0.02909258884264123
7256460,0.01798214023482785
7258902,0.26250930313920373
7282470,0.9342463260281547
7289139,0.9853825006293133
7345136,0.23290403102143684
7352727,0.18809401163540154
7375100,0.0858015947869997
8308639,0.22974779853289695
8313697,0.17899612875664558
8351919,0.2139798265571946
8352009,0.9390051515173794
8352016,0.029527342079832736
8364969,0.2999589219444749
8378278,0.7007206698501076
8380743,0.24302029514276324
9159461,0.24420539546245254
9164003,0.04869833432999931
9166700,0.7504854385102522
9173014,0.7433278398425046
9178502,0.026267475355688838
9178894,0.7697855938211596
9180282,0.24697216041159892
9181402,0.04193307290356705
10023469,0.24276207749679707
10027861,0.9750971849883718
10064591,0.9742573087983428
10074700,0.16031907770280288
10083325,0.9832281735018827
10090854,0.7595037816745542
10096697,0.18689920091836681
10098540,0.9560864350866305
7377343,0.7081917981211567
7383840,0.9254373636139634
7386200,0.2500076879049198
7416016,0.869999694606808
7416306,0.9611997236668877
7416646,0.8510383523315755
7440715,0.8781468756189389
7456380,0.057134178575108316
8395870,0.7744923557131665
8396288,0.8079597813238703
8414914,0.13321583260667938
8415353,0.8202686233772097
8429817,0.8102578262377048
8432034,0.06451322385460553
8432249,0.7292368643985625
8439618,0.7982300963102379
9209981,0.8063620504047675
9210738,0.9316053472315615
9214176,0.8610626566476067
9216231,0.12826236031154015
9217583,0.7407546653523444
9220614,0.8531266414749236
9224514,0.9007292641668566
9229807,0.9030066743256683
10130646,0.09569422087594973
10132552,0.226370183942091
10132908,0.18533431653945362
10141271,0.2271712266430696
10146103,0.7405472386907342
10158715,0.012425683748851044
10161534,0.08555775308957798
7458433,0.24402231710195765
7458743,0.9320717537801345
7468295,0.27956700388030375
7516073,0.0865842592193005
7538450,0.21854162464871896
7539174,0.03463900886338106
7539277,0.7083936201323731
7550875,0.1021308745637926
8442463,0.06501475553667972
8474892,0.2513973121604644
8480642,0.151447075877467
8482513,0.11993794475751746
8487777,0.2631452139353541
8495232,0.2634284463755289
8499922,0.2120324336157789
8505674,0.05582533377766277
11444772,0.7752433889518899
11444974,0.7090788343013428
11446961,0.8270995452756803
11453930,0.8381653370279287
11456256,0.8378894371192063
11457664,0.9716392172860491
11465658,0.7328497868025893
11465869,0.10164908944237491
11493378,0.8319920042417073
11506938,0.10025413674694854
11513366,0.7013386698375216
11513441,0.1812152776186992
11520114,0.9176437297719087
11520465,0.8396362969942859
11559493,0.8217173159657938
11598638,0.7133560680123717
11598894,0.851025720987185
11599800,0.22616093849374513
11599937,0.8788621408437783
11600299,0.7873202208427545
11601425,0.8704702131597648
11601633,0.7018141191054875
11601972,0.7255004818056183
11603298,0.08546899839155443
11614808,0.7158718436711092
11615258,0.7244891091275033
11615521,0.9824058388657542
11616434,0.906376841479497
11651240,0.7930967230717638
11652427,0.8498623808645036
11654039,0.12237100522096266
11674709,0.9623326284392648
11716643,0.9145876248414169
11722217,0.84774515933028
11773174,0.8019324922452206
11803074,0.8205856360824401
11807906,0.7118194708446687
11811382,0.7694999179475548
11818566,0.8105452666379301
11819396,0.7332364085720344
11824578,0.7582244770611887
11860294,0.926154987124737
11868941,0.7460652338796684
11905398,0.8364177367927763
11910670,0.7876974118634801
11911929,0.7745060261936187
11923213,0.7270278778081599
11924426,0.2333972011457337
11959893,0.819576760862948
11966643,0.9321748338078054
11968514,0.2956963182515169
12007270,0.8176920621327428
12009917,0.7393762226227439
12020376,0.798430166744698
12066767,0.8330236407240817
12071775,0.8356561222883873
12102775,0.9371676609323508
12105086,0.9349198999886935
12110901,0.9240738581230107
12121701,0.9578614092603224
12156805,0.2286278146995854
12165063,0.17341330358959853
12168895,0.8269188667883334
12170767,0.7602397041729665
12253490,0.7827609288418897
12257851,0.17034986025178075
12265150,0.04669473819128333
12300524,0.7244700932057346
12349560,0.8048612682617649
12350136,0.9463818494542605
10964747,0.21659286865392297
10967168,0.7247441785420436
10977671,0.7182369762163161
10978581,0.7115063086460331
10979952,0.9676240240937519
10989620,0.8828144845134622
10991389,0.840598143355404
12401859,0.767051615965472
12402588,0.717768580955804
12405436,0.17069458788121386
12417572,0.29590643620822976
12418418,0.8283251350233595
12505590,0.7440372854465296
12506986,0.9564270494362426
10991431,0.9043224856820886
11021266,0.9329924593286069
11021676,0.9728789254732451
11026582,0.8680531419306525
11036168,0.8319007771743429
11037818,0.977285122195872
11046723,0.8222619915847751
11046870,0.07750370488948399
12554212,0.7209469793474315
12645262,0.23874949011505325
12645761,0.0904514477776939
12690465,0.8930426364771205
12734110,0.7881774673403827
12735793,0.8484545984368113
12736658,0.13772925726709606
12835139,0.10505885601367336
11069681,0.7391960811696103
11072982,0.922017432206734
11073238,0.18681089367971787
11076176,0.07449217512837683
11080702,0.8941775855254023
11082795,0.8869495949457441
11090561,0.04991191446899852
11090926,0.8289835689420455
11097752,0.8631102871189293
11098704,0.8709410998174391
11100170,0.8439937943439594
11129145,0.9269281116857406
11145391,0.9467977869481512
11145637,0.7129911793362305
11147785,0.8472089868879448
11152511,0.7090514302882753
11176166,0.8375227840525785
11182213,0.7198308252174892
11183752,0.9359443673607031
11191364,0.7017859349796203
11198419,0.8422191358225958
11199233,0.08592671125452551
11251991,0.7862354472605719
11298442,0.7508015557977943
11305417,0.9621379413791328
11338918,0.07131377192996448
11340218,0.8351761906755406
11341266,0.8136014323963893
11341314,0.19841865098285844
11348610,0.885561838006689
11351454,0.7503069120803467
11355925,0.865128584757319
11391512,0.8674579778929583
11393248,0.9512837146843109
11393633,0.8920573280913691
11401845,0.08670627417966095
11407847,0.9251875661261585
11414368,0.8458239873781206
8355178,0.8362816147272757
8374077,0.7222442430385088
8494783,0.7913773462323926
8494783,0.8756954790196085
8517303,0.13969109478349032
8590149,0.7779846798478524
10055126,0.9191459792121017
8590149,0.8639701711927182
3559935,0.8081723574094268
9285265,0.9551174116768896
3559860,0.8238886484553406
5384713,0.9480478658918312
6364582,0.8269119957928208
6525209,0.2286061501631201
6368175,0.8749111581242511
5471158,0.7633334532426971
10407086,0.8177295673762311
9947653,0.8628984219858962
6527078,0.9194223244273727
12416597,0.9089986429756495
2309587,0.17185574737872097
2445134,0.15615446288358767
3241344,0.16583616506142265
3347485,0.08329911727330429
2019477,0.9801155457611712
2161623,0.12054088353705172
2707097,0.16222085589510185
2719873,0.2478714616150562
8158127,0.8892307325254939
2852810,0.7573834531972988
2852810,0.8252902746026936
2852810,0.8777912586520431
8590780,0.11732151942992124
8613338,0.17406407299650145
8646141,0.09842403434869022
8653134,0.7512904267971199
8702921,0.23874562021376752
8822421,0.8269221372913722
8957954,0.15549519291226555
8984706,0.18312544748508078
4247807,0.21627931046042664
4472818,0.8048439541285423
8030339,0.8187566743984432
8037145,0.7320527426127831
5471059,0.07537403448174612
5471675,0.09059346687615237
8934103,0.9127037839142516
9551430,0.9239925178413896
3530668,0.26099651733513657
3532985,0.9194026953835478
10718726,0.7738148927155055
3831911,0.16219859934797898
3852258,0.2218590317489912
3858919,0.05085851888419961
3869326,0.06819870561870787
3971315,0.029661653275314427
2852810,0.9510761687342362
2997455,0.2661851781535495
3003991,0.15906212984665072
3003991,0.056558744873820815
3229028,0.06543450623646199
3229028,0.910513294030847
3230787,0.057697212550763766
5956656,0.9531893396811377
9093086,0.7348885642995886
9015738,0.8049094223986916
7954278,0.7345456900691483
9093086,0.7178668723437688
9101400,0.23151238447840683
9119652,0.09116946674099127
9145861,0.7740661299325975
9145861,0.1537244234220942
9153823,0.9171126927326659
7100673,0.8199210703173361
7100673,0.9641385248944804
10089911,0.7850917924936602
4150496,0.28032469951603084
3747817,0.7744653547436887
6129694,0.09213028028615998
8162789,0.8829840542263405
9899315,0.21038621024774118
4037428,0.052342931617661854
4049124,0.22757334474736265
4275328,0.06885899736816414
4753561,0.09371770344933845
4912991,0.2601122222987524
5613330,0.7846152883915382
5036966,0.09109176056826049
5254230,0.2526045710976163
3545840,0.8550986499644339
3634051,0.9515142974486819
7967517,0.06583937320882685
3634051,0.740637436273355
3761319,0.08411372194211614
3761319,0.2380864734423659
3762553,0.015410270434307
3965879,0.14270335824277472
4035675,0.282413514351872
9282687,0.048577772048175476
9289960,0.02280062076963557
9291629,0.19373036841816943
9304842,0.15498903301293612
6975129,0.8887756946018022
9304923,0.29651882898806814
9343862,0.22136468504766893
9389245,0.9429630373937596
9828127,0.8898025997106016
5177859,0.9751308901978157
11081504,0.9412622526867813
5385410,0.05210760455193786
3645438,0.7816744536497278
8110757,0.7269948254628816
3645438,0.7925513165558579
8278685,0.7919209512149524
5511659,0.9821238004747573
5385139,0.2711977990382381
5385150,0.07284681816353603
5385269,0.2899590421727811
8210370,0.20082698167819876
5385509,0.27908451097880044
5385566,0.252091022280218
5385773,0.24914200408494172
5386163,0.05761339433035278
5470960,0.049770293819623876
4139254,0.8806455003373083
4144236,0.19767688924906815
10141900,0.7852378007171363
4144236,0.19429996762210563
4150701,0.08917838051937302
4255944,0.7798005995547945
4285087,0.2611924311542328
4346875,0.023222325675545958
9394605,0.17665148215415322
9471755,0.09283638101826079
9479460,0.1933753411481229
9549472,0.18508417392740062
9576197,0.05930283213843594
8110758,0.2711137540194674
9579860,0.14471526375776814
9655711,0.8101247787622093
5856571,0.7212168955326377
8222395,0.7225242347995456
5796186,0.20762008499703388
5471068,0.25552285828181903
5471192,0.21105628292110065
5471217,0.15920697851814344
5471769,0.027830819788209553
5471770,0.12681935567462704
5556804,0.16209083286232845
5597970,0.11086251014379063
4459068,0.248476438274936
8107150,0.9014075635346191
4464394,0.8071530315473137
4547480,0.28556414861415735
4739229,0.943792884463639
4739229,0.9663097422868117
8620565,0.7314875638570945
4740676,0.2626454343042399
4742420,0.8855033418206129
9655711,0.7499990875503955
9727765,0.955937616418652
9767392,0.171089431207322
9774400,0.20268045450174582
9839081,0.08923843369311334
9974142,0.2931703016601639
9974142,0.7702963954347544
10163066,0.1143626015646956
9008103,0.7974262402329134
8780959,0.8254190768444578
8780959,0.7634675737004937
7429287,0.14113323501114597
11296045,0.9158705790204523
6592335,0.22031979620288658
5951416,0.030898223376328006
5769810,0.7445306520260055
5643492,0.04056250705290042
5795648,0.1124288990804162
5961350,0.07187688304828713
10340423,0.17514489127629246
5979863,0.05405529196376677
6117415,0.2100093091836458
6128027,0.1695883605286104
6146418,0.047849941378425416
4742420,0.8679787284133313
4826439,0.09122873773940272
4933476,0.046371704313203574
4990977,0.04787437447014346
5034333,0.015006292530802372
5039441,0.19437359261570594
8231299,0.04321502790137626
5121173,0.06487970744936998
5306984,0.9017915047402668
10198662,0.8782920075430084
10198662,0.8998710658970726
4157325,0.8373599573503917
10200627,0.8664101073604525
10219361,0.12895286748617774
10228942,0.1462516541886642
10341878,0.2662580922426183
10357831,0.2644935808743938
8332521,0.8623423544689434
6150977,0.20656854239731187
6182019,0.11803935030426103
6191945,0.2837057880413578
6209347,0.07730898408465622
6268722,0.14631694388528188
6301030,0.2984325266779764
10480982,0.2535047385158708
6606934,0.28451379274634925
8242769,0.8035176821899322
10964440,0.9806519856855727
5385548,0.23977786834023898
5385778,0.05216078204191901
5428657,0.7668058446323489
5471617,0.20984199551559518
5471617,0.27252276249150587
5629353,0.783239887781759
5629353,0.9664185026878381
10363233,0.11969386431261045
10385682,0.22966140125081433
10414727,0.9836109235040872
10414727,0.1967118023709897
10483644,0.27378893899665535
4736569,0.8133230149839368
10601549,0.01998217246888053
10614158,0.07368628510733347
8505215,0.05728430480656392
10662202,0.8071788705695317
9008103,0.7701641816530272
6614926,0.09927023422637897
6628237,0.044657001265276344
6694186,0.05855990951418431
6934587,0.0713767151793929
7219906,0.22502598478400837
7257373,0.1585147703871428
7295570,0.2449724772047611
7362852,0.2782464890362953
5629353,0.9170980505630246
5641294,0.14606956648272912
5738698,0.21243548753609717
4078157,0.7829020338220856
5768927,0.11669624112146526
5814635,0.13559306806624888
5816144,0.7887733781376582
5816144,0.05036527257992816
10717220,0.7303474374208917
10728219,0.1729832883065738
10735988,0.07593735004451953
8112324,0.07202273873206871
10971944,0.21563214046390866
10973583,0.19428405993347989
10989274,0.87198694538169
11099351,0.08262902575164487
11147460,0.09340468622746215
10662202,0.1431878933281601
11607193,0.05595153442854157
10743597,0.29543781781411016
4247991,0.9709004404630903
11968463,0.834311396325561
11968463,0.8710497713173725
11074835,0.8877408190009386
8042747,0.19969889268900212
9008737,0.19343648463793536
7373877,0.018860299593292502
5792202,0.7716551583141816
7436177,0.24602881557429374
7537945,0.09744171767295338
7624297,0.1808696158584962
8109692,0.19891080569777012
7695093,0.011634588036309795
7749318,0.11964857953114622
7777397,0.24379905623827208
5817566,0.2982436918143232
5952403,0.037064925892045145
6032730,0.9854251981621824
6116172,0.9885216122559329
6116172,0.7109743276039228
6116172,0.8360411977409078
4150539,0.14555878284738577
6182093,0.11530401494233777
9839821,0.7872176534180434
11252617,0.22810353325239288
8245108,0.10864503668528848
11252617,0.02981459001098792
11296437,0.24929251680130185
11296437,0.9265930940590532
11341164,0.7417382671716641
11462969,0.864450964530515
11462969,0.7362063023969335
7830321,0.2457740628582046
7841986,0.18176262201709834
7877820,0.2726059264276003
7914906,0.23054293896393005
5792202,0.8811054175588221
8019043,0.07365359675525154
8023317,0.29472684598388044
8126531,0.12797819350178435
8121067,0.23525628672982166
6197038,0.19991342852672642
6221385,0.967297574566091
6221385,0.9879804999988779
6221385,0.9869837098697227
6362386,0.1077284892312728
8260269,0.06889862559794117
6449358,0.011736520459144133
6593968,0.12877628328839938
6674908,0.291704485521034
11516930,0.12873798463545874
11558882,0.05657414666585249
11656928,0.864812505534232
11566064,0.7807798033826362
8042835,0.212539117020215
2853780,0.2521318816554508
11656928,0.9895970510267889
11656928,0.783683420148902
11673686,0.2703943053308036
8153568,0.2659322789201862
8167938,0.05991383598046329
8167978,0.262384613710522
8168581,0.036584351901927305
8230809,0.06011793426921015
8364115,0.0865740476429784
8458207,0.127813224465033
7825899,0.9249079404435451
6946681,0.7142077873782178
4150624,0.28378548585753205
6946708,0.7846396061050335
6967278,0.24090901451820604
7108433,0.2157068420910807
7119080,0.18933501401072647
7129465,0.03846671601592364
7174617,0.07578522947516367
11724210,0.11278627451471021
11775507,0.8498588083023544
11775507,0.8277388300823021
11856178,0.7300419789162741
11867071,0.054366668944873714
11975363,0.26198526595655625
12207117,0.08354632116134399
6768394,0.7872112037577779
8580438,0.10997765548789395
8581232,0.17348460786560257
8655458,0.07152898375004582
8695779,0.17709720961044553
8953059,0.26461437485748074
9048145,0.2180245947408506
9214712,0.12432841350215545
9214715,0.0626317019974979
7190639,0.15029189198316176
7198881,0.06806718430494653
7198881,0.22048376346667636
7422883,0.07431297008549571
10545066,0.8376881612324525
7663405,0.7758113812524225
7464205,0.21209241543413312
7622059,0.09286055420089907
12367464,0.03512761161163488
12470041,0.09484664536985866
11358389,0.7856365716195314
5706595,0.8564938129922255
12885212,0.8072109628718432
8179286,0.11352353622826446
3548044,0.8804255006032626
2581191,0.05702775985842124
8168187,0.9520770154930434
9221398,0.04394055348009482
9411317,0.07345498268545986
9605514,0.7872973257964149
9418619,0.7090628115681832
9532123,0.13445226785872366
9549471,0.1375739163727405
9649222,0.2765227127096461
9664215,0.04136425373061233
7750740,0.16734478366110953
7779942,0.2563481942360413
7835312,0.7814532985674677
7835312,0.09680259545015958
7838906,0.04064657700292665
7908367,0.7053973731425746
7908367,0.7154953072568562
7940533,0.07159021873598025
4142847,0.8338389950481953
9221517,0.8947999521499908
11623629,0.7884281609886203
10730703,0.8283488305724455
4665571,0.8673756170375543
6364215,0.18261191171948382
7047363,0.012258675944230801
7289317,0.9283645699094474
9714358,0.2427126241464904
9851123,0.06961668626775507
9966115,0.24542293141981358
10026458,0.03692924242783886
10139305,0.14078518149955463
7375348,0.7230675748939747
1432789,0.8439612172640553
10288922,0.07757518570170599
12266636,0.7126023104005983
7974634,0.9653184674296001
8182107,0.880743276887303
7974634,0.8601474390936187
7974634,0.2541349242106283
8043882,0.10436316473974687
8058507,0.20770593831220757
8095099,0.13055126616793333
8163784,0.8507759330367483
2305866,0.840561784197051
12206313,0.715974829802668
5184911,0.7794036004337586
6436029,0.7942275428185761
7767162,0.7127859394432089
9478990,0.834883774918563
10793172,0.7702684548097486
10122538,0.9705338150432598
10659313,0.24806925040850705
10710755,0.20165920725759112
10727668,0.26308269395790157
10735519,0.1824743436614355
8197767,0.13397255175498085
10935310,0.288859880550231
11021252,0.2242606741254799
11404644,0.728902009837613
11408935,0.24678062864285583
8165617,0.8308716271060548
8181016,0.26326545827222764
8197761,0.04226928862560261
4840513,0.14017367839600628
8223568,0.8036198846494154
8223568,0.7625188886753342
8265156,0.26860219728824825
8355178,0.828712854128773
10122538,0.7344865662916213
4770174,0.9709284591065588
9838804,0.7298777973015663
9020114,0.9108348609083794
6609270,0.021287163818086784
7983117,0.7355925718503808
11125797,0.8551938023351636
9966219,0.750968072308279
11974540,0.8480471916776067
7219825,0.8341205019489757
9958962,0.8458635709959452
11519226,0.2527523967770433
1718189,0.8071630848774168
11756821,0.1332328751502502
11769146,0.07635761134156652
11812199,0.08407865431352894
8263187,0.916622512648961
11826400,0.17084428656664838
12010534,0.21670722492089273
2019477,0.872139484338425
7116117,0.06482196701967305
7868092,0.20425673383935433
3337061,0.2646696295849898
9826171,0.13219498380526062
3936658,0.1318804229237455
4577484,0.044023678178250376
4735826,0.8390931238119657
5005618,0.08318575352937656
4663658,0.11878596362444345
10467815,0.27694086927102396
10847721,0.2634598686668322
10118942,0.24422528455724118
9471539,0.22169308610224323
5482603,0.19841075743697809
2305819,0.13507933604255487
9518710,0.9684333956904171
10284575,0.07349894929486835
3342952,0.05416942061431963
10338624,0.10704322808984405
5307990,0.14160320282504812
2142501,0.047751844638788656
2713018,0.2686962269379024
8413968,0.09484466512659805
9008103,0.05447472362396658
4376629,0.13143418676456145
3958301,0.22055500258646743
8211605,0.14665862217239992
11098573,0.2711948074883913
7289338,0.8490304987983196
9837586,0.06050113286388498
6021655,0.20188581979886713
8308682,0.12413143224929225
11442793,0.8630231210496317
3344427,0.06009168361106164
6205481,0.02351177575228335
4474637,0.23731478104057185
8435232,0.05966797932784037
6462874,0.190397491474873
8218379,0.7463700407064404
11450414,0.7025814939317407
5217733,0.14096658846273233
4150611,0.18404864094381895
4150611,0.012071475049491161
5706592,0.773065500682522
5716244,0.050089831439817184
5725851,0.17453330252103694
5731312,0.04811103979852773
5735878,0.13999950527655358
5736461,0.27839271976436347
5737869,0.2205479261491477
5771589,0.2666330141854213
8364232,0.826203792311355
6670742,0.8835373393360965
6672229,0.1575744382686687
6676725,0.1838419189275043
6695622,0.2805809505640978
6695889,0.07150495388298386
6697716,0.23450490933522167
6697976,0.7584397024626464
6698670,0.07956446204288188
7541746,0.18996853939576142
7584778,0.08382662155541745
7588436,0.07375269627319007
7592529,0.7234024674734248
7592922,0.9391427117981923
7597703,0.21388639517516753
7602351,0.830004357016546
7605600,0.29251953326939156
8312222,0.2113714398729957
8314801,0.04459327343083648
8316503,0.03896665504361379
8330575,0.20529091850592665
8345358,0.2635394948517174
8358008,0.022039979836183388
8362974,0.7751319779183414
8364119,0.05420886370325471
9278021,0.15921296831220755
9284741,0.1653642029451906
9286728,0.16066910130252476
9291368,0.012951953750404945
9291368,0.19555329910812144
9291748,0.18694928697421792
9301564,0.9290434716615714
9304561,0.05154200528756035
9328852,0.10052002931648635
10089123,0.7387085251003411
10091257,0.18762981423396033
10093664,0.03157003914088018
10095512,0.2657502279900313
10098534,0.29402377738516583
10129482,0.06482839485036955
10155080,0.060316219464481506
10156064,0.28343495153290527
8555967,0.9447869708521862
11198723,0.2004655469607449
11199725,0.27580519668082665
11200773,0.14594537721950482
11228612,0.23474649078177656
11232745,0.28036441731645767
11233911,0.1962378967492417
11234677,0.06048400113666622
11235323,0.2744689847417373
3765917,0.9289091907510724
3547760,0.8772428392741707
8652360,0.24190519640453673
5476671,0.013079285361064993
11290515,0.9881620385797681
4919550,0.2440594491725597
8216763,0.8386703759694765
6767227,0.8098288571348706
8094120,0.1599266316559346
3854496,0.7506774331101947
3858757,0.27944641297427375
3858767,0.2800070493921441
3858884,0.26798327161949587
3936061,0.8680766964036851
3938073,0.29913305743319685
3972391,0.1868215604019007
3972432,0.9590027313858699
3973002,0.0943728441899301
5025217,0.14449947773164223
5025234,0.2748922868060546
5025294,0.06073988967543476
5026187,0.018458132744879847
5031804,0.1493745740836778
5031882,0.2770735056427629
5036516,0.2458918646505278
5036530,0.26597016480269475
5781192,0.10778183575752424
5802285,0.2846739602717584
5802470,0.14834163323304939
5807579,0.2273706329183376
5809372,0.08109132303801
5860347,0.9567169043853481
5871918,0.2909330611205984
5894825,0.21048157688691238
8374394,0.24845133232832642
6706287,0.09508034379403359
6715997,0.8838695406647534
6763884,0.943044703051777
6766748,0.01584759501416746
6768616,0.9034208397460743
6774408,0.19278424572792238
6778289,0.0455861682346203
6781047,0.24665726271201077
6781535,0.2676037215941589
8440062,0.0507729133302723
7622072,0.2963596237696887
7630658,0.07074452902542883
7631194,0.1683661963878523
7662209,0.1634852261099282
7663804,0.1647215664094802
7668648,0.2758471787472964
7670485,0.030371964334783272
7670617,0.05831629814199968
8367298,0.1697454582033639
8374499,0.05551750273871697
8378656,0.21891827903636638
8378922,0.2715232523145202
8379547,0.06540542062409657
8381592,0.2507107492051776
8382339,0.22483833324806193
8394475,0.7030755247172141
8398290,0.07948077595304578
9328864,0.07700603283664453
9334490,0.225534834744399
9340411,0.8556132060478607
9344623,0.10960269759177411
9353182,0.15446646426057292
9357275,0.2677908284362121
9357375,0.2897748974758108
9392702,0.09845507552754469
9394920,0.23234482573456758
8524110,0.18258631618767107
10163067,0.8024530202319131
10164018,0.2380299089268508
10189523,0.20629791605291092
10198109,0.17572312947837357
10208759,0.0415492240646227
10214328,0.012920966372620638
10215422,0.14106848445209966
10257903,0.08269995357880985
10258558,0.1632920243224664
11240948,0.08248032556850163
11241560,0.7372649168641789
11244571,0.9296545949830575
11250867,0.26668904455296666
11251058,0.23853446776345652
11282568,0.9243500029476712
11285625,0.1854244345630213
11286311,0.76697420040232
4732015,0.25853506496127165
8043638,0.7898263415283058
11176166,0.806497759500682
9214712,0.22110154754238925
9214715,0.06135673370363211
7838906,0.2889702180052431
1026032,0.03578528725250043
1293379,0.8707926837184917
3973504,0.04185938929539429
4042088,0.1322354409135923
4055092,0.013228429925198817
4067549,0.06461843438377571
4069063,0.014135084138039596
4069213,0.013760883537418368
4075064,0.23432805742949814
4076061,0.7080057764403634
4076952,0.08180237441011616
5036530,0.27853344931297336
5036538,0.2727501824225916
5038469,0.23606113100550843
5039687,0.06848394565881456
5042785,0.23179472087840425
5078879,0.29570198913477563
5080346,0.225688841675911
5080652,0.2603905576561858
5894972,0.17288032097422226
5951140,0.9873858573326777
5952309,0.05513369785711787
5952457,0.03567591676162768
5962514,0.24831409810857563
5962716,0.2540101434108092
5966732,0.7819434303538021
5977541,0.06628083250853181
5977804,0.24031167733349448
6792124,0.1041818015111426
6804648,0.28518814893071465
6806632,0.14175609415534118
6841577,0.1436974830692576
6842345,0.9488230042720258
6852488,0.014558064936595214
6853172,0.9397163485736171
6859546,0.8826741987143879
8460634,0.10293265666761842
7671594,0.20637649209986672
7677005,0.04491132111545189
7687365,0.9351227347830988
7691527,0.04653329141715235
7695445,0.04430157242075861
7700500,0.8438272885003079
7700578,0.1602287118035036
7707736,0.13992011525555054
7733540,0.015823935520204068
8411947,0.14747303673718606
8414159,0.17870190645406364
8414216,0.15935730077439983
8415863,0.013817173452503113
8423903,0.1702130320400618
8429450,0.2889889543914322
8442795,0.8390911081875386
8443812,0.8987868223227308
8445775,0.2415701351325972
9397900,0.7500343595784184
9411943,0.06768623068773978
9412462,0.13751429679740204
9418994,0.11536135390949609
9451096,0.011334520740850493
9458266,0.8041458107802968
9466042,0.02394828181470143
9468296,0.03094242597532177
10264202,0.030158721193770333
10264293,0.8669242217121361
10268809,0.25641749740714087
10274244,0.043316877903346186
10275887,0.27555022818784575
10290021,0.956814018099581
10290447,0.29134141053381657
10292465,0.13362752743287173
10294608,0.012564083371664153
11287726,0.18343686467807027
11288492,0.7247914380068782
11288772,0.8667145315709666
11295085,0.20195157685232096
11296724,0.8565252056042091
11350389,0.19533781951117477
11356602,0.2679131764912399
11358392,0.13136470377075934
1433531,0.2725361930026647
1717528,0.05982109150074239
1871483,0.7615291415816365
2012722,0.15352453342520317
2013883,0.013385141715194783
2161949,0.9748763012846181
2161949,0.9598905261665964
2162994,0.14932115384685307
2167444,0.2765198199507425
4078693,0.04952158320806101
4142768,0.026467042538301302
4149684,0.20075059287514996
4150703,0.02765851100540545
4157488,0.24100899237541407
4160669,0.26645432179616785
4171955,0.027616680520475674
4174507,0.2746066322148609
5083138,0.8255425054279794
5083252,0.04805977501275745
5087223,0.7527157060250617
5091075,0.1495010090259623
5091614,0.2799242582700773
5092799,0.931269243941482
5092799,0.7356118494293891
5094301,0.10823899138413667
5983348,0.18139081317105554
5990753,0.21929754564086756
6019971,0.8927630500704599
6029130,0.06951552753888539
6035335,0.17657982844482203
6041511,0.20892816243779233
6042116,0.1706420112180585
6042663,0.1427924239858967
6044064,0.14867118204451946
6859813,0.2254755669601514
6863840,0.021607586737453763
6864569,0.22834958841080008
6864706,0.7102630836771492
6864859,0.16474344191757845
6867219,0.7817647944065897
6877673,0.07694687461397605
6877871,0.27151044087190396
6878408,0.7328739796004687
7741048,0.2906860867148505
7751562,0.227229776113209
7755741,0.20959404424129893
7755741,0.8404658419241069
7769072,0.24667504559937967
7769815,0.09115626176367277
7777365,0.04660023478239041
7798259,0.08672147734427078
8453191,0.2634245209074091
8453324,0.1237245173294579
8479107,0.044023185210869654
8479386,0.16117908505923081
8488876,0.0974566140164696
8504570,0.12595826282040726
8509346,0.28835185779518024
8517433,0.1917546677828297
9474222,0.1848152602716303
9474969,0.2854616382149358
9480398,0.8515423984281725
9490342,0.9625629389688528
9509207,0.26268444337280733
9513168,0.8451708181857461
9520700,0.18040910799100832
9529294,0.0960155667036941
12116489,0.7938201090600496
10296163,0.28391254642611446
10330495,0.21808875930766117
10332789,0.06018517934830149
10340228,0.07805777877372634
10341787,0.2444476534309696
10342097,0.12151960415310523
10345862,0.139602406223418
10346522,0.024108297446334963
10352603,0.09051948785991051
11359305,0.11474715683374706
11391181,0.26416505488798603
11401869,0.21206046913047336
11409698,0.20654739483819137
11411639,0.9832809459005161
11455795,0.2914121121741689
11457191,0.1340318684209791
11462556,0.15449028689328334
2283362,0.9841693384658466
2301068,0.8499703604422165
2305372,0.06082847494413599
2306740,0.18128460944577512
2308957,0.1284117642728956
2422820,0.8355154759936196
2437452,0.24304022572945735
2437804,0.1430057551934934
2438061,0.0688188871263968
4180396,0.15724510678090767
4245897,0.1745693196044063
4252226,0.2889600466500077
4261960,0.24170042868878663
4269252,0.020557312970914912
4274071,0.9605519284198436
4281895,0.08397961060385248
4282390,0.9298882048577698
5095269,0.21229200198192694
5097278,0.1594293353914658
5098757,0.18703964635298875
5111801,0.08750452162615668
5112198,0.06413329848546427
5113809,0.07411624584338584
5115178,0.05910701700506084
5115379,0.20559620728555264
5115688,0.7116946535332466
6045093,0.7167284066593759
6046311,0.2951196420651246
6048106,0.0603146810459914
6048255,0.2778243273298994
6057750,0.7998094523100885
6060580,0.2355479409217976
6063448,0.2909091696263009
6066107,0.13272054454949672
8391983,0.7761711912910888
6890618,0.1775813412601605
6925263,0.2692243811483726
6927629,0.28973124742661754
6929016,0.2385743627717129
6936977,0.18205222707146013
6939670,0.06645355208475442
6947623,0.7979960698936093
6947837,0.1722993563075147
6949550,0.022334217943327073
7811211,0.7264698227541931
7812893,0.8520443456166281
7816680,0.13480049908930156
7816935,0.843995856800058
7838639,0.24801128023588584
7846730,0.17323164969997135
7847927,0.11473567648356964
7868967,0.9374055100104823
8526387,0.1864519561236335
8543278,0.11543917814705443
8552500,0.030926173165030074
8552540,0.18122075841754137
8553788,0.20135240481422376
8553907,0.01515405857439513
8559796,0.15370728118473248
8559863,0.04218000592947032
8489260,0.8259139340642092
9529856,0.24564869288157545
9536048,0.04058386211984468
9540450,0.14846162193844792
9540675,0.10755669486109457
9541163,0.24371637603966853
9541567,0.24652761353601502
9569866,0.025800736601902644
9579192,0.16374806918044277
8540376,0.8903364881651523
10363300,0.051153362208754806
10388451,0.9321706274559577
10396708,0.7102819770046004
10407047,0.250537146072128
10407430,0.2637795268981925
10407464,0.22793899271493476
10417704,0.1451010346534475
10420279,0.24009596345209722
10422852,0.1160806175553642
11495989,0.801290737010361
11499757,0.16414884451464334
11501774,0.08799972590259586
11502172,0.11833768907683709
11502179,0.14337151685856991
11506235,0.01152970372738468
11551652,0.969988975085671
11560382,0.010629812619194523
11560431,0.11721120173257055
2438062,0.22597602507500397
2438517,0.042344724152997025
2442084,0.16475311603004744
2449245,0.8273135117767088
2450716,0.13427975273945034
2557350,0.8829904946896691
2557430,0.04385105486377658
2568971,0.12533197166310592
4284147,0.07178780919398807
4349935,0.06468043911008658
4352168,0.1370261160715901
4356621,0.06951088215066961
4357985,0.22350747849459332
4367544,0.05122056719944701
4372410,0.016376082649885684
4372620,0.956699548385862
4372961,0.2979034557825316
5119143,0.16487348827629966
5125048,0.028271651314725303
5126627,0.1876676898690998
5130890,0.14865630307921404
5164794,0.22624094422532734
5171707,0.7725607833846935
5172274,0.23124835847866687
5174492,0.25339268568365025
6068947,0.11212257522852158
6103049,0.2501076951510161
6109688,0.10580244785709286
6111011,0.731991218444963
6128141,0.17852334948428064
6128245,0.7954151842372547
6131659,0.2984446799180298
6146838,0.030761960771339303
6950275,0.15392067671242352
6953219,0.2723541886604582
6956176,0.8278148407739107
6962018,0.08470324571091292
6965293,0.1114364410450732
6967430,0.28629158010153427
7009828,0.07662455818923483
7025851,0.08274095893325485
7870250,0.019347914686948277
7871395,0.058217469767838946
7885518,0.0839660977407847
7885570,0.17530715008842726
7886329,0.26746751748177083
7902204,0.7091357746033344
7919653,0.17618303614770567
7938468,0.19638612025441332
8560861,0.15955110005348488
8565900,0.01880735455521196
8566113,0.7709445777351555
8569819,0.29582959876429205
8574270,0.1954137793248195
8581658,0.2785851895078701
8590527,0.05714001224431327
8604993,0.11365107806463723
8608490,0.21674898251166014
9579789,0.2930299731593496
9581498,0.17374254930030691
9588862,0.8910967710445475
9592855,0.15111304866076802
9596064,0.9545660982439281
9596187,0.18052016187212871
9596892,0.7025938025549966
9597095,0.26921344100993766
10450504,0.7917383091261906
10454401,0.1551481229349059
10462826,0.05958886465450324
10464199,0.8610821733314357
10468514,0.051001502243015896
10471113,0.011788029014563398
10481054,0.08576416531284928
10486425,0.20214481221640485
11560447,0.2332108752286385
11601357,0.2528443145094117
11602794,0.90550537262755
11615481,0.10553710043709807
11616200,0.20911519334561254
11616631,0.09776126113751998
11616663,0.16833016990712216
11618798,0.1058497545893356
2570505,0.23165008047996663
2570767,0.28067169906837336
2571075,0.08368532841456901
2576692,0.11505594036095332
2580872,0.2976603131684595
2583777,0.26581504449580834
2693092,0.022339361811711214
2708156,0.18456565988050386
2708172,0.2547159942069085
4375101,0.09494250566171483
4380283,0.17665999851918182
4384793,0.2640332404636423
4445630,0.16613504545451688
4446411,0.07589123546844757
4454219,0.026299751653029793
4456622,0.23560865714548918
4482738,0.180177989211103
4484312,0.2104906899103354
5174920,0.07249015053517441
5181455,0.29896547553064223
5193386,0.02049514958486849
5193439,0.86395643192079
5196851,0.07723718079635937
5199978,0.1738910705281685
5211470,0.04360900023097707
5215508,0.9750722976714197
6147573,0.21332562342894185
6152521,0.17369527252644806
6185717,0.19959575846554395
6187508,0.8197955835506946
6205460,0.19525633549297705
6206751,0.25441877187314427
6207053,0.20580488863865695
6209225,0.7505825850693884
6220470,0.2841580458308895
7031132,0.11094016758527926
7031732,0.04327726342541727
7031767,0.03785043194996853
7031948,0.2625614606460656
7031992,0.21539628501878655
7032117,0.11658954759430419
7032174,0.2389861058614643
7032383,0.28619601806041706
7939761,0.9612198411079826
7943535,0.22860986901704392
7947631,0.13420515298587493
7950775,0.29450849755046093
7955301,0.011192987774644829
7960295,0.10381657014102559
7960547,0.26774835813064435
7967100,0.27080614310747825
8610483,0.23966048261707548
8613446,0.750099763646006
8618226,0.12593792602008394
8621026,0.18290814169490513
8624860,0.9588322149333994
8625408,0.9735165344808383
8686442,0.794893390724581
8690001,0.08429229489803253
8693536,0.7661812284752101
9597854,0.10475793526522746
9602431,0.23860601521973485
9602538,0.015957017594923073
9630640,0.05159251500057554
9635520,0.8778410683047714
9635529,0.24060102416058599
9637299,0.2635713034745542
9639106,0.8681112334530674
9640123,0.8792690075613898
10490960,0.08803489917649389
10491031,0.2714679128442643
10535807,0.29738438837838227
10535858,0.2966456476433748
10546063,0.8429085304186967
10547685,0.27376849855092233
10549576,0.02343657223823445
10552700,0.0708852330346214
11619964,0.04095780034638491
11650543,0.852661099057583
11651105,0.24430606696007384
11662440,0.11032286197486717
11671646,0.745754789291176
11672354,0.9565104938616773
11704044,0.053420619136399755
11706658,0.2001509642615083
2708445,0.17235797070786812
2708614,0.13207202999544534
2711114,0.2006645481203276
2716979,0.7605412829159667
2720354,0.12945766778611642
2834463,0.9404981887374454
2852560,0.2963095357364395
2856960,0.1626068543052116
4484356,0.2924524659381422
4489844,0.29221931493150294
4540632,0.2357305448191505
4544623,0.04139191679867859
4565985,0.03610999043936429
4567118,0.8356764129807546
4569590,0.263148911476506
4574310,0.16397514891635126
4575824,0.1926327651233043
5216727,0.2110699155085195
5218014,0.29517410358419793
5255552,0.2521183112907281
5263167,0.9493120671827424
5266937,0.1300117172344768
5269407,0.2880703372361886
5271803,0.20378703438101853
5272571,0.17503728911682204
6228703,0.15976849797720638
6231401,0.19596793227660844
6265961,0.7593103260222405
6279823,0.23931229962005107
6283224,0.29821336097964896
6285094,0.10896218710236727
6285396,0.2084765347634453
6285397,0.25689118547394757
7032968,0.16375834324418934
7033713,0.0557312650236297
7033748,0.03092955431287358
7049486,0.15452809175204885
7050754,0.1420556835492506
7090801,0.05050333588915119
7097571,0.21302352740730257
7103300,0.7630903970613115
7970629,0.27050364380891234
7970760,0.21265584504210422
7971389,0.022030547756213402
7976136,0.01169437408899119
7976435,0.2051715611692584
7985167,0.2900581045578206
7987749,0.19326475287995892
8007675,0.7884850686526026
8700506,0.01809029987703972
8701327,0.0746772852302286
8711548,0.12721733336517818
8713828,0.2661026669957634
8719897,0.09673550867104229
8736245,0.05495447162433904
8738115,0.29529066667209175
8739209,0.08352018494947785
8746310,0.03234845340549397
9640921,0.13037644868663342
9640921,0.09346486265204312
9641031,0.0848777342886694
9641103,0.1779511558218905
9644411,0.05104306974070744
9644683,0.09220233910505886
9651602,0.7674218532266411
9652166,0.1911311211283143
10556578,0.053151135481005814
10583181,0.23217926613156353
10586619,0.8112899098009626
10592163,0.2378084604219861
10597164,0.2282364605371654
10601538,0.05876107436774671
10601579,0.01191164178757546
10613718,0.09397490061187248
8557246,0.23481595536429117
11709022,0.26643003180198255
11724091,0.23455643095911152
11757422,0.017067727516385627
11763910,0.20023649415781677
11768970,0.15982243967373513
11773625,0.946122010653311
11775530,0.09143252144385881
11811454,0.1030774005930958
8560280,0.10957342282946606
2860594,0.19630521555687236
2860788,0.053289680730050866
2969638,0.2817062581776335
2970670,0.9707675660836605
2973509,0.2511752372410045
2994092,0.7497072839380655
2998124,0.032089286585557625
3098194,0.14386549111292488
4578594,0.1888599327405132
4587448,0.20013223777220646
4633434,0.23486635050265758
4661634,0.22064169695910027
4665989,0.19130467570988366
4671584,0.25609303502962355
4678171,0.043629520672604484
4681152,0.12724936565673634
4725292,0.1556224034716709
8297017,0.9814886200748709
5282656,0.22999011840128097
5284133,0.16026378097491684
5285607,0.07563068170828909
5286786,0.019819930159571755
5288543,0.275082812341004
5294739,0.19300818140199727
5295206,0.9178370141272614
5298620,0.19609494958874119
5300878,0.05671135138100092
6292732,0.2881770801674877
6307000,0.7460231320636421
6311637,0.28774011377389747
6345758,0.774327846591334
6364126,0.06855592737752195
6364195,0.12164377274419125
6364200,0.05602424891551729
6364247,0.23662361904601642
7105574,0.09755845541080291
7115200,0.17946764265611181
7115332,0.01017305351050057
7115463,0.0651175955236013
7115597,0.26174162091635755
7115878,0.029357202371427457
7116043,0.22815551727554595
7116226,0.17513930066755493
8008128,0.28937323155022987
8009500,0.2945844180737128
8013289,0.1532994238833935
8016214,0.030997458377553626
8016692,0.9141906072386891
8027902,0.1953646160198551
8039925,0.19351446658826424
8042644,0.7972092840681807
8081389,0.02725494895572398
8750094,0.27522507635587307
8758161,0.2053582213891918
8760760,0.8723111985098017
8767034,0.25967203985134574
8773948,0.21023694405708337
8784288,0.23124373469274934
8804358,0.15619790442793097
8807057,0.9881488840340485
8508493,0.2812182318841033
9652632,0.09537807972846322
9655424,0.2800577762355352
9657636,0.28854676664731116
9658089,0.7411282697795629
9665503,0.2282291262231466
9673173,0.29703076293319297
9674320,0.7261961170460602
9693803,0.7122990299407269
9711751,0.037817797864340266
10619109,0.06427623344280238
10646620,0.10342331819426968
10649230,0.29606863418755225
10659624,0.8205901488620716
10661913,0.2967410431004916
10661976,0.2639660510802826
10662021,0.18474839784863345
10665228,0.7333960663330785
8560927,0.0762677843872694
11817750,0.15213661901427403
11825996,0.9284495978846133
11854636,0.9046916250919722
11855538,0.11454703530106965
11858541,0.021152760296077152
11873166,0.19163426808850736
11873171,0.17257026903193348
11904704,0.8791071703655439
3102024,0.16196375019243817
3110937,0.02842395816157372
3115480,0.06466707359887972
3120320,0.2564293225861065
3127817,0.03579796769235934
3228740,0.2269786635683879
3230206,0.02042306249495748
3230227,0.1747552463453521
4729553,0.07933391771659735
4736208,0.04658024736585538
4737302,0.24716430683344534
4739194,0.14026646944166898
4739565,0.13462091609825794
4740688,0.08741366307904815
4753988,0.21247051459757602
4757331,0.05310227100683389
5301955,0.11326048218736827
5306862,0.11611329925087333
5307574,0.29533283260135496
5308778,0.14539222213499847
5310435,0.2080762377050369
5343976,0.20693241158836786
5347537,0.2864345863032253
5347784,0.08002326393542764
6364294,0.24068896660064534
6367439,0.10549210118661799
6367628,0.22060939982743005
6368222,0.9592315957361337
6372268,0.9203394592389706
6384840,0.2873209702897651
6386784,0.21953653524244066
6390236,0.01294149021195777
6421188,0.23415446867847362
7116236,0.034780551374420245
7117513,0.11663011955131984
7117541,0.03748804590775664
7118545,0.26300138521635835
7125636,0.2615498037253352
7128918,0.19242487675032574
7132015,0.28583162743556834
7135549,0.9011073621114092
8088354,0.045147534805319425
8091197,0.7243213166896062
8094140,0.1807884512370109
8094221,0.19443407879863145
8097825,0.057404916252675964
8098300,0.19942512088693837
8098515,0.11210361920893017
8098960,0.8964314006425915
8104436,0.036174204779766406
8815279,0.73082253495752
8822585,0.21859471033549516
8823397,0.015135872679561305
8841616,0.04417179562660927
8845221,0.15335781361041964
8845552,0.9683396406495192
8848104,0.17178917297981053
8848115,0.027341081350535944
8868657,0.033541528053160845
9726452,0.8199913122780189
9762514,0.29674101605620207
9762519,0.17244352928668666
9777062,0.059845721261338324
9786821,0.15240602262868636
9790965,0.1297500657707353
9790965,0.9141719027568711
9811915,0.7236668760975699
9818732,0.12508690495165087
10665749,0.9801259978955723
10670112,0.7487579596728993
10680424,0.802757626527296
10685175,0.20469918356233716
10686876,0.28220980842454674
10686930,0.19288280966509888
10711913,0.07068491359382084
10732401,0.1603710610624882
11906217,0.03473817338326525
11913052,0.0685222197465715
11913071,0.17582149425679722
11918482,0.22097381738936567
11922648,0.11209769511212257
11922782,0.19181268990962136
11923819,0.26420518403940996
11959569,0.13706479873669944
11966557,0.25018612898944464
5897826,0.7330666757881692
3240158,0.7996742019018822
2837111,0.7678917282658091
3241619,0.205590866062761
3241662,0.19640656646678128
3245000,0.09549280820620035
3246867,0.7622754946562998
3247294,0.1771122469973833
3248332,0.16101973862928226
3249334,0.7732767309280076
3323289,0.08954589170350531
3324069,0.8832159334506615
4758350,0.0761573720298038
4758368,0.033681038435827
4760959,0.701799330998176
4764969,0.7105868673317554
4768756,0.1706912494796169
4769824,0.23232801023657002
4773155,0.18080940115495323
4830859,0.8744243761744926
4832273,0.2708304191874932
5353938,0.8515280785654498
5359678,0.03355347952779423
5380812,0.7657495184303759
5385469,0.1665044301252438
5385647,0.2413924603088123
5385667,0.04486440521124196
5388229,0.19673422337498808
5389184,0.2876065407585214
6421483,0.067389683091545
6421937,0.12022067879806385
6423922,0.8590488536311764
6428942,0.11127959095288258
6436505,0.80078525149205
6437993,0.2662591943022373
6442246,0.1294900126549552
6443392,0.1809548002650419
7137798,0.04231985007637804
7177553,0.13752883488897177
7177892,0.29830253026766024
7185487,0.16870307485906935
7198648,0.08199819928076009
7199935,0.11763958613502355
7200102,0.2637088061411743
7200225,0.12472500845876235
8488381,0.7244013252909189
8111622,0.07356721540677622
8112013,0.2750238294168587
8115647,0.7785179556762885
8120820,0.8118919398241574
8123170,0.030596857623854522
8123937,0.16408911095610007
8128965,0.04786407805612352
8129189,0.2613495660521595
8878681,0.04603550625175304
8879427,0.018274761038901327
8879915,0.26458463474210414
8881169,0.7378824678208431
8890996,0.25546233152429904
8906676,0.2595639851400069
8938628,0.161713565045989
8940961,0.03453197960683745
8953278,0.805150487566108
9821078,0.1822355704322263
9821428,0.9435375046318901
9837013,0.7756600475438764
9848420,0.27543312009444115
9850387,0.27075931180350893
9850912,0.08113774358855386
9852050,0.11141585335605197
9873869,0.1357918618823519
10736223,0.07271611370495258
10736489,0.9257104797852997
10743600,0.0933794937768192
10751908,0.7856576227790472
10753734,0.12434876560182748
10794242,0.20775329548724183
10794405,0.19814067844302177
10809677,0.2604350742192454
10812541,0.9181759020897411
11967004,0.12358857595678148
11968490,0.1271547956524016
11970288,0.17247280197589526
12004679,0.09566749808694043
12004680,0.051157025363769024
12004689,0.2955777250732668
12013615,0.03838430587566035
12016243,0.879475039599689
12022517,0.09078925373950215
6307521,0.19170021485246852
7037540,0.28696109831070443
11129738,0.7355601246488175
10028792,0.7455696545783033
4860678,0.8501506370950371
5531953,0.8324233048306146
4349442,0.19065167931541857
7765528,0.9610311329194765
3327980,0.10696215286247543
3329643,0.05068193084818619
3335816,0.19452685696229594
3337438,0.2075406612668204
3337548,0.1543082109275096
3339538,0.15873957422497462
3341934,0.2596160391448247
3343866,0.1685025946953017
4839180,0.10156364563394493
4840263,0.1913660696014759
4840818,0.12050170423844413
4847832,0.23815736483498615
4851217,0.26600669511429315
4851338,0.2940038073549158
4851356,0.06587758815602568
4862332,0.06132170659931139
4862625,0.16001445251989746
5393558,0.23098811245176182
5397905,0.2915111954692217
5444392,0.25350464416263857
5456979,0.8836723414650354
5460835,0.03484411123104303
5462901,0.2406805572902302
5466109,0.814815154663504
5471010,0.21417682199891613
6447326,0.10556434363430503
6448768,0.13940498116115563
6449291,0.07243937600991388
6449552,0.26500332445344665
6452742,0.24249241794067333
6464285,0.24483736546428164
6466939,0.22981754881885305
6468938,0.01936204625230241
8429014,0.08627457855639173
7200301,0.11098906069350574
7203179,0.18798237144174873
7203194,0.23480108231149502
7204073,0.20898022121851548
7212722,0.2754488954777774
7217088,0.9814350123569897
7280953,0.011642940741560878
7281217,0.16954477836837997
7281229,0.16696575768774602
8143170,0.06379763417283385
8145789,0.23286312200534856
8145958,0.72525011673092
8155584,0.15357812896249526
8155654,0.7193361691379959
8158324,0.2918630205689303
8162376,0.2172060294715925
8167504,0.7168597878529532
8953281,0.07757117542407398
8953426,0.018808430133367665
8953475,0.030590563721797387
8957572,0.08861727048598293
8958811,0.7038686916810895
8958939,0.943972582691198
8958939,0.986489667262248
8973000,0.14950701205649855
9881258,0.26768052308057955
9899153,0.22648785170747052
9899193,0.037065393760023733
9899410,0.07762885811014017
9899421,0.2578494025982998
9899577,0.25317951221644414
9899583,0.11516522808263889
9906489,0.03757903691898522
10815677,0.8787834203382694
10816107,0.1551517644854615
10843431,0.7784250807644699
10847907,0.1504015963237551
10848097,0.7060020497326576
10849244,0.040198843794884254
10857589,0.08830194269546678
10866969,0.7395502488949801
12022718,0.1340720288232871
12053823,0.045985522863868006
12067960,0.9575487168306891
12071006,0.024626037243276853
12105785,0.2784965304614644
12106875,0.12591532946809827
12157983,0.1144568390739368
12164751,0.14965382679358596
12217907,0.0586648797620648
10028352,0.01597852859932844
6307083,0.8793248290826351
7620413,0.9207222627063403
11705004,0.7803906616082112
2854181,0.8456022847683818
5978559,0.8256116667193412
8838950,0.8768578264119171
6867555,0.9841814924803
12208631,0.7838930352749012
3346543,0.9329884096903713
3352751,0.07872816321681472
3356193,0.8037677932638436
3427776,0.15033167118870847
3437739,0.0859250284969284
3440230,0.22492756184706883
3441340,0.2815161019232404
3448323,0.04224997115460728
4862625,0.11828048854067982
4863369,0.19884301110916966
4863753,0.18760621959378568
4902030,0.13893675552673282
4908495,0.2139366589317248
4912589,0.09293208816159969
4914709,0.1648589787607054
4914737,0.23017788579769305
5471141,0.1271738125236817
5471328,0.14620328698111718
5471415,0.2953471060053376
5471480,0.2649512431760425
5475712,0.17362510703914166
5479973,0.14646759798197007
5513822,0.1658284290818108
5513833,0.15260556869482436
6471229,0.04623182346654068
6471230,0.25807969261457553
6521174,0.17427125825511738
6521542,0.17007755052407267
6522353,0.06572900065769544
6522750,0.10461695216931964
6523216,0.21990348601149176
6531485,0.2957637641029559
6531801,0.11820023901270225
7281356,0.07127712434064237
7281399,0.20370472427307043
7281410,0.26519035620046294
7281616,0.05205896406975733
7281699,0.03308903504505339
7282008,0.08070565311670581
7285616,0.2700627073540117
7335514,0.8788468375162459
8178616,0.17475559780904434
8180290,0.7175268581379979
8183389,0.10097787793065006
8192861,0.07984907801866911
8193315,0.03741898064226989
8195877,0.06581067056510047
8196180,0.09171210477842863
8210721,0.24278436893494507
8977176,0.10303860763391538
9001468,0.05321949041112802
9005854,0.2539360292857024
9007918,0.26332561040800667
9007953,0.14903786253280804
9024857,0.10673458275646494
9025739,0.928578112482721
9029486,0.11573024186973178
9906802,0.10122106080315456
9906841,0.03603961241828677
9909965,0.9895160580933984
9913481,0.24628480552453547
9913798,0.14986201639819516
9932197,0.7377348557705425
9934208,0.29026518003807694
9936698,0.15731293878026326
10867017,0.0503187626496352
10909274,0.190814248659041
10920813,0.2151536340969351
10923260,0.2035161682048435
10924400,0.0657311877943574
10932270,0.9836806807225975
10936427,0.10027144409053387
10937609,0.2785092301769419
10965963,0.07681424160984661
12251779,0.29411427640699206
12268220,0.05907455067346894
12302391,0.1152406143231123
12304728,0.9203503573620512
12306808,0.011453991224425966
12351927,0.13381747674132485
12353633,0.21472643808168435
12353720,0.1416088934142522
8565912,0.11249931739055206
7778767,0.9819573147976501
9026749,0.7291420634626185
10916600,0.7837860224562218
6198182,0.8777429097128275
5695396,0.7588300396032958
6964929,0.9168641440269278
2853828,0.15044085417751707
7008149,0.1919050870702406
3458919,0.034208021197929254
3542573,0.26887612287769497
3543270,0.15742204073685104
3544678,0.011353099484637372
3545626,0.754754181432461
3547178,0.9161890808255475
3548622,0.7845592508643604
3556742,0.15329309876291583
4917014,0.02751931752487887
4931073,0.1748131682126389
4932691,0.14937364371914172
4939265,0.9501467695149888
4940201,0.29326375817050426
4946680,0.038356514579372454
4947726,0.2691859425544298
4948863,0.059889059480005315
8308516,0.8749323503605874
5529501,0.17890136160838155
5529560,0.18922208030000176
5530881,0.19954393613690147
5534476,0.17217696171173474
5534702,0.1599478129779925
5535280,0.09674666809197814
5552808,0.797584472401744
5553624,0.0753575826606447
5564082,0.7014017957431801
6543682,0.07556938104478178
6545018,0.18047537784642992
6548447,0.1086932041859517
6551106,0.9104232711927259
6584167,0.07946298746522355
6584278,0.793588913967472
6590726,0.7815489850943594
6591789,0.22967931123223212
6593363,0.21651507851008822
7336754,0.19360645588136738
7345335,0.7322862863637427
7350067,0.8407987826958383
7362534,0.16571641139878307
7362632,0.10204990705096344
7365447,0.05565189341201169
7366036,0.05012000686085362
7366065,0.06585353280504684
8211521,0.18241081711711224
8227086,0.8059843456332061
8227464,0.7551107184588701
8229048,0.17654050266690582
8231877,0.10402793701176076
8234477,0.14745686693524063
8240109,0.15502045408250234
8240861,0.1327308501897345
9049010,0.23838572954472415
9083503,0.13510081623967807
9085039,0.7691586315337423
9093566,0.2020932502197021
9098590,0.14332196383252752
9098810,0.05189725986098173
9099773,0.9230570492249534
9101208,0.029526952811531088
9943009,0.7552603896588181
9944201,0.9463182175761362
9944421,0.14450683648419582
9945280,0.17706235943971638
9953736,0.2983757859404664
9958053,0.2669719562533399
9959093,0.7018114174026776
9963009,0.059455570098478835
8545603,0.09728369549707512
10976412,0.232979925178276
10979716,0.28593423751515473
10982373,0.0754466568730069
10987439,0.07668898186296376
10989032,0.16105416535737566
10991989,0.17949816584789355
10992733,0.1303781713429889
11019739,0.9589993425385398
12356746,0.016204375593875442
12356914,0.08986632887189198
12365000,0.28474063702320496
12365015,0.24940273361816767
12367017,0.28696219033904147
12367310,0.21249555122275596
12403968,0.25354740549790716
12418662,0.1578811924587358
12418816,0.24968379956767667
8709688,0.9629567280095661
9959492,0.04040098057455507
2716801,0.8821441574810426
3230805,0.7989689037899264
11810124,0.983940009510438
9349757,0.8106362643415791
3219037,0.8271719362863845
9117416,0.7144931945277966
3558803,0.16677355976766475
3634169,0.18752854111172826
3644174,0.09259077345623634
3655326,0.273468324758019
3656322,0.26327889245160097
3656700,0.23994727468565713
3659940,0.10110395013852522
3663494,0.7046267515001626
4949027,0.2490953645859193
4949214,0.27459774860942976
4950341,0.0674388551264491
4950557,0.2144597514102407
4995716,0.9393444236656224
5000179,0.1298269186931066
5017058,0.22496781018938217
5018787,0.19431125098314517
8345473,0.07420395606735306
5597361,0.7023261227893631
5598639,0.2729492713033382
5610698,0.05024339986066776
5616489,0.07726079046284808
5617510,0.7722981091299912
5621294,0.29219305935150136
5621299,0.2840723686288554
5622250,0.0774328816567627
5632781,0.09173658050742615
6594972,0.2412533100836222
6595662,0.11937463293385778
6603765,0.8503237027663493
6606282,0.032977980860551995
6606669,0.2967378513729633
6607610,0.1591003941481505
6610219,0.16502720266622697
6610433,0.2539253727068567
7368103,0.12363574355477329
7369523,0.06543269157314993
7376982,0.12593822540770672
7381580,0.7058825078364203
7381695,0.22286190487826057
7385387,0.07750976751982193
7385478,0.20135407436996572
7421876,0.062360135345532385
8243263,0.06415763635734148
8244295,0.23737064971115468
8248103,0.7685182470831073
8256882,0.734753988242642
8262223,0.08418416879988559
8265520,0.24129361610944827
8265990,0.2766990408336011
8283875,0.7628054999539877
9119405,0.12847960362324495
9150870,0.93929362088894
9156957,0.02911456031881511
9159301,0.08726419956689793
9163674,0.03189628985018956
9164788,0.2556953455749622
9172506,0.08652332622256806
9179531,0.17759422636026992
9963639,0.23703008023437633
9965691,0.1097097124805305
9971475,0.20194391591507355
10000490,0.15886486876387923
10002049,0.7406789563158721
10014702,0.24631867732198076
10019854,0.7154436666133694
10020423,0.2873437045746635
11027270,0.06860743412471457
11027722,0.03812842318892816
11029877,0.17815620032609392
11068630,0.7862123682174478
11071207,0.2606415080859906
11073223,0.2943232886335905
11076279,0.05238437361611564
11092783,0.7366721415853333
11124509,0.20002204269634496
12454800,0.8223571958323529
12458817,0.8891796235654712
12470530,0.029203565149551483
12504353,0.13154637208540776
12506342,0.2806288293643374
12519942,0.8045713878438866
12555616,0.7890773972540385
12557713,0.022710520506488904
9730163,0.7503068574880422
2437112,0.24662949676555765
8719324,0.08568444087576293
5471690,0.17436403542483772
7100673,0.92716406244127
3937814,0.8586065851250508
3937814,0.9312522312043957
4548098,0.8684842340071927
5078025,0.25275366323603954
3733638,0.888263700867129
3746248,0.14905034492633779
3748855,0.8609989957258173
3748855,0.7670375248787872
3757588,0.086925582503567
3764411,0.11223795103219378
3765692,0.8635368521153
3766353,0.1129599085609503
5019567,0.18856116409898696
5021432,0.7354515720360638
5021732,0.04646771123689085
5022440,0.23711606485027004
5022900,0.12813212644118158
5024126,0.13376167969247144
5024268,0.13868461600849016
5024372,0.026685875558195543
5633259,0.9633368198781025
5647638,0.29005094264167686
5653126,0.015865004417214515
5686974,0.09960138545205603
5696909,0.019972898913854904
5697628,0.04573228709224457
5700330,0.2004359943463347
5702770,0.9390568504563845
6614748,0.9382154120257324
6628926,0.8085235417541826
6629156,0.1515844173486
6629588,0.11883294392743697
6636020,0.07573640114538398
6664842,0.9158680376469472
6665064,0.7316553275039328
6670610,0.7384568229867655
7431665,0.23638285511160378
7447895,0.8308170924393758
7455553,0.24905890388865773
7456521,0.011029000811583992
7461314,0.22779548674944575
7461521,0.813290141509206
7499571,0.05548864849724346
7537660,0.8997154373454923
7541502,0.10474016430989701
8285254,0.11076203927908733
8285970,0.18504646840073052
8288719,0.14514379137934294
8294484,0.19332190009388456
8296467,0.08774214123953625
8301013,0.03584547864757288
8302455,0.2688025615972416
8302473,0.21577878560715547
8311864,0.8921554569920396
9181340,0.1993513066649625
9203154,0.9464772542212003
9205993,0.022070017380934174
9207508,0.21908969591953678
9210828,0.1759066970705393
9221627,0.840731125393719
9236858,0.05969784139590483
9243795,0.13748481182296715
9266285,0.20805390603473753
10026136,0.22336420241348914
10026457,0.2573892981145048
10031409,0.10628602975187748
10031526,0.1238053050143037
10031808,0.17826517801905992
10053138,0.8784848295807701
10063044,0.12474581095812141
10066755,0.8255095964361441
10070479,0.9350848677141406
11134079,0.2178168640680171
11137061,0.020186682473214694
11144439,0.1472335743828986
7119481,0.8635086385639679
11147276,0.2503561041740875
11154043,0.14962532983666554
11182260,0.7985832485918426
11187972,0.7741259027681456
4548011,0.11601321176348021
2852941,0.239916871742177
8773015,0.7791122745319016
9883606,0.8977417779849759
9597729,0.2211793869625365
9836563,0.8008909055153232
6508221,0.7604539174793594
9100953,0.8876184214718401
3830820,0.22525930245558412
3831523,0.2816711153592604
3834364,0.022027954087421017
3836413,0.18346225850625858
3836439,0.059633437138110514
3838004,0.22897101928610517
3851134,0.19177323182332176
3851193,0.22848671022078637
9595956,0.13712687358307069
9655792,0.0965825395573228
9970396,0.1400533664622681
10079420,0.7203005524801989
10253638,0.09198713428817701
10267121,0.05871563912532047
10341777,0.18544313436792106
10407271,0.044306749194357974
10471167,0.17380464955700584
10471174,0.1834686484283803
10471345,0.1663480838074186
11296798,0.22062441952209103
11463950,0.1805833544883256
11559304,0.8953810557666451
11621897,0.2994433122169544
12253534,0.2765543284563824
12304202,0.05689529504364891
4735826,0.7434497816546081
9291039,0.040565805175891444
10155321,0.1490283658396571
5003670,0.965294905608356
4953173,0.12902789517634222
8973285,0.9533879506099767
2861126,0.8731503773670389
6363560,0.21451034076700087
7539174,0.20343183293536887
7935997,0.7008673354520872
8105398,0.9501439094880132
10535708,0.16491536075261323
11453930,0.27808551383623004
4737267,0.0448806202255898
5955321,0.26794608969971034
6182093,0.10526847282617743
4758350,0.8275085630052956
4862625,0.8790711175735042
10621666,0.07320374146797455
5211470,0.05827247932117146
6665064,0.018812880563470503
3123418,0.18831282553831719
3458687,0.15972164674092365
3749508,0.22613061504378695
3955867,0.15272321307697245
3965201,0.7112862324314034
4074294,0.12758418033086485
4380560,0.02464729105329032
4384652,0.1438545459035115
7697568,0.20779060251758694
4483235,0.14600051269989872
4662363,0.07775297245856498
4680745,0.12154157070936569
4851195,0.21976763046502162
4862924,0.822028072470357
5024414,0.05046229133929141
5177065,0.12371937513759944
5268955,0.029586754019036002
5271090,0.8201524157456451
5444276,0.7027652306105882
5598645,0.015299975838081008
5696518,0.2398782570919244
5878506,0.8727384879933833
5908086,0.23925282771556408
6307243,0.1185288529402151
6350522,0.1975584847222611
6385302,0.23850214220464827
6443274,0.8728400751953677
6508734,0.03438855614682293
6527050,0.27054680136479603
5602588,0.7182977828502343
6590362,0.14985210128524057
6628740,0.07724513541501102
6876575,0.8678311145729838
7031126,0.2260530489248354
7031208,0.24864851506540525
7031742,0.02782028321053799
7032568,0.2829804089663218
7032687,0.0495399932952067
7115384,0.10889962073893991
7116282,0.24561779069844908
7116859,0.26944763989436704
7133286,0.11124849433792004
7186259,0.24800775511591155
7214090,0.2071396311157132
7281694,0.16629351543815357
7362450,0.08318459537573676
8007262,0.0578447970560284
8096395,0.9591764571541841
8106973,0.09561951068921568
8168509,0.7816890785158074
10397751,0.9166109576630375
8258103,0.2612678006540882
8297319,0.7750454798480404
8423344,0.9598177691741089
8444868,0.9397729289654322
8579684,0.2601036185406606
8649876,0.06454294410222595
8682094,0.8439877096254493
8846809,0.11040912521332077
8868686,0.18262374297336736
9025662,0.12838538676260047
8572936,0.18519548475956357
9837578,0.25689954890972244
7821010,0.04959568907811929
5473556,0.04063962260694156
6504534,0.06945140914119141
6307062,0.08731264726837726
5652983,0.243729933904198
9092897,0.011597568266323946
9246715,0.26386683437245134
9292130,0.1581946282277078
9541144,0.26974064277302034
8677057,0.9307720625564385
8702537,0.7399674467548927
8757213,0.06272839112882114
8880003,0.2248478596184735
8953296,0.01665320875735437
8749844,0.20239359393768497
8962007,0.08462283650273701
8703491,0.024560823414219647
9043947,0.9014973291027284
9079587,0.29890382517785163
8703506,0.19236604437746832
8590776,0.06808385967836734
8761550,0.15827491756079792
8686761,0.18417111240650885
8873450,0.9327993195725426
8880317,0.7277480450120982
8750503,0.22777392883455666
8639155,0.06876830901791353
9021047,0.22503360134879527
8587439,0.11837931459117472
8712863,0.044460553266507
9079915,0.26258466712109896
10208894,0.24164152154660473
10214873,0.015109759069413572
10253977,0.9130473036211058
10268714,0.27142498863022774
10281311,0.06356426681447593
10341876,0.2537661028074404
10351947,0.7979294583826804
10160922,0.9820448655955702
10198225,0.7936395896207178
10214341,0.9527030272774668
10219288,0.29361530525913565
10226343,0.23457187869693202
10263598,0.15580134431460665
10266860,0.2553693120806035
4763020,0.22884652225403304
5128966,0.14750075130691864
5288744,0.20840918148716994
5305225,0.06499143655342947
5598216,0.2743826583257843
5637036,0.10615678386748825
5647008,0.06477836781254406
10385708,0.04814161133108614
10404545,0.26221311750898624
10425070,0.26946212718550944
10425070,0.08546596850588824
10461045,0.13531754414943573
10493253,0.24789386402976143
10515564,0.8530071690185957
10321927,0.23130243768909095
10321972,0.8237650515984434
10322797,0.23959843910584255
10331279,0.9284999770554584
10338529,0.25362149183410165
10340212,0.03245022654338555
10383729,0.010009380844964512
5709226,0.26558069476868995
5775090,0.07043500201717941
5791705,0.08450991157676987
5802205,0.9862596280162147
5812648,0.07476812475676875
5858919,0.7685435282419204
5872139,0.08756266881949841
10519701,0.2856333314952843
10664150,0.2785082583709845
10735575,0.2807637118984861
10753394,0.2424422792298283
10875937,0.1024785805705478
10907307,0.7796852835580909
11087662,0.22468304438471165
10389280,0.15260542172823374
10397315,0.15643603078272622
10403228,0.7259477537520788
10405224,0.0657783377090794
10405482,0.10128148353856731
10405546,0.061977121539511855
10407191,0.9733884597699649
5955197,0.8486688900454832
5955427,0.1486005882091703
5956977,0.2636443559947802
6043574,0.030277091186890204
6049470,0.04939102781944597
6105359,0.01172212273031563
6114140,0.8197431164703776
11099109,0.22537708453565197
11124353,0.2609829667206306
11338091,0.8722327675019138
11400356,0.015301632831767503
11446424,0.9172165043686934
11449696,0.28094536849757945
11456839,0.25803755473416173
10452252,0.8759288036282454
10462462,0.1567914240030354
10470882,0.09099731395499788
10470993,0.05712705887517504
10471005,0.14195149660658873
10471055,0.29728391293527734
10471204,0.09900042300072961
6119605,0.09575446774802991
6230649,0.09152552872642507
6286633,0.1500671526064746
6451125,0.14055962569360836
6507334,0.7082696340681003
6516529,0.13728748220506198
6521526,0.12548966430252198
11501492,0.25882276591703457
11558217,0.15308307818604053
11649292,0.127060637730737
11760931,0.28141481880123825
11854061,0.22458869236937634
11868122,0.10086796429339853
11872364,0.7720273346921994
10471243,0.27433194092508395
10471296,0.10742016937771942
10535886,0.10623472512011932
10535897,0.1655345456668926
10535926,0.0908359444026594
10535991,0.17791188586223505
10536177,0.2769103442916051
6600492,0.09632029696832012
6685403,0.24993146267915436
6846544,0.1858240268972214
6848529,0.1292155550179521
6887321,0.07141076612735289
6953281,0.25854094257791804
7020168,0.12835268421216361
12012872,0.14230794794085386
12069319,0.282230102900532
12121118,0.049255008469578046
12252732,0.11446677986628707
12554051,0.2802467909929109
12554485,0.9852845427007667
12555140,0.2550045033509468
10536241,0.8109444918531654
10614845,0.12708252997904348
10616829,0.23936060750160118
10686909,0.056714700111315984
10730250,0.10887385857774948
10790401,0.8960141748483382
10801951,0.02622732587455974
7049771,0.25241606082691814
7053328,0.2238546875695717
7106437,0.265541929110776
7117050,0.07889262146930384
7185710,0.1448999043592535
7282872,0.24373256919623032
7340624,0.16385529910440516
12647110,0.17264838546075076
12647757,0.8918933014789329
3629119,0.9068596183458787
3662635,0.13112739891029632
3734501,0.2885414809766386
4169315,0.08264830297839058
4446859,0.9667023139961199
9084569,0.8043922160896241
9087580,0.8686061833028443
9099607,0.8405509381120787
10844823,0.9256143714913182
10862284,0.27406091066522315
10862759,0.7498422282001221
10877024,0.2771846599921846
10920281,0.9359080914801872
10920420,0.11552474882448076
11032748,0.8963482715265179
7622473,0.0950058125547576
7662744,0.20070773326983063
7686191,0.2990577986876392
7690521,0.21305095190665785
7747835,0.020624935094311934
7762886,0.04941251518601484
7811537,0.01931474361297321
4566999,0.17625859060397533
4569942,0.1117996066353563
4572728,0.9282201839805825
4772095,0.0508009406190712
4847801,0.15625966868809393
5026023,0.06795991682040509
5098334,0.8643099258575767
9101271,0.14915873753511733
9118340,0.16976160346366317
9142714,0.8771970509112526
9159198,0.05279298693765931
9210820,0.9813359499326835
9227215,0.8532937349061491
9278575,0.9409301749507747
11098004,0.20970161165183182
11135119,0.21422918611178535
11139682,0.8460494763017413
11145726,0.2471394160685476
11152950,0.05601135620034485
11182706,0.7298292211822872
11294822,0.7889070981547903
7811537,0.04054359011713537
7874976,0.07493634047408716
7888957,0.13099804711320837
7900114,0.0534318964907908
7936194,0.2182604725774318
7959310,0.2547989870451051
8012732,0.20326234154044423
5391407,0.012235874830995343
5468555,0.21113646741305536
5638699,0.09662515075043206
5683219,0.9486501799226773
5871116,0.12011483502486175
5956171,0.7977723052813442
6032318,0.11443575198812224
9347066,0.11918743864662651
9390228,0.9473312502085469
9392016,0.23421035673921126
9429631,0.21621129314098284
9469494,0.8766844018502692
9518558,0.02691194970117071
9521317,0.8585684082157943
11296205,0.7669730303538735
11348086,0.07592021013405005
11350634,0.9230191620525036
11357185,0.059153799656099924
11358305,0.9066429486822132
11392362,0.9880982387848842
11443757,0.8468897042222654
8028465,0.01135057012671014
8129641,0.05305175792998559
8226720,0.06435834607808977
8307354,0.033000436156868485
8439949,0.9302040866200234
8527297,0.9430666983088525
8588982,0.28419538298761443
6182508,0.13250562211666178
6195669,0.17492140583322155
6356506,0.9016003575972262
6583107,0.03290206272917966
6681618,0.2768204094060898
6946985,0.2964426192080105
7106438,0.17889424380914015
9529148,0.21546831035666475
9531850,0.25336860502908
9541094,0.16855832603537033
9579753,0.13156576858519897
9588880,0.27659330776854135
9592831,0.07933649630363629
9602658,0.06554957940359643
11453349,0.7695240170100918
11560397,0.09962547710144254
11565903,0.08763797152627872
11601597,0.24693495227656093
11612241,0.2004259599866891
11661803,0.07197362401334867
11661803,0.0764195966722655
8608544,0.2821958382207444
8608544,0.9512192996062441
8618147,0.1821714454545016
8630840,0.2581930139714612
8683144,0.063589796250682
8708961,0.9810591283430902
8740744,0.15585453782264086
7451315,0.029279548470774047
7751294,0.1949634668558449
7832787,0.8954014691550103
8008913,0.16768471494975223
8022520,0.7865137614099347
8108450,0.29764457976955516
8293631,0.24156693893526487
9604563,0.8614482594417152
9639021,0.03489102877823867
9640649,0.8327080484675039
9643210,0.29506718326225917
9650579,0.9301521070092185
9650762,0.9061851632542459
9651155,0.10268249109182284
11709006,0.16289967242397177
11714107,0.7047124456384435
11724094,0.05567071991232092
11774383,0.22631005230052142
11804952,0.26221790886365287
11819135,0.034557943991720845
11904835,0.7702259752537098
8742735,0.10730730375495122
8743244,0.22249351047145838
8743244,0.12467911078432684
8748435,0.14904455886781198
8766268,0.19072826084692335
8808064,0.22571556882876473
8813404,0.16285306646348727
8329346,0.7736474427860278
8637903,0.7851251861952107
8673511,0.9068578903847221
8873674,0.04984670560270813
9011955,0.9134769929171609
9159288,0.8981797138849857
9209808,0.27561079732483956
9656547,0.25116947737711937
9658192,0.16999056999543907
9710611,0.1807123628449094
9710626,0.18936280599653166
9710792,0.15748701218642489
9770983,0.044887714465419594
9777089,0.1034679824492981
11918793,0.21243962598551627
11922290,0.21062341799291265
11966668,0.053267531861141804
11967872,0.2464087007241405
12004656,0.27731895964758774
12008916,0.17325667286373198
12021943,0.07685240254449667
8815031,0.024266293160155824
8821936,0.077585225058824
8832676,0.10436613993912174
8873873,0.7593313391638616
9075882,0.13986862530582336
9084832,0.2148288030928139
9093859,0.15622318738613078
9239670,0.0810959061084625
9388557,0.25066962037113955
9532997,0.25247865763201865
9536836,0.02485692018543676
9592621,0.8809825502477888
10010452,0.06910684693683151
10226420,0.0474344628970062
9777990,0.2593920833116888
9813678,0.16521567477107987
9826551,0.2114803835925128
9838537,0.12384899686898325
9838761,0.2476474238817979
9839062,0.1972615947924969
9851983,0.2876752229038319
12156930,0.818102387693113
12266099,0.9083379620487053
12307496,0.8395349577230082
12419303,0.1626840379581273
12453855,0.18285540703288466
12459808,0.23301710334380046
12602999,0.8177395749746604
9114508,0.037937709331270525
9216810,0.23659574476129253
9268159,0.7347348408639078
9340460,0.19007829377229096
9409493,0.27820239613554715
9468848,0.7146953978768031
9649205,0.16850561837635086
10341781,0.24768074220710037
10459805,0.12825567289267606
10471090,0.14663858216267878
10532751,0.252438955643205
10585887,0.1080055281576055
11867733,0.16128400022448777
11923074,0.10221925719167362
9873004,0.745928811366742
9899216,0.09055830290461539
9899256,0.0535655237125956
9899345,0.9485459036968935
9899621,0.17403755543865412
9899623,0.1577246014315532
9906688,0.7648863534965584
12644020,0.10122046234477984
2010152,0.15539222920991588
2284957,0.9458288058553023
2712825,0.10616995555762118
3443582,0.0955263763324547
3533483,0.2448238592108139
3663850,0.8945699129119351
9771576,0.21939138543959893
9827094,0.1963333532462209
9837720,0.21228387260242165
9873604,0.2957787235611505
9874581,0.21077663606485014
9899449,0.23552554407991452
9962731,0.21754244998750621
12117215,0.20661658002861688
12168280,0.9675933167481752
9912977,0.17426122990690884
9938836,0.9346806635602121
9941425,0.02517327220753645
9959368,0.07924952258852423
9959765,0.05048104417580425
10011213,0.7963588710541609
10014875,0.2364934198887243
3954211,0.0957812009466335
4056579,0.23306184459532334
4276445,0.2505187620616122
4371172,0.23862224281288863
4557341,0.2058579254393987
4645492,0.2963853099501592
4738095,0.2731662480150455
10023069,0.23191223667866234
10028127,0.9541801099171021
10079317,0.27346477262045915
10079481,0.24332676903009118
10081899,0.13403608717149146
10199817,0.1304825111124861
10205598,0.23593350830732898
10031643,0.2225601795607247
10090151,0.28106627337539103
10128825,0.8325520842474533
10147276,0.03910814084452467
10155286,0.974910377258247
10156110,0.10949275312818117
16288184,0.7278914343186704
144065872,0.7326555074513489
66818296,0.8181917427280575
317060587,0.790548685850397
112395568,0.2886247303839866
366989877,0.8861633975324585
320004517,0.7338384662759377
38846515,0.8810082240394753
253990973,0.1070682321102257
299799658,0.7513464324664153
79748331,0.9848884385117307
79748331,0.9878134032839705
7088246,0.8343952848925242
201604954,0.9281107070085286
201642601,0.764738447262773
6663331,0.7904101327392392
31858843,0.9711006855156082
92352620,0.9455163221328555
31858844,0.025713737461477412
120247528,0.9528011033149456
140830390,0.11432516654097048
158297421,0.9594692549774522
351601843,0.9470370988636775
360742636,0.8166863715465219
370133522,0.7807919626280554
50365310,0.07321162590640944
124709665,0.23353959643653208
106997505,0.010777430396988271
238597883,0.10634126047405659
169904935,0.015716012096505444
156115721,0.04963115788202936
440801822,0.2816698408775955
231663901,0.9740009951650064
139853601,0.10219158212597734
97700520,0.26885121835936926
96246348,0.0456634399170796
155044736,0.2258549151339972
175310067,0.2037771283738407
182943944,0.16565050675409396
291555748,0.23738376507930237
149603524,0.7948587332770376
140706664,0.021115247267363198
143994283,0.28880850710816075
238374636,0.21953580679726656
141482386,0.042961587319983174
388624270,0.04437725268866089
447283466,0.11590062902831443
374908020,0.2062834078527343
336732616,0.7730943481281438
464296022,0.06594423421921863
304021498,0.20944620516028034
149601557,0.07393760603751791
400595342,0.11242292550131788
363260203,0.03989001323980912
90544017,0.15813547545978313
231670397,0.8955976410812443
310483807,0.023484626423701575
385624852,0.2933512491512296
90448944,0.10854739904961828
54044474,0.29547686973677395
309787037,0.10216372761851285
370745311,0.07989738967099208
384549882,0.016971221269487597
405862830,0.21863532203275043
269450900,0.14488243706503875
425721385,0.010465859631300057
91576611,0.09232070738411197
97409519,0.9352478277940588
254113311,0.7924148897900136
254113311,0.7389689044280487
267489265,0.15213809245095192
69997672,0.23828822311219602
122220263,0.09107425708928608
154872375,0.7500054108426903
142276270,0.7464670009740941
142276270,0.9647267496258909
142276270,0.9815969908025743
142276270,0.989129733814817
110428269,0.032646666968148726
289793076,0.7511198763877875
380589029,0.8193389787256884
426077080,0.23349003082318662
129319156,0.15767141496552625
29344935,0.7071188183578182
361034196,0.19394267756034145
387079085,0.025257470513200736
382331352,0.028548150397834232
375225453,0.029730145348452502
360630575,0.7840677320973614
360630575,0.9227123752440214
383390264,0.8339041550702344
290348383,0.9316750360547279
281459670,0.7857692386445148
318608749,0.08028033888265872
271581073,0.14246463750360125
311890977,0.1355852673524964
451599528,0.05128745166002504
394561119,0.8613989962530965
295599256,0.016131476992191866
50309953,0.10400020514890206
355703913,0.804279355139045
446549905,0.0620924548823613
412014494,0.10803130581248206
369864738,0.17547087075055914
290348382,0.27885894582006776
90919952,0.10225003971436479
388104525,0.9542513343522359
143257766,0.0726708817149089
24094603,0.2242548358149445
304774444,0.16143159651195985
237185205,0.16655400959130293
89643259,0.0817109914619955
147950620,0.7848110351580208
24364065,0.2581819994780816
203189770,0.8732017208618214
99869022,0.9689446063357771
394137592,0.7341120937419678
288185138,0.21154410852596145
29960110,0.7907199831848682
327017634,0.0918390127212282
23434737,0.8482750140372554
25155310,0.9071195025938106
320525204,0.06834503374149285
159510109,0.2085411340729185
284450803,0.03209323229640543
160268701,0.2377512828106731
28230919,0.9809318428084502
350995812,0.1776511596265209
21755546,0.05016478011080736
288391628,0.25905606242646806
349827430,0.9716897184401163
281541555,0.9833213843844807
16740101,0.7965246308169531
69679391,0.9584761412810765
161450762,0.14965532180816915
117256577,0.06762698498284908
147576037,0.02754837983308197
379931600,0.09013031522794154
48188920,0.0747893542533897
238176110,0.8662536963030686
89510024,0.2070520923082841
158324245,0.989129834229343
16102323,0.20587521578873483
458478250,0.8827825801295204
138361973,0.014160939964762406
232967666,0.1725692609438505
41330864,0.14237006081334164
322307342,0.8197211362089396
294176967,0.15940423834336445
101929303,0.1178939047497807
1717732429,0.25786340244044464
232967440,0.7701907095159188
154089169,0.9110529749752199
30329585,0.17036878412177767
169177766,0.2834750268575192
359496368,0.10892062194698728
266980320,0.9733441469421782
158002130,0.8058368683616105
229510866,0.9631318253563417
341544930,0.14324519173615244
258777137,0.1020434242202147
233087860,0.7040118938943251
83210867,0.05144484973897888
289539327,0.06782447032060276
15247229,0.11401037559774045
447061717,0.9482987255096684
260647166,0.9699106050786317
260647166,0.78182839835262
260647166,0.9155767875889067
260647166,0.8419860014926533
90504905,0.0735071257916044
103633434,0.9777511864718689
120757718,0.7350720764828086
120960812,0.9301022073956857
120960812,0.8421255902301661
153951307,0.9203484844905634
153951307,0.8564313565605473
154716798,0.7417275022538183
158170594,0.7144166834300401
308034948,0.2428442843637326
33878688,0.15359089371007356
399144800,0.05837737599819285
231702397,0.7332948897511318
349095149,0.9521940313123554
382437043,0.14507409014839062
299798795,0.7810547425387423
299798795,0.920987280479306
360156606,0.7595944353846195
300038935,0.8504038483452411
290131778,0.7218908565029604
287156968,0.8318544998051456
163539739,0.7349906593037402
224297258,0.8080710221570424
391949880,0.7487457910347736
236445129,0.7871992111320798
266593143,0.9733892179637134
267561446,0.255837947450494
274662200,0.203424669851626
365733349,0.8547314094883207
408203470,0.19497822968435444
201248411,0.9393931332938117
417676622,0.8420039683145796
219850915,0.74846143071574
230127302,0.9010462674909581
230127302,0.8865205558645634
230127302,0.848144653373776
230127302,0.9450245961140953
232540264,0.926267999230642
232612416,0.8248631878138861
232976128,0.7273938276557104
52368076,0.7221756495449281
52368076,0.9549500693876022
52368076,0.878137928702031
233684822,0.14220690194978425
237222864,0.8877132055368271
274762761,0.1233221796911445
278348461,0.7923596104977757
288735205,0.7875554465877374
70440470,0.9473196941444965
355867695,0.7563204191577894
355867695,0.750047749195809
355867695,0.8356349616247907
424865156,0.7503360974180225
467179528,0.7381711419637852
467179528,0.8254555731716928
158561566,0.7827337997228514
142394656,0.740774587326798
198241702,0.9519742839187073
234523599,0.7474765264713074
237200747,0.22385344292120665
286923464,0.9505534071981895
417948359,0.7668015998569048
445859771,0.9001976197053053
234994474,0.9624155596993568
233681149,0.29445938070547556
233390838,0.09466356168726647
256621916,0.08584899470565804
358631536,0.015776384496579927
1400770435,0.027782753663869585
219852882,0.8748106861730767
219852882,0.8285894614876974
229747848,0.7868141336846176
229747848,0.8726617324300607
229770036,0.08273814787123938
267263253,0.9843942024117527
279177746,0.08920950435208906
199688472,0.01858598806492405
219015370,0.7135779940866435
219852584,0.7359266688110663
219854185,0.7927622132543588
229536616,0.07903026300806493
237104103,0.7839612749301895
258777134,0.019514168544284193
263003176,0.8644743378778067
293687315,0.7412132216204844
356867115,0.9434967101037824
185405474,0.15130930762450803
186000935,0.10664466368179036
232679662,0.13223250213942805
233735068,0.23081980260521545
277014266,0.29996667553853573
287190564,0.06779773935105973
294179389,0.03299663555517816
405904232,0.20469326428699353
11111899,0.1940025149701867
136848581,0.28144956671438937
137284119,0.01936019887655802
15565627,0.2615148321348664
165523947,0.031849388130849435
167098530,0.2094136122945887
89020549,0.8632856904620623
195199644,0.10840966370412186
256886630,0.2718332677167594
266688542,0.23314186366360704
274942910,0.06974176085139092
275111900,0.2873156336025
330332501,0.01795049174136631
345996087,0.17385075155605148
357457104,0.11347129873844275
387664866,0.06144119347889201
387664868,0.23395317071299437
395171208,0.8151749867611113
42123111,0.225949176350624
89759617,0.09478909736732374
92783821,0.09748116566796029
160708862,0.7010931924342724
260128333,0.9725064817943753
269701147,0.7499190555943995
269701147,0.7282081415297792
269701147,0.7191378047758038
387834907,0.24079024136023724
231736113,0.9476243751575204
69747919,0.7431771006568254
364186197,0.7430308402673921
364186197,0.7347203448832847
403224672,0.9454426393598118
199444169,0.9754881793627943
116483514,0.8425927753587267
158025009,0.818995731090575
164173105,0.8260534264179757
365683032,0.2882646865577318
357972447,0.08915408327559268
275501623,0.2664306083830223
416624606,0.11295069491807692
410153553,0.8263856715051883
330468175,0.2273298532586331
230017325,0.18649888937802686
367099243,0.10916632265276643
120602501,0.02477160928099721
129539786,0.270942784260091
136971594,0.2305926431759966
155005217,0.2084306354889387
155114483,0.20435549050375146
164150539,0.2951938190180233
176899385,0.8769669805101322
190430205,0.03443207121583954
190442486,0.228786936100837
190743990,0.2589699262608753
240613164,0.21770777244404202
249812036,0.27829064991036706
274170255,0.05758671187056197
313506357,0.22680672966021923
328167090,0.17106700884626333
329864959,0.16058698306930375
343019899,0.9451005856355341
343442463,0.09448947791966078
346338552,0.9842062213352796
62483237,0.7995487171083542
365389353,0.09271415195087039
389182138,0.15645344807227143
416987878,0.09606416306007412
430528566,0.1920683096375647
431156009,0.26258483231756663
468472950,0.21581121568983608
468845640,0.2872577238379867
64553698,0.15888706969619293
66783360,0.09472681096198109
258801269,0.03710019141959466
259126549,0.2109750169574408
259129875,0.030096911967980533
328750515,0.07666990055119259
343628284,0.9020613118664284
377293776,0.9509290113766163
417931607,0.9540358227963897
420112589,0.9495972037615801
198390247,0.7558594753668457
198390247,0.9065171090212885
199376584,0.8919558377663346
191284318,0.8694433296558247
311035838,0.8694751249772912
321857016,0.8720567399725393
333473672,0.9240438198695428
346418409,0.06539388010309274
128501004,0.0856859346925794
2041563029,0.18897889878381796
377304435,0.018523222460892264
138968089,0.1314932479729064
25375553,0.8867267461767837
293954617,0.7640294387980775
375506058,0.9289796243343869
198356533,0.9607820075974279
229650439,0.8506875066014168
229650439,0.7464761454136242
232982558,0.9846254929325368
261136679,0.8256493520531253
235683377,0.8382345851987196
237232044,0.8637183088348546
258514800,0.8467344422895455
326114850,0.11808838176975182
331034236,0.17517453905815575
64836837,0.10091750667240187
430677414,0.07514395313934615
415741431,0.2841250113573999
272828463,0.2978005603707473
382302241,0.2795227271292976
377739433,0.20316576015491836
376682699,0.2582327769816955
434718964,0.22731144245258922
269509393,0.1869019371023584
270238522,0.14653955883235076
470709084,0.15080844602013568
376637093,0.768482649651639
455962313,0.09530652642729906
427761355,0.879560561995147
272049972,0.2702233525361243
403287048,0.16429468751599352
269238073,0.11656398092079445
355636844,0.12735794425298505
17005768,0.19822922467795476
188768068,0.8548358936833454
190998418,0.8126521426389084
236887394,0.705528710659312
240968774,0.788506228144269
243185500,0.8056091157350548
243185500,0.9629764525270762
283722336,0.8052137974600421
283722336,0.7380293966113834
220435095,0.09964912298778882
284441182,0.7335177466325313
306263608,0.8746775596888599
306263608,0.7105558515552297
306955329,0.8981263628161479
352413427,0.7041580716350332
427654774,0.0993526413257052
432549364,0.8892859228078258
240681314,0.8899872525850534
409794137,0.951807242153105
421308357,0.2859678422555646
393940766,0.7039069326415863
335483600,0.26701491820426493
197650870,0.2557097719396372
452803785,0.18729611766778662
67309890,0.018491407603355728
233541860,0.09917033869200449
354594208,0.12013407266660744
15692883,0.7265184490582781
411608801,0.7158504234542906
431148743,0.228812511481499
384045439,0.03948683308421534
371673488,0.06272022285110326
316402246,0.2188452496576125
414870287,0.1786299798791764
271893367,0.9043484462349691
377420580,0.2115090610596294
329145325,0.21885358164028146
410528770,0.10187927918420676
428065977,0.24777146898852528
292321872,0.2940021940131103
302773669,0.7651317797526467
307111282,0.2551326450252728
316254876,0.257204007169738
327011842,0.14298471721866823
332154944,0.1639639406326815
348135793,0.06565267954251938
354400186,0.2920907987399009
403136413,0.0832393935564492
354469661,0.780737563105464
370759867,0.10594010724107265
374400599,0.060638644494380105
403256331,0.05927884629174143
418987806,0.06350678338703741
444415148,0.21709138512859144
458914949,0.28743855652001393
52041724,0.14431105633308877
366074069,0.2974419525946161
367102581,0.17048141578383558
387413037,0.2946593515315869
314338017,0.27300031833418
276380902,0.15126723215852084
313761775,0.023999137515590456
312259170,0.17046327359163121
312469860,0.21096212398381448
354600221,0.2025900516909002
420288086,0.027660029435653787
445137888,0.10902585705042545
252636888,0.11088970396472046
389525208,0.2279284914939551
318746829,0.2853616455012856
319068154,0.03796211540206473
431585347,0.2535910766939415
127425841,0.10846418659995165
409520860,0.1605994298556189
191146556,0.2590718401758387
241065596,0.28380043361449264
326919774,0.0452417350572979
299158887,0.9150143154488535
441732151,0.12014999924854163
405794804,0.0901031580428982
320506985,0.25957678008032886
117322779,0.1246545174230792
220518305,0.1003573653106213
245462406,0.05664566295031441
249862365,0.153608915576293
256414077,0.2474933265491527
259151170,0.2885190578280798
284050395,0.2868085939234339
285666479,0.07567983346111347
140691463,0.8250571830895099
285674856,0.04713875855453229
285677945,0.018411608532366536
348673213,0.21194430469003095
79395355,0.2431996701449457
396562848,0.7863037417574323
22843856,0.08209713994801812
184679932,0.28276216516658653
154927364,0.025611106916098775
116608612,0.2527726059297595
350743714,0.20188249586435114
122485078,0.08620820337635547
138168780,0.9603048802581469
154867950,0.05795334736387474
71854745,0.1664879349240162
82010657,0.24322918731342813
186599508,0.10283363941264616
192372961,0.16208112321120643
201154493,0.08177248109029858
385105624,0.28812526523984033
431899140,0.26145628937044524
68152139,0.22793346014157673
129979528,0.817377057414032
253917293,0.2552576261243666
187029841,0.26782922264499326
139375960,0.7122261101251746
73448352,0.8529298921433883
118301361,0.24002812807772203
101037590,0.7645987026069071
26433869,0.2312036515843522
138017750,0.2507206524348815
264678534,0.7839808430653707
268403451,0.9843613104461795
272625214,0.1958334183905533
317397615,0.16569298856070044
317507345,0.03997648916748715
322202434,0.29465927604136627
376838000,0.12226235050282265
377144784,0.03816458810052108
388076005,0.20066540131745222
407394748,0.2213902178491784
461387302,0.13654862862275047
470852531,0.22259592775702902
157586003,0.9055931446206502
424435940,0.8192662597123055
284475976,0.7298039002606593
310003988,0.924828200523007
179317684,0.7409514559233976
317597583,0.8051656731971792
51024887,0.06650879486486766
201186294,0.914473123557493
230086768,0.09917857508530113
269892793,0.21770511151340236
286355915,0.016426544444620536
28900646,0.8399877000483714
121966220,0.05717944704072264
183120439,0.8687641322025123
267574918,0.7759886013701186
268334473,0.858297234644344
353475866,0.8485627346695782
396740648,0.802251204135926
422756130,0.8551473555347222
470381900,0.9140328595467807
27677846,0.24898672493464974
286561122,0.02655063078659689
288631580,0.944216615560255
311121985,0.274247500923275
312122956,0.08987906947114262
339538183,0.29087041967370164
353367071,0.25762517532134893
354006740,0.058693736411685356
368536386,0.08721355593795609
409183335,0.08569724155169953
417705690,0.126225219048262
428679607,0.8922957018223879
441739020,0.8497840362895005
441739020,0.7870524558481665
468828873,0.18099557363819258
470315428,0.25815074794133125
73104318,0.11363303349512124
8400842,0.953571963085815
96291218,0.19569772145726055
9837861,0.061957488958824865
259168516,0.7763793517227892
367366318,0.8252684381134481
58542531,0.9583453686165881
425997655,0.7195511921666073
425997655,0.7778851781309872
425997655,0.70945069028547
425997655,0.9749782784748237
425997655,0.9533872083715398
219857012,0.899687404194771
219860288,0.7428642333632499
229455001,0.9723350202091404
233602827,0.9052417091494471
233602827,0.9348964997913283
23650642,0.230893453500126
371210825,0.2760276830353725
95129101,0.19104668537159433
137500798,0.25408645352260467
240148934,0.28970813470291346
309257814,0.2303839114895859
445805961,0.8931584733708738
461662295,0.04424678472781507
67926921,0.10432242919491272
239154970,0.9344475878610337
142090065,0.04397342663324171
14336130,0.8088283584659046
29857954,0.8281213963549026
356473034,0.7624954044976486
51234631,0.8265405972634271
71431780,0.9783830798304427
81212286,0.24667158756970609
86396382,0.9734431802107533
130181866,0.8321196606876587
130181866,0.9138673160001685
285048486,0.9201439428237246
298666530,0.28864783855162246
371234684,0.7575542378711686
53427308,0.23135012593633203
408618999,0.9018135035124524
159418353,0.7273904006691453
86280613,0.13329105041411604
450327768,0.14018956146105238
172518755,0.7198016067961217
207141131,0.8795943942316456
304142124,0.9690882581380404
286916251,0.7632039161791876
135083444,0.10999028778551281
138819293,0.8029609386643343
368435330,0.8341265844583075
368435330,0.9549895516182282
233602827,0.9097056815167324
307210830,0.8232634445978343
307210830,0.7811521628590817
307210830,0.8770624325333948
287080092,0.9051971074227538
289580577,0.8140205284797798
367858035,0.8703108363682226
408636441,0.7115284844793737
272086159,0.10261283922238551
420112587,0.08444242183563384
67666096,0.7281336272231563
8767448,0.7495527871720338
137906197,0.9202363562330823
262530407,0.8333808062530202
457138169,0.10053229861600928
252479260,0.7853127365387079
85293053,0.7688812166433036
332064670,0.8546237012517268
4897275,0.7622512690041634
9348006,0.8421409020474714
21535395,0.8848125818074529
29191624,0.9190467595973748
39699648,0.9253924433216911
67646988,0.8794901880717694
251848941,0.9671904183366518
251848941,0.8400347631273308
251848941,0.9869954124137634
251848941,0.7987163174933879
251848941,0.8562771444171682
99834717,0.8136431874242985
137881699,0.715127775487776
160045097,0.736995840065798
160045097,0.8139275329751753
207468071,0.239040944515035
162689341,0.8243998561994539
300871545,0.07828698291444121
165987272,0.7996184541301803
168699373,0.7519012672344959
404505029,0.8883602604765584
258871793,0.08309746606479208
198108326,0.8554654859074421
198385543,0.9376125634495492
54002556,0.7228392305666936
219824469,0.14840782869528021
100100827,0.8251845354498619
198153540,0.8416352763156008
198153540,0.9572339495971871
8967242,0.7835587962735773
17993892,0.9637043858262908
119584412,0.70613955377135
166648874,0.9578196841952544
180695581,0.9647194303748902
307734817,0.18673121670400755
347329162,0.7242666123297237
76923707,0.948750073324038
373693175,0.7382073696128484
376524552,0.9389545849970291
377290815,0.07497852957802943
233720539,0.11684267843125482
393831507,0.9158942764562721
82308728,0.713578190388303
142381532,0.9206619690864015
142387023,0.9364766134416249
229400092,0.8168603337903713
390651552,0.735107066979431
232982938,0.8904513939313902
183979262,0.05109651835621567
20182165,0.2883039715026639
61098812,0.8805745065519541
207468071,0.8878499239610875
260849386,0.13493794366897183
293435336,0.9399521412225046
142087638,0.046208755450144884
142087638,0.26920150851101865
212957629,0.7305341018186764
153078576,0.7443630127611539
77031414,0.7714061979386039
122612091,0.7576293762267933
162802770,0.9469620275019974
448589187,0.7751850381259849
152852327,0.8520817107047556
159951311,0.8536232725708097
29830212,0.1919648218272294
334911765,0.11991797138706366
302659412,0.22021575399212476
400323948,0.15653639800239613
141663464,0.2817125548285617
190271688,0.1675629850298671
295354126,0.07437284911953285
293708935,0.2026626288507667
441462736,0.7643588009471507
298663873,0.7762868497353276
268823307,0.9719925009989172
176956893,0.9851265962048623
260609205,0.05805859159080926
401604346,0.9065556415770978
271478281,0.8218898689582159
10837041,0.8338710909027245
206498307,0.05773944567421863
237320326,0.9234919286420645
237922465,0.7861049853098449
49617263,0.19045658383142636
65347776,0.2437574098155331
120585579,0.01772076779444106
268532343,0.9641479955396923
70524163,0.9758214962955218
313891529,0.29785431904045967
164767175,0.7654726666935128
164767175,0.7791378503272754
277871306,0.15984288795208346
348684813,0.2864440995348382
348835438,0.9702201719827349
166836920,0.7007240941053652
253132689,0.24652114156129235
467281353,0.12249785596847672
383531859,0.25394401227241514
458856474,0.19485894014687496
458857720,0.09345106842854545
12421862,0.8445309124026017
127793615,0.14065703273833427
89535068,0.1700885983446425
162246865,0.2613835261909694
372172128,0.9405990663192993
389352124,0.7726222538139522
100566492,0.9278054694941773
369455629,0.9574512644748583
150098860,0.7263282802008298
358107516,0.9148661115639549
467971286,0.8642934486802931
260298958,0.09454554385292506
381856447,0.9108351869031628
90850770,0.9671835149728021
142937186,0.984486620388786
258804746,0.9557807005262782
686072378,0.15681991546133653
118327550,0.8844729139240755
190081497,0.29437483772433026
179033846,0.195262943455528
219366908,0.29255950274105785
161156159,0.10727461944143898
324395151,0.0429451215584651
309792357,0.8901630648412657
457939414,0.255963830726967
82707763,0.19443419495771463
147340931,0.1876207958243147
453464017,0.29817719057343034
445903569,0.830291849340089
275384718,0.09294796387488251
429295277,0.21429112004193412
410214986,0.7732971450257438
371188886,0.9151445616031637
371188886,0.9577074147660163
356453768,0.04426576029364567
316937670,0.21338797680288066
212253390,0.9132605616011129
425561347,0.7112887948719228
144440290,0.01732947238272092
441420236,0.8362838112977495
168871868,0.2353732297276582
318753380,0.9660453437517538
439867639,0.8169750674371438
1167538,0.9272256844536652
231721005,0.17013558295732503
170729775,0.8176314848227851
4294779,0.10097133557805985
219208037,0.24183109695101104
220479565,0.7514244549697751
259377017,0.7654845577073497
259377017,0.7662670137244371
259377017,0.9890622236872064
439610306,0.2793026582021441
70887357,0.25315180070994275
350618622,0.853984702141209
26547036,0.7317164075319291
136916387,0.8369015164606564
136916387,0.9410090719649234
136916387,0.7248923868888283
138294130,0.9812788286876699
188589164,0.9247491213889059
198588220,0.7208187228537358
368287008,0.7033920170212323
61733521,0.1698135880251572
129432342,0.10229869679034902
394722182,0.7524268742913701
389238529,0.27422624936008894
388130235,0.1914364817149965
449197831,0.8457263512373983
192790476,0.7011019108886214
158623531,0.9668093235008713
411839167,0.8322972098460232
32949762,0.7810258246812064
293612446,0.8762439554514623
31114545,0.2740731693850321
117843067,0.10091173786135649
455036659,0.7729753316018758
452810327,0.22654202183912436
332660287,0.046268959451558754
332534326,0.9583806211468997
269077474,0.24468832849980632
176314383,0.8518661663167625
268766053,0.9645987309768258
357416482,0.10949690982272223
357501308,0.9347789611771546
159781361,0.7936799929809177
39903405,0.7210504525350062
236312126,0.7933749739292771
11996814,0.07326796877961518
255930614,0.9457305601415816
394050135,0.9889916369083623
335996558,0.2773627061155556
336456596,0.26279185784485226
445254275,0.11893148850118095
98494121,0.29858450418864274
349786918,0.23352331084516692
152714791,0.07993905755142938
264303333,0.15820880956482078
160148385,0.804893479447825
373453507,0.06889253893288692
1449756,0.10301698717972059
219151731,0.061146039001300494
328934463,0.813217999844055
134315574,0.036283967733887285
382188882,0.028780526280831165
130611752,0.18876593452403317
443556801,0.8025829345949923
439456714,0.9868059088500076
437893926,0.1832315405936767
427279997,0.09854450507101423
54364414,0.16630402930761903
269424395,0.17632749432892145
270333769,0.09079104253567255
198485881,0.9425873679817576
219821826,0.03710070402939097
47484268,0.2902538904603968
232568235,0.7264897396160828
8348911,0.729317241694031
459837008,0.7840836334494851
459837008,0.8251009848160002
282498590,0.2789424622228784
97568467,0.892113648236695
263179590,0.8527088939492593
279740441,0.043189977713118846
34466256,0.2667696245104858
91869778,0.10827750487355217
468574941,0.9359744420965155
363761216,0.11248292629308851
159873822,0.734456930154939
1100766816,0.07270838119547063
315755496,0.1016173609402182
378355116,0.012249545233533778
326732851,0.2509081765706377
403308915,0.08524420999360192
55650590,0.8427223649417535
285542903,0.1006417744621822
327577308,0.1576801032207356
289164482,0.8925407042841238
77044471,0.7867213939990005
184240683,0.838626905020223
52689469,0.8861495801494284
124778445,0.9075357675569947
224225541,0.944153289526025
170103435,0.08547430647075897
124702477,0.05162112905645994
281979481,0.11223978377149593
280212554,0.05759146076257974
279989567,0.2773415762632493
148233571,0.070232989002042
373785851,0.035784788440822515
115524421,0.7764057749534425
141663460,0.1348855529031887
417931300,0.902497032543156
260271203,0.2220385224799989
27491137,0.7405019490342397
27491137,0.7912796808332888
115446313,0.2821918958474456
329148988,0.9002822473883075
120610833,0.7627640122428616
48178229,0.28770963929575477
169249234,0.925492270604156
149601126,0.7062882581079848
149601126,0.979416812180504
269333648,0.9854001616070984
36574157,0.11253912807396493
319735319,0.07117930531507027
302766000,0.15202326228954272
251209368,0.06879334722645734
27491137,0.8162457442091128
321669174,0.7324070630227498
441738827,0.816521623057781
441738827,0.1422236254497022
197959526,0.290375548750205
399967279,0.9254342940178032
270604417,0.7289788972097095
341419787,0.2137020273581623
149845414,0.8762236082811973
73540072,0.7762383188117536
81247740,0.7439516198556255
224313733,0.05456079200968654
229742722,0.9633810186441483
279741379,0.7683665335358832
279741379,0.9735413672331191
202426247,0.937587169635436
321668398,0.8086042261504273
356919658,0.15192869512728277
229791084,0.8994924433645324
441765914,0.7993567912497631
235678745,0.8587009244972925
235678745,0.9585203312142294
142748283,0.724183297860981
142748283,0.7704846904537932
279982557,0.21360714876207182
230386397,0.24604684076617483
204376737,0.9640558755886105
61980227,0.15181021122557678
274599700,0.24294399256087304
349488688,0.7748279806370116
349488688,0.9258286870442592
402026209,0.7449083174993845
207501148,0.12320618678387107
300812741,0.9473209801535758
444013020,0.7675376775968917
350293646,0.8752139807216173
350293646,0.8451046265065225
204317710,0.9604783721770167
294500964,0.05452557992450368
144043410,0.062088417985319534
155491828,0.1033111048050202
92226327,0.7047245572837597
400476523,0.05510248230543647
233503636,0.21043432450791824
233497719,0.1941997345475304
393911494,0.06146036676437978
446549906,0.9827543404427552
300812741,0.9554148106494682
293527670,0.18835672039606308
394287035,0.8547203244311626
180991313,0.7489574287233933
88902249,0.8832421825775935
230001847,0.8546765980888011
92226327,0.918671818446008
258920431,0.9380239441196156
200723869,0.8561817913414678
239816546,0.8841671487678511
239638934,0.128479071141856
59859387,0.025074241763194713
348755728,0.9589800539837121
258510872,0.783300834549617
459997997,0.02097300726601589
392476080,0.8265785749554306
356235833,0.01359154215324284
1400212743,0.25336492370702024
54464870,0.08917982475886355
422838133,0.16035790401820488
279212407,0.10486722817395122
17416749,0.1854245043364582
236387002,0.7653077274394691
389900760,0.7192374594208278
311408969,0.9857826481005236
24358417,0.7253810056468128
29959761,0.061497201543187885
100267480,0.1664904341224068
100589632,0.028163660476169486
103751498,0.7285062612293876
350445771,0.2708193364071715
102713734,0.9687456418880078
7548817,0.8643361755928363
62530991,0.25314256152797104
68007716,0.8903852414255776
157698565,0.7202009338809185
12862099,0.9604913216323583
420645189,0.1580794370819395
420645189,0.11732655883061847
91987762,0.7776675696989878
172370679,0.7062358476770031
166739520,0.8079395370855613
178879588,0.8152451146349101
19684256,0.8004665894007619
272212970,0.7108336596041988
77156657,0.9323527614023046
272213425,0.867170106487867
429302040,0.9874486019335094
308098254,0.8766030401236675
453789494,0.7152589650619445
159742538,0.8223815117801573
116242971,0.9530504143924658
116264089,0.8824318658376273
21744120,0.8830899174727126
21832928,0.8059551649525791
101721385,0.8283768903131759
320798691,0.7893822129680901
27848472,0.8713152143793367
358516596,0.9030461845123395
75878355,0.8371025664969698
75878355,0.8929368374062352
76419763,0.8679451651311048
219766989,0.2035875188394478
124095888,0.2558461888751409
9727392,0.1247619705876231
31656385,0.025355826764014412
39414571,0.9000836652036571
344085117,0.23721469889730457
401125028,0.8898506756428998
229285649,0.10034326097018982
12036590,0.011126828119687383
37749396,0.8502507830051698
189625051,0.9312227090775468
37718056,0.7314255614180307
232038798,0.7338728857526747
183532609,0.7337524416332935
437261733,0.876901131691365
44745133,0.9301962007091517
50712784,0.870093948638397
53458803,0.9304954004945718
53750200,0.8855611876507938
98283926,0.9633894215985006
98545929,0.8758684442194347
339522221,0.9367582613499378
308425348,0.017545775273777667
102192004,0.9729944642280257
183537452,0.7981089921912518
363851359,0.9374781304655728
112099249,0.9812881471841453
112604564,0.7554834915893149
114299824,0.8503780106935269
336128819,0.8130814748578293
336267424,0.18133685541594488
308172249,0.8669970019723483
399860444,0.8972349423747418
287256467,0.986856756773185
88992642,0.7209496161151387
158916431,0.0345866945284317
233569098,0.2182786955740507
305048087,0.9640371187385506
189620016,0.15616500416070314
332558858,0.7569862403363334
439366538,0.8852672104601584
201177276,0.8907059720795989
9006668,0.9141731897289718
176220787,0.9294153798515163
63898957,0.8126669656971881
63898957,0.7359713120524597
268914377,0.09160327601983559
70513361,0.7614670175801198
371443216,0.8029390959826889
118956453,0.8880257005737671
143143769,0.8048721657883969
14344979,0.8423622136220484
207077681,0.7099908882610659
157266693,0.7266416097640713
183985250,0.7568828955908314
160578764,0.7697252327238957
162922904,0.7865622330155635
386259537,0.7212851975522165
172598832,0.7763864784067991
125739286,0.7155661347717108
176685457,0.7457809987119542
178289267,0.9438509837302097
268301217,0.9363697667076395
325172035,0.20632548428601272
230267547,0.1968117877998733
23389848,0.128841144578858
395393265,0.8975602455828169
406855039,0.22108792843327305
428787891,0.9410753325408078
461591646,0.8469568017816438
258402425,0.27945743195668243
298495970,0.0912752286329732
342642208,0.9600509398316676
55652896,0.9495142859455943
55652896,0.8457646304867243
366563452,0.16772010153300562
284564230,0.11060228737021331
49967354,0.2666473656685964
382602147,0.7025346773249879
32487566,0.7473328951714283
9725627,0.9674639792818795
403288821,0.1469990915680502
120916706,0.9769555216213617
231703293,0.2810999985189994
211438925,0.7552060343473118
167009792,0.26445228082802896
308919449,0.17057938154603444
461080504,0.27173265290692944
357536526,0.21466703733190945
127315102,0.21393625939185626
460140752,0.29121926393336117
31268146,0.017972494954257706
230982885,0.8362991612978579
327663613,0.03991314016476258
394509844,0.08186347289649748
242536549,0.12845598830149166
166184426,0.14455371641798329
160162987,0.23608233108077195
364075352,0.24543474973826432
260043723,0.27207401436345735
293567206,0.27096824368950645
405717754,0.9153297187437544
123495874,0.744023090885891
123233041,0.7941992618943169
164892194,0.8550512708778075
237913194,0.816635092390539
155867025,0.7025035035104183
339250695,0.20577087952059508
116257066,0.23455772417912713
49710555,0.2502479215879405
361998994,0.18811480043008816
188593930,0.2389114448580105
284254253,0.09206000422556306
453289469,0.2099878545791582
282091493,0.18868539408105872
275562670,0.22888319674322866
9032368,0.012144723104994365
321436679,0.16926727173046158
286696848,0.28475080754124926
29336129,0.11387357649698218
22020459,0.0771917256339716
322862882,0.22887810597056765
175476629,0.25002835241154825
306547699,0.2126655769218727
309436531,0.17704987487064575
305739565,0.7769696871781916
254629854,0.04759191231465633
382474101,0.146458124698318
284747017,0.038378272208962665
467783290,0.0989087139237871
281196902,0.9245510669648873
445751830,0.9881117517696649
27244707,0.14508847810449146
188570092,0.9316061769109648
374847873,0.19255135300449136
327952677,0.9656254520587894
304950588,0.18523676452230445
303883880,0.16644601700507208
243641947,0.8095827976174284
21113347,0.8532398765329282
117689799,0.13705641268125154
86451883,0.20113507523614568
278968371,0.062174981783658816
139285736,0.0825706059176689
463203560,0.08961978851072011
462162963,0.19867995052473808
441334829,0.09480997788102162
103245940,0.21816644870450724
242460075,0.07778438983171869
228381868,0.7467095641009919
40779013,0.2680982452325094
106224626,0.08182499236513704
373576942,0.2022503592433101
20892672,0.1245392303680971
470974162,0.2805081594076163
458419328,0.7361115604427159
220396259,0.12771397900769876
29117085,0.21294232282677433
361343239,0.80631122816334
287145649,0.8541825464888954
141631253,0.04243019572552072
112037203,0.2651850375284541
76505260,0.1785480500171751
358070912,0.712657499033357
89876424,0.11017014255347886
67247610,0.014890669162277069
27916356,0.7932824072608822
27844066,0.27032775394376385
294599100,0.12191318436410072
17865622,0.7956543586392535
291147951,0.20425889701227987
16187321,0.20621558997867184
167418898,0.055303399797627016
308073360,0.9178110048371184
155995204,0.15118529879620737
841226527,0.2688795344722868
34505005,0.03265623422613342
166697854,0.2700313044823397
468977648,0.1297569722968492
400395395,0.2536859558509638
386297468,0.06213233488485982
383666033,0.04646319768446403
271167979,0.29036163915717284
269269740,0.2864565027356433
271042173,0.22613214396560977
253030300,0.09510020488662056
393251073,0.25676398305921927
373614579,0.23124752991289454
289661991,0.80689082378114
138497780,0.23753520923397678
207084429,0.11507716870155663
45684223,0.05655111360591983
454248975,0.729938350265265
169765334,0.823379361110584
31697707,0.05086424333702496
172754786,0.017306764186569415
193708920,0.0584928378975206
169461816,0.9856703547855913
1965256662,0.10454520282509991
169187982,0.07610264028502452
160390955,0.809440857540385
220016044,0.12184837348072078
1976308113,0.13364468191652215
239136269,0.07601475610552265
95660472,0.988223740918393
229091748,0.07713549464532073
39077574,0.13270116701705917
145750719,0.7592036765669576
390157607,0.04995013027286926
262530873,0.10766232414561529
369861731,0.1935880144319391
262531275,0.1373200861983137
337274055,0.11135623441481805
327210623,0.28929355796145484
310267134,0.04919853311533301
139285832,0.8547947300691403
306648160,0.759497498728267
396133015,0.8291806918161377
358186451,0.24188836807621983
316606244,0.16628646904606087
305478010,0.03264090668619025
295413003,0.19087600624405798
156816238,0.21832795682081715
149918151,0.895538456377073
300810086,0.2794773023345554
357538688,0.17984751245370603
303867090,0.02432653781029938
464067218,0.19595398879613649
114749636,0.7132954489203549
463681005,0.07028102873333011
305512837,0.29182812134043423
194795551,0.8604291704467375
194179013,0.027025247441073076
440113053,0.9701588211175292
267650535,0.7868492642905536
13023738,0.2635314010471101
267867517,0.2680295421904067
220076110,0.9207790768739565
124379043,0.8322724795564264
5024743,0.29304442123312535
452006073,0.7370745745777895
58046864,0.13162734891523742
131581531,0.2821997319459019
41865539,0.27617147399671615
391903064,0.7518600106850214
267484653,0.10450293308465115
233948455,0.8255462919534813
435861696,0.13714282771415834
398912927,0.1024035254995817
1979500576,0.10080545549759898
78775584,0.07387652260089969
105801221,0.2833816134700926
131581522,0.07314831344657768
151483286,0.7738251258620638
29781292,0.9552212262493545
29781292,0.7844613775846558
29781292,0.9742808813422228
428699140,0.7977296444691855
376740324,0.24062086087794268
412259468,0.10084035309131832
146244533,0.17072102674041562
55452495,0.021383567615921202
464300749,0.8887696659909433
280655495,0.9499001975945154
190981760,0.03910149763526656
155986102,0.029943100783755422
131036011,0.05128554440022063
455784423,0.9714004756817337
189380158,0.903649182638026
429414530,0.04521034805191346
80478272,0.22385243063771557
61205803,0.7748198287440018
453230066,0.07564324663840087
268042363,0.27785125097159064
114103134,0.27977010742068015
98286422,0.231787542753908
120723776,0.24676698324802665
104022675,0.29413810770778753
185482513,0.2624531181275072
184670625,0.015654805546502837
130191319,0.2998260959516971
116156517,0.8286660704794272
129881395,0.06186594707610891
175079720,0.2622884403970721
173860688,0.23504512749483783
419419534,0.03738595841828373
69838258,0.0579890530487739
71854732,0.1491638942578031
374778982,0.2950301189532811
81231810,0.198344207081291
182470056,0.27108710021284493
277103955,0.11029231193515059
178162579,0.8563777544663115
387342052,0.979951368705045
177612321,0.08069284077561788
285524410,0.270205159456787
61117473,0.29747609817891735
9102327,0.17716785272361932
80174172,0.016697453516378795
153197346,0.10082380070106337
152685831,0.17989618077659505
354151219,0.034736107125643505
346626688,0.8268140809556458
9033144,0.28811238665694033
50943163,0.02479331890636415
458876004,0.04631132168268994
34551972,0.0434604222343117
437156845,0.03367038448400408
172630205,0.05731119088289444
150030205,0.715576962147996
150030205,0.9095833977048025
412257781,0.1113201954769151
360816293,0.21778735193865537
7904580,0.15881950741318715
415969574,0.22913828079084386
293978434,0.08426230172237364
286099128,0.9117247006339337
144970275,0.023067351020727888
283702603,0.03274671060686376
77031413,0.24273968243902624
285272237,0.783483375825256
28873762,0.27868845073883186
245509452,0.9682474403258498
240823272,0.8392369286012294
155807906,0.014962803047620921
151930063,0.2297062226528969
123106490,0.020420439887088748
4999813,0.1644934678333608
146836153,0.28728899267609587
66356824,0.1756351519667541
466318137,0.06749500053950522
419946164,0.2835966566564691
238162973,0.09446684204336761
132320310,0.08381068601266836
208030798,0.1469673547241569
259506033,0.7600842368691403
201233610,0.17101526037725565
290302097,0.17222224200382547
392112968,0.20828147766212907
372596796,0.08800001930921558
149282072,0.22375774648001384
76420654,0.8086990776797773
8599009,0.8453004250455491
157236902,0.8053229006867084
268604331,0.7809285924825367
48506505,0.8151772013177052
75262942,0.7724193357029324
256364928,0.9804771116057612
27318774,0.7004037111089112
37770169,0.97154646117048
312548415,0.23292562560316998
20182780,0.7752805968972794
604863428,0.027621256429216708
470911286,0.278782565146057
444413256,0.21652356941644474
219388773,0.031979834915001504
420446142,0.09633996228986756
372505528,0.07183378732133631
347011522,0.2390304628714541
169532369,0.0987037078673002
192520375,0.1385504373748114
82302240,0.222755936887108
63211674,0.7860886079911247
122441491,0.8420482807567127
264508014,0.9753688573183992
159098316,0.830469342478253
399794420,0.9682328473292927
64531556,0.05723116057557648
126606859,0.97264594033647
1528696,0.8559980315548359
377873569,0.8765498966841998
239332587,0.7157623477321592
27990610,0.9180772769636647
209752908,0.9245259699405195
137903329,0.9682593553985321
99224131,0.8478812843198582
47911178,0.8912049476902242
268372005,0.02421784988465293
284528889,0.13945074115121162
35857242,0.7140231231603499
83053699,0.08813745577986126
395773226,0.15271384606128852
379629854,0.26719573147783954
259701242,0.28447811150467955
352682207,0.8793920870098906
352682207,0.9823776537565583
352682207,0.8044382130293631
77102895,0.19371626237798703
75208638,0.11027737212682517
74484886,0.20551300295953726
74197917,0.2932673668988924
48276576,0.26243098816152854
118308828,0.049487779442661535
341272282,0.18999455635913887
151920165,0.7898352006218122
269269546,0.8939059085581058
267572272,0.7281415782785818
139528693,0.8521623597024255
268924036,0.8842124313880706
193336820,0.720368967736661
120826158,0.9050617319872138
305943739,0.14095041393690977
406190563,0.08659639437480718
52640302,0.8733818825705957
142532090,0.7964321059368051
247873937,0.2856840721914593
59843967,0.8246161120795775
284305328,0.2431046665565369
120896927,0.8639167509223548
120896927,0.8097128301381958
363635669,0.23363552004707888
407146536,0.03369116920724109
384386061,0.2290245401231358
239372503,0.2148536904872858
349972412,0.8739968165117689
349972412,0.7004771691518404
257605131,0.7135029624875288
257605131,0.7270521601614744
257605131,0.9196766272818446
243014114,0.720226055534167
49705089,0.709289961782702
257567854,0.7503368075508268
387603144,0.09514108125770171
367913453,0.18992095272890142
367287018,0.048721329922948475
166833457,0.8617901593413015
307956396,0.1848356098906013
255918903,0.22820397406649526
459942762,0.2676227279765021
266843799,0.019506487814510358
366443426,0.9844895512746745
366443426,0.9508110853176471
436875934,0.8187324058239087
456862677,0.900953240722865
85593751,0.7957020305428588
301289516,0.918382520028731
398572544,0.9008127922284135
139733308,0.8828685981011708
404243877,0.8625470118957724
439842788,0.7645906964262978
369480087,0.23700891102541835
427332229,0.8774520976062729
333657795,0.8290126471306464
36592530,0.7661025916741261
39926974,0.8567304336842319
380887434,0.754786588253313
170102285,0.9091087671797096
279605855,0.03970133390912549
176984236,0.06712263839862781
236775063,0.20023327664143326
235684392,0.2553844272356773
153065527,0.8143761770001813
153065527,0.80875902732011
44898913,0.9192208557470771
144193715,0.9660382141021376
31374837,0.9766046894755571
31374837,0.7997278096206057
452808876,0.8472477067370676
35022727,0.8972032802793943
262662119,0.7699974743397019
376939759,0.8735359583812309
418761354,0.7574962333050836
437704321,0.9460154826462048
26017005,0.7902839186272829
380907135,0.8179199881696737
262715204,0.9020242696069537
262715204,0.8979886154565226
102264230,0.9347231805965288
60074373,0.2566365884027678
365639282,0.06581314264294985
332630868,0.08002033501943315
268439377,0.29750249460370476
162577466,0.0507922656963799
159334269,0.09461733903793176
7020254,0.7206504476009622
38686737,0.1518312027265709
404518509,0.7181803551020952
435339847,0.9835373643511347
610976842,0.8894232893911362
206284139,0.7108156993398623
98796344,0.7726193711661278
204650483,0.8448170261294498
271169413,0.9342723912306532
172464366,0.018652702121798037
306362738,0.9214807039596813
100389539,0.7247456973811196
176778112,0.28853725635377314
399444057,0.2542846332783086
310002617,0.8401016069215446
167754523,0.18283688273031862
289316336,0.24998059057368704
256722647,0.961551776643258
188989177,0.1414552170307057
47617038,0.15055985065763483
178959058,0.07266243881067698
443658196,0.17294311015874125
166184428,0.8997203089401328
399642071,0.26506923760121204
7439481,0.07605630676610994
78055054,0.970204418175117
77228304,0.2601352801384605
349576261,0.7858339986068703
400786146,0.09726615288899101
149126400,0.2023116396447088
137402055,0.8847289968435007
48451130,0.7757357595415134
317548889,0.9116128522501349
126772538,0.27728259962786594
339672028,0.7365953772845635
206466531,0.1517297728831925
237235093,0.2015766447622298
100990000,0.9184752844734898
354944123,0.768392992571433
354944123,0.8548213612349735
389371332,0.17705701424233053
138364831,0.9452478098325607
27769688,0.984772442686804
273231214,0.9812025131415437
273231214,0.9781144690864461
219854519,0.9132868539452926
120255950,0.8800953727150491
393414358,0.8068866962336689
374200604,0.2762369035942882
427348923,0.24340831411188113
80029842,0.29714010356342063
418971787,0.21890086303306835
100990000,0.8148251441348915
230075120,0.049843997490457065
198616607,0.2243341609961458
7624182,0.024939866776974524
300011941,0.14074860356226954
133505138,0.1748607787576934
44745077,0.2297148223335888
314724818,0.05272739084401942
137683938,0.8457736581352086
164458714,0.7110267551682978
356868487,0.055138684674684094
122785299,0.7575505968841141
399954349,0.755641275071941
399954349,0.7416891559709045
158555987,0.13597762590587634
159725995,0.8738433789853357
307809773,0.8741628229058835
307809773,0.7582940174838477
9804616,0.11635721246479382
1001477809,0.05796241788670127
92359850,0.13113390148503734
141616639,0.14013755816104176
141488193,0.7402224930657691
170634116,0.7824648121021267
71396541,0.010840868755410474
420803693,0.2508424712489771
288471040,0.17139822671562882
417646390,0.9416502390188006
257060897,0.8475206772925394
408729765,0.18637402699585714
325680697,0.17471017480233922
32499655,0.8687344001816887
343708863,0.1621669499406857
394918211,0.9675015738264752
97766057,0.7848484571786918
384744828,0.15535208057767497
232608943,0.7784979013968559
232608943,0.9572690491753377
467651916,0.8435913983127761
437856897,0.709326231512071
27039476,0.8229656550321074
19155785,0.02664837595189911
68577662,0.7509683495358896
4646810,0.7222685913112337
1950736,0.13495379735475405
97735908,0.7878804873189957
422655579,0.8998646760378096
99330090,0.09735695723952345
86263325,0.7111052515479629
271900960,0.22814896796956277
18017227,0.02277024056602548
165464482,0.9242257905948992
371711170,0.10806075511438112
279947414,0.8161964916539084
137157546,0.15850735203792315
152476657,0.7443610843980731
470171739,0.8020538563079277
467331291,0.7261919340185632
461538935,0.22105262709542842
13021029,0.7783717348967762
341805908,0.24238510676117042
379723086,0.10222359677280168
107728509,0.23479806362494882
464646604,0.7937829141585122
143350972,0.2298756772764846
284326455,0.8231746326688705
293457754,0.7687128449349852
56399553,0.9003066708453175
84339983,0.8564080848463963
89702406,0.2595063352738804
404421005,0.9778571867571998
176831592,0.13366122264196434
250386181,0.14503768865501715
382391899,0.8788115896284556
156648452,0.9733703082878208
49899799,0.21949248136786845
377165123,0.2931646385948822
339733013,0.11500282813443405
206541859,0.8656505067030986
316916655,0.19344147595435265
366484980,0.9372834785904149
35315453,0.13619889435146657
307958020,0.9374048640519734
17150865,0.23614908195142992
337129672,0.26014506679367805
405484221,0.06017204458852581
58824746,0.9585061377501112
398733009,0.12939929974339456
436873727,0.8257600699295339
139118482,0.05663269727738613
23769326,0.8450814379842906
1101909431,0.2402565882513453
456042145,0.28205897000651453
435167167,0.258865344859119
29960109,0.12629012695548225
289988797,0.08568081601045996
178284730,0.710933945598912
426017070,0.22961279981649144
394357918,0.7589883781707977
424747720,0.07993451058166527
1405997635,0.21629314893839457
70899085,0.7465078692758587
141412823,0.2662802973459372
344600402,0.06978513075081072
271354351,0.7437077275181182
271042217,0.7395727443544156
257774438,0.9014465667011802
270380593,0.8777716722207348
367333043,0.1241106492062106
279251651,0.13094093424847558
408159788,0.04016858206954656
95057860,0.70897241866831
117979897,0.9851239393578677
121660904,0.8827764584747402
158551257,0.1723262439602037
63452790,0.8921598091420277
122596693,0.8696371530468366
22233480,0.7525985605963234
179034327,0.9591941177365764
164786087,0.9356226607187239
158241252,0.8397370456829459
4616072,0.7389978554317008
165202476,0.729222431010713
71401634,0.07584208185689785
20178111,0.2506600140317643
335489455,0.28186179402117856
305550963,0.1872904936244409
178155732,0.8679509210766403
178155732,0.8970121410924518
178155732,0.7976466104652434
37242226,0.23678532620664908
94986319,0.9076615481792345
94986319,0.9790362994643673
32408928,0.20410086627075358
187861378,0.2786879730968129
108939482,0.20402136234149174
114103136,0.04047891098122787
318054782,0.20598782350509792
158388163,0.9240974664090598
137899948,0.9011666063760375
138359318,0.9262683359793665
243333538,0.031123025061122536
48217457,0.9738517411881135
138644215,0.9300967761570499
27774415,0.7341288101142226
299220166,0.7158203205208227
33521996,0.9092689993850955
449197624,0.12333396890890158
264460005,0.05690283921576829
33692729,0.8127681018164928
219379012,0.2018667522546401
155947004,0.18175873987402036
154293917,0.9430213411331392
444523623,0.27418355415814405
1129033,0.8087566878149559
141405814,0.05093334734344363
319282294,0.02636546840482517
43647325,0.710731619058918
126357909,0.04847317769052511
113295476,0.23163075690763543
157528286,0.1506039771642917
117979694,0.23028588698288668
95122849,0.02406874610986133
42821097,0.7527923003150102
270468559,0.722745268413253
219041246,0.7610773653203401
230055368,0.9219854330873141
108645766,0.07231661369126047
195093356,0.1868377953788595
105387356,0.12138168471437745
69356857,0.706235550290708
32830028,0.1895857192251948
323658120,0.05863390330525152
311183180,0.2420822115314052
71582156,0.7634683060610348
294315741,0.018870410175717656
293607057,0.942805367795368
277128619,0.9846498603063222
134200185,0.7855242463196564
219016883,0.7615047849557067
40055053,0.7916399313482779
295807723,0.18570383455731787
311183180,0.2131428271132612
350044062,0.21360523678776244
192826603,0.8953290320005446
184869170,0.23982483407016322
315002523,0.8380043823943719
258557847,0.14262352342694307
318209162,0.16419421797040634
4918918,0.8238681453368955
282485660,0.9157528820139925
424196109,0.7298323971991436
134537478,0.777841610007119
68322189,0.15723452622054482
185226925,0.25286861492050977
147895461,0.08347291954974329
200593988,0.057027324846927234
326347927,0.2757043679542908
274122380,0.2926955585401258
312899686,0.01625803755558948
202468443,0.18487944541938262
44737596,0.8676411756448875
374180079,0.9593304535583997
374180079,0.9672428441391205
443616612,0.934757172678182
277833995,0.8205345158773906
458686847,0.8866087077633275
386435344,0.2612578425991068
408310006,0.8725703477229089
361711730,0.9595894126654736
186812530,0.9058423379562417
172871230,0.09064018922270767
219466803,0.17021905657742548
403693875,0.21239445829275774
399956873,0.25724687287945547
366411016,0.9372186973308282
176868951,0.9021137372349236
411697517,0.7802143088326421
407966340,0.7403657124645789
462715015,0.22479547757689863
423275733,0.7616120323373311
219164808,0.034269668540055635
268644785,0.9574473217129889
438490744,0.026247370860661097
250111245,0.8429604110939788
241102583,0.2816809976675727
387690507,0.8629087771376095
58825110,0.7511610899048591
407966340,0.7848634175960257
456305193,0.10398556115584537
466206508,0.9221955330735654
170849515,0.8391100978284105
375942197,0.7042250978550145
418604868,0.9752349083413789
283419843,0.8014427805215721
287474726,0.11215521235018297
459730973,0.8336806108838203
354619337,0.7745104329506366
466390120,0.7346054846712032
248853232,0.9336037216552673
272366748,0.7138321259251507
407146538,0.16685897316215298
274138511,0.28721479759163476
243244680,0.7666788347221203
117275513,0.9229324710287267
366631954,0.7414008972569498
422653398,0.20900572496757874
302895996,0.08589920537823437
246965431,0.926555660625337
144700903,0.7623980057579207
243153196,0.27889142526691346
388804061,0.7136672258063341
55315929,0.9368426276508894
323687123,0.9563804944291152
14570099,0.8583840529565372
456945304,0.8440451562399383
59003115,0.25316557624198305
17307715,0.9001232343069199
302814895,0.052817033749350935
40292751,0.7254392767146042
446616059,0.2260912560852798
110936761,0.06283288978820827
398895470,0.9723355674782583
273874849,0.8403006033735142
151724385,0.8474715508687832
391958006,0.9817325520936331
374530847,0.9587582642064361
305243225,0.9090762437708839
319968129,0.03557903475972521
307733361,0.7900988825225325
7059054,0.7590739221955038
6893917,0.7667846968616991
23113034,0.10173574105451083
303432813,0.9498829440414508
69672493,0.08487695374213898
425206121,0.974867696977072
17409453,0.9604022918486481
203214138,0.8852495433529544
437011608,0.7173408748062426
5882269,0.8882203258374364
281909674,0.7423812126808517
459762279,0.9148002033322317
268405086,0.20553655152938657
137543637,0.1304389690694799
207110080,0.8618863408831243
328081248,0.7896710782964198
151759246,0.989411290477719
243921117,0.8811315107712305
399402994,0.9472719844243733
466382581,0.9123221850025377
303055194,0.056587604437470115
388909695,0.7329294705274129
388909695,0.9525968221374659
178217113,0.7211566423183497
18310799,0.7057194895488762
330687113,0.9858557004748942
453211454,0.702476216656775
453211454,0.7691569409256775
184892124,0.9204902442893368
63189173,0.8911451024298734
19028197,0.8098578272340314
434226736,0.9889568257713846
26826078,0.8789667027734627
203214081,0.9095954811537694
14770122,0.951677035791801
16005254,0.9498900493404869
26054627,0.7392926110620536
280210963,0.9410689327723238
113919944,0.0877849554476814
209459275,0.7990715875919575
101011575,0.7887017778342942
101011575,0.818552083960147
224418572,0.2402984226728373
355732304,0.2126703592114205
74482749,0.2938435034614221
366410512,0.7431283468437981
97735297,0.19150464867494804
350348197,0.9450320831164685
440777904,0.9455416028166151
239977528,0.8287079316644514
203289099,0.9106194840537759
234825296,0.7727174256036762
366602797,0.14118989749449526
234112540,0.7452594778393075
9155187,0.8593755661952407
377064495,0.7237608956971224
377064495,0.8188371082589248
377064495,0.9142098668108652
377064495,0.7782784702827625
132534906,0.2151634497164788
427352241,0.16806707184687955
428685938,0.16174731895973798
262499797,0.11023748634363588
260708537,0.7086943493710899
335590096,0.8218284530021868
322807371,0.8733054613174587
75427473,0.23010770798814126
119292328,0.7078352809160379
366568760,0.8073756100266445
332022997,0.9150087244220977
332022997,0.7787494100588495
306902029,0.2573296588777395
27064468,0.8847774960565519
27064468,0.7126873148967845
20096620,0.9850331908027314
237751146,0.03166646879398564
241174783,0.1660330365385061
165297570,0.8643508817913523
407591297,0.7357021822282881
154220877,0.9022193032396407
413248763,0.7880592468915755
219467837,0.22079192438137313
452866790,0.8287278706122985
431999925,0.05222033455078979
312221462,0.28244340402208373
95010343,0.26511875593242257
172110606,0.1840486267476852
175236511,0.7950505184285708
38087018,0.7278034849124781
366576758,0.7385817835704591
350020859,0.777616511170186
393495970,0.7701616433153573
202428245,0.2817955750142573
8260536,0.792057154079499
8260536,0.9411946696986372
200322593,0.7100113762040281
347430350,0.9766372360337995
420779000,0.8513883961762239
119585136,0.9646096450308614
1003831,0.7767979689776444
373729723,0.23256017910333812
457743020,0.24461319365924433
455096220,0.7238161268457116
380619414,0.9171989298289351
281885301,0.853437929799078
173103335,0.9794880285736669
366622912,0.8777920405643083
40954422,0.20881108933085926
257527578,0.8334200068067087
124029677,0.8686266904969083
388811663,0.7963400120827431
115564354,0.18396054778212437
23863106,0.055037787191628065
1133072,0.29567387778724796
455135327,0.7156167300413517
358072664,0.06893322583469635
468987719,0.8616081068909056
49254857,0.812952033632946
60286662,0.7932992002288958
115010361,0.7615613600558134
6892385,0.7105474957258419
363548415,0.8263860315985739
308307606,0.05721214013557356
330690135,0.9600149307528751
436099179,0.2180255010528864
5800958,0.04495863575434446
53593457,0.12882723556098763
307377219,0.03678769573607849
13349647,0.9574137791215304
461239485,0.905235790044667
175772482,0.8029895608729714
368805700,0.9363102962746569
181949561,0.9861481926246454
311133118,0.7416073907841421
454069765,0.8553676343909882
17746821,0.9623383853154701
98669309,0.705547897152795
49428710,0.9239904476426561
149969625,0.7319341129352042
28643432,0.12033565852573815
50618703,0.9319521624829612
29374525,0.0892682061099571
239722954,0.2745600677529467
37168957,0.8135477838180147
6653897,0.18678722374147638
209464063,0.8583083525768517
368739874,0.8109262871151639
460396820,0.8335315191243122
193634953,0.7771179215007739
123482865,0.8034841674627621
292797572,0.15429062923226608
319783554,0.1915963806189442
22529346,0.9415650552169941
408549705,0.12156492170469173
218795833,0.9037372298193381
193628179,0.19140617483360092
298049015,0.21156255106716185
87044036,0.19255124495490053
36440357,0.7422414723436449
83275782,0.7997748364921871
36352297,0.9197098291166349
103865797,0.08727870112697877
148673433,0.8408411352620135
406443564,0.1184861224635105
419411415,0.8751721564682752
27649847,0.7124822995635693
424699834,0.023825662023946682
259172249,0.7256441734359429
238197709,0.2384995255903107
303364023,0.13111714251225032
92449173,0.95033584087242
151825527,0.8506457478542908
281541545,0.7434543588793113
404610583,0.26122927907646676
91051152,0.9656561068168794
146208651,0.09990816544471434
431701493,0.9321365836477924
420814525,0.8658342706774851
348054109,0.07806065292436073
83092282,0.7392563663939055
288144647,0.7802735173115876
78672342,0.16247896600443498
46772529,0.28459193197191807
121490076,0.9148187695997416
151959065,0.20760589185686587
158588995,0.9086019261236749
137151335,0.7156339602073319
81429971,0.2552938105069433
164652245,0.8687100422260661
299087490,0.8466684556923418
120692092,0.8123099655455225
158657354,0.7007334761168825
377780790,0.9396401323715289
145982812,0.17247008158586477
159054620,0.9209720006814572
101395259,0.23261381295567668
399870368,0.7596280070044032
437740083,0.18837752623419193
349373192,0.2530509793053405
142277868,0.708335734871354
263203229,0.2604439709635709
169226822,0.7643234256453171
299876474,0.1409087620585614
27534138,0.9647461800332295
63283780,0.7436393298980231
352011875,0.7867900394537177
120317234,0.7213598553407904
134396419,0.030017053726478643
259233660,0.7031916877802588
139104940,0.9708276837067555
102734241,0.8503926029923344
121731834,0.7133023778140581
48353358,0.9023811394315846
123357864,0.9502947244517423
123309556,0.8796152184794436
379929661,0.9899300193435088
52005579,0.956359944166085
261135533,0.7537959051181949
22221375,0.8666185885834579
148523092,0.08543750695923827
365952328,0.169723919818882
280206394,0.7201685707493992
286201103,0.8003053427224298
53728859,0.8686593496357838
57984377,0.8469932841476921
288246496,0.7042740178485406
327369524,0.9228487397038223
291751373,0.9623867523676384
334597566,0.19790401794034554
291685334,0.925541828010536
65412605,0.7211097106762965
168281028,0.8560476617096241
365781372,0.05033003395442759
142211778,0.8568256625081407
33153766,0.23530722616959104
35009898,0.8138372608744482
255851356,0.10623562752904518
341444900,0.1317724191604166
56231866,0.21249834449166627
250707118,0.9811571680781817
419523962,0.971484251605745
262746281,0.9221639220414687
245392284,0.7042272023745318
292152376,0.935421233742555
388076422,0.7710101805854493
49043968,0.8293809638243956
397362481,0.8447507781469554
397362481,0.7292038414463256
157230659,0.7327522430794183
449951606,0.060115501547412596
281408474,0.7206987215661096
370877263,0.14067534387452743
354285962,0.21910457606405295
9385460,0.7779151639674831
915110182,0.8225531375621665
35516889,0.9083966235835376
166527623,0.9478896012939281
437248515,0.9305265184408198
4610830,0.9427178705867849
49735922,0.7637543127063188
301235044,0.8842833845614874
422618449,0.7437036098145531
278892590,0.9639151423765865
352924930,0.21612895779526856
194736418,0.8014059813260102
272050287,0.21806668381666885
145027461,0.23150070715157764
453064665,0.9248583446853227
353459965,0.7083391146984777
293853437,0.7120293087493544
285233023,0.26152593448398054
36734222,0.7692039406274326
48103627,0.868146873889788
308050066,0.10955698702752267
9443323,0.9177748661565888
392681545,0.8124520195628264
392681545,0.7535215835739082
122262940,0.02615544632292227
97158538,0.0961907829897847
349790953,0.17392774435310396
48476907,0.0950149315418275
162729620,0.16440333716985797
429304876,0.8311333950816102
197643976,0.8502155071109394
153651591,0.07522246948880836
147797743,0.7076768152254855
271424111,0.9842652991360616
372207328,0.7386502711069367
348755723,0.2163338663522343
53189332,0.8863727381260977
434100688,0.20607196660080318
281731203,0.8925245718566261
271431851,0.8613307634464845
299089652,0.957647030075074
294283951,0.27345909796210066
18318288,0.9810017413036458
48448369,0.9452476987353527
122375047,0.7642999574931453
350814622,0.7112167197647189
268159158,0.9050728833805234
339591840,0.29897061048718065
35883621,0.2521837218562891
256349966,0.2624856757774178
98613492,0.12178056125415798
53735810,0.8182199712479369
54085154,0.12062952894599523
151728428,0.10390461259314394
41422753,0.2841869889620214
131979339,0.11212953683931721
20988926,0.014154002719820983
262781201,0.06148514573544668
80275202,0.06472103754046844
19342878,0.9382715880163479
146463781,0.2212269553132117
274002141,0.2771967239329016
75650448,0.8478709597450262
54962195,0.8490078545864195
54962195,0.7408313250874509
54962195,0.8865430270037682
55092869,0.904807114447783
341297143,0.17688284923746603
380517859,0.1643484548809303
294090620,0.2541427378317262
106114491,0.18892524818965295
364408162,0.21654879379995343
187532854,0.1413960398443928
328513434,0.732012171930244
82362447,0.03918855800728664
15827263,0.23421315183432645
73723286,0.2242000266107031
174328045,0.9271823309719049
232941965,0.8949446315974676
15682927,0.22370512095173745
277987172,0.09851008952988075
412961700,0.18358050243292828
375199523,0.038794174895387425
210083929,0.8737006858390673
129107501,0.13661602566161338
118021229,0.14855866199625603
423903685,0.17044735724460536
73244652,0.25264920389953327
353586703,0.18015853679663654
147977348,0.7612028468168182
126171392,0.1333237117018911
270841724,0.20115453704862582
294173437,0.15101020223050535
452483795,0.04525188294471376
146261607,0.2768302700055
273774284,0.2392215665242306
329709756,0.2160550315876682
190496853,0.8437143952829138
117068362,0.07660425436381467
86005116,0.0887138982771404
101955023,0.845161990563301
425817867,0.9412629007058171
196286587,0.03364815610035947
467006627,0.014710696486790822
289125016,0.16125975627513672
128463355,0.0694368106839298
141227133,0.06556028498438657
51637609,0.7242773812749869
26583436,0.2901754134562987
432008938,0.17063904820701442
63303499,0.12028008281434882
269217040,0.8193262920610113
124573851,0.982358165603773
35377903,0.13378241267271668
104195270,0.08368518342717049
441546821,0.808978091224786
296898634,0.0731433695400331
166190643,0.2025114267094066
199162630,0.14037783323954095
345333936,0.20031337726551662
267527924,0.10175103434847979
97921547,0.7820317150878837
347442932,0.12889180332286068
157568289,0.25341830405355903
147660201,0.12849035477471854
287329267,0.021879011511721655
297153209,0.020083749993010918
199671901,0.7186818385125151
144956678,0.013221817142631476
188876052,0.7971496626042811
239541449,0.1271553163017736
436478932,0.9615906499282821
296739893,0.7674786963840114
432422552,0.11639955628911432
2621212,0.7657417278172435
187309502,0.8329374867188881
15445551,0.8400425992191292
437444661,0.7563689498732413
46020827,0.8049240571600967
145368316,0.8902418169710961
187278212,0.7160333068331752
50171060,0.9869734000021553
442530946,0.730639251847709
126325985,0.8153422378504738
11270200,0.8801550944414589
77202722,0.9704666660920449
104024556,0.8759724653922177
71841620,0.9475795349863891
434234955,0.265569617117595
219205407,0.15271852013209114
189013222,0.15249517576960842
449050247,0.2350275668449177
449050248,0.20466779336710259
44792534,0.9623476744350079
146467675,0.09453650625849737
146434840,0.12588419074517124
249067445,0.27269231167287317
279999655,0.1624717375887137
5109298,0.06761279970653714
265077027,0.1768036132946751
141776043,0.22917286379621932
27635334,0.9809100623588299
17129975,0.01455923829205822
271749758,0.9899112571578313
436575927,0.7011979986867944
26078330,0.8403488214409934
344416349,0.19345605869759405
68952448,0.9574902760221302
336732544,0.8553428052675683
301258470,0.7283144476178279
250977648,0.734126820441606
119262291,0.9685141421148498
102068384,0.9562370012767923
12611594,0.8131062545680922
179155220,0.034286472968955935
179159972,0.1918477847473366
178367144,0.8379652945481463
445586472,0.02847476152796763
453209605,0.06251127895806464
280437559,0.9870326091440564
177722855,0.03123974764638323
125894957,0.19912073424243476
409459226,0.0848618876898887
333821572,0.16646368928998836
133654092,0.2989809318738324
347098457,0.1367577211247038
268371979,0.2492799267774027
5772442,0.04003030410486358
93594834,0.13063293243394988
113921235,0.8836556021554206
83181153,0.7557076434242703
261141602,0.06665197420808176
55390413,0.2466514250274571
435673126,0.22426962211730633
51318828,0.12053285750959629
410245915,0.08219909510149347
96847781,0.9094345234894236
130633912,0.751083291144127
301031110,0.7417576974683755
14614418,0.7544515228022861
271898990,0.8627738565614032
169504920,0.8539886445974644
11439959,0.8137125105097585
127476180,0.19554092019724678
177126182,0.20517181108851007
148659924,0.0609668787874695
33091633,0.14989157304366857
425220920,0.2460823006343515
52548453,0.1010372242715545
113553629,0.18824287151856728
108835813,0.20248711058059057
93963408,0.07148654010750727
317951248,0.2439589740553628
142918609,0.23269295725404485
341729521,0.2629368943790911
54390047,0.027223894376513222
41875043,0.10637202920669239
150428135,0.895460255750508
150428135,0.9631816461234938
150428135,0.7487721575450308
150428135,0.7398545485747412
289441015,0.15294899934257156
174143743,0.09417846934866173
14661418,0.7059213347110536
61538902,0.8203063050749035
73228647,0.8248476850705061
73228647,0.7155419145645303
130924120,0.708127436529411
178709444,0.8381756567099627
341186896,0.058454835467423104
219239945,0.2951332988951462
366119858,0.759890070969956
172376068,0.2518023021764106
178819686,0.7135399273046387
178819686,0.8993015827387822
219698950,0.9178366326771044
229047362,0.9046644784312119
248075138,0.7592040036315084
248111245,0.9766201002430814
277634430,0.9725689670756832
286865921,0.7893262786825295
294301883,0.8872771261422983
304042899,0.025688578905946793
260004324,0.7602219635269869
11561667,0.9316658949264628
399613138,0.21997333398695476
306996324,0.7282121136047517
306996324,0.7098364652002526
335630746,0.7219855909204975
398943781,0.8195704932991247
413376180,0.8826497307889217
429358906,0.8690362045041032
460984940,0.7390065675862415
201175570,0.9043676037445404
345724317,0.28168314902279284
18574158,0.014601823426026981
167227214,0.86484399296468
110178537,0.9123191904510946
34068865,0.760989174340762
36724087,0.9651619621618326
36724087,0.7937115663831792
294780517,0.11267688452143625
300013921,0.2878858479200613
325670253,0.7978138730338371
317520667,0.7041195833104699
104866616,0.9151205789103645
244089109,0.7612873542808389
383723559,0.26491956036302555
405010127,0.9151852111696299
139158696,0.9097006129930689
137685450,0.8078479199338375
106402532,0.7265846901134956
273069412,0.2367863023175084
75417968,0.19705992434095368
143526444,0.19102065983246524
55525572,0.7093264965047804
255760319,0.29059743901174595
391821647,0.08979431301608892
146846569,0.05812364077176838
243283955,0.014614974456730864
150271680,0.22867757774097522
257052211,0.05311627283285914
411347315,0.2035134716041829
102840239,0.7024902998141367
102840239,0.8059217724170596
175180796,0.24974836853554605
30312676,0.037049184566054195
46096489,0.9016179799094152
73717937,0.8038783618174088
111991770,0.9090507225271282
127530399,0.9808722216098784
127530399,0.8544412230618369
193641523,0.9874153684266744
220029715,0.7630237915581048
243200602,0.7627079701843631
271168962,0.8999213228667812
309402106,0.17217191531272572
181804752,0.9634476100012013
181804752,0.7294243634922525
219189765,0.9197635068220854
350332997,0.2561739797341542
362249359,0.9461366797572447
404340025,0.9239909733547117
440887364,0.7501399755899024
440887364,0.9352330349087578
460205581,0.8125696943651787
461271719,0.2959791927446288
466840711,0.9277330877570225
287563610,0.7836700845662027
437333618,0.9557526901267979
380886535,0.21303697737242822
32283946,0.2422394147944512
344224831,0.1268503586877376
150096001,0.8562628215318964
4426490,0.015350955761603132
371579161,0.15966924401722446
365712006,0.018867800006978405
150151262,0.7047199440333236
150151262,0.9464036351742934
10552342,0.03656877414567174
11755687,0.9264950350030954
229141709,0.18692608785653886
42015200,0.2501124292786495
33595516,0.7766622053755683
404467699,0.8910703147388156
198008005,0.9463273454014428
372913430,0.021338425221932404
377024332,0.084053496864176
365007485,0.7693885447610355
262135904,0.22748272881250572
339636032,0.11802239882395592
293075732,0.06831457176951208
393818343,0.7057361289618331
445822015,0.24111777723979522
150151262,0.9395947600635164
469436001,0.06762877919281142
273234825,0.9270774297814959
273690178,0.7351526600118359
271596418,0.05968605269226778
219344917,0.8284256843837946
67512645,0.7671796140517342
252537013,0.1471752381114853
101497191,0.09418426740141862
161687209,0.08324923684584644
459323923,0.920374553573834
271971130,0.7003390580346665
359271092,0.9650594387108227
374177909,0.06132165362816642
25624952,0.1185365619063277
37084932,0.0603389717729766
34077285,0.9003541316643032
237808867,0.18594646842235535
92013169,0.09929855517242632
167031605,0.225934355545903
120269103,0.07544843446962335
438295981,0.27169712885634256
284288080,0.08378735079743421
33690636,0.09516836902876523
66561343,0.9318289362512986
42755801,0.251436244552379
250484865,0.27677516073323005
156991337,0.08568526693632948
119081096,0.27464844568142477
326470400,0.20500564565126372
239277658,0.7750859564812381
427685831,0.743147903159369
373424049,0.09764942453423775
229384040,0.04055299252611009
124543547,0.0378658350139236
261257684,0.8924868690541955
261257684,0.9641843114040702
261867566,0.8807877268583076
305424003,0.7917393867560114
350153977,0.7419370560624454
364107753,0.09614126895494929
369327947,0.7630283406314315
84126162,0.20062795279462747
58474992,0.12806710016028092
275248683,0.16081276316468252
268727719,0.107979918287053
437242640,0.8027650860925796
406941612,0.7462535178257856
407126408,0.7722489313342724
153027658,0.2173942822327116
259389219,0.2003159255037452
348844154,0.057344337101629644
294869729,0.06210321605931053
271722899,0.12924359326490772
278199349,0.2901689091826093
301051430,0.17580376991515848
300599466,0.1757178934064536
55383975,0.13540952584723606
400466395,0.0351803607456032
184952758,0.08066869383143227
325086150,0.17167018776961954
131419878,0.28429793920025953
158933249,0.7479820539140757
272840455,0.9327847957624208
169081296,0.954538820799542
271052158,0.9888266762389348
274198407,0.7158261736447575
261258875,0.28957573850080637
300557619,0.029608122118146306
260476837,0.18231945007429684
425163745,0.20506219268542236
146520535,0.7201348105083077
77156829,0.7534554099206063
77156829,0.704083822938424
77156829,0.8933133250948685
435339558,0.7577607879821139
56658270,0.7725024862938965
