target_id,exominer_score
10797460,0.9461770308023203
10797460,0.7250910990930731
10811496,0.8273609060402496
10848459,0.09640717933647208
10854555,0.9229566890132064
10872983,0.885534812901241
10872983,0.8059331650418708
10872983,0.8357791620901565
6721123,0.28263782494771666
10910878,0.9755479907571064
11446443,0.7943834669751537
10666592,0.7838185136160313
6922244,0.7020787226216701
10984090,0.8331907164985224
10419211,0.25582296469379656
10464078,0.18555454868057644
10480982,0.18818048575652552
10485250,0.1362694458237615
10526549,0.880601499020616
10583066,0.8764231350085538
10583180,0.13100236756380165
10601284,0.9198884819280901
10601284,0.8709756822465555
10601284,0.9274431079384469
2306756,0.062490225663966344
10662202,0.8624839676824936
10682541,0.9436389387227276
11460018,0.8896649077910903
11463211,0.07618215237144053
11465813,0.1165785498793034
11493732,0.2143529283067931
11507101,0.9486897914353173
10910878,0.7972124065688956
10910878,0.7957410700352371
10987985,0.792742951179783
11018648,0.8298248040542121
11018648,0.8512794380061791
11138155,0.7288862803282576
11152159,0.07727382650959282
11153539,0.81539770611084
11242721,0.25153144871031186
9579641,0.8949010013736107
11304958,0.7979478959193964
11391957,0.9029443535908592
11403044,0.720512132288174
11414511,0.7654794305484087
11442465,0.15113752540659767
12110942,0.8661599613329202
12366084,0.761409474331478
12366084,0.7987464073167259
12404086,0.9030048766653815
8395660,0.9207865329455915
9579641,0.729344719567188
11656840,0.12272791664240244
11754553,0.8079744905567976
11754553,0.7953189099501599
11754553,0.905925846535486
11812062,0.8219822023268887
11818800,0.956313345919626
11853255,0.9166603854343018
11909839,0.05049415876272606
11918099,0.7866268849856476
11918099,0.960936963090842
9579641,0.7008289897164314
11923270,0.7577055317220678
11960862,0.8187829313241699
12020329,0.9826055227987327
12066335,0.9075311782934842
12066335,0.9140045687016841
12070811,0.7564790839882959
8395660,0.8327698906265297
3120431,0.2725263563054225
3246984,0.2863419989249667
3342970,0.8106792090004605
3342970,0.7413506026966792
12459725,0.08705963737964129
12470844,0.9517659786540786
12470844,0.8947071973953891
12644822,0.7557072541028219
2440757,0.21128886523093052
2445129,0.11181278681957084
2713049,0.7138178290406778
3114167,0.7026698724436644
3114661,0.29262084875399447
3115833,0.7918536779900855
4139816,0.8513201395446317
4139816,0.9756599112860056
8395660,0.8438375369588544
4139816,0.9400764303312726
4275191,0.9461434259016696
4476123,0.8759598915615932
3351888,0.9710664599156358
3453214,0.959099996799942
3554600,0.2760879007947912
3641726,0.8798405498236067
3734868,0.02670537120461037
3832474,0.9691732610859298
8395660,0.8242146715452453
3832474,0.9443389341840469
3832474,0.8384174932029914
3836375,0.09904661057113379
3838486,0.20897688456824468
3935914,0.7521503451322787
3940418,0.7129616443327492
4049131,0.8642064885159052
4139816,0.7596574720865111
5287983,0.2473324787431775
5358241,0.7464749705136898
10875245,0.7266785301234906
5358241,0.8393554526817953
5358241,0.8489954977092318
5358624,0.8065022071049911
4544670,0.8611224437123943
4664847,0.7407184136393481
4725681,0.8436458084031502
4725681,0.9415025084228652
4913852,0.7775071348058319
4932348,0.14997770753879358
4936180,0.9497579068289463
11913073,0.21083806948174683
10875245,0.840939705750383
5021899,0.8732937039249675
5077629,0.2622030331528702
5115978,0.8675429964856468
5164255,0.8617579595464298
5252423,0.8612919690959784
5252423,0.771613848511109
5272878,0.7682092457705608
5283542,0.23987163839667838
5649215,0.026103115207595486
5651104,0.726079644040962
5792202,0.8821673450299148
10875245,0.9501473211404361
5792202,0.9812945400500903
5370302,0.24626486623394908
5372966,0.23129910994127129
5376067,0.24871883682730037
5436502,0.8098609581224083
5436502,0.9283498624880115
5436502,0.7613085708530524
5436502,0.9041731090863457
10875245,0.9277571873431308
5436502,0.8570958330250339
5456651,0.8814107990946792
5456651,0.7276344322184297
5481416,0.15209906052167374
5531576,0.7490584341306988
5531576,0.781639484903679
5534814,0.2543431312550724
6291653,0.8784357919507408
6392727,0.7017232328206706
6422070,0.7444689910106652
6428700,0.779392840503671
6428700,0.9281452002677587
5792202,0.7050976323601558
5794379,0.9679918453982193
5794379,0.9140925177072573
5881688,0.840483129731027
6022556,0.780186411757043
6032497,0.8568758175707931
6061119,0.7787123645067044
6191521,0.9565331259074126
6267425,0.03145775696408625
3531558,0.7174476880199809
6276477,0.9621122893771208
6863998,0.7132295069004202
6867155,0.8341770311542037
6948054,0.8419123179941387
6948054,0.9462805624167144
6948054,0.9726327114239937
6435936,0.9221123866369222
6522242,0.737236213677857
6526710,0.7148712365546898
6587280,0.874299829443653
9471974,0.8459444214659578
6587280,0.8572591786173528
6599919,0.8398811378477427
6675056,0.04838891258491505
6685526,0.8569250912748418
6756669,0.27439403798708056
6784235,0.7930997106488907
6849310,0.8875193258099935
6849310,0.8272558296903401
6849310,0.7919716275309268
6862328,0.8543809200090658
9471974,0.787548606201847
6862603,0.18003126440834202
7366258,0.8326993604503093
7366258,0.737650249979255
7366258,0.7678313704576696
7366258,0.8731449990897628
7373451,0.7902794665203754
6948054,0.9631593623671584
6949607,0.88517931456375
6949607,0.721333124895679
7031517,0.8087579226004007
11869052,0.22117376942728537
7109675,0.8692693378004261
7109675,0.7230915705292285
7118364,0.8278300066263683
7134976,0.7487849515452247
7134976,0.9877966890361252
7135852,0.7185125018191629
7270230,0.11223841632382692
7287995,0.8670373715387556
7287995,0.893531567208717
7287995,0.90932551804309
3247396,0.26146868137410667
7303253,0.7825398216576963
5094751,0.7441566281795476
7678434,0.7659708390100246
7678434,0.8611427544135952
7685981,0.8290601970391241
7708215,0.24239014168989031
7373451,0.85083655532829
7377033,0.09399490979111165
7380537,0.7684997702929524
7434875,0.8910392977789818
8349582,0.9247129552906012
7434875,0.7284800092253618
7434875,0.898315673584684
7455287,0.8620696472641589
7455287,0.9249316040233345
7455287,0.7873225358733056
7458762,0.707992283408369
7552344,0.011756298286968617
757450,0.8660689505223208
7585481,0.9614816930384824
7663691,0.7733139518019748
5812701,0.8803323332937252
8013419,0.9656103938617622
8018547,0.8338591914621085
8039892,0.9009020950636482
8150320,0.7181029103270471
8150320,0.9655982436300878
11086270,0.8121575667386688
7767559,0.13914484581466144
7825899,0.962321652680971
7825899,0.7501615087672194
7849854,0.7521150257921382
7870390,0.9602072910435667
7870390,0.7022960786613794
5094751,0.7403156002631833
7870390,0.8699477749845129
7907423,0.9093915407961525
7907423,0.9196194574712957
7907423,0.831241765166985
7938496,0.8839632079903428
8490993,0.8848749361511871
8490993,0.986288291251317
8505670,0.8443343836801085
8505670,0.7357559595636227
8544996,0.7678742985935788
8552202,0.7038601005870424
8150320,0.7348642657178229
8150320,0.9863560743131632
8150320,0.7325939957719313
8180063,0.0782554445106128
8226994,0.9289020870034177
8226994,0.7736917504005608
8226994,0.8462765171528213
8247638,0.7845368937741642
8247638,0.8662586862452485
8247638,0.7535252275004652
11086270,0.8071486703363123
8247638,0.9107339975220264
8255887,0.8597667940262581
8256049,0.2856937368660878
8414716,0.8070820055795307
9140402,0.8115435243091604
9141746,0.9324631664631101
9159275,0.10928134007385529
9166862,0.9306397625149004
9166870,0.1994253294412352
11449844,0.7071125414678082
8605074,0.29299031469944137
8628973,0.7766594509961987
8655354,0.23688902545925833
8672910,0.9443491830944678
8686150,0.11649278869465553
8689031,0.8840105687367639
8689373,0.7725405604983523
8689373,0.764390862861766
8689373,0.9220975122694288
8826878,0.7960074442377032
5897826,0.23535057956573915
8883593,0.7764110965763812
8951215,0.947887502047421
9016295,0.23546866634286395
9077124,0.714595337583907
9097120,0.20054320565858852
9466668,0.7345461800389012
9466668,0.8287308992660156
9466668,0.7866270899326201
9466668,0.7012685619972884
9479273,0.875244604487928
8359498,0.7793698263583912
9171801,0.05948112784326385
9334289,0.7500485328925242
9334289,0.7743029985935425
9334289,0.7863888353830542
9347899,0.9759226760429487
9347899,0.7795918772691682
9347899,0.9167396365577791
9347899,0.908401400694398
9388479,0.7024715151409396
9388479,0.9571490789762673
11359879,0.9247350195921785
9406990,0.902714677051574
9415172,0.9495692727741215
9415172,0.8355694598726875
9415172,0.9638457720454607
9904059,0.18720155242805314
3231341,0.8983647918491688
3231341,0.8032523685552067
3231341,0.7433087303927827
2860866,0.7508266898951798
7626506,0.7783725131394642
10460629,0.8336864466589196
10319385,0.7412213171287357
10482160,0.8458177605422906
10485069,0.20103288017253337
3233043,0.2981586731249577
6579806,0.15570696727541555
3560301,0.12529678154297128
4044005,0.10736003929072756
11502218,0.8166779803760289
11180361,0.8528023305720871
5802246,0.14735353882040417
6066403,0.1817893425131036
6209637,0.16961820717960133
5988031,0.18798045464906235
7684873,0.25105619478740765
8559644,0.7761236954248506
2851100,0.033714553785177126
3130300,0.06291745866068857
3240158,0.7267767792133746
3240158,0.9143761588092492
3228959,0.07516922949345377
3218908,0.8357665770320444
10341913,0.10566646193044836
10480921,0.24566423486344519
10287723,0.9032060382905966
10350571,0.8658502083297366
10350571,0.7663287457232727
3749365,0.7522524450461913
11013201,0.7084669334580629
11673674,0.08104583201939221
11013201,0.7095659108598019
9414417,0.956151491857862
3632418,0.878240853327577
3441784,0.2903704479427564
5820218,0.10902165536801152
5876368,0.11077153984461541
5809890,0.7890596113482817
5809890,0.7137168687424189
6131236,0.9535958430749982
9048161,0.12320795872593546
3218908,0.7041627318338631
3218908,0.8651581108803993
3235672,0.021683374658350088
2837111,0.9751330619404698
3120276,0.29122837370128896
2307199,0.8552388632138914
3547091,0.2922222477512063
3869825,0.20599478270229687
3655332,0.23964830263470446
4042026,0.19162214596323768
3344419,0.2519091296010504
11192141,0.016570180280106518
11494130,0.20447547072749053
5648449,0.06534363821076411
12167361,0.05296439185963202
8607720,0.09948096735808544
1433962,0.07864327499335445
9032900,0.714108678471371
5956342,0.7016025101832006
5956342,0.7790633741672787
5956342,0.7250147750842977
5956342,0.7030854063743724
5956656,0.7017148493244812
3109930,0.7463220398723143
2854914,0.9340116287964306
2854914,0.8953794656966337
3337425,0.15294108828820566
3116412,0.8236221856440517
3865567,0.11176523045887557
3544689,0.10094562384260827
4037164,0.10121387687678039
3443790,0.14254913029792668
3966912,0.07120203343622812
8394721,0.8078536852238268
11607193,0.10995842725451435
1161345,0.7746942761608027
10227501,0.01381400491345115
2854698,0.8999728009401073
2854698,0.9899238801867587
8559644,0.8503300835721199
6032981,0.21621443287763678
5866099,0.24120843277218257
5964985,0.05559997208879525
6066416,0.14678191666605553
1996679,0.04686778411719252
2849805,0.8124383880595125
3114811,0.8173639067455158
2853446,0.7448757623616892
3003992,0.24787706208344348
3942446,0.8115787178477131
3554031,0.9508285321919548
3554031,0.9201427810004001
3554031,0.7963371569730191
8394721,0.8019160017406048
7295235,0.8900714793812075
2302548,0.8509133453081519
2302548,0.8438395656852242
10743597,0.0691624527197162
10743597,0.10614015768349364
9818381,0.9667595507300382
6124941,0.27806352516268135
6060203,0.7792769551158991
5880320,0.8986530804335336
5880320,0.842057389358866
5880320,0.8292918740799796
3003992,0.2600251383546476
6307537,0.24053238941048033
6359798,0.05709722786917494
6311681,0.25330049003602856
6365321,0.17068379598390573
6301035,0.10420562771495721
3859079,0.8530725619694206
3557493,0.21217205923232924
4061149,0.8212225637872435
3444588,0.7849006829795675
8394721,0.930859275450112
3962243,0.808822016677561
10743597,0.8533955691418674
10015516,0.08199271953920277
10154388,0.9750096186907962
1432789,0.8430223139487352
1718189,0.9320093389216016
5880320,0.9464795838861582
5130369,0.18191548644810843
6037187,0.8592564747645116
6147122,0.27873875483591304
8257407,0.21274215428119236
8218274,0.15533287698035875
3964562,0.21791362673671572
5735762,0.8643309686082347
6292162,0.1877500613155234
6307521,0.2553887973232192
6359320,0.833866780702704
3848972,0.048358417278251346
3860441,0.29437765466877214
3765771,0.1357122953441394
3557341,0.11945867269024783
3859628,0.789632892012063
3644071,0.9027941996987783
1718189,0.822209647375044
1431122,0.935225971903296
3858949,0.1925711379450234
3858824,0.2503842540911417
2157247,0.13122102521739182
7601633,0.12122931050979895
8242681,0.13447927900201856
8260218,0.9315454038396705
8246781,0.03392616700729591
8264070,0.05526383822729732
8222813,0.9422787601293643
6359320,0.9295751861083628
6359320,0.9124819343447
6362874,0.7633678220370316
6272413,0.786390896264087
8279765,0.20163388344854208
8330548,0.10132544972493507
3348082,0.08267171803799517
3853673,0.06692134199459476
3447722,0.9178891494933132
3447722,0.949156721025965
3447722,0.8137464756132748
3447722,0.7016689145296356
1432214,0.07138594222561145
2165002,0.9537825168896689
2165002,0.7317241688540863
2441728,0.014299449059430511
1871056,0.7589407609225229
8222813,0.8671119468520888
12105051,0.7317196745471486
8240904,0.7068494167181069
8240904,0.8164855919973983
8240904,0.8039705285817976
8374494,0.05860347282481355
5735762,0.9493815919768835
8414907,0.04749969635144104
8414907,0.13448499271210207
8397446,0.23275100767730889
8386035,0.08261931829937405
3962243,0.777304889451802
3962243,0.7673153281209295
3438507,0.9082232254062815
3869014,0.9430390134137461
3756801,0.9409347756971611
1871056,0.7514361905322805
1865042,0.7309058504914079
2438502,0.21346145565549424
2309585,0.13047569608003912
5780460,0.8186839171078075
8244190,0.28074751337551296
8229696,0.9827579473443175
8262210,0.21609134885925677
10272640,0.8013804432603999
10232123,0.18049139978971657
10223616,0.19695326667460902
8415745,0.15972580915958026
8378634,0.24014291286407996
8397675,0.10435451765199398
8346392,0.8258953484952608
8288947,0.9322678479664013
8312852,0.25770843109236474
9480189,0.7181093337608193
11974540,0.9432691314272648
9480189,0.9550097663948784
9480189,0.9326058429023122
9512687,0.7780116545198902
8644288,0.9524448731718476
5738346,0.09544639933001481
1725016,0.8233253751043351
1722276,0.25227210581187076
892772,0.12670289264510354
1027438,0.2533786859019573
10268907,0.2160090555559592
5446285,0.9654399709658901
10166274,0.8737665940238173
10166274,0.8621701011092373
10166274,0.7662794157659005
10153827,0.26656420403779485
5735762,0.882443167361206
8302450,0.01908908657705013
8313667,0.7125327584713517
8351704,0.8814977780232405
8299955,0.03072912677035597
9513865,0.8482225431697686
9595686,0.11839547349667974
9605514,0.7880058638102155
9605514,0.7858886150351957
9661877,0.07830900077105007
5728283,0.10146856336168403
8127639,0.13754463033924094
6047498,0.04955675317372036
8125580,0.8363527201256337
8158127,0.7202000034303656
10158990,0.06265732129106191
10149023,0.736551449362742
10141900,0.9865521274726887
10141900,0.9810427377782969
10141900,0.7066729806360988
8410727,0.8022013031747887
8410727,0.7891061759425736
8349405,0.19298095066584747
8278371,0.7165472873746213
8280511,0.9686672059307925
8280511,0.8916168813986196
9710326,0.7089870111367594
9761882,0.8299948353184089
5297298,0.24227828281533256
9766437,0.9626487376673397
9772531,0.760814374611303
9775938,0.8136124483922612
8644288,0.7961854829383553
8158127,0.8287045857883326
8176653,0.0952367044073857
8174625,0.8336237777147475
8183911,0.03863493043580667
8179973,0.2003678252771104
10157458,0.7506899850585168
4649305,0.09418956745224322
10148521,0.08624593318219836
10118816,0.8588844728816404
10122255,0.8260934495234482
3124412,0.27309212156364066
3835670,0.8084703051337305
10287248,0.269590239666863
10351767,0.13302736617260344
10295951,0.9245776580522826
10342041,0.14547765538778154
10514770,0.15890570559960596
9775938,0.7486482476604692
9787239,0.9371573858209434
9787239,0.8434897386379588
9787239,0.9341925364675716
9787239,0.9185437801931015
9787239,0.8791419131418041
2309719,0.28825079183959135
2558363,0.26093421755660406
2716853,0.7212727142531677
2445154,0.04051402592769677
2715135,0.9228515155452971
8644288,0.847112440966832
3113266,0.16263959910389528
3247268,0.9826778340747907
3247268,0.7346959733539988
3232859,0.26917800014470067
3098184,0.061988756571780865
2720309,0.1531096683481811
10342065,0.08396654402515216
10352945,0.18290559506949008
10354039,0.7407277832495633
10330115,0.9896982355581927
10426656,0.8775366455932401
9820483,0.7662807340486487
9941662,0.7395832306399458
7778437,0.7750883663294258
9823457,0.7007299936729277
9823457,0.8336447019978253
2574201,0.18906896239772938
2166206,0.1133976354601884
2164169,0.8465542649126468
2574338,0.7693406707727672
2584163,0.9255819657027853
4180280,0.9628982290283246
3239636,0.17162392238744398
2721030,0.9129554960363302
3329204,0.7813742217301866
3230491,0.8463142916505955
3340070,0.0421560170065114
7626506,0.7798233117230609
10426656,0.7729197336255265
10426656,0.8023088757471853
10528068,0.7421304241283642
10468940,0.8615746200652125
9825625,0.8016115958096339
9875711,0.7053712682159489
7661409,0.18610560147964408
1026957,0.7145454204275393
10002261,0.13897468725159867
8176650,0.07392610743123654
2162635,0.9262600636976375
5899544,0.22633727492698483
5963222,0.19938007765028076
5982353,0.15943095762133092
6205468,0.24809426452299468
8506766,0.1460155766743441
3240706,0.2693231226149772
2853093,0.7158770044163856
3228824,0.06580961382472766
3245969,0.8121878647224307
3231341,0.8063532217386948
10468940,0.916244780610489
10341831,0.2238274358319467
10337517,0.9450123091689253
10337517,0.805628872247693
10351231,0.9152613212266667
10485179,0.03536895360898329
8561063,0.9229107173857047
8561063,0.9582588056689352
8892910,0.29744030109912944
8561063,0.8801071761819276
10657664,0.25491256846462584
3337351,0.1124089464600625
6153201,0.10319971886878225
5802486,0.07839086735097557
5817553,0.08334434874224894
5982368,0.23821242139867504
5816811,0.24493622851719493
5816165,0.11281581279166249
7102227,0.8847781365904988
7102227,0.8680372690911239
7102227,0.8092419914999586
6960913,0.8371770034876969
6837146,0.9743853807050771
11122894,0.9363309332261549
11122894,0.9491619110794652
11129738,0.8299105756366445
11401182,0.7325210233049356
11030711,0.9196140956651606
11512246,0.8386390697643553
6607286,0.9395356149595622
6607286,0.7625222980821733
6690082,0.7184654411366533
6690082,0.9713769217727795
6448890,0.7155376694736731
6448890,0.7963609655565983
10730034,0.8065550982550028
10730034,0.8568035992718739
10858691,0.7560690581224269
10858691,0.9446632802177655
10858691,0.9580060868862621
8107380,0.9217525319536474
6936909,0.796303487598426
6936909,0.855595354914202
6962977,0.9748520486205912
6962977,0.8645717205955297
11176127,0.8784900050940802
11176127,0.9872455461783229
11176127,0.9731814166153061
11075279,0.8081616444752567
11014932,0.8244133238438799
6607447,0.9243791044178329
6677256,0.10067584097721072
8030148,0.7622557654544888
6692833,0.22891146308827734
6693640,0.937226433304614
10858691,0.9807304104706278
10973814,0.8390322025320136
10973814,0.803958838310504
6541920,0.8051712269327514
10586208,0.9344657679683799
6962977,0.7260929052801677
6962977,0.9782016462507301
6962977,0.9549018331549841
7174351,0.23136014996177404
6932987,0.786716957997234
11014932,0.7425080270385729
11014932,0.8074326966889469
11014932,0.8199779202074086
11288505,0.7856801389909507
11493431,0.796871958352761
6441738,0.7886335707549512
8801343,0.1311009809149392
8488878,0.03935769272136053
8560285,0.11745653794365687
8620565,0.23754895275502855
8616873,0.7521008531036264
10854768,0.8966659975315643
10964440,0.8885766336259046
10713616,0.9137629922271719
10963242,0.9533587521113286
10785538,0.08934049782275137
6932987,0.8160294019894305
8191672,0.8930737423674628
6851425,0.7156136552439941
6934291,0.8993386085200659
7357531,0.22718048342214808
6185711,0.10558843586150196
11037335,0.7984980410530829
11037335,0.8321399535864348
11389771,0.8484150778822999
11389771,0.9536438761734795
8737796,0.21047363938272454
8462258,0.2555142286183109
10925104,0.8563238823228381
8454250,0.23668332934105107
8494263,0.7502076363118055
8848271,0.11675626285913687
10585852,0.8602889461650269
10928043,0.7771382449528008
10794087,0.7185825374319085
10794087,0.7337222147431522
6541920,0.9442315053175279
4275739,0.048721063525504656
7287415,0.8528313260861057
6924203,0.939391144381557
6878167,0.1858964622618427
6880531,0.19565375260218582
6863839,0.29466911031496007
7296086,0.1613257842864775
11389771,0.9844810037468422
11599038,0.9434656077306676
11193263,0.8385930578307383
11027624,0.9087336263194308
11032227,0.7788503665271749
8751933,0.9179934204774064
8630788,0.8892720173461858
8630788,0.9260828609701761
8630788,0.7566807196573958
8823426,0.13035300821661297
4070376,0.01365777724156042
4078157,0.24186086760513995
4164994,0.892055151679614
4480676,0.09522857265601503
4079535,0.09515079537050795
6766634,0.8408864172750433
6774826,0.13308439416041187
5652237,0.22029543215072284
7211469,0.9699396565175249
7375795,0.13392836952507606
7255336,0.1612372576209903
7831264,0.7928412550742223
7802136,0.06825785560928412
7532973,0.8399480868495786
9632895,0.08838234967627139
7449844,0.20301660022722298
8766222,0.1641908248849271
8678594,0.7411230739256813
10925104,0.7082942864884086
8678594,0.9494213642506553
8703884,0.2715968731854333
8560840,0.21357761327633154
4076098,0.8515842324099387
4551328,0.09552189928239173
4282872,0.7535867471986776
4639868,0.14030144117407042
10555375,0.2841336516005892
4372768,0.09312432623192503
7375795,0.04547394758611712
7211221,0.9899284217012824
7025526,0.0290535444311553
9451127,0.15115498234220343
9446824,0.12425310535577011
11356260,0.8976822066550078
11044770,0.05096021814881985
11600889,0.7939780055187888
11197126,0.2239461786819774
11043167,0.7882677497011572
8612847,0.7485797743047063
8552583,0.028436008300900213
8547140,0.7806963695935578
8519253,0.09871146545062089
8813698,0.929806969575254
8757910,0.29290279302218075
4074736,0.7828775612172797
4072526,0.9138067873613945
4150539,0.02721050013194444
4274548,0.9184616223465173
4455231,0.858363064125323
8953257,0.14448755519932227
8971432,0.13631180382236416
9278553,0.10481848365920833
9527915,0.7671401668268479
9143254,0.1479641874751096
8949247,0.2477972705723091
11336883,0.9059561817071303
11336883,0.8784437475367775
11336883,0.7765148834839939
12506351,0.2173204003409186
7622486,0.1417552150170587
7622486,0.010674957540058988
9705459,0.19073771408543913
8564587,0.853534757443919
10925104,0.7274547576656548
8564587,0.7645986192834289
8631160,0.8741404544743715
8552498,0.15289148380354045
8806072,0.8471899955786903
4455231,0.8173432628275858
4455231,0.8625199133928552
4285107,0.08190582736762678
4150624,0.0828979948581111
8972058,0.823860543557519
9346253,0.127145931492582
9002237,0.23805685486119368
9288786,0.027145734214381295
8958035,0.060426199313207564
9040849,0.25168834149694974
9202151,0.7154828855066032
7842610,0.22968070366637078
7830637,0.15889073202290524
4760746,0.8149716446385686
7832356,0.79418467692092
9643874,0.7044907877897717
8800954,0.9081744316808107
8583696,0.7662021265218554
8804283,0.7668438022925631
8804283,0.882334395712262
8552565,0.16974983972207527
4155328,0.7566512716273426
4077526,0.9064924919769431
4077526,0.770047621265152
4077526,0.8554376127016765
4077526,0.7131779648835431
8937021,0.24841527703397046
8935810,0.9431696345425662
2441495,0.7135585947969068
9455556,0.7702124165489179
9455556,0.8798450096737724
9427402,0.7798723253621703
3732821,0.9734310238636823
3962440,0.8833925926548187
3534076,0.7314781275914822
3962357,0.7811749255828813
9110357,0.16731113042041573
8394721,0.9544337887781189
8609450,0.7768828256660334
6541920,0.7370192690892838
8609450,0.9601414887493364
8609450,0.7320459315270418
8609450,0.7480987770324089
4243911,0.9130621708263398
4466677,0.9048885355673097
4466677,0.928173356196004
4466677,0.7953317116701177
4135665,0.9148010032794595
9269281,0.7752593575470306
9100484,0.7225414370266401
9157908,0.2627581872151464
9030447,0.09937169791563237
9034103,0.8706351875597964
9214942,0.8222597352689824
3858704,0.056456788374954985
3749134,0.7015049229706095
3556220,0.035585476279879666
3660924,0.7306627277063903
3939150,0.8129789537086374
8628758,0.7896277706769227
8628758,0.7673724501953537
8509361,0.01972419908517488
8742590,0.7398639587986019
8822366,0.7773725057536249
8972058,0.8992121990783006
4386059,0.014802673887211421
4650674,0.9080526991341588
4275721,0.8978634049612001
4275721,0.8674686720572907
8874090,0.8752309100505509
11666881,0.7620238790116234
9264949,0.9274853835134299
9271752,0.8879193934074134
9007866,0.2478929381159788
9150827,0.7496147087596019
3939150,0.7715659214756333
3839488,0.8385268552217735
3542588,0.24612353915366092
3442055,0.9885947003050838
3440861,0.0967494209596341
12252424,0.8538813540662693
8700771,0.9066012856575558
10960993,0.04119458176799959
6541920,0.7008521617442159
10599397,0.2860500779729819
10879208,0.11870584592604136
10843203,0.1445885763839856
4570931,0.25321370431269363
4136466,0.9773539565740681
7284688,0.2858513108151296
7199774,0.024937048674951515
7037540,0.11453105887362117
6866228,0.06230965210178461
9391208,0.7829081423157911
9391506,0.870742888232113
8950853,0.8871444839199859
9006449,0.7712303308689774
9006449,0.7076325446936202
9006449,0.8103939597101253
4043190,0.8713848566073601
3640905,0.9726935819816347
3640905,0.7154174455360859
4060815,0.030254141671535277
6613006,0.21044241225396537
6606653,0.26695166090125017
10790387,0.7734259252107469
10748393,0.2839940808640396
10874226,0.23578432605443103
10661771,0.23393179291123894
10924853,0.01955548873174363
10874926,0.08537300001451181
6631721,0.03868359519118516
6847018,0.2857544650729067
7220322,0.29969447893086854
6956233,0.2852732487195136
7303287,0.7664822756551212
7303287,0.9446494883036095
11512246,0.8885863728468006
8916492,0.26309276315285696
11193447,0.09497079877415897
11517719,0.8925131448401258
11599264,0.19640830374895585
11100657,0.05612442725643504
6620003,0.7363595485625085
6621116,0.16417991519589725
6629332,0.031886422758889636
6387450,0.283322159132612
12252424,0.7853403319923814
6432059,0.2598160731983131
6470149,0.15280061415442756
10549562,0.08168131625857812
10874614,0.8701883504467061
6541920,0.9005849421975657
10666230,0.2958898901631061
10971674,0.26125923958498004
6891543,0.28636800975724547
7211141,0.8423046542687538
7363829,0.9889038229103089
6719086,0.8763200277000303
7376983,0.8913479074866222
5084942,0.7735637000029771
11125936,0.16081902582099378
11026304,0.8896274476221422
11342550,0.8139176674065857
11497958,0.9357235641716661
11497958,0.8961374333277072
11512246,0.7191165207140977
6462874,0.21552170293746215
6665223,0.24152609934268707
6545358,0.049505468700546826
6390824,0.0935437552325648
6546528,0.22128685098170411
10676923,0.11175576018917943
10604335,0.8682176739004731
10604335,0.80637794123306
10864656,0.7027487472255762
10975146,0.874914785231894
10538176,0.9027611063219778
7376983,0.7340977187829573
7376983,0.71772763989015
7376983,0.8680898216252638
6946199,0.9059356988529116
6946199,0.9659455615024877
11497958,0.9082572476095437
11177707,0.9452696942723035
11611600,0.8903317972676055
11254382,0.9227272575427897
11122894,0.8063893997553402
6677841,0.9809433917130788
6677841,0.9193940219203971
6677841,0.9305688107001141
9970525,0.1245198288367496
6531491,0.1146894409199141
6383821,0.9045047049575778
10538176,0.9369568485428188
10724369,0.7050643030733517
6541920,0.7017624692553791
10867062,0.9681182847583931
10744335,0.9242585145296875
4860678,0.9336761666910205
5177104,0.8858481320315589
7023960,0.17417456294854844
10033279,0.23605564358926315
5009189,0.2749967564756124
8230616,0.7075601384642163
9836959,0.9632206627789345
9838949,0.8010597518555042
9895006,0.8340047345411051
9896558,0.7058226589650975
9589323,0.8659528622826497
9823487,0.9497024564845503
9602514,0.268914919262262
9726659,0.8768451285876228
12108312,0.055484211635148745
5371776,0.8346669181975057
5371776,0.7070525394507015
5371776,0.7086087740545812
9573539,0.7844885755190546
5371776,0.8541670167811782
9886661,0.7418990609462761
5477805,0.12553684955473607
10055126,0.7987147433609196
10055126,0.7299265382241275
5009743,0.9501241472434775
10015937,0.7167230564276018
10019065,0.7437015211648358
7950644,0.7233088360929819
10080248,0.8624146162087399
10213902,0.7555663227240144
9842906,0.10339677207540077
11821363,0.858021318090169
7629518,0.7919282882164392
10810838,0.9442689751898867
4828341,0.11528460954021928
10019763,0.08590455124068011
9899280,0.20044101734852254
8046659,0.7026005508149872
4940438,0.2982912908396135
5308663,0.21833885136274936
5474733,0.11765975198563441
10963065,0.9130671594471209
6268648,0.9081225418106101
10125352,0.2976839553189832
5357901,0.9377086147323673
4278221,0.7439704053267985
10214162,0.9421249441091366
10905746,0.7534348861232711
8242434,0.7784737943718462
6185331,0.7081472963802871
11820830,0.07753774421613714
11774387,0.10599048401546719
9636135,0.8952033961080832
9636135,0.8953785550084562
7841925,0.8450839486718327
7841925,0.813316000892816
7841925,0.8127962220182793
5219234,0.9676063545087503
5219234,0.8826527124659624
5219234,0.8337169582106609
5219234,0.882002478064303
12504988,0.2705652718284223
9015738,0.8688676787437661
7215603,0.9892864150349872
4276716,0.7813573478722438
5561278,0.7460769952316583
7287683,0.9561053421235167
6387542,0.9170441010046531
8266276,0.8678486268275214
6869184,0.9786994230094961
8396405,0.8078136510321176
10799735,0.049255593529118256
6604328,0.7086264511451855
9719634,0.2191329810000118
7439316,0.903630754478332
12061238,0.09651107685757936
8323753,0.21071627658953673
12400538,0.8105401334264506
5184584,0.7606041107556997
5636648,0.03511952986490637
5564247,0.12557518463538667
5438099,0.9106154592109212
5438099,0.728348274536704
6543893,0.9312883857375076
6543893,0.8510066546168787
6975129,0.8502067684704435
11391018,0.766951987665979
8685497,0.8504452468814866
4365645,0.737005503111282
7199906,0.7797323205555174
8197343,0.8298850378505637
7032421,0.137710827841291
6786348,0.9614501928071302
6209677,0.8283706662997574
9641018,0.2889970540814847
9813499,0.8167980892748892
12254792,0.7652481354778271
12020218,0.8585879606164275
7690844,0.9781062924414603
9535080,0.2983967619063502
5438099,0.8418435512441579
5438099,0.9748756941648595
5210475,0.03700822500050241
8009350,0.7960724638467276
8082001,0.8985151934025477
9017682,0.982428879846786
9277896,0.7986347422390623
9401997,0.7963137899362576
10686864,0.865912998497689
10749128,0.8954546395737222
11904734,0.9327202608100177
8043714,0.14757142118270314
7918217,0.19178812501727546
10153011,0.8032708346172345
9631995,0.9106235579958248
11870545,0.8769525850993334
7901948,0.9872663273135304
11955499,0.09090821538476544
6442377,0.9713691951550536
9784222,0.05580073786853814
5376836,0.1912911376363394
5557821,0.17871383233824584
10004519,0.9455322809241513
5031857,0.8058418408912884
5031857,0.8379669571578934
10879038,0.7519876244668916
10990917,0.7746312995233379
11043136,0.02143390044251288
11046025,0.9870581620349328
5771719,0.24775793730411666
9729691,0.9448941321194054
9729691,0.7030750079814807
4950232,0.05769893833377935
10904857,0.9453811881658518
8651389,0.7996132414698057
9520668,0.2996228631702
7871954,0.7732729746705892
7871954,0.9578719594672731
12418724,0.8238653136511159
7456001,0.7862464748101587
10028792,0.9020872142880809
10028792,0.801712972579915
10028792,0.8654746153637181
5553652,0.21355573429231076
5299459,0.8685066476740053
11153121,0.7703503225902226
11153121,0.8801927563849017
11153121,0.8649935528022311
11177543,0.9808954234616043
11337141,0.9123258800002174
6705142,0.9554781858592558
3967760,0.7042417957149731
3967760,0.869593305056066
4067336,0.043586992564036156
5387843,0.2622158030418503
7549209,0.9181362271730842
7663405,0.8589890958034534
9765975,0.9125033696493738
9818462,0.801000655841843
6803202,0.8396319810893031
5299459,0.7075546189295292
9651668,0.8672171126876977
5299459,0.9297872360080117
12506770,0.9227341596028291
5629985,0.1188980683530935
9898364,0.20840552417031333
11337372,0.8033784400916213
11337833,0.8448940251396045
11546211,0.10766803657471505
11547505,0.7321038189329356
4471747,0.7617091936697162
11502867,0.9219328215274945
9909735,0.7609145964969087
9909735,0.9226336369143189
11551692,0.9876907611233476
11551692,0.8413685885422847
12266636,0.9445480752303196
9850893,0.050390153483536114
4826110,0.2114511879846314
7869917,0.8407202948329023
9824805,0.9014908494863297
5193400,0.2940998592852528
7939330,0.8052507422599958
7939330,0.7021906343840052
4918309,0.8420902100383161
12602568,0.8816148111573899
9941066,0.9358843565861672
5972334,0.9797596864185121
4650733,0.874702350067625
4830605,0.8336404046446998
4832197,0.2780265278254213
4844004,0.04275279324092249
12120943,0.8745266079917628
7831264,0.8823795741591918
9761199,0.2457209029615652
7751571,0.10234866017064127
9579499,0.17209624960001701
11913013,0.15118838576290505
7768451,0.8912151179230221
7691260,0.8052221298270653
9821454,0.9660071577751733
9821454,0.8896880921712015
11954842,0.778794842781213
7972785,0.22659248433388218
5470739,0.8757390559896958
10022908,0.8593396406644773
9932970,0.8672909224804204
5617854,0.8356507066126371
4932442,0.7646922979466796
4932442,0.8949918045182728
5183357,0.7207867501028097
5269467,0.781140364844641
5360920,0.7155180543927429
7672940,0.03195726570814597
7838655,0.21656955860977153
11702948,0.7147776159319288
9512981,0.9155115835122852
7770450,0.19097553170264894
11455491,0.028656036617525985
11764462,0.728863712586719
11656246,0.8765572292104344
7808587,0.8799181946241607
4741126,0.8200710783069199
5301750,0.9125049655856634
5301750,0.8456216687908261
5301750,0.7053244105196373
5301750,0.7858810848692375
5301750,0.7643921411393996
5526717,0.7609171412661019
5972334,0.789072175551667
5526717,0.8628055817940193
5530882,0.11376045899909125
5531953,0.9067914944832232
6034945,0.8418152694993917
9851226,0.29911657387649115
8692861,0.9612567271843988
7543649,0.29587399496631844
9480310,0.8345985604982505
11858748,0.23519918442651525
4741126,0.8911027744578781
11669125,0.7846590606786569
12159249,0.9340873346364582
9872292,0.7845088944172514
9963461,0.17352633027798256
8081482,0.27574362900013294
5542466,0.7080425983062122
4178389,0.9747740925998013
5542466,0.7697964029603558
5542466,0.9598759257607757
10028140,0.9490697836842721
6048024,0.12913507286151243
6049190,0.8112216526434018
6149553,0.06078621365842834
6198999,0.7889406167934474
6310636,0.859687022067478
6616218,0.8770388938007093
7761545,0.8987658381649265
7499398,0.8526852929199186
12365184,0.8052355251661533
4770365,0.771749129722557
4770365,0.8966373712580309
4770365,0.7648816877732392
10748390,0.700619062711396
11804465,0.9418839400620371
9663113,0.9591027415773627
5649956,0.11540498691723296
4840513,0.025981001025652553
5217586,0.2749709196521
5289854,0.7901354649481794
5289854,0.7910004334274906
9895709,0.11853052492737066
10006581,0.7370403274681655
5972334,0.9714619242271278
6616218,0.7065904933011837
6696462,0.17532429773083064
7220429,0.9070148511059134
7222086,0.06605521720778978
12406749,0.9248197327702072
8692861,0.7974817990875922
7811397,0.7769714173839647
12403119,0.8405554411226916
9842890,0.1623064490162884
8113154,0.16463997411400427
5270698,0.06085347479764029
5024450,0.2112312710763731
5282049,0.13021393418530983
5475431,0.8789640882161874
10027323,0.9453039283142524
10027323,0.8987400539361792
12019440,0.8211917363880693
5039228,0.7626156757226816
10004738,0.8053866257062902
10004738,0.7541237406034357
7304449,0.8329271688233547
7386827,0.779682955277519
7522911,0.8101965117234374
7626370,0.9883531908928733
7703955,0.9408393274151177
7512982,0.791483456754809
7512982,0.7664461419291428
9597806,0.8995887636544496
7812167,0.062206392774571184
11760959,0.2676104565368768
5283458,0.8732423772935942
9940565,0.14455290808419716
8053552,0.7890783868485384
9663113,0.9290370227408093
8111381,0.06766873001407682
5444549,0.09153487673703453
10004738,0.8091898375329116
5474613,0.8476628468879936
4860932,0.1857268039158277
5438757,0.8220518513932011
5438757,0.8088281444775446
7750419,0.8713523880853037
5972334,0.865404238923392
7815744,0.7926383123592722
7955580,0.9312017875279054
8230616,0.8137327655464377
9692345,0.2933995177012608
7898352,0.7917198605403074
11402995,0.7124343270429565
7898352,0.8246937158871857
12062667,0.12376782099476502
7984047,0.9584211942376482
7951018,0.7516465715957085
9899355,0.2560675444294334
12644774,0.27307334681133794
9902856,0.0710290563468239
7747425,0.9609143797552375
9892816,0.748545918648261
9892816,0.81471336434083
9836149,0.7554940703789428
4813563,0.7836676861173747
2985767,0.9829888854528338
2304320,0.8721123067381734
3657758,0.713919466613704
9790806,0.9678391407874086
6382217,0.7376558891552532
5375194,0.7349598814285513
6468138,0.9147087178366828
10019708,0.8298553011622816
11875734,0.9101610266705691
7697568,0.2410807186909372
7046804,0.889370438234725
7449136,0.7558351989526237
8680979,0.7287793387641209
8680979,0.7474362679824629
9030537,0.794434107941937
6949061,0.756985774753346
7269493,0.8599343628966613
5513648,0.725734764061733
9164836,0.19225924163227157
7887791,0.9820428619152832
11657891,0.7071185680048724
6305192,0.9212809985723692
6382217,0.9173387244873992
9634821,0.9640066343752571
9634821,0.82206646313135
8950568,0.704644418603194
3326377,0.7526615485282481
11601584,0.8296294907252206
11601584,0.8992910350398562
11601584,0.8092754477433454
11601584,0.8576635754678275
8689793,0.7352309875745177
11673802,0.7857408172573858
4263293,0.8826937947768312
4263293,0.9267971142805422
4263293,0.9148959021221214
5695524,0.7339886201642267
6205897,0.7667813154012361
7948784,0.844198163949905
9244756,0.9640322909069694
9650808,0.7625645430013598
9650808,0.8683916954248441
8950568,0.7550464743061563
8950568,0.935960349061422
8950568,0.915615085198531
8804845,0.8365586189207432
10480915,0.826597651899423
11709244,0.8273182146060089
11709244,0.9228600986446583
11709244,0.7299301829325326
10019708,0.12257135632477412
11853878,0.9879963041756922
5728139,0.9102801753871342
7668663,0.9165860295821231
7047922,0.7249888962021822
9353314,0.9395809411223883
3629967,0.7028138322954113
9347009,0.9861981164481525
11253711,0.8737655496429971
4917596,0.8087559297427567
4743513,0.11794592115985648
11046458,0.9213041534766869
9111849,0.9391170220044782
7132798,0.8595701355591697
3448130,0.8871226341051839
9656252,0.7053095309402279
6026438,0.9635826042269533
9471268,0.7930093160251463
9471268,0.9063720822879134
9471268,0.839440961618559
10657406,0.9799476586450322
5526527,0.717943141782595
5809954,0.262568606297984
8766650,0.965040268650571
10328393,0.8849850686400567
11773328,0.8009450017150412
7094486,0.7776888387058148
7289577,0.7207860867483464
8543100,0.7433686181248356
2693736,0.7006944695511776
9412760,0.7170981303157141
9412760,0.9592859371099155
6026438,0.9584096843320582
10663396,0.7922317060254325
11457726,0.8644981001189993
8956206,0.7090343154404848
9649706,0.9775215457032975
5856571,0.934578286033361
7765528,0.8222919231431988
11760231,0.9896738729395589
7779077,0.7348732559146753
6046540,0.905930213363261
5706966,0.9608843564510298
3762468,0.9488969339992299
5706966,0.921954271701693
10130039,0.8204270575219371
10130039,0.7518169926114732
9518318,0.704414615149101
9518318,0.748870696007109
7273277,0.8308820134907364
11769890,0.9209071385885013
6862721,0.7138013835321481
12301181,0.8549135134873832
9279354,0.7565922698556782
6774880,0.8663057896953441
3937519,0.8580048078528419
7449541,0.9221558284053246
5080636,0.8658024740725078
5080636,0.9704538463999519
3338885,0.9553089906458649
3338885,0.7222853737074263
6776401,0.9488027791995287
10130039,0.8963263943954417
8226050,0.7274215497712907
9965957,0.9040166811723256
9704384,0.8250450534475223
8426567,0.8239763459180808
12508335,0.11841255630040207
10094670,0.9238761059848752
8142942,0.9722339246302915
8257205,0.7710608553106064
9044228,0.7768996189539862
7265298,0.9696133378465364
7265298,0.7193293686978579
7132798,0.7757664327722501
3248501,0.7379927537770579
2307415,0.8966915742412249
7430034,0.7685510315295646
9735426,0.9207425385867258
8826168,0.9499349423736878
10464050,0.9444930624544752
9763348,0.9897683531755421
9101496,0.936888895228412
6037581,0.8111003655549449
10723750,0.7694304193638968
6037581,0.9687261794485497
6037581,0.8664770044418739
10779233,0.8138509010268311
11614617,0.7205016770740091
11450414,0.9785112518496155
4736569,0.8724305596329942
10384798,0.8956925798925618
2307415,0.7019397869058568
3128552,0.8048976307583197
10134152,0.9731509247120631
9573685,0.7627735920188821
10329835,0.7120851270225393
6849046,0.767712374684328
8804397,0.7550298910880466
9662811,0.9617932469684052
11570749,0.935709225978836
11297236,0.9646876498185806
10074466,0.9646754557194843
8218379,0.8494609616121884
7755636,0.8969615855554479
9411166,0.736395687652812
9411166,0.9276405075233963
4989057,0.7137089802715652
9834040,0.91961333202951
6152974,0.7032807068425824
8802693,0.8038387022133331
6061773,0.8782432818414843
10024701,0.8689106755471687
2579043,0.797620805702844
3239671,0.8164669495560334
9304101,0.9826772182316169
11360571,0.7980764463776081
6035124,0.7589969382532545
8160953,0.7961985858918947
8160953,0.7233577594855839
4157325,0.9831949102286094
4157325,0.8813175112950851
4157325,0.858137609679685
5108214,0.1415735258776975
9955598,0.7929570061202229
10723750,0.8957444346843063
7219761,0.24261981496638707
5770074,0.89159131934013
10136549,0.8543169173889524
9851271,0.19119280900399693
12154526,0.8965149094874489
6665512,0.7405017542773484
10525027,0.7685547342926322
11069176,0.9092356440109537
10005758,0.9650427450636192
10158418,0.908955190029695
3128793,0.29713391691744334
5864975,0.8697159520857853
2975770,0.9098758130649662
3648437,0.7554455149975198
7877496,0.9395691047624926
7286173,0.7932761705965364
11126381,0.872025816337645
4149450,0.7342865952000935
10136549,0.9018629286304072
5511081,0.7604996699741147
5511081,0.9039150761986929
5511081,0.7150858179848223
5511081,0.9283561828930533
10978763,0.9047937062628085
11069176,0.7362686218579144
8098728,0.11409681074748225
6152974,0.7424581325493941
2449431,0.7049060520719633
5631630,0.739848097243555
6504954,0.7121978215384441
9410930,0.8539566863663652
5731623,0.8278896066190745
6153672,0.19714809513466927
10676014,0.9893802373496354
9520838,0.8795998426342712
8167996,0.8281808950504208
8167996,0.739726003228748
8167996,0.8373190226161026
6773862,0.9268573862505167
10978763,0.7552491535407906
10602291,0.7612596553418601
10978763,0.8971632555908913
5202905,0.9312287742025241
9072190,0.8030427637976367
5384079,0.7003507694884261
9839821,0.8272795537671152
4056616,0.8175549724298405
6707908,0.2722070481827901
8492026,0.8630173421827607
6867766,0.11443655666783654
6058614,0.18149437129579984
11017901,0.8846801121780485
5088591,0.7011525498633575
11298298,0.969248290409268
10187159,0.8318843472128092
9758089,0.9336133843517633
10619192,0.955158402042945
9883311,0.8031806349188246
4939346,0.7895895183434661
4242147,0.8533065231505221
5396122,0.12185713185216515
10190777,0.9724467192652309
9651234,0.8450440937639121
7045496,0.8651625702499028
8750043,0.7458926053287934
9973109,0.7631223238887903
6226290,0.7045089258456735
9595827,0.8271982995950037
9349482,0.8049495945340406
4349442,0.8596471449203634
4644952,0.8545235732594084
2987027,0.966406111802443
4644952,0.9180171533760371
4644952,0.7965107663954628
8978528,0.9114666149336229
8978528,0.8272736197383335
9967771,0.983061145483624
11622600,0.9468603901752941
10454632,0.774678945950591
10005788,0.8784071195345442
10005788,0.9588326196161021
10656508,0.7329565169269348
5213902,0.234156277449673
2832589,0.9436906415290829
2438513,0.9105080694549313
6356207,0.8306743371685832
8564674,0.9633548771103445
8564674,0.7612607788777083
8578780,0.7763577515515325
4544907,0.8735148331733674
7761918,0.8645540155782208
8240797,0.9121159863260697
8240797,0.7257897761760468
8164262,0.15232707070858406
6279974,0.2736497057225288
9455325,0.8173539057337735
3098810,0.8423886296576691
8367644,0.8842533462224704
10332883,0.9443332875529751
9071386,0.21409144528688515
9305831,0.8221225017250888
2438513,0.12324422645051741
11656918,0.9745310808628609
11656918,0.9227298997141922
10844890,0.8519526962597831
9536692,0.2631123331795078
4636578,0.7227464010669935
4636578,0.7909719026164983
4636578,0.7237386246764954
11923284,0.8132354710394232
9838975,0.04550459324116669
5621125,0.7102905985694827
9872283,0.9741382986172058
10666242,0.28093618907522877
8624520,0.8472375545895269
7870032,0.778213163970257
9597058,0.9070527778982946
4035640,0.7207281670325042
6205228,0.7993626282969233
11758544,0.9435458278180537
4851530,0.9658836216178548
4851530,0.7269879184848311
3118797,0.729820667539876
7747425,0.7595200260206684
6300348,0.851707188047393
7747425,0.8286514435588909
7747425,0.8669592127179173
7102316,0.8381841095981857
7102316,0.7332537069733097
9489524,0.731225898968954
9489524,0.7807050940648093
5940165,0.7177742527366232
8277797,0.8000593886249417
8277797,0.7466781391411267
5124667,0.9023454420780549
2989404,0.7379367308208615
2989404,0.7883981301627876
11413812,0.7233025812183804
9549648,0.9333537902508781
10063802,0.7589930958186757
11074178,0.8387093719637995
11074178,0.8056516058126647
11030475,0.9016005108763419
5942808,0.7101870667456757
6206214,0.9125439335656114
8959839,0.884714795778318
7672097,0.9623342893125527
6142862,0.1642924437844179
5599774,0.8845691226574645
8099138,0.7829325881996877
7033233,0.8480027565141085
7033233,0.9434842087851031
6383785,0.8898962198155301
9411412,0.7827123112810753
7008211,0.87721982595795
7620413,0.8225286863347104
4545187,0.9851949196409275
10854546,0.8399096829482512
11774991,0.705567874732778
11774991,0.7849311419428584
8261920,0.9465591376348856
8261920,0.8735908255064557
8261920,0.9358470670043498
9112931,0.7398233043283985
9071593,0.8137305621233928
8126558,0.9231981435735769
11811193,0.7979965407278137
3734418,0.7512399192861947
8681734,0.8012532785637131
10232693,0.23268051016932273
10212441,0.7324123125807047
6119141,0.7734821909016584
8247771,0.8783104464901841
8165946,0.8033360054604424
12017109,0.9673217458405039
9225395,0.7010200066764077
10709622,0.9436558730669629
11499228,0.7385081209094888
9022166,0.972061331596809
10965588,0.8610751975124231
10670119,0.8120690276247904
10670119,0.9681093336394246
4043443,0.23180079702560372
8491277,0.9866364039343543
3734418,0.8740044550185792
8613535,0.9812390987660556
12256520,0.8461091672456855
3337432,0.19567704184972456
5629538,0.9511419040179853
8561231,0.9849806827717504
8235924,0.8921271161352843
6941084,0.796687966693152
6200235,0.9331663367323427
11460462,0.7325197545800236
8612275,0.7180419561172702
8612275,0.9046678641803694
7207061,0.840278905144614
4545187,0.9657152454922409
7286911,0.9380061838962536
8591173,0.8913870583924919
6962109,0.7207944055608301
5706595,0.95961517740195
5706595,0.7248959412665018
10489345,0.7822456559057236
11774303,0.24504085284054788
10329469,0.951504529530228
9654875,0.8389244623788964
9717943,0.7058908198008229
8026752,0.8529165006842081
1872821,0.8105196812778773
8013439,0.7863439019511669
8013439,0.8087235027116343
8013439,0.9295478823011585
7207061,0.9765592947011233
6921944,0.8289458286336083
9532052,0.9889705042957843
8164012,0.7885120656196698
4140813,0.9807013775134714
8611781,0.845188586738539
3097926,0.9417745925696017
10518424,0.9063072401005252
5730445,0.8224411740366976
5601258,0.802689715669933
7960980,0.9398956232000032
8107225,0.9543888896968415
3458028,0.8053567730397077
3342794,0.7131759929916018
3342794,0.7862890429914751
5716932,0.864397600915011
11288051,0.7172956441678969
7515670,0.07655024021721524
11566256,0.75041527200572
8495415,0.8526154854692785
4055304,0.8241597179484094
4857213,0.816995157496906
9415108,0.9008491243242025
4262581,0.7790312558642732
8591693,0.9884794800453438
4833421,0.757269032435198
8282651,0.9385750105749127
3548044,0.8523374793506989
11401767,0.7380086057526316
10909127,0.9822186967382843
3661886,0.8256123222138438
3661886,0.8176472503170971
2439243,0.9200749938705489
9221517,0.9250314624698298
6751874,0.8474601407427329
10863608,0.9445225988541208
5602588,0.920245239794902
11288051,0.9812435376727207
5602588,0.9040384868364099
5385304,0.9665282833468378
5547480,0.14730964424140316
11462341,0.9761174992100461
9405595,0.7208836718028404
3546060,0.9698750142061505
7019489,0.0558289013834912
2141783,0.127472165346539
4144576,0.9548779551681043
8494542,0.7911153062903
9992325,0.7275690930464055
11073656,0.9731464485705076
10206675,0.1872499603266274
9945370,0.9787114445863683
3832716,0.0985673371167711
8453211,0.10437355826335666
8973129,0.9592509987992197
12505654,0.9666955430978301
7215678,0.8599602265417412
11670125,0.8701980615202936
11461844,0.7208683513568356
7449554,0.7105542153967058
9351920,0.9588917660943401
2161536,0.9221258231621186
10549023,0.7140723445176197
9661979,0.712839681791007
8219268,0.7192219973998103
10531955,0.8997704400282212
4833421,0.7555264567606245
8168187,0.9617455507835659
4142847,0.9593235855846518
10203349,0.9875628710331461
9718066,0.7540584675518678
3440978,0.8297404200833854
3867615,0.889011260328873
12121570,0.936004249750638
8410415,0.777945782700434
7987866,0.7061953979614988
9532710,0.8915756851598026
11560897,0.7854362292305828
11342416,0.823733222575699
9086251,0.8260076108196478
4254466,0.9544615410789294
5801571,0.167329690014913
9904006,0.9286114680418266
5288570,0.16453860435379433
9364609,0.7049698103480493
7457296,0.9507122127964036
10328458,0.8369566416863862
7050060,0.061354507570604774
4248120,0.7982612315656419
9580992,0.7288840340215655
8321314,0.809418489151236
6934986,0.947822517497943
4049901,0.8193404586785641
11498128,0.9098936827629284
8041216,0.8902581211097641
11824786,0.8935580133180822
12254909,0.7876244403027292
10798331,0.9698708232049814
9364290,0.8551216844540799
9364290,0.7032099197010937
5022828,0.8423406259843137
8233702,0.7702140281940992
11403339,0.7809138173202739
8260902,0.7771914204657187
8381204,0.9766011071364868
12058204,0.7129831143971652
12058204,0.8486065811352773
4833421,0.942290705866162
5357545,0.9123297148051246
6871071,0.9687085186163111
5342473,0.8727352910401415
9334893,0.8261127616819022
9963265,0.7721477517654094
10583761,0.9363507203419416
7542813,0.8910107778318074
12058147,0.7291792586826955
8164257,0.9454855874189082
8164257,0.8375237412049635
8164257,0.9782578903423843
10593759,0.24195117367595273
6774537,0.744277236574635
10404582,0.9280904257736414
5959753,0.8623936063301478
6021193,0.8078469975551235
6021193,0.73625668276971
6871071,0.7846327686850629
6871071,0.7113298706171147
6287313,0.7242340752837624
9289704,0.7131081765594841
9278725,0.7610713868505032
4458082,0.8370317737851469
8042453,0.8915381305648937
10874215,0.8429770240390367
6666233,0.06949639700314715
7661065,0.16905756823111998
3937519,0.898072343889798
8866137,0.7905504703245437
10857519,0.8870041176286471
9517393,0.7583828491615928
9351316,0.7158266372866231
6021193,0.7929337128449616
10617017,0.9080367429172882
3229150,0.8036448529886083
7989422,0.16353288924669715
9641481,0.9751352303853774
8892157,0.843422710490489
8892157,0.9535238079731732
11569782,0.948521475162439
4833421,0.7860737212304173
11520459,0.7689641100203805
7219825,0.8103249752666355
3749978,0.7377002523882781
10010440,0.8133804614362491
11718144,0.9041596707094781
4247991,0.8234085351393382
4247991,0.7111999731685702
10026544,0.8544275385163622
9473078,0.7104276700012316
10864531,0.8519885534429776
10864531,0.8446199318489973
2853780,0.803039602259829
9472000,0.7825686210196976
10253547,0.8728785326499158
10253547,0.902088575042543
12505076,0.7272342343198694
6185476,0.9865285954625258
12116380,0.8092393730947244
2556650,0.9263183595155053
10600955,0.723374481567845
10801100,0.07675280421879223
4473226,0.8383975448167355
8914779,0.21448102433013413
2854181,0.8286658655261947
8963721,0.15605638283058
10132832,0.8996137154111737
3219995,0.7248842597690792
6062929,0.8945362981683105
7504778,0.8337161630818336
7219825,0.8928460299968168
7097965,0.7248257903183893
4249725,0.9849224898024176
3967326,0.9543352032101511
6768394,0.7384642185974306
6768394,0.9678954469158452
5211199,0.8052662433436186
8804455,0.9628886709189393
8804455,0.022471223675831722
5546761,0.8809596123871662
5546761,0.9339573961681402
9205938,0.968119495817461
10723367,0.8860955463835473
10723367,0.9745637544542656
5005121,0.9171276991590741
4833421,0.7923191085126013
8229458,0.9497594711817897
10684670,0.8661228019132717
11495458,0.7375119863202992
9003401,0.8964568155467192
5978559,0.812031330057766
8872048,0.7886016025715664
7746958,0.8535510358531331
6768394,0.9670782861369185
6922710,0.7865834352368346
11348997,0.8625041932889482
5705819,0.8184060857639014
6696580,0.8163684698341684
11358389,0.8127272037909126
7204981,0.7657144547085136
3847907,0.7903951918369417
4370527,0.890105790675992
6041734,0.9429157703884272
5125347,0.9823726785062108
9336200,0.7674807568491097
4770617,0.9708979448870151
4454934,0.9776565310632522
9458343,0.9721609815843986
7120108,0.7334545386508314
10730703,0.8546223907104136
8007644,0.9477208350395727
11192235,0.905215024537993
6383785,0.7844105147808629
6696580,0.9329531655085862
6525946,0.7259683780119793
4249725,0.9532420781144604
8505920,0.8194176263303579
7918992,0.9664076737642031
6041734,0.7036604338921566
11308499,0.8253177942554129
11308499,0.9524412300359288
9006186,0.953471561382502
9006186,0.9795794547144037
7802719,0.9645350407128859
11030475,0.9415025522835812
11030475,0.9444656634975912
11030475,0.7279711355944604
5023956,0.2805562659777632
12401863,0.9332871841370173
5534941,0.8379612907656362
11121752,0.9899658984881089
11121752,0.7109482525682713
2990873,0.7115560864681132
9307509,0.7359042616513058
10158729,0.7175353162235928
6105462,0.8278256433511519
3120355,0.8438758014771274
6047072,0.8896429071806204
9006186,0.7782591281618003
9006186,0.8406185724029405
11410904,0.8022130611504439
5021737,0.245765600333728
3862246,0.07635283040761653
4173026,0.8727906373380335
10471621,0.8592164363042073
10471621,0.7377175687389862
5350244,0.7127857274775907
5374403,0.715413081647541
10925113,0.22450277476297817
11769801,0.08552234228092251
11752906,0.8541678210655415
1995519,0.7173614637612481
4914566,0.8012942628546105
6198182,0.773047760306099
10024051,0.9815819722853523
8676038,0.04588900229415125
4349452,0.976200824308164
8676038,0.04816790186009735
8073806,0.7422762616396749
10419312,0.29021611169828576
3234598,0.9443588668674441
10453588,0.708339105268896
11125613,0.768506617499118
8074328,0.7076459211726845
7212184,0.9178145218353637
6956014,0.09506004998419335
9757613,0.9252709054001341
5307858,0.17600276347825408
6605493,0.9111053929569198
4670217,0.8784154673155473
7259298,0.9186227638876859
9574179,0.9008487461985023
6211812,0.9115714532331604
11391755,0.9545151560684888
11391755,0.7196599520449667
9088780,0.7151459975476417
8894646,0.7121617316914292
3234598,0.8418045839502878
8611832,0.8129373468220795
8611832,0.9203072628199428
5621586,0.7156070932581252
9210387,0.7272561844710214
11852982,0.896369410808411
8559152,0.8488882189498669
2718778,0.7130289820583716
3122913,0.872905840986376
9229657,0.7018820049271268
10415227,0.22854414235448017
5175024,0.7655140763502517
9026749,0.9741593104836137
12216278,0.033625448919463716
9159242,0.1229377655880044
12061096,0.2282596112324443
5794240,0.7642330753642049
6933567,0.7558098242277341
9993529,0.13813019606894886
11303815,0.2656606639364771
6044553,0.20692925125600137
9654468,0.8206322157271889
4349452,0.961792665182467
10027247,0.7124342593771601
6343170,0.8758696775707464
7107802,0.7384462690292501
11752632,0.7442494944457154
10028535,0.7265639070579742
7047207,0.7576025426335671
5212220,0.17482590307741983
9964748,0.26986036656069534
9842937,0.14563085691956798
9757613,0.9881635078148779
8247770,0.9694718724968323
6867588,0.8995370478942071
7501646,0.9614464192191836
11962284,0.9898602531605778
2573056,0.07630052566954514
6842682,0.7884175127474405
8890150,0.7384206472361236
8890150,0.949615898550503
8838950,0.9005304212110207
11360805,0.971608126829232
9845898,0.7055616108031336
12453581,0.8074878939776114
11922678,0.06302436518301867
11179076,0.8577105613540293
5364071,0.9637048043827622
5959719,0.8210795477732656
5544903,0.03540110928879828
5542983,0.03851111832487662
8256453,0.23518921256159875
9474493,0.15193666267597944
4551663,0.04355325661161118
12257999,0.8314285546895729
6922203,0.8165985628327468
11752908,0.06496536785761148
7021681,0.8258237180908674
4346178,0.8112784400760157
9664142,0.885034645050615
10018233,0.7061406231874422
8081899,0.8664095128788765
10189557,0.024172018420945126
8478994,0.8930135237730101
9965184,0.2437850155310884
9911882,0.07154728010614907
8631504,0.8920097092510056
8110767,0.7418187290843902
5471574,0.27984282412809053
6767840,0.7324587013129173
8379705,0.9136566222626833
9896018,0.782026959133205
11037511,0.7443889899651353
9757613,0.7394349933966153
11818872,0.7666088011847518
11771430,0.9539758404087609
5513012,0.7823702235518869
11761199,0.06541719424429936
8074805,0.22467109109338912
2437505,0.7634529302128081
2437505,0.1016937951722982
11253827,0.7341256786020864
3533469,0.26276333621018183
8956706,0.09980982441543643
7047363,0.9117019898250398
11968463,0.9466530401385356
11968463,0.9870933577365941
8836888,0.7764882669995722
9880190,0.9471745899478432
5364071,0.7978311798463436
5392702,0.2629020689820081
8429566,0.1186459723214941
10387742,0.8533811353315041
7673841,0.7938185747303499
9827149,0.9864473914681892
5546691,0.7966794311063042
12156347,0.8711724183162817
8636539,0.8588154380754576
9283156,0.7682761853395792
8547429,0.9400152562627593
8803882,0.23523919570649818
9893318,0.8890511317047018
6864885,0.09480939193882067
5097868,0.1638248739936819
8570333,0.9224196667139879
8478994,0.9848585300159494
5036705,0.9763659143775034
9574158,0.7990651579015423
9653622,0.8371779455853703
4391348,0.23474655005706896
7294743,0.7670537585195704
8947520,0.7908512527632303
10468885,0.928994637559188
12016267,0.21003659090224855
6765135,0.9267774466917851
3861595,0.836024555260815
5725087,0.2670295314798584
10489206,0.9229614144024839
3426367,0.8057465193766365
5562090,0.8763115902898475
11548140,0.1897349167382848
12110786,0.09834465172132172
5342061,0.9798605634536821
3654095,0.2680000548999649
5078939,0.2327845918842528
6867555,0.8373265999819212
5339567,0.789729115974248
4459924,0.15590221628189793
11080405,0.9194210768995007
5529738,0.01964731409949231
4047631,0.9865995460814553
10059645,0.8638988176698046
5364071,0.9740921692867908
7183745,0.9461867158013801
8212002,0.8355780046795453
8004903,0.7858074372391948
8883329,0.7309879107866596
8883329,0.7864436164401394
3644653,0.11909223564367871
11253827,0.8395392760272172
5514383,0.8539527705034335
10747445,0.024009601189896583
8022489,0.9341824217578901
8022489,0.9591719042767952
8022489,0.9379405439111347
9209624,0.7485722475388702
9209624,0.8955588876130425
3354846,0.8617347420158159
6516185,0.8271458012342533
8478994,0.7681017096294476
3946023,0.13594486407248718
7183745,0.9855456379569705
9177629,0.8343072675338464
7778767,0.7496453175320832
7515762,0.9611404483312362
5942949,0.7493385669241058
12120307,0.7021423206257754
12120307,0.7974029300611576
12120307,0.8936790054354201
7446631,0.9567680600652781
9777251,0.1688746938516743
6864893,0.2374229102171378
11701407,0.7459711902297202
5906426,0.8831915112872039
11288051,0.747898129792971
10813132,0.837749194543636
5857540,0.8265265036664331
12208631,0.7477337268339007
7289317,0.7279395907836509
6500206,0.10529282209281017
5545815,0.10470621893316531
3116302,0.03841990002511551
7879433,0.8968596799313373
9205907,0.7391908075634965
8463346,0.9492870367185273
5364071,0.8928371076067121
10489206,0.9104430850373723
7531677,0.2431586216534389
10068659,0.8667310751641981
2443393,0.8918487490983231
9019191,0.9875652879123507
9718379,0.06453195895205503
3002478,0.9808522579977663
4055774,0.17155012772881437
6670075,0.2083278110277315
9395024,0.704410110246113
8631751,0.9621491513346225
11401822,0.263462874635648
6507427,0.12619032406306807
5521300,0.06551230332842797
8478994,0.7209129585902948
9753154,0.7467375729796408
9011825,0.7500533671732235
4172746,0.730179802603456
5174858,0.8590347857191153
11074835,0.8268436312040532
1996180,0.7947521840481524
10407221,0.02155830386120616
5991936,0.04630756266904264
5095635,0.8478156503743581
6269070,0.9662675696578555
6705137,0.12507576782436944
12254688,0.9131131646355974
8345172,0.2603589538088348
4172013,0.7597635957650193
12254378,0.7204385698010577
4247791,0.2388631319955243
7604328,0.9507811679548009
11236244,0.941958684441301
9837685,0.8203300374591502
5042210,0.7502592598183184
12454461,0.9538024321687562
1996180,0.7016286998840277
9635606,0.8368054087546599
3728701,0.7915115029503829
10861715,0.03662895830630044
1849702,0.9486251604529503
9390653,0.9746080150421839
2305866,0.9740975006037957
11187837,0.9007640227007132
8885673,0.2243547819230963
9712350,0.9892001466122511
8025596,0.9019870007443522
5956787,0.20793518979972953
3642741,0.1527238136094522
12071037,0.018069449814095147
8494617,0.7167598933896979
10289119,0.9718352751624277
7382313,0.9397028003657102
9887224,0.13418507823536038
7542369,0.13096329477775784
8544992,0.9231227602039052
8544992,0.7711821851468263
11295426,0.8130135080303849
7289162,0.1287647673813435
3001885,0.11114055266732474
12306058,0.7431019584968487
6183511,0.9083949314017224
12469800,0.7721260612732939
4915638,0.9213314152447091
6351097,0.1509356637489694
8081905,0.7485250168826387
11465950,0.9260278835516392
9996632,0.19479043392875636
4665571,0.8539563831594107
4829935,0.1754084766798421
9269042,0.8934198960114959
6199056,0.2613309545780406
11461433,0.7107752280088345
11818607,0.7840067174979901
8380709,0.9565270952093045
6149910,0.9079994842902926
9108085,0.025110210340348202
5436013,0.8877815238775352
8676148,0.8937253568161153
9696358,0.7590099673910173
5039129,0.10929120863769784
4484336,0.8284546353291835
9580167,0.7822254217578674
9757613,0.7651092619563254
10527135,0.09164221502259597
11752906,0.8994347009676923
10916600,0.8114658047406592
8429314,0.7311707752008675
9153570,0.8210523305704035
11768142,0.7541758481709302
7984574,0.777459152506176
9592579,0.07083232329274065
10336951,0.9470893079183571
8481129,0.7357980943127187
2142522,0.7286099079981225
9395719,0.8161636942123374
8753896,0.9692236680585657
8240617,0.8489544124501883
8746295,0.0477564114900419
10090257,0.2105016218486646
11295426,0.9692774269195901
10679583,0.12121205590167736
11622985,0.9414872312266155
11361283,0.9596795877806866
8757824,0.7570453360583473
9832208,0.8073387073810081
6124512,0.7320594838180186
10070468,0.7103022766098754
10031656,0.28155641346999377
7584650,0.8123624180149451
11337566,0.7358835710934976
6364215,0.8175721203835141
10202759,0.25926586957763503
5007345,0.953696534263051
12120484,0.9103249913069685
6429812,0.7729200923068934
6846911,0.8170136697402448
5385439,0.29773384936339486
5963582,0.8301466470134632
4476423,0.040722213314449605
11403389,0.7090570616269638
9851662,0.8997195242102668
6467363,0.8680153228382914
6467363,0.7703030793290798
8758204,0.9795683420743675
8733898,0.8417458186211406
8733898,0.8581594070325169
3228945,0.03147410586529422
7008149,0.11302484847154008
10332213,0.8675620597046115
7090524,0.7117071150998375
11133306,0.9465616147499463
6307063,0.266424499033712
5871985,0.9047531951206581
8292840,0.9145028795876778
9730163,0.7185407363874219
9730163,0.8650484184578898
11453592,0.8607434638378432
3834322,0.27408716607060785
10073672,0.7431441736939093
11188249,0.04008132806703585
4677282,0.08572509277740692
5097470,0.014888551647744146
4858610,0.2930297046809523
10591855,0.8248282087467975
4832175,0.15476670658458036
7749773,0.7486634365820775
9451706,0.9246532926699291
10064256,0.9371722887335888
6842807,0.8891366861830401
4381282,0.27823960805850745
9815053,0.9703268981367712
7609553,0.7813438220221873
10122538,0.7764733090321465
10122538,0.7017246725580834
9697131,0.902841035774635
5480640,0.7204520468030416
5480640,0.779123676344177
5480640,0.868810563399965
5175986,0.9003833134910303
9008737,0.8408709147250775
9008737,0.8055917027879296
9692128,0.10475591723210512
10917043,0.9376097150980686
6521045,0.8876889885346065
8167959,0.16858668573593916
4075015,0.10782481135221393
6697605,0.9642245565880938
6697605,0.8357879823217219
6294819,0.7849815609829982
12602314,0.8671163101831709
5787131,0.7256173503832722
3230753,0.2010984635769333
8358012,0.01980071899641831
4664046,0.1423168179378845
11401755,0.9748920303759808
4180401,0.15615961968086456
6350476,0.24272560172768218
8292840,0.8404660063325929
5272233,0.7255451475636507
5272233,0.8766916254111611
11456382,0.0998574190522182
3130548,0.062019464601014075
9593757,0.17096022005231976
6346809,0.7705646212431624
4275117,0.24343153938803078
6545051,0.16218692817240854
5513866,0.19360136113244975
4547603,0.8485113989294474
5688910,0.7641204400551862
6345732,0.7310933436134084
5716763,0.7511642831539364
6345732,0.9418076143556889
8611257,0.8890253212654734
3861611,0.2608887460897609
12416987,0.9016905650139893
8259713,0.9610720404474913
10880507,0.7547836000263248
11098013,0.8916345002441862
5443604,0.290552892552621
12206313,0.9275860052803362
12206313,0.972034489476076
9837661,0.8380980408943842
7769819,0.7541071261173966
11874577,0.7834748107075208
12164564,0.9182861982300727
8190354,0.13555386786932155
3425851,0.7050851682242109
10397751,0.8682919085504514
10397751,0.9763042557567898
10397751,0.8318983345174296
7815931,0.02518581066842906
6679295,0.7455021055919869
9642292,0.9429599645315458
6356692,0.717180593050103
6026737,0.9052679655979624
4991208,0.7554377509189784
8243283,0.19416246364206258
9837661,0.7525752540265298
9837661,0.8164682739239657
9092504,0.815685030814018
5383248,0.8253245446699801
9092504,0.9281427445981086
10001368,0.9604906876022057
9466429,0.766015311094872
4365442,0.11470307154935928
8885643,0.8793693067878219
5652893,0.8676672490016444
3241557,0.27906466704596045
3957082,0.23044733842661075
8681833,0.8991573437706039
4138951,0.8543990145384105
3102384,0.7982192381567582
10471515,0.9584042518918698
4935172,0.9008971086499662
8760040,0.7862192195870099
8760040,0.8300286268334978
10098844,0.7265435400006401
9467404,0.794257720603986
5308666,0.09067821107227222
5184911,0.8857279895562095
8176564,0.8603671211551198
6587105,0.8632969309154829
11662184,0.863377123401832
11127479,0.7632900185874042
5428668,0.10727250425539563
5041569,0.2467692786494485
10604521,0.8422510457338176
9899181,0.13195709659487748
9899181,0.16164385078389107
8884274,0.7792705077332429
7767162,0.8203787425914906
4861791,0.10434256438612367
4385148,0.7872579904439427
4385148,0.7512033843800108
9838468,0.828663684747543
6781548,0.035023615630770964
8617363,0.7020525841514903
11401755,0.8105426653326323
7673192,0.8068758454032402
7673192,0.9764274784386302
7673192,0.7281267081140909
7673192,0.9331385429136592
11807274,0.8957945901916117
7670943,0.8479452362631206
6697756,0.7912600886545149
5649833,0.14035101851514806
10518399,0.02282902191055829
5905822,0.8538017574814178
10793172,0.8653899579891826
10793172,0.790673251676181
7136729,0.19627759900565794
6364276,0.14038362899340445
4367854,0.738885267964446
5108946,0.2773869494795231
8801316,0.9651827245597575
10597693,0.9473602429865073
7466270,0.8933148074661362
10876237,0.12486945094948194
12314973,0.9612893077779285
3346154,0.8911528244665885
5308387,0.1602152824553313
6233573,0.1888380857697185
10363281,0.2300611503401218
4861527,0.20070739902733636
5775129,0.773809941145173
9898447,0.9318840787763883
5307568,0.1699861185264058
11135308,0.9717687219195039
2985587,0.8774373900485843
6521045,0.9524713716983316
8077137,0.9356592406136763
7019524,0.7131710661362964
5106313,0.776153913244085
9825174,0.7887024531859879
5642620,0.9881871058597083
8429415,0.28966812956261445
5014903,0.10783193119155672
5980783,0.7534950427814877
8873090,0.934589039782869
8560804,0.1654079334725449
12008872,0.8106938092690702
8415200,0.890649390436277
4072333,0.1263664262987581
9886361,0.7089617397477115
9886361,0.8252097823922049
3730335,0.024846502357624263
6528464,0.7905445211849629
7428316,0.060975725432747846
10275766,0.21378119410010948
10275766,0.024384865017911327
6370120,0.29818479965083095
5642620,0.2824295302868039
5209845,0.8141269183643932
9652649,0.02118625331788839
11100670,0.11834917147130979
6129524,0.7903751622306365
5794570,0.9584286156158164
5794570,0.9622159982932939
5649325,0.13658435031090588
9958387,0.793900338160053
6779260,0.747935391620681
11807274,0.9876865535979018
5953297,0.8575252324401146
7659389,0.8574940673222543
9472074,0.8771270340715267
10842192,0.916154649799494
2442448,0.7083508456212468
11197853,0.9640015128545688
9665922,0.28443898227779124
11283615,0.78502258086569
7605093,0.8508700434917237
3859363,0.2944557304081674
8077137,0.9194094831863895
12023078,0.2820894690688908
6364162,0.22037011314729646
7463685,0.9820075465680151
6716021,0.8916510965690324
11231334,0.2528130927934376
8326342,0.8123181206184331
6878240,0.9456923391906068
6878240,0.8451153352372007
2436378,0.1869763742282657
6614629,0.08318655378820537
6630943,0.027029915914919676
4831728,0.9631115595161412
4831728,0.7115943536372399
3336765,0.06035709316519277
4270565,0.16658699626533013
6528464,0.854055826958429
11963206,0.8635018841510027
4249611,0.7747198236969495
8263545,0.9476410677213237
10068024,0.28077975986530895
9636563,0.24476774402118315
6937402,0.7957761807864148
5475641,0.14874113289783333
2853828,0.21293726120690504
7899070,0.8164218655843578
4035667,0.2250379388236683
9612825,0.08606969808658202
7826659,0.8568905871005774
7202957,0.96666595465227
5513893,0.18527280612047758
10514430,0.23002314502489749
8095441,0.8066849530068063
5881813,0.7567002906879666
12456601,0.8550193492520112
10341917,0.1109097811738284
3241604,0.29291535232890775
9591070,0.2620033236660116
8227661,0.02686777235869317
7428736,0.9538518980454138
5817986,0.23988663075790295
11129258,0.9146501033951734
10586004,0.9477626868601209
4939533,0.8087336791002597
4846856,0.8801073278399293
7202957,0.9661256503871924
6521045,0.7551270866012577
5790807,0.24528892147774534
8892303,0.8334771368491862
10265602,0.8516848910044609
5369827,0.9142357571180381
5302643,0.09231962092748935
6586746,0.7051227506728575
9962455,0.8858807703560584
9962455,0.8182622230828328
8687088,0.1591451354684829
6436029,0.8046529364213654
6197215,0.9530202045193202
9451706,0.7886411383339779
9244508,0.7197793894293931
9692557,0.2746284994486626
9366886,0.27213104763019735
3657176,0.2412661626089793
3969687,0.7557651481853952
9369366,0.29660278958230024
6716545,0.9883500384042074
4552729,0.8438781627092693
2989706,0.18483471745682636
5185897,0.9272592483957102
5185897,0.7558597697593682
5185897,0.9250380208074305
3663173,0.8769355153270629
9881077,0.8851924484635678
3097346,0.010665489715859826
5717567,0.03533499977524541
6265792,0.9343063313403176
9995402,0.894640144430713
9109857,0.777334897746432
5609593,0.9245356771831497
5436338,0.7419885282403607
11414465,0.7071589447038419
6716545,0.8313947063101889
2708885,0.14430595586035644
6612284,0.1224508769577479
10586004,0.974188628673436
4483138,0.7760577558287072
9475552,0.8031306896440259
9475552,0.9088929573178183
8292840,0.8682377840687727
5196864,0.883534883116283
11071200,0.924798081448239
11071200,0.7502396402154891
10905911,0.9743755294325174
3545135,0.7169925361665427
6964929,0.7078500156155241
6432345,0.9383871406780759
8703129,0.8144227942966791
11565924,0.9461728441855729
6607357,0.8655496540983685
6607357,0.7145634526641738
9451706,0.960460528185516
6186964,0.8449189119130475
5471202,0.10003361709861401
9640439,0.041564084872982375
9693006,0.7565055817203689
6837283,0.8324412533447924
5613821,0.9541525955078647
6627507,0.11959227902975803
5128673,0.9400353285875499
6690836,0.8042954043251136
8639908,0.9285271495658667
5481148,0.05959871493888899
11076400,0.7473489845121014
7877978,0.9227227532043785
7903086,0.06122363625111938
12024120,0.8562868014828096
8210018,0.7896368607145245
3642289,0.7946740054449147
3642289,0.7241780126328357
3662838,0.8658173307961079
5966322,0.8431480868669718
6029239,0.9570752645208656
12106929,0.07463717107873781
12107021,0.1562571771853739
8248939,0.10498199112215027
12404954,0.7586904957401541
1571511,0.10459956628879727
2438070,0.19884602241582602
3747262,0.23417599732696767
10190075,0.7615045807538058
9070666,0.7282055723667862
3642335,0.8667813912343452
3328052,0.03782935967863425
10749059,0.9645113458156855
9119568,0.181624277278892
9119568,0.0607171777166513
9020114,0.9203215460221377
6196457,0.7334434099551539
7668416,0.9152389457683486
6029239,0.8824027274411308
6063220,0.9619171126502455
6071903,0.8296207500816903
6289257,0.984001546602588
10905239,0.9600573964748684
11623629,0.8587269258619101
3545478,0.7485012224124663
4815520,0.783442792649891
6603043,0.15427084980705716
7175184,0.9514039554641889
7109851,0.016093094378296917
11565544,0.8784990709915793
7347246,0.8375452206215739
11403530,0.7723828487521769
5088536,0.9770961436678599
12072872,0.9387664922267914
6609270,0.9285792857527191
12406807,0.7843396915619718
8046689,0.22466151331094233
5096590,0.8501845044555908
9650989,0.8998949706518884
6289257,0.8698874315216346
6291837,0.9820911416710945
7024222,0.2323125987432694
7024511,0.024456312971104198
7050989,0.9241998596573596
7175184,0.8119567880146019
8494142,0.773954754928738
11554435,0.8137012539064307
8494142,0.7305227052191687
5652983,0.10217345545288405
6471021,0.8729055575668943
7906671,0.12261771036352277
8709688,0.809827370891551
8241079,0.9455671699659953
3348285,0.22748830908596188
11618601,0.8069698630946839
7582689,0.8977702177485677
7582689,0.7418509228942938
7582689,0.7594951560864261
9959589,0.13150174654902394
9025922,0.1562400449129294
6196457,0.9162471759783988
7050989,0.7434792740590411
7419318,0.9128391954202604
7419318,0.8362291028468603
7603200,0.9884271627157166
7603200,0.9432892620964826
10905239,0.8555711475902265
7364176,0.7318492030005488
8686097,0.9697157551589769
12356617,0.9415760475894174
12643589,0.09962972707271915
12643589,0.08599617301614759
3323887,0.8962829779010406
11618601,0.8561694980647441
7732285,0.0515973276177303
9716391,0.9328149734514033
6929841,0.9053033063961585
5088536,0.8796942995691807
5124254,0.08470002996393435
11508644,0.8303513186106803
12168993,0.8951353930899719
8895758,0.789047835982688
10031500,0.2340784047340055
7603200,0.9602952791521642
7700622,0.7885151182023619
8008067,0.7487447402401046
8008067,0.8721545186880958
8008067,0.8259102582375715
3323887,0.7618686208934078
7051180,0.7543039818452948
3323887,0.9838659643248235
2449074,0.2891084092276633
2446113,0.22910593222640857
2446113,0.7222668809498982
11137180,0.814251717672733
9838804,0.08162441464313312
5903749,0.8404818238531176
5903749,0.7637602101923354
5524881,0.24587445977944064
3756264,0.7789205111674158
11572193,0.852182171216134
11285870,0.7807189699905737
8581240,0.9411817783606142
8581240,0.813856476835832
6196457,0.8057541428980708
8121310,0.951870055853714
8156120,0.841388316626541
8684730,0.8022911059775611
8700558,0.16639466234158945
8753657,0.949375285603004
8554498,0.9281236804381693
3847708,0.13560750824606846
3849155,0.22112168803685925
3858804,0.2759861761880822
3942670,0.7993911402033592
3942670,0.9127066165786609
6949898,0.7465723326882474
10585738,0.903748771386137
7186665,0.06879468941899086
2973386,0.845467850540454
6388770,0.02682263817508005
7022573,0.7813112649155096
7676423,0.8166730588796862
9288237,0.8444189503517806
11714231,0.8278388162830995
11720424,0.9011755068269217
7837302,0.27358394078221193
8753657,0.7531549692893432
8948424,0.2928933483979906
9139084,0.9523320754468187
9641041,0.25133343709871986
9724984,0.0850322065476797
2452450,0.04889184453075378
3230578,0.29418328636445784
3231137,0.09120227128164243
3353050,0.7210943349119372
3446746,0.8045330270251441
5695396,0.8769120040812116
5217891,0.2517603879489126
6593150,0.8965702304975026
8051946,0.7001922822227229
5445681,0.7957145197213784
6523351,0.8083310272497579
5551672,0.7647343661522915
11499192,0.9865401548383056
12416661,0.7194436857081686
8197793,0.8655650633982316
8258171,0.06630114466167115
9880467,0.08300769985350893
9880467,0.06950715577835141
9881662,0.7988946528749142
9881662,0.7548019201036369
9895004,0.17536531956673823
3656121,0.7194431727685335
10620329,0.13927542294644046
3656121,0.9847611286867193
3733628,0.7328696303652946
3831053,0.829203702589927
6357290,0.9582241579788426
4072955,0.7687511558856119
8695311,0.9333199380173338
9834731,0.8097598897606003
5092266,0.9835134098507519
4076976,0.22433768395953738
8751796,0.9702527399996133
7097534,0.17953412069203922
9907129,0.8128485875910039
7609674,0.9633350347852785
9527334,0.9406003152898068
10031885,0.07540312655825093
11361646,0.8556753841230602
11361646,0.7337044234639084
10285631,0.9258724220925445
3964109,0.8492098646513943
4159347,0.15721131069342095
3544595,0.752853398519502
4165960,0.10306453886420305
4252322,0.754878647290866
4376644,0.041323703268156306
9301506,0.24358539030707702
5695396,0.9470157477100624
9714550,0.7628315487635073
6263593,0.7774287390611205
5475042,0.7034661882235191
6964159,0.25663524807118204
10252275,0.8228730711305271
10252275,0.7764310183638985
11455181,0.9441939935864943
9541295,0.790266446815301
10290666,0.9626733671385665
10337258,0.8834172331087371
10383687,0.2506536544407354
10470206,0.18830152290539764
10518725,0.22531751049606488
12314973,0.7922786340488573
5450893,0.9187178618316763
4770174,0.9678247405814995
8949925,0.9836716546714115
5091016,0.020777365614131585
9959492,0.8988555871496393
8827575,0.7529388634801952
8827575,0.8329632656816465
2716801,0.8062236268143879
7281454,0.1581775002973372
7216284,0.7521170970586483
8703887,0.21953171609219937
9899352,0.0647801984071336
6945786,0.9691040326025223
5978170,0.9229355744631167
5440317,0.8569799928349713
10545066,0.8030992927753421
6056992,0.29680648166827894
10552611,0.7055795358288519
10552611,0.9037687134263748
10587105,0.9371481750978563
10587105,0.8417701762308218
6948480,0.2387221323451467
6438099,0.9614104929136756
11090556,0.8396705443830643
11090556,0.883747523816465
10686814,0.02122886298587901
3234843,0.8132998009245277
6021275,0.8400170194548042
3234843,0.9021062212681251
8192911,0.06141579943102338
10554967,0.03332148541745581
3752110,0.7225146236329305
5688790,0.7218874654213417
1717722,0.8326278169369306
1717722,0.7654949023557168
10908248,0.8665519584285979
10616571,0.04933403872667393
10878263,0.7298292861523749
10878263,0.9359534396986157
10982872,0.8672083920663645
10982872,0.8106347944165389
2720514,0.07066762908398709
4141376,0.7376017481856051
9468551,0.9618465681586192
9076971,0.8272623846386168
8360640,0.9360515411804479
11019987,0.7998552797811606
4857058,0.7770224847920012
10924562,0.711463424712566
9899505,0.07635451822688491
5040077,0.7427751448962179
7534267,0.7854588722011742
9592705,0.7544570681462287
10611420,0.14881762425690223
10386922,0.7737236903038204
10386922,0.8617650894601944
10982872,0.8426909476566437
3558981,0.11815389764147412
11015108,0.9807163597365081
11074541,0.9311782645505494
11100383,0.8664757259269351
7918652,0.8894631622740646
8847111,0.2463537430926035
4568298,0.09905299127420131
9230021,0.8009838164444013
4374339,0.038353904016983964
6636320,0.8557945100241277
4067925,0.8908471832316746
4847782,0.05908338715769671
6021275,0.7328486952505474
10350571,0.11643815128075738
3230805,0.9349517200842079
4676964,0.8856782946791151
10488450,0.08131862286712753
10933561,0.7766644369903425
10933561,0.7488885566743427
4770617,0.9165164215116102
8845026,0.12341431363726497
11075737,0.8908448125558464
11189127,0.2604272775880063
11194032,0.7177594059970983
11394027,0.8777235092590879
7609553,0.8516517523796879
11395587,0.8010666239379973
11442793,0.8518934519633496
5520547,0.7684599692374026
4848424,0.2760976883154209
8866102,0.8487267642868983
4143755,0.7552932479774899
8509442,0.8612603280505082
11244137,0.8090461741703002
6072593,0.21926876234026643
5865654,0.7786335413192863
3219643,0.8044591921573969
8546542,0.8843221428042716
8197560,0.23924464729621617
11200415,0.107140820977745
8613535,0.7337590751961146
11259686,0.8347492066847916
11547513,0.7719903490582295
11547513,0.8017620063144939
11802615,0.9393506856746716
11442793,0.7819343850596981
10122538,0.9046854944751329
11442793,0.7053571909495863
2445975,0.08298882837207472
11521793,0.7371503253450932
11566064,0.734221236273689
11566064,0.8085780559306008
6531496,0.09384988127330175
3848275,0.929840208708835
12021625,0.9265949578591447
9777256,0.22618190484230555
4175630,0.8383554227146339
7433585,0.2944124569164951
6665223,0.10056370873709244
3328080,0.7137799932320412
8430964,0.9306087722528608
3654719,0.21793309297528707
6021275,0.8819762374186626
10619142,0.14088598972334004
12256520,0.9152916941718257
11905011,0.8317185963906213
12785320,0.8484811170452334
12785320,0.8931904892079421
2692377,0.7772937208805002
3742855,0.27423207611493156
3438975,0.2938919835854123
11568987,0.869454984074264
11568987,0.7886226633773153
11621223,0.7804079673745419
11624249,0.7197446261566292
12017140,0.08801489102118677
10000941,0.9325354314938237
5702939,0.1601968069231538
3852655,0.9798556260010418
11255231,0.23530547760209353
5088536,0.9059431683241308
6103377,0.8803349613871583
6677841,0.8382218182561633
7106173,0.773297181302661
7106173,0.8659628570489305
7106173,0.7261239961825289
3324986,0.25128147009409874
11912932,0.292761698572493
8037145,0.9442294597569165
8162789,0.8057066201250909
8265218,0.850877049596215
8806123,0.7020756652840732
8806123,0.7133878971464289
10098844,0.12377576591861947
8355239,0.8989251923469759
9210823,0.024935201670067512
8367113,0.7642783418366452
8474898,0.021950903138481526
8558011,0.9787202194512956
7429287,0.042833499382898946
9115800,0.8170730245555345
9214713,0.9483401469808986
9478990,0.905178035843839
9597411,0.09336067750067566
6850504,0.7277702782217265
8609450,0.0876335543335141
10934674,0.7392510416402406
10990886,0.9113150271298728
11015323,0.9532416353613088
11134879,0.9781696310688905
11192998,0.8815449029632143
9334893,0.8430588912864904
8934495,0.9079029001642421
9119458,0.9288828915727848
5866724,0.888515508625034
9157634,0.7944305711977385
9636569,0.05449917496982085
12406807,0.7534491883413809
8565266,0.9750218165254283
8616637,0.76141142563301
8616637,0.7988050680054483
8625925,0.9660167891938745
8822216,0.9877581272442046
4548011,0.9073658165995834
9967884,0.21817742336115845
10016874,0.924470961749757
10189546,0.8170439755313504
10189546,0.9300720208228143
10189546,0.9316134576495332
10748393,0.2298138035694156
11192998,0.9002244446219999
11192998,0.7598473930583496
8823868,0.03288038366792286
11255761,0.15740733524024872
11497977,0.8460782430488609
7021681,0.21742644343502324
9941859,0.7961205465842375
9941859,0.9668703879607536
9941859,0.7046231817484103
10068030,0.0887460831446136
10266615,0.7876851642323275
6444896,0.9704089951652288
10395543,0.7879011227286913
8822216,0.7676690120942845
9020160,0.7870661452759721
7941200,0.7992766448749773
9020160,0.9187646134944556
7429287,0.8015287033487035
9020160,0.9379727384290807
10418224,0.7924108459946403
10616679,0.9269591929291401
10717241,0.9859215514876698
10717241,0.9216016556610511
7303287,0.8601115035042703
10843590,0.8683965550031287
6850504,0.9800437034702636
12061222,0.9233903195640984
12316431,0.2924314420856503
12404305,0.8222737471845526
10212441,0.2619844588563424
12834874,0.728982477044874
2557816,0.8454816857483818
10454313,0.7660023264919775
10513530,0.9893435184621264
5866724,0.9295536250876861
8121310,0.8490475861322431
10513530,0.8283623395233912
10554999,0.7894185594882831
9076513,0.8091350222729063
9146018,0.9600801141388503
9146018,0.8115169560153147
9146018,0.9346034581944904
9279669,0.8701227348056723
10843590,0.8078018203477352
10858832,0.7862432296832551
10937029,0.8041157531547991
11599038,0.1398478141580221
10937029,0.7714887634930492
11656302,0.07880284429756802
2576197,0.1381024612487198
2576197,0.2735277649406837
3239945,0.9054210546720043
10387742,0.2853592396546188
10187017,0.7081599733782447
3239945,0.7450521590510866
10554999,0.7899494851903579
10873260,0.9865130390592769
10965008,0.7125839667372182
10467815,0.02663183147265382
11073351,0.9840310394161815
11090765,0.795770895230499
11246364,0.2555248713368633
9570741,0.8299756084153455
9607164,0.9581350562763532
9631762,0.8407093045833328
6462863,0.9636392428808055
9782691,0.9131419203567015
11709124,0.8032310228390421
11709124,0.8970755707317373
11805075,0.8121459769691355
11599038,0.12635547544764855
11824222,0.9659249503617875
12302530,0.7567483082319381
11904151,0.9370192710283137
3239945,0.7719241902113149
3239945,0.7063351068117127
3541800,0.09440530189216206
3559935,0.9664264217155216
3834360,0.08540039505675358
3966801,0.9161384960163931
11521048,0.024861739167368793
11656721,0.9531816864593624
11853905,0.7455512251288958
5866724,0.8736118295958952
11669239,0.7901092529761715
11669239,0.8103895286641185
10600261,0.7858738600558126
10656823,0.7124964371805366
10656823,0.8753523386490082
10676824,0.7342861733879725
10718726,0.8003979849513906
12302530,0.8161642282570584
12470954,0.956071237646011
6268648,0.9873702153650326
2438264,0.7391936304919693
2438264,0.872974448883404
3340312,0.11254534551347795
4049108,0.12974389897263305
4454752,0.7833174396621095
8212002,0.9806379730122075
4757437,0.9682914556952797
10187017,0.8612564418440647
4757437,0.8071361353673662
11823054,0.9272135780730918
11823054,0.7711885736194
7017274,0.8514383980164213
11913012,0.01959951780774387
11972666,0.20680848215284303
12058931,0.7060605239107499
9782691,0.9492550405784305
9886221,0.08382941929248364
12366084,0.9018624197908772
9957627,0.7378089492144659
9958962,0.9594101882672498
9958962,0.9518644254592739
3745690,0.9307639013932059
3745690,0.7853163524662399
9872283,0.9291693801507086
3745690,0.9241890711786183
3833007,0.798549775228781
3847138,0.8816744089916487
4833135,0.08033927296605098
4847534,0.7830569867428459
4852528,0.7021112453800045
4852528,0.7883097356881149
4852528,0.9428076310380444
4852528,0.9025553415650894
12058931,0.895095601003428
12116489,0.9022122592724461
12600735,0.7667948291468709
10593626,0.9009330345734932
3437776,0.05195736142855251
9958962,0.8720021873189656
10294465,0.0670888654592943
10388286,0.9324913425616735
10600261,0.9753255193007402
6462863,0.7242146474842708
10600261,0.9779504790604518
11904151,0.7219086241914794
4384675,0.12311885227440834
4633570,0.801427815886921
4633570,0.8060335109706069
5021176,0.027250315507429103
5640085,0.7216817070527595
5640085,0.914458217597599
4852528,0.7093725225473113
4951877,0.9438153907200102
5282051,0.24634548780970353
10187017,0.9492944666691994
5340644,0.9464848962403828
3437776,0.03989350476390382
4165473,0.9796082380866747
4270253,0.8962053703232038
5544450,0.9876956676451512
4270253,0.9566055722499628
5122112,0.19850069768733636
10973664,0.9795561751107603
10973664,0.971122492051733
10973664,0.9584590530598399
9141746,0.8250679892069379
12459913,0.9128020302060035
6462863,0.7303952530132671
5779852,0.07945981948749534
6042214,0.21076285761474908
6200715,0.127362945581135
8226050,0.7438995449877692
6291033,0.9480436439998369
6889235,0.14104341031054246
6758917,0.24607567917611656
5461440,0.7755422580503026
5689351,0.9715802173862726
6779260,0.7797794775288143
5689351,0.7861275185454052
5689351,0.8064719883847226
5689351,0.7718979669646667
5303551,0.11390039551396107
5443837,0.9584283483225852
7692093,0.13331711340231717
5709725,0.7494064960069866
5709725,0.8664963441292695
7700871,0.1075655580619778
9946525,0.8065273750245852
9946525,0.9538063674298427
2716853,0.29130194858903585
9946525,0.8109705510891769
7289157,0.01684932997576459
2695110,0.06088995439757832
7098355,0.9853633211627326
7101828,0.10314440276275989
2832589,0.8726264437648896
7269974,0.7149568137726867
7269974,0.7121203146860473
7440748,0.9638955214047524
5689351,0.8572825745810343
5780715,0.1637229613127963
10793172,0.7957243369871577
5812960,0.8489557009073043
6266741,0.7942637621005892
10187017,0.8935617827764769
5738496,0.1492889640425547
5774349,0.7075718627238928
10285631,0.8908138543371488
5978361,0.8032618884195645
6422367,0.20599118505305286
6501635,0.8995206059723853
3217264,0.8988164214747728
3217264,0.949185416747232
8554498,0.08943495898442068
6850504,0.7958514021745372
3217264,0.8546983934796234
3342592,0.1438124626154781
7440748,0.7032283965217694
7504328,0.9092469189986825
8219268,0.12696801471309
7977197,0.8957234516033142
7977197,0.9434425168706384
7199397,0.8431339172164546
6266741,0.7169088518802645
6381846,0.9032071171081356
4367854,0.239993490250264
6381846,0.8209718375960267
6381846,0.9374186366263634
6422155,0.7249735153733111
6665695,0.8949938589697275
6707833,0.8638081163695828
9785921,0.1957801941126445
6786037,0.7960918483580658
6786037,0.7763325499079976
6786037,0.9124339452606713
4247092,0.1943521847212129
4949751,0.138717036080802
10157458,0.7893116434559734
5003117,0.11573969138432282
5035972,0.1092115115744227
5218441,0.1973164012568166
5351250,0.8055303831231158
8043638,0.8002158296118418
8261920,0.9737114905499519
8621348,0.1620041696418885
8773869,0.030120375166726776
8845205,0.8916219322746368
8890783,0.8359128294302236
8890783,0.846228212589017
6716545,0.9353971980184441
6422155,0.7323313887959177
6422155,0.9418635838601864
6422155,0.7273525145474675
6451936,0.8298149837609303
6451936,0.9208682324154437
1723078,0.8476026874457191
8056665,0.976027463820237
7025846,0.027532781927199233
7119481,0.9429775431807619
7445445,0.7357863083171408
7445445,0.9557700256901975
8397947,0.06535064806789243
5351250,0.8293235929325502
5351250,0.9268222828170608
6850504,0.9748323862029918
5351250,0.8887583442648667
5444548,0.9297733294085075
10187017,0.12615157258762258
8891318,0.2401808915105407
9008220,0.7851778374103047
9583881,0.8666590394492026
9589524,0.8728505685314085
9955262,0.9697604295731562
8019043,0.07988813920523358
11775507,0.14791955963103756
10187017,0.9741473034793672
6838050,0.7650457711762562
6937692,0.963327746903172
7602070,0.09801208592851994
7812179,0.04268959272506341
1868404,0.22744550888030746
7445445,0.8744088204698506
7595157,0.7421399504096382
7595157,0.8862304494456057
8008206,0.7332004313951607
8008206,0.8057227666519714
7906892,0.7681229564769521
5449777,0.12142313806309862
5478055,0.09967985167759043
5683743,0.8715836019262245
5791986,0.7034487203265677
5791986,0.9457897486211957
8320630,0.7689413149562356
9703198,0.7323527727947184
9844088,0.7304186629879907
10019643,0.8097348985148894
10019643,0.7374674284105304
10123064,0.7619689278722911
5653126,0.04277586054747706
7840044,0.06832983167790721
8015907,0.7121478783331521
8017703,0.786934944211207
8017703,0.9316151347651476
8017703,0.8106465292829993
1995712,0.11296187777709009
8106610,0.2552064499597713
8056665,0.7922666492681572
8120608,0.7158625120049592
8120608,0.8853805900737284
8120608,0.8919517091168931
8120608,0.7565719525086617
5872150,0.2534915114475559
5872150,0.1738075814569211
6289650,0.7751040519221917
6850504,0.7010463502890517
6508221,0.8912112808535243
11135694,0.8970179194522061
10155434,0.8948538123754788
10460984,0.7667091263384661
10460984,0.9651708872657181
10460984,0.7281811773809242
10460984,0.8564265754869664
6436505,0.21202183497879515
8022244,0.9209252305270123
2571238,0.9483346386871214
8022244,0.8886509587637772
8037145,0.8533624350469631
8037145,0.7059505889552065
2140389,0.1240447686981095
8193178,0.915729202625056
8193178,0.7120811119474799
8344004,0.84180562366345
8344004,0.8787947847627909
8355239,0.8130200959399613
8216763,0.8308394517127966
6508221,0.7806853329502065
6879865,0.8425960530887612
7975727,0.07471443458190052
8219673,0.24353313774226193
8352537,0.9723298608833418
3758499,0.7971806768667441
3248033,0.2447550062029834
9552608,0.9199268942355356
10577994,0.7064994878142001
10577994,0.7034365624063325
10599206,0.7553954757884245
6768616,0.11329332139329087
10068383,0.17560281458770113
10157573,0.06736523377683412
10191070,0.20695232705120453
10221013,0.7447926274573107
10225800,0.2251740469234234
2299738,0.9222816621231822
10227020,0.757354774388948
4563268,0.8047461777792051
4644604,0.8951027289102302
4656049,0.7383497109537452
4659405,0.16309238589173733
7941635,0.11162978236568032
4742414,0.9572637470054062
7619236,0.9689089582184551
7630229,0.7011444216197881
7730747,0.7439744154311044
7764367,0.9074152368833407
9024857,0.2447925739306951
7906882,0.9248830734209151
7976520,0.7888734338423576
10227020,0.8341653834596578
10227020,0.7829549911115917
6678383,0.8182793679875489
2302997,0.7018969206780714
10227020,0.9739209024135351
10259031,0.09914696186957321
8505215,0.8993305800489999
4827723,0.7574739008930248
4841374,0.7779769860389883
4861736,0.2716876062560286
5020319,0.7983145301577743
5090690,0.1820121888801184
8161561,0.9022612374101227
8361905,0.8094117305957593
12116489,0.7111259790078472
8409588,0.14383682854744773
11250587,0.9680756594095288
8480285,0.933411946668724
8480285,0.8385975238219852
10265898,0.7695761249292026
10265898,0.8054264690871831
2302758,0.26760872539691155
10265898,0.9828960763626245
10271806,0.8965650729309826
10271806,0.8810350700783455
5098444,0.015944914350228163
5113822,0.8321739353659446
5113822,0.8095497973198155
5120087,0.9663323596628062
5121511,0.9406166321691127
8557374,0.7598923444979041
8557374,0.9245681229195406
12600735,0.955632843841568
8738735,0.7412325299519429
8738735,0.7758537545001744
8802165,0.7071512335239062
10271806,0.9686973522351688
10271806,0.8048439647072773
5351250,0.129300114755699
10272442,0.8023061944592568
10984090,0.7685029149674076
10272442,0.7951368487324837
4055765,0.9690915722277873
5131180,0.8322059131991688
5181817,0.047046227153401864
5309353,0.19486931837356067
5356593,0.1492559972006914
8805348,0.8180664864107563
8869680,0.27776191642626163
10843431,0.7009810481234682
8878187,0.7059210297015599
4914423,0.8412882149627257
8891278,0.2549917979539408
10287242,0.9377389437065939
10340423,0.842885819539033
10340423,0.8048653020445089
10345478,0.16096337816136508
10358759,0.7935672929409319
5374854,0.8876810579461906
5374854,0.88678306743067
5384802,0.06502755308095977
5531694,0.9061710912383638
5596440,0.8021285435593806
8908102,0.18352931747373297
8962094,0.7971795420012411
8962094,0.889556588954266
8962094,0.7360979101987616
8962094,0.987163655856486
10358759,0.7687259907415892
10386984,0.7155300533417819
9588822,0.8344623051027721
10395381,0.7717022679135758
10418797,0.2273411622314034
5613330,0.7741118364111745
8456679,0.7612678704291386
5786676,0.7774429444715227
5796186,0.12037459416966279
5796675,0.9011241850568905
9002278,0.8990789039258248
12306808,0.19448637071407202
9002278,0.8329804167814981
9002278,0.8201242926101224
9053112,0.16684794981126236
4914423,0.8437494160595758
9162741,0.12308142297458763
5893123,0.1423095210103594
5941160,0.845862515118518
5941160,0.9025440696683633
5966154,0.8511397558431535
5966154,0.8263221423167625
3749508,0.26750403757616015
9266431,0.8418744333362043
9300285,0.17396860304226636
9426071,0.040163344462640034
9458613,0.9298356337427075
9458613,0.7712023046564938
10729472,0.11689149987982289
5966660,0.27337919856244786
6020753,0.7491371866714027
8456679,0.9276327013299914
6020753,0.885915237273248
6062088,0.9155023596719059
9458613,0.7149303653577864
9458613,0.8810865066586955
9458613,0.981289543422301
9530945,0.8252609532410236
10610039,0.9502336817653793
4752451,0.05635654030757883
6062088,0.8782421324586308
6062088,0.8549005728749879
6125481,0.9667786863858869
6267535,0.7080297910230368
1025986,0.7046068264673925
6347299,0.9853350019368816
9530945,0.8309368531454177
9578686,0.9587032199730248
9590976,0.7011319577443922
9590976,0.9220016667915572
11284772,0.9135295726214795
9590976,0.9275580951544921
2441151,0.16355981656402302
3970233,0.05678846781193388
4832837,0.8841450263997083
4832837,0.731102199265474
5014753,0.028573858035498986
5441980,0.8285049159798279
6347299,0.7068302777664761
6365156,0.8389214645716334
6425957,0.7635037929870374
1293046,0.17483676757599845
2444412,0.7795674841120235
6425957,0.9773568892908107
9597345,0.8263253965559256
9597345,0.8800384043844673
9597345,0.7879287390604716
10972902,0.8520970729491605
9640976,0.18698459028786654
9640985,0.2951723581795657
5562784,0.2141177008261155
5608566,0.24443314847007203
5686174,0.7082479001483166
6309763,0.8066109858653799
5903312,0.04393895907731795
6462863,0.7333172937523067
6442340,0.9368392848898149
6442340,0.8192000859006637
1434395,0.0405016165879075
6442340,0.7096162750800402
6685609,0.775359306809025
6685609,0.7105268914051242
9450647,0.877024831968614
9702072,0.7078616370324079
9413156,0.9274717289024028
9834719,0.04547149844719367
9846348,0.7059834008212826
9873254,0.9156908140429547
6587002,0.7454656296906381
6587002,0.9613760465375594
6960456,0.19658947153744116
7368664,0.8313891024444824
8374580,0.07435716339417754
6685609,0.949403015521327
6707835,0.8818765097589865
2696205,0.8354440635353809
6752502,0.1547513905017747
6805146,0.2957748372640841
10318874,0.7890564761802363
6960445,0.17395151226558386
9873254,0.8737417537362973
9884104,0.7163339680547833
9884104,0.7142084532792424
9884104,0.7952936584433945
9950612,0.9825607201988726
9714696,0.1467935636500094
9846086,0.2917072210532478
10353968,0.8025627122596024
10384962,0.18089643413247009
11773022,0.7491453950690005
7033671,0.7051135455893512
7040629,0.7237070987472131
2711131,0.22015215494831464
7040629,0.8834631544280379
7040629,0.7193822954619634
7040629,0.8799592056061969
9950612,0.8722728165947601
6678383,0.715526714209905
2308411,0.055679264818887256
9950612,0.882754128227084
9950612,0.7017844295868279
9963524,0.8738547877934952
5780885,0.8076212663315911
11773022,0.7035146926882214
11773022,0.956041670299508
12251650,0.8694488564586218
12417486,0.8785398327247782
12068975,0.8399778288689325
7115785,0.9590230260163534
2834805,0.7977525879286916
7115785,0.8829454570512453
7115785,0.07040411115162881
7124613,0.8438284208868918
8711794,0.7848313445152636
7277317,0.9793279175777982
2446134,0.2544957667550603
9963524,0.9079062233785022
9963524,0.7940604555897204
9963524,0.7431309693085059
9964801,0.9022264563011628
9965439,0.8065935147821331
2569995,0.7198725012132058
12068975,0.8427929643244262
12068975,0.8049127091928341
12068975,0.8191859743648884
3541946,0.9819225414286759
3541946,0.8859021506235557
10264660,0.7039953343555285
7385509,0.23717088745301787
7447200,0.8338192013225445
7447200,0.9307865561169646
7466863,0.17894406445810998
7509886,0.7027746093802892
7509886,0.988824041935683
10002866,0.7864223985832222
10002866,0.7466101698197232
6678383,0.751553217311301
10002866,0.9528254746018209
2577353,0.7153148822083821
10005020,0.1890738856695212
3541946,0.8835964029332365
4449034,0.06870110174744015
4478168,0.7032559426113808
4478168,0.8007630634863443
2854839,0.2845306857684203
4563268,0.849857520032352
7515212,0.97659968766596
7515212,0.864526729087861
7529266,0.9310449573223375
11553706,0.24624697848916494
2449053,0.16066515782215274
10489525,0.01196046402304328
7598128,0.22397865670239467
11858979,0.2793433724555179
5900390,0.05763307730283434
5444334,0.21885535928429145
10139620,0.06939327938224536
8686373,0.7664826553333418
5386264,0.13428418525648486
3867615,0.8916964460867953
3218844,0.2841377327582213
7256914,0.7283760557853054
7256914,0.9702516865827883
3542222,0.11966157972300791
6871071,0.8583157934473531
5530112,0.8521821657441587
6226908,0.7283155965872102
5906694,0.9655398424764312
10186945,0.08446213684251379
4636565,0.21696268568171326
9956082,0.8033567862430513
3241647,0.11645455403924086
7761585,0.12946180863870024
3241248,0.22558805120877673
9716302,0.061772830287404566
2708286,0.16766808186278975
6755944,0.746036715433429
10419797,0.22238408518728447
6515335,0.04689241531146107
7777471,0.25545489605308996
10294509,0.20815397236653796
3112129,0.9173471499246545
3003019,0.07154392503398867
9334893,0.9305715494233902
3103212,0.8953066644723112
10000941,0.9553496210684032
9455677,0.7172098597543862
6871071,0.7261322125540893
7690855,0.19477957664839687
5649837,0.09189474417827877
10141938,0.034269237046664826
8029197,0.15336143728556326
12257886,0.1973316599031304
10875007,0.8693476164178144
10875007,0.7832601785849675
11465651,0.9602135019293367
5036480,0.11408173527844655
10275077,0.09900135791774764
6592832,0.04627485284972713
8524346,0.10663292493465838
3937814,0.7899278269515099
5551228,0.26424200742896187
5471271,0.2460962482488399
5881120,0.7672071824376807
3248696,0.12553526134618515
4548098,0.9369375901736599
5306383,0.011943875427951335
5446285,0.0646971014586322
7021681,0.821431702594852
5041847,0.20473418013649977
3836558,0.1407055539416049
4770617,0.834849848191784
6106282,0.7212204615064302
4946584,0.1307634302373034
6463499,0.058538478024347425
8254882,0.01370889127206468
6042031,0.290132644409771
4078311,0.9173315534250516
5475735,0.24872749947164957
11709124,0.7944708895530201
9022166,0.900522887263457
10075409,0.21120693677138933
7038096,0.06766032199727058
3345973,0.044229300660413036
11967788,0.725566951303352
11972872,0.03737939373432035
9899233,0.26670918602178545
3103227,0.9038236354487856
4850961,0.7909636072761352
3102309,0.261235900035118
8521059,0.09174439353270934
5217574,0.06914185548364121
7199060,0.9384017071111221
8439323,0.8375885616293562
4458082,0.746558453490932
3230095,0.0485278733927358
5551228,0.2917503790496724
11967788,0.8981893457645812
7733731,0.9325796227872393
6862332,0.27746513743733164
10714072,0.8446080005893493
3110177,0.7341742294499426
10992011,0.01603745239485639
8128247,0.281679379784807
6276994,0.14234234932934967
9674564,0.2503267430367289
5942808,0.7507783077688958
3232249,0.8251092180771247
5688683,0.872937795540386
6607644,0.9586635734516324
7610663,0.8847733773580858
5565707,0.29894296505186546
1293031,0.27164323317508743
2859299,0.19654470032134386
7449554,0.9160846724350389
4067110,0.06016425639617273
8694309,0.28968728938000615
8282651,0.9673216659795972
7818447,0.22134023579238912
11569475,0.05609103227999616
5688683,0.9823563492463159
8222627,0.7906053928739032
8951205,0.8265685527640051
5700900,0.22721032020571336
7026477,0.09652591410875665
9402583,0.21697109983352517
7838675,0.8246823012618718
8700537,0.17557732978913806
10858785,0.14722156367696204
9640907,0.02306306878603967
7515670,0.15406640025717971
9551430,0.11560623400933803
3228986,0.2810353729880842
7100673,0.853015342128769
7100673,0.7327603456480689
4138557,0.021140353713035673
2708278,0.18565703800369837
2984990,0.7197142793622149
3747817,0.7009531818226694
8483366,0.1873568583140028
7758018,0.7897204419801621
9071593,0.888465388477824
10089911,0.8961386926716954
3247404,0.1579536770933457
11415243,0.799939773776338
3548044,0.7988388616886828
8264402,0.8843589091618855
7773179,0.03599817846494554
11017094,0.16821300378697737
3129238,0.845504392690234
5956633,0.2140134035161951
9899065,0.29992140317580446
7907808,0.8775101600735484
5471792,0.07598124544944702
11145831,0.07903615346307805
11444952,0.11249297680998327
8647295,0.09356565577373285
3444098,0.09187815035517469
5112567,0.19222379482728943
2708343,0.28636518985364967
3235282,0.18317573076509175
3348090,0.055895995034730084
9282762,0.29655319170867595
3117046,0.13863135286423572
6311520,0.2663661207770048
5201115,0.06604950306132484
2708203,0.018018960331855693
4150496,0.18147054343462865
11401767,0.7301633289788172
9655005,0.15901298280691487
11709124,0.8493361297760146
3851194,0.12386662892320463
8613535,0.9585623100736822
5092655,0.0117195412446033
3955817,0.882200046527986
10661778,0.2191797032164498
5513857,0.09050702588611012
10272389,0.12232392840005214
4679687,0.22829264552973416
7968683,0.21428880424938987
10360722,0.7351669370852228
9091755,0.126922112713517
3852476,0.2590388435158477
9700449,0.7719143719979957
6349881,0.8327446946697837
9851970,0.251104231278217
6140059,0.739239044405906
5726910,0.05007658873716589
1718958,0.8863466766331557
6428794,0.9236461811010711
3228825,0.23446971374456427
4673628,0.986184530961248
11401767,0.9089533818899532
3852872,0.955289719163052
9099950,0.17438239194606744
9718066,0.7659393160610861
9272070,0.797562802977112
5088400,0.895120472896719
4669402,0.2972510561151941
3757407,0.09681643858136373
4769931,0.0891117507345937
9220612,0.08779787808234461
9086154,0.7467877691815692
6806695,0.2768636798296115
3858943,0.1954491947993974
11970988,0.704604272818418
10858803,0.1275888895630297
6129694,0.10351073711741672
5957181,0.06916412415407817
7601918,0.060865856280958724
6119877,0.10102800219018172
6792908,0.8854304960849545
7211879,0.09529587956796803
8087812,0.8933192035454272
4863956,0.027378833546372258
10534155,0.8977038519091595
10397751,0.7107881874868551
5308537,0.8137056714432854
6350882,0.8473714668427526
5281113,0.8520604927437704
7847104,0.22960372370164098
3450040,0.8972482425692065
3347807,0.14248629449364533
8487805,0.26842257882596204
9456281,0.704373731851809
5129453,0.9786423596416846
7918478,0.7297627761533004
3336845,0.09796901059434072
3645282,0.1740721489585273
6026924,0.8062511451654506
6525280,0.19337421066718302
4861784,0.08640745851075823
5876360,0.05620098089938706
9509343,0.8126478332222065
3732972,0.20842825875151003
3244792,0.8159707277236525
8743082,0.21137713932651908
7673841,0.7448603961933769
9142742,0.2293765421819779
6891513,0.16326510130913263
4579598,0.10609488169900369
7777522,0.15648919584578214
9305012,0.059524189851861094
9597729,0.09198718099220878
11390109,0.15202899149899526
5078025,0.08638709302648395
1724719,0.745663529283138
8120608,0.738701277822898
11968463,0.9464941369291755
5026326,0.22379889160123112
5471574,0.1488363963310496
5512580,0.29889027105517596
11670599,0.016234723393411192
6359820,0.28541859347457693
11872139,0.08089393685296996
5436161,0.8849030733261027
2708221,0.04962358524877774
4571844,0.8651989115792342
5040223,0.2843163267485387
4571004,0.27550793837523285
2859893,0.7573215017487124
6026737,0.7338146392713153
7582691,0.7291098004661782
7031942,0.06540898156463701
9836563,0.7474448414458815
1724719,0.9164063002404292
5632701,0.2653035556089217
10549924,0.18848480235454654
9366617,0.7037984533897471
6187341,0.2938168199470053
3353454,0.054872667645673334
10156055,0.14899962826445412
8418018,0.1965137470267807
5024177,0.2903796028182576
11081504,0.9059588586368219
4548011,0.7971906908636058
4571004,0.24512103100571633
4571004,0.053482654392948865
4571004,0.20912623372850286
12016267,0.7186497073072504
4571004,0.2892301496071158
8459663,0.9895943672023898
3550372,0.7897035567658865
10155321,0.23554329761953866
3866536,0.21560066902820094
7046035,0.9510438270812929
4679314,0.17397671011483395
8240790,0.7029711083296623
5702637,0.23954777969616106
8309169,0.19318886491211
4678919,0.2683811701377927
5563080,0.21147891806278557
6364067,0.16549500416389454
4548011,0.7479994516932973
5983532,0.11348166537697439
3439126,0.1234199980992537
8463346,0.9050228450982554
5868793,0.7608145294697156
8483021,0.1615287450490291
10063208,0.9787463813194406
7191646,0.8816269861319361
1575873,0.23538802456532043
10669994,0.9000330824252845
7801070,0.8670374805315276
11449918,0.15877764960590654
4172805,0.8165806907545309
5126182,0.8604295057378136
3750350,0.11404225439436695
8949925,0.8332491085945152
4584865,0.14029590613223955
9642018,0.923858638302772
11968463,0.04915164098343428
9183378,0.7417102603729233
11188254,0.21004252738998105
1724513,0.17561402353167635
9535876,0.1772244914031755
5817533,0.22176125035572836
7681230,0.11985169809215375
7596240,0.8944289193794095
7661893,0.8895565161999964
3448456,0.1940269745213826
12107008,0.2784234029231045
9776794,0.8387047925808567
7427764,0.776561042519888
7673192,0.9738502135891893
4754831,0.25731516615961736
4754831,0.06037547978926519
9899630,0.2130959564704634
4367528,0.24365744065683295
8416523,0.8874463338551544
11124436,0.8521063600249003
5780855,0.731265118897122
3751231,0.20958496700186433
9491832,0.8161406848523446
7816665,0.28219099196363645
9535881,0.15819709225691256
11616596,0.2235163442584008
9872831,0.7277341985667237
2852941,0.708006715741002
8508126,0.022060683182154615
12306058,0.8373236131975843
8507475,0.8015771703144523
8773015,0.9629800236945012
4754831,0.13366601653092286
10647452,0.9861959824489592
3531231,0.12363104319564315
4773392,0.7563661220998621
5471489,0.13900308978545825
5471489,0.23706599698946507
9011874,0.2226394636462462
9936080,0.7621542032265042
9936080,0.24683241430074035
8611344,0.1399778877532164
9518651,0.11046540453413242
2305311,0.13788275252352508
6383595,0.021934764356208572
11080405,0.7519199325613022
11509504,0.804300262695434
6599949,0.07807066892061203
11611275,0.7498005829771448
6290935,0.9064309978945625
12734396,0.8539791780934979
11612280,0.8704443362527712
5536715,0.23035083136381973
8149484,0.03377141357915828
12407623,0.19552769267917805
11444514,0.737532348289826
9886361,0.9218413068569846
9702006,0.9115530665555189
6778008,0.1657811581775291
8278685,0.801308406734524
8308260,0.12401666804603768
8492101,0.1813587631536004
6103377,0.7154138667616468
3660581,0.8139276830231928
6343576,0.06282477059015201
10794974,0.7362566316501606
2449101,0.04785355906199438
7259249,0.029328262886073715
8678691,0.011922601225818586
9640924,0.18924142073656644
3558849,0.7688678146256658
11151677,0.2209345442099651
11037128,0.2741585406924553
6587002,0.9845760041726195
5175024,0.9586513610037091
10991114,0.8448690027924417
11969092,0.11088102090754423
2570773,0.06652747008884201
4945764,0.8277902470823768
6356885,0.23579354842376463
3542542,0.2707717056629776
11718389,0.8423653537252045
11124703,0.06487568746838568
10329196,0.7904026491203101
10604592,0.7233810774484373
9834731,0.7465378535394142
9593773,0.20407874228293832
9285568,0.7332387461968886
7604328,0.8339558731928257
9514372,0.9724715660748353
9777757,0.1828935895738197
7103919,0.8865123648391854
3762750,0.8741827232009636
8645191,0.20615661548231595
10722485,0.9231355854221801
9717958,0.20859613214159448
8128067,0.019167188666004285
7703910,0.17502253033029844
7777818,0.020604126324629664
9851360,0.10839515541455486
9886361,0.769590299495207
6937529,0.9123153025602138
9490653,0.07215285474289675
3328027,0.2196353176213904
3644631,0.16437296469058998
9640931,0.057916806552086024
5125196,0.08157741536279052
9640962,0.13704205485865095
5097454,0.18425182796801046
12737015,0.7182050797098474
3663141,0.07147767271547778
5177859,0.7666196080913182
8482059,0.9736137305038965
4568117,0.22662964125756288
10342248,0.06550693938503582
9777290,0.25542642253298353
8548427,0.07464768520232315
9286088,0.8725059629353564
6289344,0.27853619895775444
6937529,0.8998233356051947
9883606,0.8645414575539417
5860968,0.9316664364948251
3645438,0.762965934031734
8480582,0.7820881774647472
5197233,0.9088337128544143
10936786,0.25554128003489485
7119481,0.9860323888866137
6938264,0.2531923848540058
9899315,0.1843055186925568
9541089,0.1736167123897146
3650049,0.07630657335014729
9641076,0.06510019152447126
8741470,0.7859374333299108
11125613,0.9672552108652661
10525049,0.8323378712353944
9896018,0.7310040757425483
5095082,0.8613078973372998
12418891,0.27273558305113543
3839294,0.15827958711920226
7698701,0.23527006013092602
7698701,0.06986371730312886
2830919,0.18381034223113268
9588822,0.23347324974440128
2997459,0.8995430971249416
8330207,0.7106156390555024
5881813,0.7338402035540239
11560897,0.8281809424440484
10858737,0.24782388331446287
6752002,0.9371743917672362
7257966,0.7492535498763686
3644738,0.28776980042256844
9406892,0.18354801138253712
9202434,0.8080421301803246
8487645,0.20445449217452683
10407482,0.8900222354680216
5817613,0.037613548319940904
7901016,0.8631653867639715
5385410,0.7917232970246632
9910942,0.03361388181927053
7749002,0.7669741484407689
10924340,0.08803708335019214
5371777,0.8948813660900952
3848083,0.85631908260636
6359926,0.8897187207200972
6629993,0.15166291905649704
8324518,0.8418012879681849
10427700,0.21512727384695005
3103473,0.763167945040257
11296045,0.1479378932138999
3124598,0.11156923670533384
6879171,0.7019846271664506
9897364,0.7462727070215975
12505503,0.7903629687812851
3548639,0.2621646438512471
4390912,0.20558484839067792
7115925,0.09220818793031868
5785279,0.8494804394266734
7429287,0.04507238681640487
10526887,0.888900836693214
11125613,0.7400083596729499
3545583,0.2956206187016124
9896018,0.7392255045215886
12456063,0.9030635382936445
8374741,0.2967839850562565
5096053,0.7627427116669071
11296045,0.0168487808761205
11296045,0.17339584592285076
3247503,0.12187370278215202
5802637,0.9008694016069247
5531694,0.757159702180648
8733898,0.9764531677554562
9828127,0.7567264484174763
7107802,0.7685536448276972
4281068,0.22207292297717857
9092496,0.2080320416740425
5644412,0.7188251865161446
9959545,0.1547334294177493
9641144,0.051411943583402425
8572168,0.2188263371519286
4472143,0.11701921999213921
12509829,0.9023177078349276
7368137,0.2004369919326076
9027841,0.037762283406675
8953414,0.05303159777183664
2576962,0.7541573704475446
10140274,0.7506552871368599
10730070,0.8612511244858478
4458109,0.21602485084837525
8345384,0.8483550051642559
2831055,0.860923971162583
11044826,0.23763294475879373
6681687,0.19593150344020194
7703882,0.7059774753931439
8179190,0.17083028172503206
9777724,0.2655971094878443
9072639,0.840702538714057
5340878,0.7767741390989134
10273903,0.15461467248917674
7450747,0.7751249377573617
7826620,0.8772136702401282
8890924,0.8608615198556281
8890924,0.7975087531278102
8483241,0.14406476932193732
8573193,0.922615514080229
9240664,0.15629614239359008
7673841,0.7805911869184609
7281411,0.13494343610215837
6528141,0.1850064718416021
8106112,0.267676472243504
4054784,0.7983216413512579
10745365,0.9793780414296909
5563937,0.20362219070168627
8396660,0.9777750577370083
10736179,0.20148154332118015
6119921,0.09273613405896824
5084171,0.8402429230401902
4141587,0.12649591769528787
11968463,0.9176756211358912
3834317,0.09958997466386707
10593535,0.7767952069071891
5959719,0.7330720634765858
5992210,0.20928798882954736
4284980,0.1071258151284838
9302543,0.01155014870850209
9716028,0.8814167521886116
6223324,0.8701990136856882
9701962,0.8147731883083147
6685646,0.013216709367865488
4574319,0.028821515926545423
7741837,0.1576639443155222
11137065,0.020839990044428276
11093335,0.07489518229209333
9394768,0.015382235082696887
9773980,0.7900356377960827
10972902,0.17335700797245687
3832474,0.2963425222925329
12004971,0.06243383073141728
3644602,0.17223773767206418
10467714,0.860791455672103
11912941,0.12853133490766877
4141593,0.7620189946954128
7778427,0.9727242963315982
6525106,0.09465010491300622
6523058,0.9244897372902892
5977470,0.8131328330141714
11769689,0.8700481763722054
4355503,0.1291218254375149
6119923,0.05807351338011809
6126076,0.2868233255531362
11284772,0.8402407681351858
9209183,0.19167331887238198
6153407,0.7062477220304701
5955621,0.09130424417404148
11519187,0.9796662332440532
8417078,0.8144547935849004
9457948,0.9580568286366904
4852297,0.1898026574586216
9851845,0.2778864816756589
9474483,0.04346577099133348
4072271,0.8309805710330027
9898017,0.8746702330486488
8613218,0.08325649102437098
8548069,0.23002745548289028
6278762,0.9821692496187062
8098212,0.9796634026656765
3127911,0.06884378456934946
6369131,0.9071816241792482
7820699,0.9196680662877587
10399321,0.048735437313142026
10257229,0.8908542078767784
3539231,0.8411529573387306
6311891,0.805595807334059
7837733,0.15802974375148823
2578017,0.10632167024390358
7834045,0.8991198566021472
10663738,0.8277204548062169
7891294,0.9056897689222438
9413156,0.7285408710807203
8625732,0.05142038744869698
2831251,0.26084763565184077
6721380,0.025956191492372098
7694615,0.023105891500882204
6201203,0.2666944667764551
4556468,0.8540008305240092
9222516,0.1804961418833448
5431027,0.8627566130632278
7285673,0.15134048637993056
5282437,0.2549179209555636
7747457,0.9833013914138988
8652360,0.23438235292802867
9602421,0.18646442988036946
6070337,0.7152900266422759
5954001,0.9242863084121815
4373195,0.18389724127822357
5090937,0.047402012970409343
8196226,0.8825513464078814
9002538,0.9023159779201869
6359175,0.1411440802696369
8104207,0.24523816501670273
5642688,0.9596622568811239
10026502,0.7835831342858062
3953173,0.2310086590914161
8037926,0.2831338378944272
5552562,0.9198010490138234
6186182,0.7602877444280977
4073017,0.7368984736363595
9002278,0.9189539886223255
10585749,0.9130643213413054
9579208,0.7140095060784888
6437617,0.2575177896140802
8453851,0.07936008426179772
11650401,0.9497668915230189
9873759,0.05125491971954125
9773270,0.7714364686368338
9457728,0.7840288852161496
9516728,0.27410130987125336
4825872,0.12477152863200093
4680772,0.04783877967258481
8110733,0.08542814711615312
2303903,0.8403806129611328
9278216,0.8165555109251134
8355131,0.7689572989978181
6278762,0.7957948305943428
12645057,0.7579824785054614
4844367,0.8639894799951227
10937749,0.8186134252209802
9100953,0.8305337270500227
8332521,0.834015956235914
10407086,0.0157027719154994
4073089,0.06722723009545815
6065351,0.1476615019285597
4060229,0.9213841266642092
6761777,0.9524655778719118
4825872,0.1933553513057501
9412623,0.7942478232865076
3644505,0.27815957313194056
4664743,0.08125217531228437
4735826,0.7533564263329142
6593734,0.2651815629924561
8443527,0.9372098602890174
9711297,0.13501607003207886
8395860,0.25814404260686247
7778621,0.9247291709187753
5956354,0.11122789568602907
9100953,0.7297581834967967
8109107,0.048407417621470765
6200529,0.25658172528758316
10907132,0.8064819861396589
6520753,0.8330736157443914
6929285,0.15942105785404395
4848321,0.2807687690620243
12255382,0.29912161182924774
6522745,0.18152297405981058
9893468,0.9460081025366001
11655826,0.7742844961869206
1721157,0.7753394341082331
11076276,0.14668777156078164
12012439,0.29564024805648537
9947653,0.974745740177746
4374610,0.02986476123781287
9002538,0.8921012227196718
5253802,0.7152368595126133
12554634,0.9227541595808149
6264750,0.9870504345380702
11290515,0.778720567024592
6520753,0.8672897790763257
6278762,0.8251954123838061
8493354,0.7872211164528822
4545570,0.9376376951164914
7598111,0.29097111938316966
5457326,0.8007483836912742
8240746,0.13425141305348798
10610039,0.9672844731872235
9652655,0.016406279371375815
10140843,0.06071045423964057
8628761,0.8839266616179009
10473272,0.03645086614875172
4750669,0.8109259655291543
9824928,0.14951753154993355
6717252,0.9533238786431144
5817685,0.2660766185235759
4902202,0.9745402049420551
7282042,0.2778906059803591
7523542,0.07974424882587877
3109937,0.04193312924506728
9386171,0.2081332362282529
11350118,0.7246449028945021
11671579,0.8090978683421437
11553598,0.13883454321376726
12069414,0.09723400616141673
9216775,0.7205133642186464
2572029,0.9675419611908835
7905106,0.722164902336685
9007151,0.7331530675452695
4450844,0.8451928300604296
8443265,0.28059091949316567
3240406,0.10431434263024579
11181260,0.899560784426815
5090803,0.27461711117322857
2558163,0.7476645162388426
8107611,0.7386841237254042
8377197,0.01966498152689828
6137779,0.09705393048531472
11913072,0.23065170109195177
8752940,0.8023978051356039
9083470,0.214892716020308
5783732,0.20514858609542705
6278762,0.7309775091252222
7900100,0.07025293477799285
9849884,0.06437556345772787
11243547,0.19513340445107671
4384909,0.8039311162168925
9009036,0.8713288690114538
11506654,0.9332040085669601
5687700,0.875148549970296
8806985,0.9855918082793031
10491525,0.14546853778584748
3859042,0.25198756100333336
6527078,0.7102075957863014
4946049,0.07874912503374902
2857607,0.788135313259394
5559651,0.07263812987671095
5962262,0.9318500496140234
5437348,0.23547269709331467
8429668,0.14371492728717364
7429240,0.9281889533373494
10120548,0.8152402305928508
4474462,0.796972611678896
7032001,0.13491347713947063
4141593,0.8891185317236932
10003058,0.8737098743238333
9031703,0.9832750077281045
6199864,0.07020411481295413
9577855,0.1141735347730563
12204137,0.793435079056333
4386607,0.08883962202515273
5389956,0.904789698223281
12108364,0.13979176378879998
8295671,0.16531516083805242
10662202,0.9191697764636659
10407210,0.09997625987307418
7457278,0.13994272332971155
3934657,0.8213376498767294
7515336,0.7497824778183882
8984755,0.2656610527056355
7366895,0.08657751113051351
10729472,0.08782627293124372
6200612,0.12005844604070895
9777200,0.27735791214581346
3557560,0.7370753196105373
12109267,0.8655351172440893
8700895,0.9329637973847795
5003670,0.8586089366317965
5200084,0.1227795152354676
4144873,0.2516121892814864
5003670,0.7395283282023594
9171886,0.02708014919116563
3337061,0.27526417878183035
5696918,0.17424619265570934
12265786,0.873027459916272
8487838,0.22867890966535415
10873178,0.8690436016911154
11337012,0.9623184176368387
8359569,0.9308864491724745
8937762,0.14219579707908095
2720828,0.23963799484894377
9837828,0.7760622490319543
4857058,0.9206693450035008
8652577,0.11850890407698177
8804937,0.19982169691112128
9947389,0.8554497587300847
11912987,0.23679177327893378
3765917,0.715217650582244
4136659,0.277474909247453
3438976,0.14502439487388014
7833305,0.9527451789257184
6610064,0.036250423239839166
12647577,0.8285710659371321
5476671,0.036610757694263314
7335972,0.09067999943397205
4252671,0.7056139144636051
2694632,0.18596948411430905
11153476,0.9586332386346572
6144039,0.7942367076015002
5428471,0.0675927432894625
7283710,0.019314387002936653
5985713,0.7673195610570974
10794509,0.23272944799190692
6839010,0.7860289984480046
9775385,0.9226399040546026
6197344,0.8406794453884943
11357664,0.9423435050742246
2576224,0.02431010999859476
3967501,0.23734217371408176
7272132,0.9485303440924544
6437226,0.2937416949343138
2710623,0.06841122353147647
3330684,0.0727977455675111
2696703,0.012944660080700478
7699298,0.04619703281067691
8430053,0.7074473684924926
7115661,0.0568361005342954
2853889,0.11173771662080723
12458605,0.7509183623167032
4845862,0.0335465812671718
10130057,0.23535340668942603
4953173,0.9032438609144292
9838608,0.2871047732594556
4247811,0.14634004915294876
6543645,0.17599587175063056
5352640,0.8656049906332292
8738244,0.2094176209219792
4157052,0.21959860973623327
10006641,0.09561618844527285
10815916,0.16002701893527446
3547760,0.15649940545114313
7281484,0.08287682737072624
4848115,0.28612984250099904
4048898,0.8435825664558165
5991765,0.01789102515850887
3962872,0.034709573230528784
11912911,0.2840122205395475
7045435,0.2918193952594482
2972800,0.046638948805734166
8573168,0.11597165968734235
10801249,0.058520838090464884
4587135,0.8451915671485569
3857860,0.1895152935914779
5024252,0.04466284567758689
7430876,0.23921911206776061
4843592,0.25048705320819764
9602775,0.15147371916433283
8955709,0.04162302570650196
7031430,0.15167727298671674
7133294,0.7483326255159848
4381429,0.7977452681676619
11912916,0.1052303940850358
12108293,0.05967951596779829
5301093,0.21892875440976559
5511659,0.9305819728666052
9640946,0.2647325939741086
9776186,0.28205993849029637
9752973,0.03371012770734893
8044600,0.07250654409212097
10220837,0.719734490807808
10991239,0.1910681801213479
7583650,0.7607739193276152
9345819,0.2638634040195334
9180566,0.23099953492221278
3867794,0.9750615399182189
5819801,0.8089912679387384
11092040,0.09644211728457312
4851145,0.13836407880957055
10292540,0.16653328560001812
3732894,0.011730483300922528
6276791,0.8105711668238506
6278762,0.8512062114517356
6276791,0.8299990455108415
8636600,0.9168174759814989
10220950,0.26704962102142493
10140122,0.8827979911358781
5033823,0.9611506860029515
10342316,0.14037755724786624
5305399,0.1649004093376694
3223433,0.7778165418443632
8803757,0.9107227177409642
12021811,0.07673143067958174
9479306,0.7823694206152627
5437762,0.8509324560070228
3962684,0.1288083036363547
4730442,0.2973432458586569
9447166,0.9830656454928721
9643043,0.2779176408281715
8151055,0.851092524722503
7177555,0.1513177555190601
3348082,0.9493795264014221
4996057,0.918735613921243
8349399,0.9728434487720274
6043562,0.958600424790869
10615440,0.9423134891697267
4919550,0.7004211406515946
5802292,0.19139676414748677
5126932,0.2881926421415759
10034146,0.22362765954811478
4175105,0.1860538262667344
5645170,0.7578745870922166
8216763,0.7027113938036197
9110610,0.930844570008877
2437897,0.18045815169030613
9307966,0.08024867314343388
5556726,0.02190135288553084
2554853,0.05587527655852288
5208962,0.7151803758705951
7889486,0.05902667834459253
7889486,0.2641173772543103
4742188,0.9835675705572616
8301878,0.8649521598523917
8233802,0.29162441964446756
7510820,0.726589929131464
10221505,0.8445338078424973
6116035,0.26896425312022315
8958359,0.04504913638576701
11658036,0.8349173142978772
8397947,0.9609797768371269
6665860,0.7920226502252753
7983117,0.7166809094921276
5480884,0.17785394003197819
12506417,0.11698097065635625
10187563,0.2561746059412488
5769810,0.8540623416586747
12071754,0.7416283487821039
10384298,0.9581366761250771
3109550,0.7686366004835989
5544450,0.08993962790256448
9307105,0.28848912616858785
6880517,0.9242575778302536
6615511,0.9410373678994346
6131130,0.737614556081052
3632089,0.8394517489852527
4742452,0.780005061177819
9959494,0.25642776239205045
8397947,0.8042893264479996
7906892,0.7961519665198178
4277304,0.8628188044684376
8626325,0.7582761896348119
3098605,0.8721723540605242
11456405,0.20489790075861053
8320630,0.7513774932744796
4544684,0.25044690075985565
9005321,0.8559805686770051
8975368,0.23081065088249159
9291039,0.21443457600909469
5168498,0.060624830950458244
10489539,0.057630208211485213
9569711,0.9794968834543051
12314973,0.9347566312966338
3348082,0.8931903881303596
3632089,0.7400595216086848
5563300,0.713218946626862
12253769,0.7265134388730814
12735830,0.8187580711841198
8054719,0.8519366792709709
6592335,0.729073105478989
5651829,0.2546853366002974
4762283,0.9055064551814427
9094763,0.21876748149599118
3849187,0.8153831332740179
2976017,0.9710935858553766
6786224,0.7975240177671215
10338279,0.026725749335238802
4851239,0.15360649983852645
5009688,0.01419565492731566
11072016,0.9254668527010027
3245969,0.9215526240462073
10057494,0.803430911868691
7902003,0.7726057199907541
6587796,0.8871471710881618
9489953,0.08227906182909187
5305240,0.1454769877614025
11905409,0.7406489171391213
9571186,0.8682092190412085
9838060,0.2168609359244643
8554701,0.9776181024220454
5389632,0.1360799759440124
9031209,0.8690643349574205
5951416,0.03498125986594693
5612697,0.7082224338245031
8973285,0.8547069828662945
4645833,0.23444045913661885
8940918,0.27395232769631267
3758922,0.8405562806409512
8360041,0.851952219182857
9827596,0.10896906379319823
9782748,0.9792452980799173
2860656,0.8399306138772835
6206559,0.03606034495111759
5024429,0.1355342512869818
9532117,0.23454182924478978
6928906,0.14790622830556188
9821151,0.022522873068823408
8073705,0.9000648843941419
8330548,0.2161197253217746
4271474,0.7054254413422175
5130983,0.21173865536932446
11497958,0.8640198127077489
11093538,0.2908405518540341
11044779,0.2334921749240001
6438379,0.04122634419328658
9145415,0.2072461018587781
4545926,0.28333908819429693
9396760,0.21506851754348288
5119619,0.22577543997125063
9582496,0.04532102306609682
7094944,0.7469950927730361
3343281,0.08627025509382044
2573108,0.21948760957629712
6425597,0.951729827447926
9885417,0.9423187431173128
3336476,0.2813537750140406
10917433,0.731887171051655
5091479,0.9844369651905485
9083564,0.2003513393266704
7335713,0.28140633823800415
8331612,0.7096980901895208
8874090,0.8817288051089545
8331612,0.8969585426526626
5185765,0.1010882694131732
5965819,0.8814880839855405
5965819,0.7432635280427494
8328916,0.7679788680469506
11294883,0.07265253992376512
3832474,0.011839715863793655
10155029,0.9621634475016148
11618569,0.7573523114804229
11973517,0.7267887412041358
5471566,0.2883602277071467
7345248,0.7213384020776646
5814013,0.07005858377841756
7117355,0.11488383342744249
5653072,0.1130302048567502
2707985,0.27733401327294577
9899141,0.21451907575260426
8183288,0.8996313073827726
11305996,0.1832310288674076
5965819,0.7531975515644211
6690171,0.9067782544200325
6859801,0.28713203980852275
7767733,0.20967620926297287
5193659,0.800678344976103
5201593,0.26156027960336325
6220312,0.7621867725756014
6358937,0.9714175985991255
9007609,0.1265690222240655
11038580,0.1282426827142806
7771181,0.8423841295369116
9509223,0.18990872291539057
6720773,0.027566876209348702
8056651,0.1637074738607631
4665991,0.28783522875316164
10191036,0.03344771454576355
8280511,0.8778829853405719
10420301,0.10022420374094168
4366323,0.8598975287124865
2853029,0.9192171983091898
12156174,0.9872916918777259
4634135,0.29053561509119574
6955671,0.9428526897139119
5097856,0.8108160712299173
4736644,0.7094310021398266
5876805,0.12682852112656223
5818068,0.05565263603892473
10139390,0.11483576940302405
8278073,0.7641665078534247
5273713,0.07358430957630281
3526331,0.10491007323198209
10810859,0.9186400202282629
7017274,0.8119380522142181
6767227,0.8721933062121059
11496490,0.13577227120565286
1430305,0.016728650539380156
7117549,0.07903980329100169
2986833,0.936587001798949
12055539,0.7241480420861537
12056139,0.8215375260937425
11853130,0.9559701440275332
4774646,0.11126633803030857
9345933,0.702018230801905
10030778,0.01711822008925027
7870282,0.13291426885477034
11153259,0.10583161744756008
9021075,0.9452845622013619
5783938,0.022905585592361576
11338056,0.9331964504087579
3445812,0.058691562179254024
4473613,0.9479128019976002
10676750,0.9275845013847626
8960918,0.2518465218553579
4647662,0.17842679793794983
9822284,0.25024976108146857
8940700,0.1646868850911113
9581589,0.8135061303579733
11804437,0.9108872954268219
9850966,0.2773425571117785
8747009,0.14004766000869978
8826007,0.9858983142579134
8280511,0.8956633521221613
8620402,0.7895467489504091
8379021,0.2647566829648353
8104030,0.11146152203293357
4813793,0.984816821734896
5282477,0.24856718431946676
7266212,0.9174655078477527
6681546,0.2895446200875985
6421137,0.08551259412848737
9893278,0.08156797017897743
9419020,0.8340040899002197
4548162,0.2964224455029299
4270799,0.793648569012681
8811490,0.7819132442197005
7293937,0.012854831664469789
8043721,0.2779241809895245
7985733,0.03722124983348488
8094120,0.9080023527279739
6522824,0.048437172552817556
6802536,0.12188365810205559
4750341,0.13188343054485147
9935642,0.9492505223683179
6612327,0.05448300403919925
7285757,0.944844261850509
7285757,0.8705782966706811
5211922,0.24084927528818836
5280587,0.9205964172011372
8129005,0.2017686343188706
4840156,0.05420628828357116
4138008,0.8696741927879269
4262040,0.7804294695557163
6468904,0.01124970886108481
5709906,0.051400071981881575
4840672,0.7741960209306372
9777556,0.09244364074427804
7287677,0.9697282057738168
10753922,0.16315340071438375
5980061,0.20394314975959765
7692248,0.7959720199284143
4059887,0.29602230567582766
8288741,0.13686629315504278
6852354,0.04727951531232244
6691169,0.8075312061476616
5816811,0.25633750879605705
5303346,0.07876142106981437
3858879,0.08663929196286743
8280511,0.9362266107541712
3120904,0.9611170008164907
3342467,0.2921104358306906
11757451,0.9026036422005249
2711597,0.011515215688760535
8047428,0.8291893625908678
11513486,0.9368599999056126
4851283,0.16925070590120686
6520519,0.7445843434110854
9459162,0.7023415627571964
5024138,0.0678634381976232
9969287,0.9307397387029317
9086001,0.2614387684448643
4927734,0.20265770191671617
11189311,0.85996812614841
10747501,0.894793645668156
10586744,0.899674776937093
11970050,0.9258521028938123
10031918,0.16988883731845708
5276332,0.08466545731124601
3544640,0.7968500405072764
10653179,0.9036995084308252
12066569,0.8923350606788629
6497146,0.9131112149041934
8625813,0.26856740126811274
4651399,0.05138170163096017
5308296,0.807022183937528
9953575,0.041532988874102186
7887890,0.19589395940916102
3122872,0.862037044492755
4544628,0.16201616719043002
9702945,0.7377385287024092
11401253,0.8637004274385089
7052511,0.2220654907713201
4764774,0.09595630851764714
10549902,0.8699235979129913
12416597,0.851632473114349
11135694,0.8870407971959444
9910828,0.10106704956813595
10065053,0.9607134826478403
11867608,0.19047022369757904
8016691,0.8800696645440178
6584273,0.9428939790730211
5768816,0.7713738130020571
3644071,0.03892319445589767
5360974,0.05307513786911675
10291589,0.9797112809492106
10118266,0.9855971566809685
5695615,0.7069844641264927
4670267,0.20495503972315088
7435780,0.08531801562043345
8938937,0.05434359939859801
5651846,0.7510363602314238
10556180,0.1576422826498574
12401132,0.7909984188258374
12401132,0.04201235655933032
8308070,0.02045353856687853
6424561,0.7076883346553372
6956136,0.11051791029711257
10661917,0.10268330725997883
10000162,0.7543613682545566
7799701,0.2602723976889059
6233483,0.08797745763393269
5392871,0.02439066415001868
3858851,0.032962422168250245
3858917,0.24867173773926404
4466356,0.16347243153811367
7949593,0.9783404450842135
9474232,0.23937517117104087
3859151,0.26832080347636134
7098255,0.7626560524571313
11456279,0.023256645831389162
4670361,0.7567952222803188
5398002,0.2806155474833589
6680911,0.177483977049777
10356124,0.09304324572687113
10584140,0.9836538520394764
8233326,0.7882238696610695
4940203,0.7215060735769963
6286161,0.2549845409279844
5385471,0.13411283488878686
6368175,0.8307098907764173
5471158,0.20958083763013613
4847843,0.08201985489987752
5120225,0.21368951435798883
9656543,0.16699866984099512
10751515,0.059434788759913
3348093,0.10511950461470161
6182846,0.1368900069231409
4939346,0.9252179171337123
6442602,0.22786974261577386
9851126,0.08921926820658453
6268648,0.87037232560676
11455428,0.8704145303663682
10484409,0.2663107277224464
10935993,0.7178686477440934
5257082,0.8225008140502826
5796185,0.0817389260253142
8628665,0.7532170974586643
3945802,0.0638067160673869
6265665,0.952842906173132
5881307,0.8002523176523069
4645174,0.7942718768220245
4645174,0.7825950458089078
8719419,0.016404855396372785
9028474,0.22618579879893644
4349442,0.29040957975307863
6124137,0.9275012231820059
3644542,0.1676554032578764
6182849,0.18550586715532363
9851142,0.08062289843971619
3442054,0.24518372161695118
4079530,0.19793593682251956
6445531,0.09883053170645394
10677186,0.2934429189268336
9025914,0.0854701264203324
9366988,0.2737522341827119
11657614,0.8283915170098204
11657614,0.7453997076739028
5687986,0.7793212878497086
11125797,0.807178032551379
9785921,0.8035631300401095
3102000,0.24180796129801793
6599975,0.8689932946061126
8266276,0.03493870521632112
5887316,0.18942067038763438
4282191,0.7942077162555894
3559860,0.9094861351894823
10651945,0.07229358504967916
7117003,0.05154265012557935
3240159,0.16892481832443915
6147851,0.11434820214668084
9658118,0.10490166827885537
7132542,0.2704222909263863
8589754,0.28729493239202986
3757590,0.13808312624187968
2437149,0.09559071017562092
9715925,0.29069028643185013
9529733,0.1646937073961014
9613070,0.1135854272489777
9967771,0.8751666907954367
10845188,0.14382938005813128
6543893,0.8184016096216389
5709103,0.10633721362145213
6705026,0.9408877359645516
6705026,0.8221500903088175
6779726,0.761685446664229
3098843,0.1190256285023368
5553959,0.7138287539776409
7288306,0.8140548480534341
5887393,0.16862084354141924
5384713,0.7739273946775944
5384713,0.9116318218233352
5384713,0.7808351517767934
11860395,0.7309181144070164
5456023,0.14702851358849012
6187888,0.24861356542585145
9529744,0.8144994503686396
12021387,0.26449416812391097
8044608,0.026340470851759078
8760135,0.10356384502726036
4073707,0.18639147522090557
5730394,0.24803920222865491
6451368,0.8718963885249911
6956216,0.12132558502859346
6137704,0.2471198624151945
10275074,0.07806250326730708
9110346,0.19076421818954253
10259301,0.09279986169863912
2995392,0.9039032500827269
3120308,0.24410865979176338
9991621,0.19846947520503744
8078502,0.8167405258332808
8644365,0.7761209651185773
5888187,0.7990244219367271
2852528,0.10789518291255551
3348216,0.9352330180135938
7032421,0.07366190261918969
10798838,0.2201001361649316
8560940,0.19841399390217265
10793576,0.9514629333889952
10292238,0.16998892459838338
8733497,0.2562478514634002
4255422,0.0591509704760081
9837544,0.09195219644511753
7877824,0.10853150558580249
6469946,0.18942251574545504
6947164,0.015235762767733597
6233903,0.1712158335137791
7212066,0.015659189656544746
7212066,0.10942306985118076
7047922,0.7672927042964542
6675060,0.05482081843952889
5716508,0.022008928035174184
10518735,0.06175414496341191
6975129,0.7712252113258117
8644365,0.8777120483990598
9489947,0.08435443401148651
6960487,0.06809504645446626
5894182,0.9697420958767454
6309264,0.24227117620751484
7021177,0.09569832236823454
7122259,0.10816730297191789
6947668,0.7753360850050866
6364582,0.9683460702417099
6190535,0.2556860126094834
9834257,0.05577471596650524
10290666,0.9355767720655781
9529744,0.712406698882918
10748621,0.22025006551405898
4824268,0.21463611057218124
6527016,0.14633753663295038
6431670,0.2879309978547356
7376500,0.05317788855140804
9636559,0.12464511310883565
8095110,0.2881008526528438
11499263,0.25269470047844206
10328393,0.8550978296760183
9775253,0.07472933675301098
3858988,0.18077000154644662
3848966,0.8595003937480866
10798605,0.19515714168058942
5895083,0.19908039762246751
9452897,0.8054793139174441
9714123,0.20573852433767395
6118370,0.9037685714495317
2717158,0.931081673307119
6209677,0.7353525699456068
6198256,0.13023543547060656
9664276,0.7449149529889217
2437112,0.06344823783319588
7987086,0.06701965760171327
7374746,0.12271509017881294
8668810,0.05022987096027267
6519865,0.1199829615025368
8868907,0.14157279870621214
3865298,0.033540599300439664
10091110,0.29142935992616015
10091110,0.18033595132514832
3542574,0.21990778416936163
3544694,0.1750630051209548
11521793,0.8219491738277249
9085563,0.8156010290883935
11337372,0.8765068897731645
7748487,0.8058299503322034
3219037,0.9330368055767101
5952448,0.10046135916837283
5710069,0.9030655614194062
9967009,0.714928447246272
9967009,0.8841208616222851
11874338,0.12549086666337983
9763612,0.852963981838762
6199716,0.27073208849579344
9468384,0.04700510999079938
8868364,0.13278890289134107
10092312,0.022075993580963384
3964545,0.2981334387822514
9656397,0.04977981537642864
5444491,0.05758106970358572
3735629,0.059392034778139
8244173,0.2930431045532621
6546508,0.09491963443815171
9886224,0.15202191508111967
3735634,0.157066371065092
5730380,0.08597145011753739
6058875,0.17244896638081225
10735564,0.041919913933495014
6200810,0.7113757543069028
3561464,0.7304032458692803
3561464,0.8408010134280345
5962509,0.26110368113534943
3561464,0.9792050252792383
6359802,0.1364316473646811
7121885,0.16928871123521885
5213404,0.8057874342953744
4844470,0.9623007502549665
6205566,0.27878370232884525
11551692,0.9314344883420081
9995771,0.8095678343533397
7287391,0.2839305156759771
6756202,0.045434422530734514
10215869,0.02333969292908133
5456319,0.21690119486097953
2307206,0.023583019553266554
7025540,0.29866317587693286
7620844,0.16239554439105824
6677267,0.11128714823810895
7732791,0.2982211296047119
5736801,0.14929611163805054
8177798,0.10648628371531482
10489521,0.21534970749290527
12643582,0.2424612238378358
9328641,0.1007075493529313
9966219,0.9869805014111382
5991070,0.26543083936786466
5531953,0.7622984505923518
3757778,0.28644600613982235
11754430,0.8087327548885871
9995771,0.969362222372693
11875511,0.16949817529416933
6231721,0.7600838721892501
9536108,0.7192081517788674
8905246,0.8807017419661038
5213230,0.9186371256672973
3326377,0.9285443489490344
6233466,0.2956633977125015
5460434,0.8299530865594459
11249624,0.20701220510030946
6426592,0.031254076169891044
8491745,0.05056933017128406
3970117,0.018178718743683077
11147814,0.08266346451843987
10922659,0.8890970944942829
8892720,0.20944049563244926
6021275,0.9035206278362218
7869917,0.846933426685189
11754430,0.9739896913047346
6032920,0.15914436670761126
8409295,0.7939510935128029
7131760,0.740819396654708
11922778,0.8646862963523494
9468382,0.2868951303925127
6145201,0.1065510476391357
5986209,0.09129225366729506
9226339,0.1395757298314041
6525209,0.074578571787168
2975770,0.7487285715941225
5534965,0.06237554928584067
5512513,0.08790783548901102
9965206,0.06822531211666479
4247023,0.14212033041362532
4848423,0.21028116917275208
11403216,0.14097443293855302
11853878,0.826480904281385
5774375,0.2393580162335748
7692093,0.7824937476495502
8263752,0.2010827374126194
8263752,0.15299513487927233
7772914,0.7578780525259812
3529290,0.8733493821221914
3529290,0.9267445352329029
9285265,0.9850923253866888
6025124,0.9659174341065162
5780930,0.9718050193579308
5531953,0.9843023691305901
4164393,0.2012938825979387
6277410,0.8070103951602466
9843517,0.9064188980110379
8812045,0.9619590051098936
7288444,0.8354104881822176
3101923,0.8092708438629856
10881457,0.9551395310902548
5513861,0.272278018369646
9948002,0.07772175067205525
5264304,0.09021388907586783
10960995,0.12957868685865698
9592575,0.2198268837770944
7898576,0.1237699171891977
5806800,0.050330414194315276
11671429,0.2733340382113193
5621333,0.9792864734060303
5621333,0.7554379427522669
5392897,0.14859347706929346
3236705,0.7443718258807577
5282049,0.20244227810032298
11810124,0.8727986809345879
6023859,0.2600959690512761
3433668,0.963726797481844
2849140,0.8611334640512944
7503885,0.7161175814494634
3629330,0.7361381916862173
5471289,0.08736363887485225
8121328,0.8093548186516133
9783760,0.07223096614788663
9528430,0.18495355203307867
5529552,0.14560444307991657
8882847,0.03968078084825649
9773869,0.15197590110145168
6707942,0.07436954624684582
5023948,0.2857464025147548
5113053,0.15866663646398027
5817957,0.29289293860045956
11853878,0.8023236985415794
4743508,0.16961173331095547
11810124,0.760836328667675
11303322,0.9365582454625081
11241912,0.8100926920157037
6043538,0.9411976380125193
8824737,0.8440056864509659
9349757,0.8373698042416443
11519134,0.2328271978202443
7289338,0.9593612840131598
5004909,0.7668301738288793
6278670,0.8000925654599171
5898983,0.8515866792999361
7703955,0.8994718745827106
8552719,0.12856624163368485
12164634,0.27579582958152005
5193077,0.24631947624194517
5617259,0.7263519133029606
8880123,0.7102323634755456
9474756,0.7467023789300294
10068919,0.13839566295001618
7353970,0.15673010022748501
12316447,0.14024044175947603
5823557,0.17894245898000014
10491554,0.04871092297411984
9785454,0.05980741830954972
8636333,0.95017825960558
7136958,0.14944979479153758
1995732,0.08506163592573703
6069674,0.06246602026392028
8081239,0.9005874277491241
5308663,0.7073304236250835
3745559,0.7551692743903478
8356054,0.24470744138999723
9117416,0.7242252118466475
6356400,0.9813263774272478
9117416,0.9444377723451847
5900235,0.9770390002158404
9474756,0.8087430944486038
7517261,0.9270262915231843
7517261,0.8685504522789222
5653795,0.08651249238557882
8424002,0.8352081147225785
8635938,0.13664097984981693
10464666,0.24493430474048658
5024292,0.12143973565024442
4659255,0.20451205419040905
8263746,0.206428810812445
5877292,0.7246417127090965
10657406,0.8933280019958103
3428468,0.2104305258363124
7091432,0.8836036147318465
9845909,0.7589212217538683
9221528,0.7360896588857658
6106046,0.8106938037391738
6368230,0.8882884983649779
7115291,0.27608580971173174
9907505,0.1737415029897992
9027909,0.9819660267401554
9230021,0.9419878043730704
6369845,0.09116427792893271
9230021,0.7745688897895188
9230021,0.11224323104882074
3662838,0.14736255389712483
5471688,0.17665114593311693
8552719,0.9730810935232805
5471688,0.24532452263371055
6058816,0.7459262298556476
6058816,0.8864265037433834
5130740,0.17156718836392928
9892471,0.13730419824897325
2019076,0.03992556460925696
5879448,0.02515716928889674
7376490,0.2705588163634673
11968513,0.2999714563442636
4263529,0.9344044224207142
7866921,0.22485427142427475
6619815,0.7190283553644012
6113752,0.11435882914094306
3098197,0.1662760710124375
11651712,0.7197626473194146
9896558,0.836070658142051
7697103,0.7698745296635098
9267996,0.8331180140301232
7045605,0.24762544200052325
8738775,0.7806846260726521
7093401,0.9434668263070363
7877818,0.27267232240046324
5636642,0.22724735979485025
6515722,0.025332746135339625
6679504,0.14820876975123665
5560831,0.07446244611514888
5305404,0.2090819192636658
3728432,0.7364097278285637
6696580,0.9008610075287049
5473535,0.2116969912231693
12106934,0.0645430899514673
6222898,0.257608621642827
3955866,0.1267860824214175
11200767,0.1632606981618438
9892816,0.7701763497705474
8589731,0.047345414428127446
4356766,0.04330170408433024
2167890,0.16699323645594122
5384079,0.8269125170152556
4935914,0.014908484443331463
11303811,0.08590899480508057
2437783,0.13988863016524425
12062660,0.2881338263601772
9777087,0.16479415279849385
5956776,0.08595334755878957
8883727,0.14273602688025877
4820550,0.7204052329612021
6516874,0.2966829458005508
11709124,0.8117428961306411
9161118,0.23910178478474986
3556229,0.2103200504455545
11911580,0.2853941210032814
9480535,0.9034338204317605
10583225,0.24118653928607364
5215251,0.06411984564451569
10383696,0.24783357379403556
9777090,0.1704214705174588
11455484,0.27507091897280656
2446623,0.011669407347761854
9596089,0.13609965992982703
5738506,0.2739735965891545
9777087,0.18633381765103285
4247807,0.2861313443728072
11547869,0.739956352850615
7700590,0.10794449406441793
9053086,0.1254694089349028
3128552,0.9546285338801297
5467113,0.22333899691136483
8240123,0.1779243867065651
5114623,0.29661017200235956
5114623,0.27232819769928074
10031907,0.06165769681046308
6525946,0.9743168277346124
5480736,0.01802127383443919
8487748,0.11894402782482308
9892856,0.05862861975727811
7137213,0.28298465256255145
6795089,0.28100310439200077
3340313,0.0649520260138086
9892816,0.9213286987110549
4150804,0.9125731910033119
5021174,0.10612365709579223
9025971,0.8663256245154421
2581316,0.8133301896569949
9973109,0.8598765080786108
6314185,0.01633822268458299
8620561,0.2926706235353417
8937019,0.10886284054432677
9896435,0.14566201181597482
10352938,0.17822892073681376
10676927,0.2969822041849747
5649836,0.04560095513826009
7620660,0.24032623713189458
3836399,0.018442354854181525
2581554,0.8982290592275781
3128552,0.920176772718126
10363115,0.9601027856640615
5966810,0.9312808601121231
10491062,0.0880482552747271
9761615,0.945210646691437
4058881,0.29060995588667765
6863158,0.9709203057991748
2581316,0.9713550012596943
8621353,0.0548067816288176
10795103,0.8291982153680091
9394601,0.12000661216075768
8494410,0.1817992485091249
8494410,0.9675320034665577
6863161,0.17717327239250005
7840035,0.012464430713165678
8543279,0.07033746998907728
8047283,0.16078685208616772
8308347,0.8738476276877158
7090867,0.2108475023663432
7612691,0.22478494021301698
9761573,0.23757851354608053
8042789,0.25496871301921625
10095484,0.1358165594896856
5467102,0.0232176701342681
6780367,0.1276427574334473
10281221,0.8081089792937038
6525946,0.7963556921716894
5471496,0.09595030273492373
4544620,0.09821033814668681
5784777,0.8330393465405579
6863187,0.04526731569349325
6949061,0.8728720854607642
9719636,0.25916980450542815
2452440,0.1558388544976885
5020034,0.14372336901717322
7017372,0.7042300952729245
6974867,0.057204222503407745
7102316,0.8600768824102496
11518142,0.8299631087736415
3114667,0.19799460451360532
12109845,0.26807833138209053
3954227,0.014200391228793845
8651551,0.2946446929150365
7115550,0.271230715885439
9532637,0.2816016331611722
5305451,0.10310006685437888
7174349,0.11755276634186866
11824218,0.16929760922266987
3128552,0.8097122476652993
10788461,0.931234662477413
10788461,0.7449658266310744
10788461,0.9510159991571441
11667548,0.2521060773363227
8868649,0.2226035950970718
9715939,0.051783575972108184
6887030,0.9085313027169608
4751083,0.284126009338693
4751083,0.2463373028098248
5903301,0.16927765808492745
7695087,0.09370229041126706
6200709,0.24406269764382676
8323764,0.8919308181377109
7013923,0.2627689941583071
5360082,0.20511992376883495
6543683,0.276379885891559
5008245,0.9273806904614058
10555365,0.19473329698983827
5481426,0.18960993074823532
7983756,0.26852249073401724
7289165,0.02075578422554812
12784167,0.75908816382355
8949316,0.13108468693003542
8912730,0.020140453143706417
9784230,0.17139964412328354
11466960,0.15929793457977398
3124420,0.08396498392522266
4649440,0.08705362663119262
2437488,0.26464069763344106
10083623,0.07093779760252927
11253711,0.7393633416036408
8043052,0.2398784013600185
5435816,0.08281624678979815
8559589,0.23280871556179203
4372765,0.13506005436223764
9489524,0.7524293301600227
10268903,0.22217321120901798
7017437,0.150060342873526
7220320,0.10335345113139532
9291378,0.17028042220821232
4075067,0.8679601775306992
4949524,0.14025886062631693
2697935,0.057148773467069695
6531143,0.2902502719936838
3550434,0.21318160813601444
2558370,0.09268103176840566
12301181,0.7823299183831938
5397166,0.2546015870969766
7024530,0.1593618381070005
5015459,0.07017211506313066
11709124,0.7153762559756905
8505920,0.9744825370622977
1433980,0.16609208793620245
2438490,0.2939746474969453
3838496,0.061566677347315246
6470521,0.15148903189282814
2449090,0.021283048494091284
5652260,0.11591364957691407
2569494,0.29177224760196363
12405950,0.12530115835954855
5206233,0.2224587467829044
7031066,0.10397118840979477
6775985,0.13175343985563548
11357192,0.29739143588540856
9533489,0.08678095645626506
11825057,0.09436802838070206
12306699,0.2799353989963543
9692336,0.266018822028474
9641008,0.17771514737615962
8588377,0.03984808846379916
3644601,0.1991379722314365
4242692,0.9608206732236371
8781480,0.13492885853098213
6783732,0.2986409304857
11607176,0.12968051314087709
10661718,0.17259176858685452
6105462,0.8609976575538592
8257205,0.965270009421133
6470516,0.08706784102815329
6891124,0.7798580614444788
7770471,0.08117492637097942
5130380,0.22552049137787622
6314173,0.13426068371121067
5688997,0.02964414388588392
9489524,0.7650511989933327
7031340,0.14239286156926945
4073730,0.09323202997693718
2854948,0.1866517557850722
7813039,0.754638346082885
3644601,0.1288275642222716
8459354,0.07250280716331074
6531617,0.9439727973307921
4164922,0.7490100036917267
12061969,0.9760749788495757
4164922,0.7311212297652865
10328393,0.7222821598261209
10259029,0.05377244670757749
8299947,0.2968044251970957
3335813,0.05229291424795032
11858741,0.25913318065258073
6363494,0.24839886804881817
2576107,0.1988500315982122
9532421,0.05560518540521139
6936966,0.08095011123227686
5653849,0.045263983556121365
2437060,0.09384623389668754
8127648,0.28252092781678906
11564013,0.29029728942691035
9405541,0.022332957798365874
8906045,0.20209068096183708
7031638,0.21634060211811823
7296094,0.012953863355558018
5437945,0.8888835995570518
12009347,0.2005146752023843
4037163,0.22184810454926002
5535890,0.28059382470085814
5215980,0.29589104816420886
9353742,0.7624457323955692
9178185,0.07212534372761363
6290382,0.011169888563540831
3327992,0.05883800350669753
5649206,0.10489309404480343
5193384,0.12565709936909106
5181804,0.14945564787554705
10491544,0.09773253453894011
9101496,0.8168034923421011
11450414,0.9183454569236303
4937143,0.15019177843113926
8719324,0.13479444891103723
11241814,0.29539341003593883
5036537,0.18534183912004276
9837083,0.1059054312735489
12557548,0.9149031907507391
3657758,0.9095760114789534
7031726,0.21739996821815796
3338660,0.014914151040898323
3338674,0.29833812468107496
5546277,0.2914742653078163
8258160,0.02020281333177986
9752982,0.2524382454736694
4666008,0.07189098862703354
8430105,0.2235230631883694
9517393,0.7424851896960799
8052474,0.08453727892531172
3534118,0.08909203493627718
3534118,0.022199287740522572
2441161,0.19950357148636794
3231120,0.20380786827972217
12216706,0.1269599401253938
12216706,0.032029359621532104
10735331,0.04798533825781254
7763269,0.2266899784821881
8365739,0.8540915732403092
5471606,0.049778544399617305
11200405,0.10293445151169855
5475736,0.01245820323996987
9049673,0.27769000366352253
7031898,0.12333637166083256
9593759,0.13356289335039592
8827930,0.9200745393756136
5020044,0.14208485001198012
11560037,0.10661359349957614
11911561,0.10898089174233991
6547322,0.1114352393578425
3440118,0.732422044194822
9159265,0.09773898931229574
4472818,0.8563843150000412
5816806,0.010086837061497475
6531496,0.11587074326813213
9661869,0.12787061406844852
6790592,0.8746952459278314
9411166,0.9712614030429242
3097352,0.25796241862242936
6066379,0.2706645361291444
6508221,0.7614335828426284
12154526,0.8806327843417114
6952971,0.9723612364162819
3459199,0.22928681824973152
6973796,0.05224980832421876
12023089,0.037017436649536606
6286155,0.170233964530783
7831363,0.04280446212834532
8804845,0.7191512459844402
4663185,0.10220865843441712
5305471,0.2381875988905361
5560830,0.1575064763883487
4147444,0.9703659811300347
8211824,0.1467630432695709
5980800,0.10394661120787972
9592850,0.013813209281761607
6227560,0.15932880181140047
5866104,0.06203470411169652
8256044,0.26985243677867654
8780968,0.1858520153819078
6960446,0.2147070893735789
8264097,0.25471401177370223
7515679,0.893258467063794
9674592,0.21944596722985055
9674592,0.22614507120870314
10879213,0.18438970475027278
5650314,0.05792035828283167
6962901,0.10410204138490459
8302302,0.10445285868235148
10581918,0.10462544950012309
3851949,0.10406660909077944
9097892,0.2945745870845639
5769943,0.8170023720661866
4638237,0.744010640911974
9351316,0.8525564293459729
4579313,0.09426250136273058
11614528,0.04220411470507991
8848288,0.016171655731362214
6590307,0.2600058097929293
5308419,0.10414519219107368
6312521,0.0985910756315788
4579321,0.1937775016080694
5202905,0.7083267618260892
1575690,0.13727698999620752
4386047,0.23584107490747686
5103998,0.0915076624294187
9655858,0.12440301039858256
12154526,0.856093833335342
10275880,0.13887765324172235
2166200,0.09444871125815688
3547315,0.09777895966759366
6933781,0.07853669792914651
6148271,0.1257254492922522
5386904,0.28263193048028995
2997178,0.2338090832574487
8956206,0.07376684772104611
6507433,0.8404374946437345
8260198,0.12924671901240511
10733174,0.16323661389829824
8564976,0.23710533138347262
8765560,0.9598290821321298
11760860,0.7060399128310019
7910148,0.21164904786934757
12459731,0.2868452898002218
12735740,0.7757812381330427
4678875,0.10510512438558126
7812175,0.03924746830730069
7708193,0.03321688544356034
5478083,0.029038115723370186
10857342,0.25856746655439306
5215700,0.1377274612301787
8780959,0.12599379422723775
8780959,0.7360720627559836
5565486,0.10646975709771041
8453214,0.076113287975165
8552719,0.9283997814867486
8556077,0.25263133504723273
7757698,0.24249066123380952
8625821,0.047613360842966766
8652999,0.19089270199053385
12164770,0.2557587898991045
9541322,0.28237842588530543
10470616,0.20797229131348807
10362031,0.27381784369171003
6373680,0.19928727020462578
10963242,0.21130971607859508
9150827,0.18028640988778472
9957351,0.08118127405959567
5385575,0.21298164354020163
3732035,0.8467124711163483
5385697,0.047246596464092024
5385697,0.2591284016864035
8823833,0.045593684436768665
5008501,0.7135901981197841
5015913,0.25229177145105874
5103942,0.19007393110345558
5184709,0.7866845737395924
5195172,0.7177562445887808
8678664,0.23831041892788146
8832512,0.8428084896103271
8892721,0.18025403600381562
7778664,0.9342607544345997
9042357,0.1446256026191703
9115681,0.17126749592077356
10481045,0.18955115052726415
8107034,0.21341332146181088
3962751,0.04631975038550102
8582291,0.23118690750869325
5110683,0.24626594702760898
7967861,0.1045873808644498
8179325,0.09124014957549156
5211199,0.9225572239683693
5475494,0.19326721719683992
9412445,0.015823409435561347
7866914,0.18137537110436613
6057684,0.14766403766155053
5271608,0.1450462546475894
5357470,0.12787238251253485
5443775,0.23734133576482006
5527172,0.2628687485100044
7386391,0.16156922399072166
5529643,0.21211459166187085
9366989,0.17195326910649258
9468717,0.20687728440491532
9528420,0.05547520640325715
9529744,0.2928200370090572
7834712,0.779503686239521
9574614,0.7225955729974095
9674608,0.12399072038633686
8495415,0.18335688783598922
10341905,0.2942233827946884
10336927,0.2633069270621017
12115188,0.10829397498846585
9850957,0.2805286015652369
12470954,0.1994095082729355
8189801,0.7182469784390572
11568224,0.2501778036153317
7938883,0.09614823858881606
9280239,0.8721628002868238
4544571,0.057631802482302506
3245661,0.028130755209700292
5618071,0.16887518486806033
6312534,0.07299602429013485
6470917,0.20767329188550857
7431709,0.02815441189683629
6611330,0.029688974783054142
6699368,0.039742422216648185
9886255,0.7984108015994044
9973855,0.028709874190140545
10019399,0.042530807719170505
7841368,0.1529890194447223
10028352,0.8258392443370504
10031707,0.28783344332743444
10092312,0.019568239434564642
10407054,0.13337212447040192
10880007,0.2711754131922265
8418129,0.22698826966947336
6525185,0.2611971919612291
10812504,0.1316849800358919
8107115,0.013482825234048288
10663411,0.24360810750809272
10090219,0.2546603012356259
9205938,0.777548411085878
9899217,0.17001344453536696
6750902,0.07650630070416611
5895588,0.22947718764981737
6803855,0.8207833284071071
6891366,0.2158287612832996
7448023,0.29247109838783514
6891637,0.09244361698980826
6975615,0.14842753721589502
7137725,0.045800123120181
10153855,0.8394357277766318
10230571,0.2555459412255689
10294613,0.2246009999562066
7879648,0.08730561042305647
10491044,0.08154189657779741
10614012,0.04285040252326349
10616415,0.1303211017858601
6525193,0.16332930202924123
6866251,0.110709860799939
7117710,0.24638782168383666
7762723,0.9855908282847864
4178606,0.7935060753698725
5980208,0.7474664106561216
5303557,0.1439996755328495
10227863,0.2813807248780774
7281668,0.1961066319537363
8036287,0.983579478636456
9602562,0.07565166898254207
10668665,0.12881819003931033
10407020,0.28135947099814645
7380829,0.021180201505999155
7470491,0.14394208799203223
7768952,0.13107644102846264
8162790,0.1772073578155009
9655129,0.10675964166375695
9899483,0.18730204829724015
10917681,0.755960931655328
7882360,0.13255353728465782
10965740,0.18734549747567755
11187436,0.9790114672239321
11285136,0.2567751635935303
11298815,0.20141822723163402
11342573,0.1360163890572495
7134626,0.959006216855466
9823519,0.7833603930042609
11246161,0.9054248450355115
7047824,0.8763288477055335
4479633,0.07051494639538561
4952341,0.22586639097514874
8176019,0.19584755205897741
5385491,0.20162895843429093
11358389,0.7810014427177039
5551504,0.07474098891968836
6421503,0.12351583758142416
10352333,0.9456674616678921
7538434,0.2669568100498597
10487119,0.19558488868236285
10621666,0.22096386441175586
10747439,0.09620131504941817
10749128,0.19450212389844368
10813841,0.11383549712183716
10879656,0.02182757294794637
12253474,0.8417985039290053
12691412,0.18983580332967495
5024482,0.1143963100081428
8175131,0.2966136058815373
3764879,0.7847958958757277
7177766,0.2734067590923887
5513897,0.1507427571506898
10664416,0.03113196146926054
9602613,0.8668180885802956
5807769,0.8811802758018015
11495766,0.286389873216251
7282154,0.2932638172717989
3228988,0.08954038283504714
2970804,0.28838790651735036
7552701,0.05714667569394761
7418173,0.1219634759160987
3228804,0.2634166994187148
11045383,0.11807139608090111
11391667,0.2803202017401826
11392017,0.012183045845397911
3446451,0.07462671096489046
6603756,0.1453333094547675
8460600,0.18743378199726152
12121470,0.21487890811055058
3327993,0.2957041349136891
5467124,0.026913512019811216
7906739,0.2841075898400349
2860114,0.290728525753437
8501062,0.2918007794716147
7199644,0.041827326436908896
11966253,0.013260222802333632
10275805,0.14285064929743035
5709889,0.20596181620001475
3119256,0.04701568943615814
9943435,0.1670767819328105
2442359,0.2648181033894595
7707742,0.21161312558575537
6041734,0.9681085999804131
2010191,0.03374625484810634
5471675,0.12696492018530386
7601665,0.7629021486647748
8845574,0.13943532345436851
2021440,0.26420165472057244
3122985,0.0495288649624362
3248019,0.12683959906845818
3328026,0.2621577922535283
7116024,0.16389658249946346
2014991,0.06892542860018185
12885212,0.09373387353872331
5894073,0.1656301818896925
10518424,0.20439859401758786
4245933,0.04311544281385272
7199724,0.1505520698040449
12935144,0.11024519798802324
6185496,0.12676891932336215
6606438,0.7976165869771487
9149789,0.8430135239133175
12170648,0.25762612453467676
7051984,0.9329025772884066
7282168,0.17525000997037102
9851943,0.08466345788632061
5773121,0.9161054183016001
2708420,0.0855523769362033
4814502,0.8819133918388204
8142787,0.9324512446336839
7613620,0.7413244198011318
3345675,0.9200391549696774
3654950,0.18931054430405214
3836453,0.258435423351715
3952651,0.2828214935886102
3966262,0.0760685798517454
4144231,0.011114703583346318
9964670,0.2461221385027383
6209798,0.29504532987341303
6525249,0.22063337935103364
11075429,0.8099452777280005
11705004,0.791257726838713
6137681,0.2009815485389357
11244682,0.7865311647043693
9655419,0.10898220527395902
5895158,0.9803515501676472
4947556,0.9729653473467796
7287028,0.8231505144702226
5471690,0.15663128333311188
8376848,0.7361262338261375
5350447,0.21068564586044344
4173026,0.7388937294230956
8934103,0.8757586134788244
7618364,0.16584620934379501
4150390,0.031384858994500185
4851464,0.07767102553781373
4913000,0.115122069421181
4945877,0.12889814597070942
5110423,0.1816393819586395
2581191,0.1366592731074615
7379385,0.17076352113143228
6199702,0.05942726377753225
6307083,0.24773021503001927
6780158,0.2802436382362129
7199756,0.05747562959510004
4947556,0.909050316696332
7362696,0.10866388681068512
3865595,0.053431584821058815
9593528,0.01926323406615197
5195945,0.1645276498103242
7300182,0.7508244358440991
5288577,0.10035341779290026
11969988,0.27210533562326183
8483258,0.28575172527034726
4832225,0.0159093580117238
9009953,0.8766229773665241
7664272,0.1332866062154311
5302006,0.08866847642318842
5306720,0.06585804464087139
5389540,0.2365257736457415
5444384,0.22739694724425358
5450814,0.146542389820129
7116519,0.076075676306638
9635510,0.03947470126146266
8076630,0.2440042291668309
4077901,0.06244148818116755
10271691,0.15942436747334388
10544677,0.07378131793137707
7199883,0.17382356719235287
9904006,0.8521446604619507
8552587,0.22895788339448828
6019872,0.23138035133294352
7679812,0.8219236504434722
4864734,0.20968214305104166
7366501,0.7398992749730049
8282846,0.8484849525030607
5938970,0.7374624281661054
8381693,0.2180207136053358
4929299,0.2337327068286945
7375348,0.7193023559233471
10223615,0.24342882922810533
3342463,0.02840735607683062
6680177,0.19443889858871416
5565497,0.04124022306146236
5730389,0.10545816122096809
5802478,0.12121572710231969
5942093,0.20664992923194855
5992270,0.12126880073075459
7117126,0.24841955590646136
4761060,0.18029559988762286
5479802,0.07959262155245597
5607631,0.22255034916639535
4951249,0.06969653737912522
9156585,0.14494299085718798
3121340,0.2612195424678999
8636434,0.892554594977427
5952366,0.03305809599922673
5952366,0.16836838866439585
6045250,0.01843604298273209
5598595,0.2979808495036371
6681233,0.14237001198354327
7296438,0.7248725332364065
7351237,0.08422143119994989
7436215,0.16023122012976726
9763754,0.15084155861909745
10216045,0.021828028403536766
8846163,0.16688296361294025
12366681,0.193373391519431
1996399,0.18242747825004677
2697169,0.17361179975305913
8435247,0.09954066124993872
8332986,0.28918124253672606
9425139,0.899494610396089
6364327,0.08894410415516611
6762829,0.15179357731360535
7369865,0.24336238705663807
7593110,0.14521471642765782
7810483,0.8263488837772843
7117147,0.21094211203096339
6634133,0.06679654280243479
7021534,0.06685563238841648
9277210,0.19971880575812134
9728465,0.25278970923838195
7124026,0.23897592787979494
7200485,0.13978267675744915
9904006,0.7170748205561636
4544572,0.27039633553389
5738634,0.031160055944299173
10152836,0.2188420547269291
10651816,0.02437202680834523
7367164,0.9410826638602365
6964043,0.14724130283252412
3644523,0.023894799858993752
11909686,0.011225675302505614
6678383,0.06749373547985686
12644769,0.21744906783366189
6233890,0.1806214084731944
7671950,0.9607342432495347
7918172,0.0167781763993798
8009496,0.1826060818658265
8081187,0.8319687188314393
8111919,0.1536114485420879
8127586,0.0745745661289786
7117485,0.1423224838840487
2860793,0.21852568808011472
3851130,0.1370632560566369
7257363,0.16225207015937831
11922722,0.19614976627491207
12061969,0.9202966463258501
7203326,0.07208351096614478
8030339,0.21673080844777481
9899414,0.030421445738987155
5471059,0.19455319548183972
7458309,0.24418192760904409
7777372,0.27756000486751964
7377200,0.10685937916639954
6312314,0.010655921247386345
6387969,0.07126346495733325
6468337,0.1092228697817336
9084778,0.839053782208165
10357040,0.28014743047159485
10514429,0.2582286635010213
7747103,0.7455241800522968
8127607,0.2469264947857314
8129042,0.1520435837101651
8180020,0.20497195968470622
8223328,0.20683168800467974
8444552,0.23259941895618516
6342333,0.9732122510181814
10674871,0.9848854139113193
6032517,0.13798581920419428
4768846,0.16300602053522517
8260234,0.12693434491347694
7210749,0.26092730525887936
9282769,0.15912194463334645
10404582,0.9857236470520853
7777416,0.0649115227314936
7597005,0.1235800698542702
5479717,0.019577397911499927
3764714,0.12363375693503763
11392618,0.20172245967949698
4474645,0.08723114087161109
4570949,0.9262988510058555
4927315,0.20376268181903948
4928119,0.022120332118164034
11518201,0.7643630857317084
10861608,0.07851546675966035
10934313,0.28844986284588503
11497958,0.8553324444406745
7516809,0.2617616262050096
6115516,0.011914457661838294
9758032,0.768991446518905
6444896,0.8238743717638516
5640511,0.2588281392139781
7336093,0.06300644118725747
10196493,0.12335929581427331
11442793,0.7142521933649183
11442793,0.8125090130275723
7812455,0.19155871394205856
9520443,0.24860988408407925
10601465,0.2647455479284284
7461307,0.2508928440413277
7269881,0.1935606175343257
6974658,0.9003760758611228
10964265,0.1192610844793852
8672910,0.08772525931721703
3233043,0.22731376499741657
7269493,0.08308269426778317
9634821,0.9382508402356984
8753896,0.06606392259072764
11074835,0.10670115904921952
10812504,0.20839029235818649
9827149,0.17631232292973525
9602613,0.760570039334407
7584650,0.10863537513823021
9758089,0.8164309056317298
10005758,0.9057794425463426
9823564,0.12105852744279853
9532424,0.2034891567194724
9950316,0.15492630576212618
6028860,0.22356453313765873
6778019,0.06895914441310518
4571536,0.035524319936077804
10904004,0.7020837885576415
3336283,0.24741601172162067
5695904,0.2959313948818942
1725415,0.02175898799978707
11304987,0.269561134517824
11709423,0.267242860215824
8758136,0.12239500302099073
12405333,0.8083533543170665
10617638,0.01866792558274133
12833566,0.21886417371960123
9153554,0.13285065724355685
8161830,0.29859605390338106
6461850,0.04203406692055941
7613246,0.07414694624112714
11551715,0.09636486441659478
2715695,0.8743317243889774
11442793,0.9087227875382233
6312171,0.1047523604972394
10665043,0.04151408177358353
12352520,0.8739538740641573
7455981,0.8620648211045334
7107561,0.24596176640454762
9605552,0.9521983841548666
11237332,0.2714052071912196
8669092,0.1141237995106494
5474613,0.8116015734723547
9823519,0.9480676396063107
2715695,0.7349379007036153
10587105,0.7487550029067618
8558011,0.8095075091212866
7885494,0.016200706919517964
5281714,0.11885824604412859
5283728,0.9543598780612167
5289857,0.23155069645843018
5303185,0.059816744555263174
5308777,0.10744885533129264
5364090,0.11377068945554994
5370944,0.2809167683359655
5374838,0.8158697614596812
6364143,0.25545821734656066
6364307,0.21042392547868144
6366559,0.7720692792566475
6367663,0.8311468243635386
6368905,0.7054011465470087
6369548,0.10943862589589998
6372194,0.8694103941455846
6387557,0.8096743361329849
3098843,0.29241076952107214
3958301,0.28882264184325446
5353137,0.02075324222558099
4932689,0.16711791951495739
5294945,0.7171359383550292
7742408,0.9335151666821564
3968809,0.952187447695291
3970397,0.2986233777642864
3973549,0.1109728664388732
3974928,0.9727063370493165
4058169,0.18184480360913377
4063943,0.8288066319676358
4068391,0.28143856055492034
4071638,0.8954247050263595
5390913,0.7905940710583371
5391911,0.23366552744025604
5394585,0.7169770710174609
5397106,0.14915407266538433
5425643,0.7775167310566667
5425908,0.2784558233236008
5428199,0.8092058594508811
5436415,0.07483880569408903
6387887,0.07019376773408469
6425377,0.724462592163107
6428602,0.06790268064347375
6442735,0.8776411186259263
6443093,0.8377404823616321
6447372,0.2975017999370956
6461675,0.12200324821461707
6509282,0.7045694489711716
8231667,0.7936325885590456
6697817,0.8646366145241876
3439096,0.2809914736686439
3324644,0.02131212763781975
5437945,0.7241467614141691
1161949,0.27917344804551697
4077252,0.27222348976071475
4077767,0.033008252637745164
4135912,0.8022525328991867
4144238,0.02139211200492928
4147171,0.17367620525376548
4149060,0.22594827102294107
4150972,0.7788509688077048
4160006,0.041793318441946684
5436455,0.7813627162639918
5439000,0.8481148426141852
5440435,0.16127353523157092
5440472,0.026496736538831195
5440651,0.10774736636289567
5443320,0.8155338631197597
5446961,0.129306416152618
5467126,0.24961765254999838
6511182,0.8423891345703347
6517064,0.9494993722742139
6517200,0.7220868262834718
6517255,0.9724398533404063
6522124,0.07642476038498798
6525196,0.06499170208671831
6525398,0.18168000402536189
6526377,0.23918680304227966
1164301,0.7985605466285665
1297263,0.04254813349450516
1429589,0.7801828696690024
1572948,0.27449291698831874
1725193,0.07614706351083134
1865864,0.9057597832219939
1870398,0.2603510432717689
1873513,0.9478674777031811
4164511,0.7402010434133456
4179201,0.2522903652086991
4241238,0.7469215923731356
4242806,0.14075552734301738
4245861,0.020778525237832537
4246343,0.24289570648413217
4253860,0.15729659600813653
4274816,0.2712984043663616
5470851,0.1794480498267336
5471108,0.1516158331802917
5524229,0.8791068703007795
5525484,0.17462325761414033
5529385,0.7758873134659736
5547424,0.029509404677288048
5551240,0.9307651722067188
6527229,0.14964424564005568
6543192,0.9355763796830736
6543674,0.20738807576289756
6548429,0.16871501128289546
6594945,0.9308898960458162
6599305,0.16360775544864398
6600515,0.23197176337911193
6608090,0.1790128391913271
2010607,0.2869525174140813
2015013,0.07387565957641733
2019199,0.8620443505787428
2158460,0.8610183695847845
2163226,0.19759360667238546
2165352,0.21798930541250786
2305255,0.1287844465163466
2305543,0.0804967469665485
4276114,0.1475210582569311
4281023,0.28108509104736046
4281700,0.07467179778503816
4346339,0.9343292728398914
4365461,0.16488248576031428
4366923,0.028205183750488964
4449752,0.1883833570683681
4455763,0.2878083969430982
5563057,0.06796514986846877
5565261,0.09857846322101449
5602409,0.24132369224710915
5603270,0.07411769838485402
5612111,0.23336176901075678
5616628,0.297823553076373
5623137,0.17607088969032872
6611779,0.29992067982053633
6612411,0.13830066132805932
6612973,0.22627074062863184
6615600,0.025034205955467723
6634112,0.7915776922681019
6635813,0.2728735209504796
6675757,0.9536432730252415
6677415,0.2638578404473307
2309910,0.10974167937257912
2310993,0.8476257829516627
2437209,0.04155045597070819
2437653,0.9042885293808599
2438406,0.1814768011822829
2452289,0.21908302027931098
2555080,0.9128665094511572
2569488,0.12303565997107982
4459503,0.12599161264442788
4464689,0.15980274152063925
4469825,0.09212412135932108
4470888,0.1951923411469891
4471313,0.8218022417757542
4478142,0.9898119823853737
4484179,0.8793270441557943
5623839,0.13701586610299957
5650420,0.2732190995732048
5650930,0.7369581494648094
5653152,0.23196299574589616
5653163,0.25787368370070135
5685113,0.29191675315760696
5697395,0.7287093551307832
5698524,0.05744891773819749
6784887,0.04160342034969067
6805414,0.7102735373312148
6864891,0.13956108046605392
6869373,0.7152552940711592
6875342,0.884852017840672
6879183,0.9015962039753476
7891264,0.061013271859591614
6880123,0.1693970365234906
6891512,0.10376017406758364
2569516,0.1274926442728599
2570432,0.11041138842887449
2574543,0.294795559250906
2578811,0.29888704454152387
7897936,0.1850268098136852
2582800,0.017210939350627653
2707916,0.2731706908606284
2708270,0.12669446762295083
4540508,0.25044820563664927
4565943,0.10829139519832585
4566848,0.8601926080339748
4570555,0.02218416639423225
4586482,0.1564137561294768
4647949,0.1812740209205565
4678873,0.24897622394820287
4732015,0.2402441867039631
5709014,0.14965803285759657
5732636,0.2584040889313785
5734702,0.9652026517978718
5779606,0.15246361909642342
5780194,0.09277663845454093
5781991,0.15090985886354508
5784803,0.23218088796879313
5791713,0.04474261509361141
6681473,0.17153996639295363
6688318,0.2190126552240277
6690523,0.020725217393261143
6692742,0.1760792739591188
6695801,0.1419067232060713
6699562,0.07743229840394575
6707260,0.28773104591648246
6718474,0.10655902991775466
2710101,0.24634073366763914
2711123,0.12780046944192225
2833632,0.20506342549279008
2836076,0.1803995553359723
2850321,0.16779306580830128
2861126,0.14241399153727644
2861298,0.7366527151982856
2987433,0.10145223399705074
4732137,0.09746534555050619
4736439,0.20779757563585108
4737848,0.910058109028375
4740375,0.2730045443601664
4741777,0.05634622938438346
4750406,0.22035419493145678
4750962,0.8814175983798421
4760478,0.8101856952312451
5793275,0.8326882691431503
5794687,0.07846474154519038
5817712,0.08229391013393798
5857656,0.7364405458508623
5858519,0.12065122835670067
5859725,0.8559559882737301
5869272,0.023573192950762524
5905728,0.010627363961770796
6719052,0.7279248837890888
6721603,0.7043836799193812
6756369,0.9684636538366126
6762188,0.09590905163633899
6765563,0.8407162222682462
6766583,0.10718835219622146
6767337,0.11295384324150085
6776555,0.8648714278237879
2992634,0.9415954421627869
3001955,0.7616713490620212
3003673,0.11378914932916394
3101178,0.7954844088011344
3117115,0.26814603808456805
3120397,0.020739300281657342
3222680,0.15507908698536968
3239171,0.9379927035358475
4761427,0.9095314890741554
4769799,0.1793283760324836
4770798,0.7719809473026116
4813750,0.9619195661056048
4814168,0.1102741131327383
4815612,0.0906903492803949
4819158,0.18401362120562154
4833409,0.9002507041802283
5942112,0.17202086297135807
5946568,0.8039853458771926
5949765,0.1495065536541056
5954894,0.858507380549004
5956038,0.06095519437050135
5963591,0.0920817106476806
5965629,0.8948041826251215
6934045,0.9117396469559292
6939913,0.9552220406577867
6947062,0.12874546314279295
6948815,0.07154191349624264
6952570,0.033247908800292575
7009548,0.7032008686029334
7011044,0.06696911181826719
7013635,0.19013803874657653
3240049,0.16573438783785127
3242039,0.7147132072977461
3245638,0.23084821830258706
3329985,0.06534145422089854
3340165,0.9572052084899583
3341760,0.09248092165382564
3341982,0.09825707841363834
3355104,0.9785234791390163
4840327,0.17485207810053718
4843751,0.0141543620455944
4856592,0.07388191951694657
4863260,0.13125809861863325
4902673,0.022457458871594796
4912650,0.8053870633364946
4914221,0.9560318496759359
4914399,0.10155990145162305
5967194,0.1521598352030454
5980354,0.23523709566457934
5981058,0.9319292982955489
5986270,0.09522433580950311
5989391,0.2867633390700531
6021840,0.7165530113072152
6023571,0.8869997329394285
6025174,0.8366344602092944
3356156,0.8130693463456722
3425363,0.7605109916065205
3428127,0.7916880034821813
3428359,0.29678892869014045
3439031,0.12267278288135829
3441795,0.7882521220249559
3449540,0.08812008088054452
3449870,0.2462212604112232
4915582,0.8858361068406437
4917357,0.1722988234523438
4917658,0.16769438395677158
4918303,0.9491251547872144
4927738,0.27097046758709753
4937140,0.20447169834517878
4940376,0.9115072618162049
4945035,0.01761904118967708
6033602,0.22005265508109734
6034379,0.9701066214968359
6034834,0.8160057485778938
6036286,0.8064992447367
6038152,0.7109216977762279
6043490,0.9388815447549724
6045404,0.8529859331368053
6047853,0.07468961586610602
3459529,0.05314359838054105
3532510,0.24097725995694982
3540873,0.7677255366956652
3542117,0.17794001533992992
3542928,0.16749000597546645
3545749,0.13148357516720535
3546821,0.03481508212695683
3548645,0.9450457227896719
4946581,0.073195883784352
4953262,0.8141258811412284
4996558,0.05510887418572232
5006817,0.032548362993792844
5008775,0.29618924372854394
5015027,0.10867714348088447
5016163,0.23015598683371485
5024476,0.2468549999361816
6058896,0.2701115904368376
6062298,0.08819566192739943
6065010,0.29948278811816464
6067545,0.940733380289973
6115356,0.9596855753756012
6116605,0.2722859322407786
6118840,0.14003378034045177
6129632,0.23156316593012485
3553900,0.977986299366773
3554819,0.1737169609775304
3555178,0.2877910724013028
3632330,0.05987066405680076
3641216,0.2883832603996189
3644399,0.278710667282998
3644649,0.11913459691628461
5027859,0.7417902208809993
5032842,0.17339914499068856
5036052,0.9665526716386936
5037742,0.15843366211320617
5039053,0.15452027046991798
5080565,0.2851862031471236
5091808,0.2987547567396567
6139220,0.29435520698495704
6143819,0.1649913006673181
6145939,0.08828110690557633
6149980,0.032171920774667156
6184894,0.7275379659424356
6195792,0.03244072327898618
6197658,0.8342850003441785
6198670,0.8469382981793349
3646449,0.7191905897103948
3646515,0.1787531071736049
3647097,0.7184715112292201
3730176,0.07557965002700869
3748239,0.8262046370579937
3751118,0.9086975270388916
3755522,0.04374112437451356
5094412,0.8468552590210016
5105886,0.1584607936619952
5110453,0.931327832873656
5113146,0.023758903846944873
5130563,0.1643599062163164
5131276,0.01591433760396325
5166811,0.8344461332348374
5174677,0.14174171334847438
6203955,0.8948834350326768
6205384,0.1653400227114308
6205405,0.2341542619866934
6206470,0.2741750106669791
6263468,0.09450756767256764
6266866,0.7792181189499429
6277594,0.18506734258979798
9002278,0.7877497277436251
6026438,0.9340135993463894
3229150,0.7329369197981119
11360805,0.9200397267745153
3757521,0.8304849764028476
3758499,0.899658411722677
3763724,0.026807933486718123
3834728,0.7779071902658031
3836450,0.17748488467509171
3836509,0.2808908934516537
3836522,0.13648766517099284
3846515,0.08073440903023933
5179609,0.09327017959539191
5181086,0.16223181726827401
5181299,0.9835222080917339
5184144,0.7342757865035165
5192660,0.11849024832690366
5193813,0.0785599232442878
5199426,0.23822966709105592
5211631,0.02173110772575086
6281127,0.09233801745009702
6285906,0.023207104812710953
6287131,0.2701545976118091
6289459,0.25866821758829595
6289897,0.08265384296928326
6290467,0.1981687075781071
6309307,0.9526859528783083
6342980,0.27784321483856844
8753896,0.8048309938726619
4150611,0.08164950135159164
4150611,0.14205285629117317
4909707,0.2639437877200498
7919516,0.23036905590387075
6850665,0.2730658269307819
4948730,0.19793735896400133
3848665,0.07164419104966442
3848919,0.25549072269698
3848948,0.05645808965607615
3852865,0.1967247392165235
3854101,0.018603334792541757
3858926,0.17391209477658423
3859890,0.11803035951889956
3863877,0.7881503609862838
5213005,0.10185540043693282
5213811,0.06764408937747661
5255259,0.9623336174476065
5260419,0.2365801385848122
5262539,0.22059055436091043
5263802,0.24758774562295321
5265982,0.15759109207352776
5271637,0.07011342947535942
6346894,0.7215672168186343
6347434,0.11524781068496588
6347890,0.9284149057676697
6350031,0.8562287971105078
6359881,0.9712695231652688
6359929,0.9389358593427313
6363560,0.1384494180905756
6364064,0.12392332982092123
11177676,0.9376876199868205
4936990,0.1020798826076057
7130418,0.20898996253749846
12208887,0.2834080915110401
10711551,0.13887196754272987
7919867,0.24296529980113057
11081512,0.14309657663970385
3865815,0.9336181771072172
3867593,0.019843549734164342
3941219,0.015137816240969125
3953106,0.2133133321054056
3953212,0.08611304438195924
3955444,0.7578117860352148
3962728,0.09893538148371049
3965326,0.09806248919513282
9265521,0.08518230169262767
9268456,0.17088246739395258
9271739,0.22517529780576356
9274092,0.893409213392851
9274431,0.025969337600502594
9282853,0.8042623297062089
9292100,0.832669182423164
9300066,0.8077102517927622
10186761,0.8949768126993856
10189542,0.188288427518574
10191056,0.24738099215705134
10191449,0.7710825473914571
10199984,0.8247914439963884
10201891,0.05727654557563643
10208477,0.1567848079613122
10222603,0.2622393587591449
7581535,0.06941131707039708
7592339,0.1352366434080636
7598326,0.2218356301576666
7599004,0.1890417259122015
7618231,0.23939451414644103
7619667,0.15249054109391402
7625138,0.8826256779378842
8507073,0.0888293841581843
8507586,0.7743341127118251
8509781,0.08807227598768752
8510197,0.010280978709298286
8516349,0.06966987710464463
8525101,0.9757837264974738
8525286,0.8073736095213908
8542879,0.2819649717766749
9304976,0.8663251777844014
9306677,0.1215025340535542
9330740,0.8684731202633558
9334027,0.801175015880917
9357578,0.09639799917657267
9362842,0.049927537676288
9363944,0.8803920004808591
9368524,0.17906580935229818
10227881,0.11128007121029067
10266852,0.12033565600915232
10272858,0.9554896004153888
10292000,0.056248907992496607
10319341,0.02731443829039306
10319834,0.7353065832364534
10320341,0.22872747433986496
10339000,0.8013827542946979
7625143,0.8642110479650225
7631138,0.8696504930427662
7658229,0.2710456155887146
7662502,0.7237329178897028
7672215,0.8806093111186993
7674050,0.1308358320017463
7690782,0.9203873040610331
7700561,0.22854044365511114
8546464,0.22614313555533241
8547213,0.7130445716766147
8547366,0.18470969738864412
8547525,0.20445771413740726
8547537,0.8532537704705956
8548403,0.2567763912265781
8548454,0.709612808234459
8552607,0.03282311207598364
9390655,0.04952316886968962
9391817,0.7343513643201183
9394762,0.2096414744543725
9394953,0.791343138052174
9397862,0.7020860582500977
9402670,0.2579999726004515
9402859,0.22906800280106018
9407689,0.21087653076288157
10356840,0.19689741104027067
10387792,0.8713135417344425
10394802,0.8801907814261285
10399137,0.24499667891925223
10416390,0.2034994648198217
10419108,0.04953227971131082
10453009,0.9234432046140826
10459749,0.8837983696801384
7701809,0.08095599141078584
7731281,0.9752785265783352
7743464,0.15024848269086677
7747091,0.8441095405006657
7747197,0.06871978407205251
7750342,0.15206934603281705
7751133,0.037482033340193385
7757620,0.7919698904450161
8560475,0.03176031257876274
8561192,0.20436946140064297
8570210,0.8910978866129478
8571421,0.7697160439425483
8574794,0.9771943888111743
8575061,0.23920182292609427
8612291,0.01949427873341697
8613769,0.882288051432596
9412267,0.1830606056910758
9417931,0.7819598263582789
9418508,0.1757267704922262
9449320,0.23327035355585765
9451521,0.2967265401454965
9455322,0.037408717228163094
9455526,0.08863728118735796
9456887,0.808961723891025
10470779,0.9115601034022838
10480952,0.24121349905550166
10487228,0.8390050610906389
10519727,0.794576713952482
10525077,0.9685819665640514
10535708,0.7091974585416481
10547378,0.045605571381911875
10548411,0.27873740078348663
7762153,0.7483924444577448
7762717,0.11827161771736901
7767781,0.8811736559446264
7770901,0.7889497139172034
7800285,0.16438041633588324
7804128,0.10439765748172689
7809049,0.16926166274798193
7811057,0.0238139265180473
8622875,0.1851405138424955
8644545,0.8510371345606461
8644911,0.8845121410317067
8652997,0.8490791114935761
8655076,0.21292037399752503
8656535,0.8273433765561213
8671707,0.03495593289297041
8676061,0.2422695981872788
9457533,0.15619804201189408
9463329,0.015958452284558847
9466486,0.7124914658482329
9472328,0.9228898718249681
9472341,0.9667212912790494
9474485,0.10013867668047861
9475697,0.8013933657662916
9481235,0.9113872677441476
10551346,0.07861881423924433
10552151,0.7648442888215903
10552263,0.9076711236471868
10554421,0.9269470099922273
10556891,0.12083641801502643
10579570,0.2882700372630932
10581308,0.8397497418171382
10591578,0.2843450332398849
7812990,0.7447966989247425
7819520,0.23431817152271286
7829836,0.705971178297817
7830953,0.9782614469729836
7836096,0.916927192710125
7837526,0.27970421924264804
7881464,0.9413349808369627
7884986,0.03945916420258706
8677186,0.1703972297105279
8678345,0.03863382745882872
8682751,0.055301237106947086
8715564,0.06585785179063186
8715589,0.819481719501403
8718273,0.22943889221767466
8737343,0.06262081340951367
8741367,0.9586101299075787
9489348,0.11974242151642656
9517242,0.1901701546131964
9532603,0.7588669143728134
9534832,0.9099764370447402
9536727,0.7199161712140183
9543302,0.18841303680747334
9575728,0.783943529975182
10799291,0.20672556813773943
10802364,0.7737042447640217
10809888,0.8452949386775206
10813078,0.7489408308888628
10817600,0.19204054300568787
10850327,0.8174999172572257
10855545,0.7489437315321283
10858504,0.7647679877910504
7885558,0.1368356261488224
7888863,0.9529198102991809
7900450,0.04819575059499698
7900695,0.256434032957848
7900727,0.17810529079062334
7902719,0.10093128830882266
7916058,0.055850431792178995
7917068,0.8362626852960529
8742270,0.23039456624029772
8745553,0.7208370098803333
8747222,0.05371979349601219
8747910,0.7031904040902535
8766285,0.037402662349425915
8807988,0.9837644132036809
8812360,0.2537243518808841
8814872,0.9844756817697552
9579072,0.19180833207421227
9579606,0.741521173775621
9591728,0.024616610412780328
9594184,0.14702401745481822
9594992,0.11358697783840188
9596820,0.9053103880913917
9598315,0.21250740767110465
9602595,0.22860022889892886
10601163,0.9887721238106484
10616317,0.20287899389962782
10616656,0.152595018627569
10618044,0.7062516201622301
10656842,0.9492183752943821
10658177,0.7356815248294092
10661679,0.1305084593981579
10663976,0.7820940773037361
7935997,0.18997284369692868
7938499,0.22724027356404106
7941635,0.15118234410880935
7948619,0.1318683095977023
7950158,0.716594354881916
7967210,0.18581474095754857
7970194,0.1902091125073494
7978202,0.7475411420177036
8823893,0.206153676094446
8836224,0.15951145868512642
8841297,0.964812469455389
8868481,0.9145382080236892
8888745,0.9252283063537903
8890417,0.9599358510424086
8891684,0.7213594942099486
8904714,0.2732319329189528
9645188,0.14935397340811446
9659022,0.7477416885143477
9662475,0.04126893058474869
9674789,0.8879619406851742
9705620,0.06494998141083973
9715631,0.9597753241538923
9723746,0.7617190204459852
9724993,0.29724570126623573
10677763,0.15088161122857896
10678912,0.900410379800604
10685764,0.9641379815618132
10724569,0.2896856665263033
10734441,0.14575256676499315
10737437,0.7573862261009828
10747162,0.9106381846047491
10777591,0.8846618662533169
7979297,0.7105623070408226
7982917,0.03623090293826656
8005002,0.7678862604717676
8007174,0.7299772584042971
8009811,0.9081377460260596
8016211,0.041647535949726075
8016650,0.9419657379916513
8025718,0.013848062138316845
8915379,0.8738918707989941
8935352,0.28781344763354183
8937555,0.7368781246200311
8939211,0.14571286199439412
8939650,0.20844842001572594
8946267,0.967223932415507
8949512,0.04887685529973701
8955741,0.29917487362550815
9758615,0.19588115522128532
9771920,0.16130007434458885
9775475,0.22014439417197473
9776907,0.9201619234721101
9780149,0.17046148938683048
9786017,0.1907182583086294
9832379,0.9610677193579523
9837659,0.13193412756278633
10865043,0.822388708715293
10878117,0.9193166106000075
10879247,0.23081105417349845
10879899,0.9271686922587725
10905641,0.035037347543850295
10920086,0.10202764092255417
10933306,0.8765401883806477
10958972,0.24744408850364308
8029848,0.2813500943870277
8035322,0.12196256260122473
8036863,0.06744058876034742
8037038,0.957624190084966
8040308,0.793425661213576
8040457,0.772098590459748
8043968,0.1653155847429757
8044083,0.9457197941836334
8959240,0.7910207463463529
8971044,0.7371266487928786
8975776,0.15251515537964486
8979500,0.20604555736148475
9003126,0.21900282395326134
9008125,0.0769491329774903
9011877,0.8585989439312661
9838414,0.29758162911694386
9838582,0.7674844727343973
9839030,0.8949169496612625
9845362,0.15110615857848153
9845931,0.13861609024159036
9847239,0.01067640376190406
9848760,0.09486891344062905
9850843,0.11911262447223507
7018210,0.8232948512135836
7019580,0.1938503315296559
7022603,0.09768464398424238
7024045,0.03290257841494007
7035812,0.06675386470228381
7038988,0.17511377837969255
7041972,0.07482828290981532
7047299,0.06257303013359192
8075618,0.0385827365863174
8076215,0.8130196158962296
8094942,0.90656659548443
8099517,0.7740567743260178
8105398,0.7491083833037749
8105719,0.7250485390214646
8106139,0.17166360156503102
8108437,0.2230261872171802
9012244,0.8282239252721504
9016592,0.2688050686156284
9018021,0.732243662949696
9024568,0.23162221894947416
9026007,0.9388297998033505
9026248,0.9231999267923758
9044060,0.8427183607557803
9047416,0.965899521148709
9851638,0.7023015804379784
9875101,0.0753892488155926
9881660,0.8288260087721551
9896438,0.010799048126893253
9899514,0.044881864691753696
9899607,0.13612181243183372
9908486,0.09949889498512955
9910043,0.7486577946541827
7101726,0.7986382567015509
7107567,0.0734510818904132
7109680,0.1319038176850934
7115671,0.13295118831300137
7123580,0.046305999381791876
7123614,0.18606859768163986
7125794,0.8913170667333308
7130612,0.7075744940699936
8125917,0.7192690110683028
8129333,0.7540955102345761
8155368,0.24366187244359586
8158429,0.8648102669234755
8179747,0.26972515676251446
8192427,0.1353856168668469
8197176,0.9121939525673111
8197406,0.8318361409576704
9049550,0.2690415601136384
9049697,0.12980071418630076
9073549,0.7273567485800623
9079671,0.7475048506577868
9079767,0.7434597811845257
9087071,0.2608702871862289
9087853,0.9432452985499756
9097470,0.7419585676511244
9911112,0.10738817320158497
9933600,0.22604955132088198
9934274,0.07137832188730675
9935983,0.7043054567176912
9941136,0.8660781744195003
9941387,0.21021927575766258
9941550,0.25747692007518386
9942658,0.8805122188668584
7132462,0.9874650130197178
7138841,0.10813164347368961
7174911,0.03658219617523996
7176424,0.2291472958045977
7184556,0.1004789378516048
7186436,0.8054655772364466
7189825,0.18133658904272715
7191523,0.7591508901100953
8223445,0.7080952942905898
8223655,0.04771192473658774
8229361,0.1233750083501946
8234889,0.08285758009568026
8241258,0.21407398443897468
8241736,0.25845631376080913
8242350,0.27092748051866233
8244947,0.222013571879467
9101279,0.2661908975027278
9108058,0.26688085187795685
9114614,0.9413854072868284
9116075,0.16480982841122901
9116510,0.9309537883614298
9117123,0.27087974271962617
9118858,0.24188596471254645
9137257,0.22793161741612647
9953491,0.9710625161310693
9954225,0.21173646980214256
9957659,0.16072150902545163
9957668,0.1790483191462893
9962595,0.8888680700537253
9967398,0.18587036996522646
9968924,0.9654342469855833
9993683,0.7494897804385732
7192680,0.09769510512490595
7198587,0.9157622940577349
7203858,0.061251674471876696
7204233,0.9674156349617892
7205717,0.8507752532394153
7206422,0.7154824586142403
7207081,0.06595343357197413
7213311,0.7176058101612878
8255058,0.249278457269705
8265239,0.057085779069574856
8279146,0.835272026120721
8288404,0.1974253571070734
8294683,0.7014843088547421
8295087,0.8803225890248746
8300828,0.1762599874548948
8307489,0.8703304048911641
9141355,0.8933633711314868
9142225,0.07782897096876464
9142334,0.22234261648161144
9147012,0.7727743653512763
9147029,0.8557423893410894
9153246,0.040733001967401046
9157030,0.8860549623626247
9157523,0.9442647000819235
9994381,0.8839389223249238
10002266,0.27098670755610477
10004515,0.2397612732074962
10004772,0.18329542341104538
10006096,0.08638923620779032
10007492,0.1761377542418674
10007916,0.9249964631747969
10018364,0.24280759911657093
7255910,0.14789842817023602
7256460,0.09620547223530002
7258902,0.249206849344922
7282470,0.7487866941244293
7289139,0.9420470160076342
7345136,0.07765009483333615
7352727,0.02552955559500583
7375100,0.06858622211687809
8308639,0.14688657982848416
8313697,0.1449631868329375
8351919,0.12091715739447248
8352009,0.9219062164049456
8352016,0.0691915837045586
8364969,0.21752015107420178
8378278,0.8540514811687874
8380743,0.19289719372143876
9159461,0.027110435093345618
9164003,0.031723205707295025
9166700,0.892418508045081
9173014,0.798918436938969
9178502,0.15287706695454772
9178894,0.9000483255913788
9180282,0.16337074877103677
9181402,0.08354722760226571
10023469,0.2626335878880324
10027861,0.7775603597657326
10064591,0.7726619126272967
10074700,0.19921640591851478
10083325,0.7247042550437819
10090854,0.8168982153175022
10096697,0.024416407580108532
10098540,0.7988766741021291
7377343,0.7406310541820635
7383840,0.8988477242494755
7386200,0.25375528364005673
7416016,0.8705921690785466
7416306,0.7772639706284801
7416646,0.9714692056141523
7440715,0.79954241239478
7456380,0.1909672062387287
8395870,0.7311146297809588
8396288,0.7940770567702307
8414914,0.011561838458423516
8415353,0.7797461651657177
8429817,0.8196687786232077
8432034,0.1583237755893253
8432249,0.9068135650413645
8439618,0.7701879523431474
9209981,0.9720394612929727
9210738,0.8435322586381861
9214176,0.7340793055848088
9216231,0.07918626136872595
9217583,0.8710579177889335
9220614,0.9705565092418081
9224514,0.9769072261574833
9229807,0.878373989247123
10130646,0.16605714679768607
10132552,0.03619051455641273
10132908,0.03531696763399651
10141271,0.16045122737800777
10146103,0.843106270230684
10158715,0.05225647039265451
10161534,0.051809208725428
7458433,0.0725589030466832
7458743,0.9706558226767121
7468295,0.2165021853387277
7516073,0.09151125377958107
7538450,0.29249593085205783
7539174,0.03940538747597704
7539277,0.7994531226796694
7550875,0.16006529312998666
8442463,0.16986846790218368
8474892,0.18750688145481384
8480642,0.033617741942039356
8482513,0.15272933916360606
8487777,0.11853033890240987
8495232,0.2679152550824169
8499922,0.18404713762147648
8505674,0.15643764469641022
11444772,0.7142647400069825
11444974,0.9896917389557724
11446961,0.8408438372223961
11453930,0.8496519235342064
11456256,0.9444874425366716
11457664,0.7581072646422276
11465658,0.7673964787286548
11465869,0.10402369022386274
11493378,0.9263425198570996
11506938,0.1503362474150126
11513366,0.843649046272016
11513441,0.25317094645142285
11520114,0.9809283225164751
11520465,0.8609312930754157
11559493,0.9675508918567834
11598638,0.8409971131575594
11598894,0.9699235243982651
11599800,0.07851441600153718
11599937,0.7440593069457095
11600299,0.9888509709617095
11601425,0.8579706623401606
11601633,0.7191429929819839
11601972,0.8123683827100224
11603298,0.02336909136162843
11614808,0.794968311675188
11615258,0.7451651193472577
11615521,0.9492031996273168
11616434,0.7207952123069664
11651240,0.9484558478068252
11652427,0.9561991251215
11654039,0.21283969010664883
11674709,0.9514257610954681
11716643,0.7433230794742869
11722217,0.8597452501416638
11773174,0.7973306082396817
11803074,0.8393471457799788
11807906,0.8105593753713258
11811382,0.8383793311308521
11818566,0.7895644648259676
11819396,0.7115574685737341
11824578,0.7713235782808346
11860294,0.8107203269121085
11868941,0.8324926118123781
11905398,0.9485035632558547
11910670,0.7696382924673105
11911929,0.841931053586852
11923213,0.7691262459273729
11924426,0.25729156677561776
11959893,0.8215615051626585
11966643,0.9571925612201291
11968514,0.07505686285113933
12007270,0.8465922096237587
12009917,0.902468732357375
12020376,0.9872777569490154
12066767,0.8636291203738351
12071775,0.8343202109900069
12102775,0.7436411105547995
12105086,0.7932466923740547
12110901,0.9772842926747511
12121701,0.8226743967540295
12156805,0.21753539633225716
12165063,0.21232763027064944
12168895,0.9195788151442661
12170767,0.8955375249188842
12253490,0.9407365344427782
12257851,0.17120264829596463
12265150,0.16424394628989517
12300524,0.773252524049542
12349560,0.913514189944074
12350136,0.782583679633651
10964747,0.10198841739598802
10967168,0.7207055392344538
10977671,0.7442623915654398
10978581,0.7073818967975758
10979952,0.7971454010981052
10989620,0.8397218382179518
10991389,0.8283044382804852
12401859,0.7891994303285786
12402588,0.7297652031016271
12405436,0.08771467487094026
12417572,0.20888412967586836
12418418,0.9593964331336198
12505590,0.8133984706855114
12506986,0.7360150097148301
10991431,0.7449072817431197
11021266,0.8836681067514032
11021676,0.7278570501936042
11026582,0.7455621995967227
11036168,0.7348004220440331
11037818,0.7180859932101754
11046723,0.9820743648438844
11046870,0.14696488640287922
12554212,0.783354507967639
12645262,0.2935154652618054
12645761,0.14113318459329002
12690465,0.7758574534704322
12734110,0.9709207697416666
12735793,0.9040501426325767
12736658,0.04931990125809291
12835139,0.28401278669146157
11069681,0.8294361172091088
11072982,0.8677155470969948
11073238,0.23130973758784165
11076176,0.2573020924515429
11080702,0.7721559036430927
11082795,0.9328644251247278
11090561,0.10216518946594126
11090926,0.7036339840588826
11097752,0.8018153336171172
11098704,0.9268737239370097
11100170,0.9888818997369924
11129145,0.975322622871921
11145391,0.8396110665994583
11145637,0.7717170615913926
11147785,0.9183144003079132
11152511,0.7332544146706338
11176166,0.9736813426719104
11182213,0.7562268714234903
11183752,0.8847838720428101
11191364,0.8944186586135898
11198419,0.7392908265718567
11199233,0.29609913457427933
11251991,0.9296738803827767
11298442,0.8433515145367528
11305417,0.8251028947659327
11338918,0.2713417350243447
11340218,0.7717196840370945
11341266,0.8692932776846096
11341314,0.2592902343505922
11348610,0.8355436861335529
11351454,0.8530766760935304
11355925,0.8220334850095906
11391512,0.9574838602553735
11393248,0.7168938683985542
11393633,0.7287730223326416
11401845,0.10928625872344042
11407847,0.7621042527583959
11414368,0.7852602084935684
8355178,0.7931631650567581
8374077,0.717427381555208
8494783,0.8333960624985866
8494783,0.9339292146309961
8517303,0.2553704084268076
8590149,0.7630190521447376
10055126,0.8057898354372939
8590149,0.7821301981810469
3559935,0.8426303364933321
9285265,0.9024540140277086
3559860,0.9615602665424616
5384713,0.7359587528022341
6364582,0.7223475861349774
6525209,0.18533370589265047
6368175,0.9685548343315322
5471158,0.7525460128461979
10407086,0.815001004360099
9947653,0.8842935855755574
6527078,0.7152779910747065
12416597,0.7479711692036661
2309587,0.15072474481756973
2445134,0.20487861866941318
3241344,0.07796051437178667
3347485,0.0960104233223958
2019477,0.7516881309484057
2161623,0.2871462664544556
2707097,0.18757744230667864
2719873,0.07060112879304256
8158127,0.706140814373151
2852810,0.7224483772554886
2852810,0.9641392548977386
2852810,0.807254426105419
8590780,0.1711322575738659
8613338,0.04084288867505818
8646141,0.03467586074914693
8653134,0.8540923044622084
8702921,0.19708552267961676
8822421,0.9043038492907476
8957954,0.2690574281428757
8984706,0.06577178902933033
4247807,0.15777915228546227
4472818,0.8567069188945483
8030339,0.7125127159422721
8037145,0.7413933927065677
5471059,0.10080710392678333
5471675,0.12313209792667457
8934103,0.7716617590468421
9551430,0.8078044419943753
3530668,0.28886069879147924
3532985,0.9335181249309961
10718726,0.8687685932582228
3831911,0.16970957314221147
3852258,0.016960410130098406
3858919,0.14672612315627956
3869326,0.09137060357144944
3971315,0.14334553731044425
2852810,0.8856852629711158
2997455,0.06855038708572755
3003991,0.12526905293347618
3003991,0.040862560513351895
3229028,0.1597950631226214
3229028,0.9799450435774988
3230787,0.2998325279839138
5956656,0.7209240473785328
9093086,0.9506311458978831
9015738,0.8607690239926633
7954278,0.9734846282821874
9093086,0.8688240663487938
9101400,0.22335743913308445
9119652,0.14575359188174694
9145861,0.9334347541911772
9145861,0.06600237344107297
9153823,0.7078440336314723
7100673,0.8415829071783619
7100673,0.9537074139203506
10089911,0.9097675398584281
4150496,0.07682238756389469
3747817,0.7403348316138588
6129694,0.061823049763581626
8162789,0.7896779198713041
9899315,0.24454593032804928
4037428,0.262968552936274
4049124,0.2617009751306678
4275328,0.19362367618342738
4753561,0.032889087977110654
4912991,0.23769673154267476
5613330,0.7500928891043941
5036966,0.12615575387517305
5254230,0.2823841694465623
3545840,0.9364923375475646
3634051,0.8055550225663084
7967517,0.20719747809803785
3634051,0.7672236425301319
3761319,0.28834679970119464
3761319,0.015815214170013858
3762553,0.019046099469847602
3965879,0.0168865195718845
4035675,0.28332848038182035
9282687,0.03791833299777655
9289960,0.17618494409623983
9291629,0.09816408504373801
9304842,0.03189018072781997
6975129,0.7660996421240198
9304923,0.1346537966741627
9343862,0.058666194372458375
9389245,0.7366143111224037
9828127,0.8296697028896668
5177859,0.9491916322112027
11081504,0.8711920633428643
5385410,0.25925087462373325
3645438,0.7765277785745983
8110757,0.939414719545661
3645438,0.8423519595699318
8278685,0.7973683766400972
5511659,0.9509222418356347
5385139,0.14043499740013476
5385150,0.29389370304438706
5385269,0.24490532087458824
8210370,0.29229859518690804
5385509,0.19476156408821765
5385566,0.05016191615255316
5385773,0.15628969914221796
5386163,0.16957095372293893
5470960,0.2517726972926554
4139254,0.8296191465524172
4144236,0.21405372492552918
10141900,0.9002468996315462
4144236,0.26628663081855397
4150701,0.1640841336575758
4255944,0.8058539469364859
4285087,0.024786401006404828
4346875,0.2510388395171735
9394605,0.2455446394917722
9471755,0.10168709840732987
9479460,0.18730839086278442
9549472,0.25517402750756113
9576197,0.28506811684975153
8110758,0.1406950179127256
9579860,0.2898023159333458
9655711,0.8585840987325536
5856571,0.7538092689504837
8222395,0.968233948416408
5796186,0.21715741342775335
5471068,0.2246088674195384
5471192,0.2017205806292689
5471217,0.2479573711787261
5471769,0.10321984326153567
5471770,0.06315005186019983
5556804,0.2728179833824284
5597970,0.14573562895413625
4459068,0.27543031950123953
8107150,0.895213734437651
4464394,0.8297521461884106
4547480,0.23319068517412725
4739229,0.8491195460675832
4739229,0.967297850092187
8620565,0.8552504907151132
4740676,0.16675801744310903
4742420,0.829891289665947
9655711,0.7108846750055147
9727765,0.8438601882184442
9767392,0.09760168055917372
9774400,0.0836406921434703
9839081,0.06020905693289984
9974142,0.16096867286303074
9974142,0.9644056565517016
10163066,0.17391987918086296
9008103,0.8287061151118517
8780959,0.9059891974332956
8780959,0.8201076349885419
7429287,0.10157533656137074
11296045,0.9693655021300445
6592335,0.24593535953817602
5951416,0.10317910264197754
5769810,0.7480268026624782
5643492,0.241717393259501
5795648,0.11269515848552457
5961350,0.2688875880730539
10340423,0.1867595608694756
5979863,0.03717558228608944
6117415,0.24378315762241443
6128027,0.29256217491371467
6146418,0.2889413590503922
4742420,0.872952042986138
4826439,0.23137700344155138
4933476,0.022001023283545307
4990977,0.08990253416016206
5034333,0.09626179349077252
5039441,0.2814013621352544
8231299,0.2524174098952945
5121173,0.07421631962883077
5306984,0.7816270175611472
10198662,0.9785626174362696
10198662,0.9764770542621889
4157325,0.8249353001214025
10200627,0.912564555807775
10219361,0.030624063059981783
10228942,0.06340795536429797
10341878,0.25415618524101424
10357831,0.1134708971180188
8332521,0.8442603773286419
6150977,0.1516186790287397
6182019,0.13414982754049476
6191945,0.13547973578713673
6209347,0.017457226081388274
6268722,0.05077082448363157
6301030,0.18916536713693546
10480982,0.0408498350394277
6606934,0.17354587588096027
8242769,0.9077926588406576
10964440,0.7578272652626108
5385548,0.2927894644855648
5385778,0.28358714151320336
5428657,0.7287260614283586
5471617,0.15585011378778849
5471617,0.1428670938231752
5629353,0.9230248339878137
5629353,0.7626605323445812
10363233,0.059291120711861454
10385682,0.2134345469768808
10414727,0.8309227095180037
10414727,0.0904007890376145
10483644,0.1633786615208998
4736569,0.9577894961423294
10601549,0.19669984038830593
10614158,0.14141358479415
8505215,0.029337453283527846
10662202,0.7231379996990569
9008103,0.9433527168071458
6614926,0.11630117989871916
6628237,0.2666756915151867
6694186,0.21391563048005424
6934587,0.08238475266809181
7219906,0.12571138046476465
7257373,0.02693362645689669
7295570,0.10659585465592786
7362852,0.059924550736339316
5629353,0.9212921033947478
5641294,0.258001433825915
5738698,0.011431776321776523
4078157,0.8522173380118216
5768927,0.1881496474955799
5814635,0.2581331098092771
5816144,0.7158478587349608
5816144,0.21379734264307768
10717220,0.7818518415300092
10728219,0.060554383695454565
10735988,0.22828967271550896
8112324,0.10146021509623038
10971944,0.1754341807917247
10973583,0.04652216285292702
10989274,0.9028605409294232
11099351,0.20072340329325888
11147460,0.11398897167795069
10662202,0.22832593304940163
11607193,0.19657800609816525
10743597,0.0412371264577665
4247991,0.8667124954074045
11968463,0.7439503674747513
11968463,0.848840259432635
11074835,0.9018541305234529
8042747,0.2511898813308837
9008737,0.06369827492907996
7373877,0.09279844818317383
5792202,0.8067264024459325
7436177,0.02703876509057585
7537945,0.16397842303027638
7624297,0.22065746879977868
8109692,0.025480119697115524
7695093,0.1941851773414589
7749318,0.045883957549208085
7777397,0.2656866687239257
5817566,0.18316460911366003
5952403,0.1482921132952468
6032730,0.7138383895289608
6116172,0.7585444199632541
6116172,0.9802158264158394
6116172,0.731710406699146
4150539,0.028542892437347117
6182093,0.266846134342606
9839821,0.7837654084170881
11252617,0.24214999996176095
8245108,0.24145230997846168
11252617,0.23534946097597964
11296437,0.2977528593715899
11296437,0.9694839673398072
11341164,0.7386975699696556
11462969,0.922634822116697
11462969,0.9289042443214248
7830321,0.046265011272960524
7841986,0.29951265146881745
7877820,0.25104581930996234
7914906,0.20429914676878158
5792202,0.7816280413297446
8019043,0.17048685880089604
8023317,0.0876814601955883
8126531,0.017298337838386153
8121067,0.26831774050973894
6197038,0.17318098864826426
6221385,0.7198297460656466
6221385,0.8570589015830353
6221385,0.9745300370194735
6362386,0.107272407100146
8260269,0.07197580148736785
6449358,0.17455469440365032
6593968,0.29101628237712884
6674908,0.041031055186309215
11516930,0.24974827669258415
11558882,0.26897730308176604
11656928,0.7558867703166037
11566064,0.972156012742718
8042835,0.19408501772518025
2853780,0.06607681755576553
11656928,0.8282804023893418
11656928,0.9815187173530495
11673686,0.11624641116804169
8153568,0.13715015913006096
8167938,0.27512329801677865
8167978,0.22418791094968393
8168581,0.2501335589002088
8230809,0.09176800036968405
8364115,0.07222103628538284
8458207,0.1167233521735088
7825899,0.7931842770467162
6946681,0.9318474335568889
4150624,0.26043700573158013
6946708,0.780324806615502
6967278,0.12510905572467457
7108433,0.11866774019114933
7119080,0.11752232996437421
7129465,0.025858280370872677
7174617,0.2581782690275852
11724210,0.10071043782370148
11775507,0.7687566265867094
11775507,0.886417434365419
11856178,0.8994171928075555
11867071,0.27375793832070655
11975363,0.0725016432037086
12207117,0.21317032427036256
6768394,0.7652083677055173
8580438,0.019916524320668122
8581232,0.2810892193675251
8655458,0.23733445080678744
8695779,0.25886963740794877
8953059,0.08065531056541152
9048145,0.1521170595970972
9214712,0.1562696629328497
9214715,0.0969938615045235
7190639,0.043793972353936686
7198881,0.14726025433041348
7198881,0.22823050453421695
7422883,0.030352461752735573
10545066,0.9239464762800851
7663405,0.7582292901920079
7464205,0.241225692873751
7622059,0.22441042867727617
12367464,0.1551356024199733
12470041,0.08493070699870986
11358389,0.9756308381430889
5706595,0.861385723235804
12885212,0.9158594234121211
8179286,0.032048095967499225
3548044,0.9686686739479506
2581191,0.026266435034736774
8168187,0.9153931738451335
9221398,0.14864182146554247
9411317,0.08943172277300897
9605514,0.7599439895194247
9418619,0.9813834167680178
9532123,0.07505475010675051
9549471,0.022230391118662846
9649222,0.08738415728203885
9664215,0.1520722786652693
7750740,0.2933727660030707
7779942,0.17877906048960326
7835312,0.814152388232959
7835312,0.09719742080801375
7838906,0.16758967066670602
7908367,0.8238746923728039
7908367,0.9841708643867626
7940533,0.2072531799034749
4142847,0.8503924590137772
9221517,0.9461978353149825
11623629,0.9685853464653222
10730703,0.912351654318313
4665571,0.8195606314502185
6364215,0.0714819695986462
7047363,0.24219804504567666
7289317,0.7115962505225518
9714358,0.21792855628520194
9851123,0.049757106221991546
9966115,0.14176752441993262
10026458,0.07550645912644624
10139305,0.1728704514087356
7375348,0.7890936246350759
1432789,0.729749761932779
10288922,0.09263345729465802
12266636,0.7121039449552486
7974634,0.9520233601184168
8182107,0.9268829150964113
7974634,0.8618480174118767
7974634,0.13364103042055978
8043882,0.09909235624339223
8058507,0.15152551424492508
8095099,0.10309075741945992
8163784,0.7857212610824197
2305866,0.7611954266736797
12206313,0.7412697200414038
5184911,0.871453913409687
6436029,0.7353960324871031
7767162,0.8476741422892212
9478990,0.9063058140221225
10793172,0.9125246129021852
10122538,0.9465817401022958
10659313,0.191106240894828
10710755,0.21917546968882345
10727668,0.17095268038124914
10735519,0.2056425947476868
8197767,0.07236668381497476
10935310,0.07430079540911864
11021252,0.21117800421652397
11404644,0.9675588392091319
11408935,0.040083417724884544
8165617,0.8983855339568949
8181016,0.060381544037001605
8197761,0.06105225768431392
4840513,0.28622058221246244
8223568,0.9101949856545051
8223568,0.8014142082158079
8265156,0.2613106542517256
8355178,0.7766022676707253
10122538,0.7075970761484617
4770174,0.9385377078849058
9838804,0.9423350494595473
9020114,0.8374863007662001
6609270,0.01942181183509402
7983117,0.7547003994608811
11125797,0.9157969811213712
9966219,0.9418758525855728
11974540,0.9110289108261669
7219825,0.8782455966683763
9958962,0.8282953568796249
11519226,0.16571719856144287
1718189,0.7914048954069944
11756821,0.25696456190707495
11769146,0.283674844566368
11812199,0.18185426995406023
8263187,0.7886556845271413
11826400,0.08447168062757113
12010534,0.11978542086423846
2019477,0.8346738221318479
7116117,0.04336879421152362
7868092,0.0491913492062468
3337061,0.010736102029905104
9826171,0.108369355817671
3936658,0.04684400110824732
4577484,0.2678873585548613
4735826,0.8450417510259728
5005618,0.2820372620031891
4663658,0.037746810221384784
10467815,0.18189446027890235
10847721,0.021695782781490026
10118942,0.2462482906652046
9471539,0.12347794186510666
5482603,0.221593501707213
2305819,0.2471306413338349
9518710,0.9510867782710437
10284575,0.111884476084853
3342952,0.22778768447367492
10338624,0.04069465670086459
5307990,0.029488974739677383
2142501,0.21544864455547388
2713018,0.14321055329193222
8413968,0.246354597743462
9008103,0.05417010157676642
4376629,0.2491630458051651
3958301,0.22852319138466098
8211605,0.27610909975760384
11098573,0.09050281758045907
7289338,0.8633354808321791
9837586,0.2133978220606911
6021655,0.10355014467868051
8308682,0.011036478636185194
11442793,0.8832767791812705
3344427,0.19090627167182372
6205481,0.025572223624297813
4474637,0.12996609650783814
8435232,0.0808868127673938
6462874,0.18077863342601622
8218379,0.9428438594171148
11450414,0.835031669898526
5217733,0.2817940896061769
4150611,0.29494322748164864
4150611,0.07052918520906803
5706592,0.761303718450586
5716244,0.19037548880276453
5725851,0.19420732978567004
5731312,0.1548037273249618
5735878,0.06301580721110207
5736461,0.1846487839039016
5737869,0.25071491129916457
5771589,0.1035817255218326
8364232,0.9248126788735822
6670742,0.907902383803545
6672229,0.05085364832332368
6676725,0.25569984373493815
6695622,0.2807630147341218
6695889,0.16692791548594918
6697716,0.019508769684976224
6697976,0.7232518484196558
6698670,0.22527628892133672
7541746,0.08224370151644753
7584778,0.27697832149006474
7588436,0.2714065662836601
7592529,0.7835917584333206
7592922,0.7220595985346744
7597703,0.2549602950607959
7602351,0.7444561944459075
7605600,0.2009918858943045
8312222,0.10637132712511878
8314801,0.03322668911147075
8316503,0.07682971888946882
8330575,0.08160957299970263
8345358,0.26193113680063435
8358008,0.2705901323986033
8362974,0.9426671082184908
8364119,0.044575830478120596
9278021,0.2981161739216444
9284741,0.17494748710095115
9286728,0.21025464024498144
9291368,0.14126663160783284
9291368,0.1228391267024381
9291748,0.28867418770239883
9301564,0.7522171679836125
9304561,0.22806292866707842
9328852,0.03621642671688453
10089123,0.9454043480774551
10091257,0.18296764093345136
10093664,0.2419522916908469
10095512,0.09035549024094468
10098534,0.09434655173848824
10129482,0.07795625762432075
10155080,0.11957074062963942
10156064,0.20653214110541118
8555967,0.8617943406930527
11198723,0.22162245018741275
11199725,0.1407301860610149
11200773,0.11958664253269245
11228612,0.14666496383652083
11232745,0.2727149078020534
11233911,0.1559176312971769
11234677,0.15492346884547728
11235323,0.02413760705129392
3765917,0.7074408136950849
3547760,0.7683105122437414
8652360,0.053120481723431534
5476671,0.16552374080737958
11290515,0.9201654903669909
4919550,0.2696190297895378
8216763,0.9379751890220618
6767227,0.9373087176739819
8094120,0.272088443762666
3854496,0.746524388108775
3858757,0.29811829104753906
3858767,0.2913453231254605
3858884,0.1753152867280664
3936061,0.7589854929491322
3938073,0.11307226840512412
3972391,0.05531798134794843
3972432,0.7275917771560091
3973002,0.25056487803879063
5025217,0.08320898871133424
5025234,0.02502848682249715
5025294,0.16421593897422615
5026187,0.29109272864049707
5031804,0.06857271029215364
5031882,0.164471992132432
5036516,0.02959565021839962
5036530,0.016865689645753648
5781192,0.2134009290644116
5802285,0.24307522748817548
5802470,0.11985373133892283
5807579,0.1517356449779053
5809372,0.2123524033328229
5860347,0.7753199717659599
5871918,0.17743462075422867
5894825,0.18483251291818234
8374394,0.2759982655165148
6706287,0.08490695867170177
6715997,0.8785229366574937
6763884,0.9865333028310437
6766748,0.017034855120062364
6768616,0.841780604305814
6774408,0.07361374594567756
6778289,0.2624208370324466
6781047,0.10005159879117607
6781535,0.1622760448922161
8440062,0.13956731627737376
7622072,0.24480299554893367
7630658,0.24026783249196906
7631194,0.01577576414583961
7662209,0.02805578833288231
7663804,0.2847055193374776
7668648,0.23944497581042531
7670485,0.08260334078565809
7670617,0.249988429628993
8367298,0.17143881680798354
8374499,0.1818929233731874
8378656,0.1827830394381192
8378922,0.2499933324543426
8379547,0.15220822026852526
8381592,0.2707598394508091
8382339,0.15265338903620257
8394475,0.9354531292754051
8398290,0.13605066107855954
9328864,0.10672730538879069
9334490,0.19402832313939
9340411,0.7369977786907493
9344623,0.25825586436878145
9353182,0.2901418005572226
9357275,0.14680592670884954
9357375,0.2087850226432735
9392702,0.1864591229268544
9394920,0.17740086516122647
8524110,0.29088300806691475
10163067,0.8167929355279521
10164018,0.06231276822117082
10189523,0.10376244857977467
10198109,0.2083231594082298
10208759,0.2080134257342058
10214328,0.2848006109773582
10215422,0.28091476985857833
10257903,0.23237345768822465
10258558,0.2953977885633444
11240948,0.05207848242649771
11241560,0.9131209781090558
11244571,0.9478870083282543
11250867,0.2333673224672866
11251058,0.023137135817173634
11282568,0.9679347617328102
11285625,0.10151366395167657
11286311,0.7839644851431727
4732015,0.18037289599812817
8043638,0.9340948895706495
11176166,0.7882730929445178
9214712,0.28931232459549083
9214715,0.2145742597692011
7838906,0.1408826922099167
1026032,0.2794948002120297
1293379,0.8820876126596806
3973504,0.24504381451995533
4042088,0.1057745562395014
4055092,0.265507797928074
4067549,0.037980859808846724
4069063,0.06705916129507951
4069213,0.23640051862069428
4075064,0.23252015592940342
4076061,0.9191489028455913
4076952,0.2028683390071599
5036530,0.24414485672599961
5036538,0.2426582194958735
5038469,0.187056973952157
5039687,0.1680958290044375
5042785,0.046279097748487596
5078879,0.10604853458167723
5080346,0.13300553744886925
5080652,0.09408572328457064
5894972,0.04854768092933895
5951140,0.7186592053885835
5952309,0.15551221606122873
5952457,0.25167189320863104
5962514,0.14484718295942942
5962716,0.0992140920732973
5966732,0.8503628061231442
5977541,0.13376062977124423
5977804,0.19321384053560198
6792124,0.24408743439222047
6804648,0.2837252432378436
6806632,0.06353484785844532
6841577,0.27873557135593063
6842345,0.8040059181570485
6852488,0.0213073793523144
6853172,0.7819391607675796
6859546,0.8101755912977258
8460634,0.058856516762904626
7671594,0.11466396090782624
7677005,0.09206968981128495
7687365,0.7739022301263484
7691527,0.07994434236469092
7695445,0.1936426701075901
7700500,0.7476501337588226
7700578,0.28955289434773096
7707736,0.24625692621434786
7733540,0.14780492151379862
8411947,0.17334291346227582
8414159,0.07564251400413526
8414216,0.06776097752522815
8415863,0.19633004148194347
8423903,0.03385260680201486
8429450,0.07963731803301764
8442795,0.7771234358012629
8443812,0.8098887601402227
8445775,0.2666659671752528
9397900,0.9888658598804112
9411943,0.15124131956089593
9412462,0.14404860923031051
9418994,0.2955132471519682
9451096,0.14353717537254937
9458266,0.7063179506028122
9466042,0.0718097963400265
9468296,0.0628662224843623
10264202,0.11749838058897093
10264293,0.7079367550077881
10268809,0.10373517467545547
10274244,0.030955113914119835
10275887,0.20206983206011772
10290021,0.9879951341139519
10290447,0.26811820072827863
10292465,0.20030685082024377
10294608,0.19222302497587912
11287726,0.10117845272158696
11288492,0.9540052101312473
11288772,0.7358185997464594
11295085,0.18128795172764833
11296724,0.9830367210757172
11350389,0.19498728693046205
11356602,0.153980130794222
11358392,0.02570204092749278
1433531,0.09520407547197214
1717528,0.24286576453840086
1871483,0.8193649014810287
2012722,0.05456604604282329
2013883,0.03948164045858706
2161949,0.977198030757405
2161949,0.7605475535820329
2162994,0.16313104845841947
2167444,0.2787002471998906
4078693,0.278202324294372
4142768,0.20041207154681556
4149684,0.2734581600357072
4150703,0.24449129403947004
4157488,0.10899133723645386
4160669,0.06823807680066304
4171955,0.14448634028422178
4174507,0.09123465573399554
5083138,0.7207162402098308
5083252,0.03150262649789718
5087223,0.8319659955208057
5091075,0.2252980828530354
5091614,0.10303040570689062
5092799,0.7930879591333508
5092799,0.8558489750935048
5094301,0.2476860003959076
5983348,0.1176606835296494
5990753,0.22194118589091127
6019971,0.8145238705154489
6029130,0.25200861622385073
6035335,0.2834417611706999
6041511,0.047070673313738313
6042116,0.1065181868663864
6042663,0.19018552130385258
6044064,0.1661406518317425
6859813,0.06480075017116682
6863840,0.06289404341236082
6864569,0.05942001683793908
6864706,0.9049236496732779
6864859,0.17147959601481955
6867219,0.8269709157960219
6877673,0.2790375232630439
6877871,0.05787561085271599
6878408,0.8147967037427539
7741048,0.2626538489709995
7751562,0.17389315495883303
7755741,0.25297468285709207
7755741,0.7257855582943794
7769072,0.22364298623471776
7769815,0.11103766671737549
7777365,0.25204308351446075
7798259,0.1377594502747547
8453191,0.1793780285630579
8453324,0.2703804911526787
8479107,0.029299948347991586
8479386,0.23758133776154255
8488876,0.22112303977169703
8504570,0.1222767786662098
8509346,0.1832825689060957
8517433,0.06654455125054397
9474222,0.218584655294237
9474969,0.1788424352394707
9480398,0.8302986161888195
9490342,0.726710075324962
9509207,0.1406571044768961
9513168,0.8126791731633638
9520700,0.016592332404824394
9529294,0.09808991252836767
12116489,0.8079641852825594
10296163,0.043075279782183694
10330495,0.05952030318168358
10332789,0.09168576031155935
10340228,0.09739495766897781
10341787,0.24622995270687512
10342097,0.08729100342144033
10345862,0.12675294790617397
10346522,0.02751590796508236
10352603,0.21809759424733666
11359305,0.05945940599574162
11391181,0.03740813069909425
11401869,0.2959931627777889
11409698,0.028828376975595385
11411639,0.7700924423745015
11455795,0.1827071832611101
11457191,0.28674293715237126
11462556,0.15661237060157054
2283362,0.8623224367089961
2301068,0.8800386676209779
2305372,0.2718571843455757
2306740,0.28904008699548234
2308957,0.12351836517043702
2422820,0.9470306394866139
2437452,0.06534456858315378
2437804,0.21492176847729144
2438061,0.23725442077599643
4180396,0.2610096568188846
4245897,0.245228586085683
4252226,0.12815212517489014
4261960,0.12849753278395995
4269252,0.2539037172364743
4274071,0.7387909465736177
4281895,0.20642280577839894
4282390,0.7547762153822744
5095269,0.16275429357527732
5097278,0.2353974022497689
5098757,0.02168500319424524
5111801,0.2155224103793425
5112198,0.2979958033652822
5113809,0.053511565810826556
5115178,0.0714025413511331
5115379,0.09870916706749637
5115688,0.8233117929476017
6045093,0.9228639077223341
6046311,0.2671238090211705
6048106,0.21178250736993223
6048255,0.2028911758862363
6057750,0.8707978473662719
6060580,0.06824795033738398
6063448,0.13096767930357994
6066107,0.18020328614162176
8391983,0.838841999734236
6890618,0.24839007257135304
6925263,0.053547128238524325
6927629,0.14928293670137266
6929016,0.17262824082131625
6936977,0.13955617745736418
6939670,0.13445217205991197
6947623,0.7683969614876793
6947837,0.12310781003277817
6949550,0.11319055182136709
7811211,0.9574107874318488
7812893,0.8570429132737711
7816680,0.21459436345007868
7816935,0.8319169094287027
7838639,0.267643714192393
7846730,0.1573597788288372
7847927,0.12373465312930801
7868967,0.7570855505139296
8526387,0.06375198847782107
8543278,0.0895533030726665
8552500,0.11495114293396218
8552540,0.046841141632448485
8553788,0.13631690165590263
8553907,0.29480121903571216
8559796,0.2453443542503032
8559863,0.10822708830410464
8489260,0.8394228584483994
9529856,0.14238330421205697
9536048,0.011874096957652985
9540450,0.14164603882990037
9540675,0.15941209838594317
9541163,0.185311633929786
9541567,0.24360806316144765
9569866,0.1677099468824398
9579192,0.022112746728611764
8540376,0.9277520912558104
10363300,0.26850907475774516
10388451,0.9023110263226852
10396708,0.9077682295880675
10407047,0.2538492353767981
10407430,0.2844138621477068
10407464,0.18917488993793355
10417704,0.013354995723290882
10420279,0.27423631335140913
10422852,0.01879029026445194
11495989,0.7888466740587089
11499757,0.12273754477268367
11501774,0.2789209179492188
11502172,0.1227892242983076
11502179,0.10630316609938217
11506235,0.2071116264213948
11551652,0.7827110323166643
11560382,0.015280640081846899
11560431,0.11846826781912749
2438062,0.11639111091116763
2438517,0.11024438604066118
2442084,0.10090632474079965
2449245,0.9316528860537389
2450716,0.2987846899124009
2557350,0.7426700959934166
2557430,0.13346755217129053
2568971,0.16291007157977927
4284147,0.022471378298968205
4349935,0.14204221724443628
4352168,0.2465933795559747
4356621,0.07094451823590624
4357985,0.13141219347307778
4367544,0.22271927019271578
4372410,0.1426247038252115
4372620,0.8412119507824635
4372961,0.06782728931174845
5119143,0.1021828992337768
5125048,0.2878522677043839
5126627,0.19596470095608837
5130890,0.23999022929467195
5164794,0.023282932093045612
5171707,0.9496979785841436
5172274,0.04687571690605662
5174492,0.295549393886644
6068947,0.25843595757634935
6103049,0.23099880065986203
6109688,0.06973891100924835
6111011,0.8764986611317942
6128141,0.11234426500777774
6128245,0.9621153559373696
6131659,0.12574823693351692
6146838,0.03842122668736183
6950275,0.1277777618187914
6953219,0.21311421112830914
6956176,0.7726805525608169
6962018,0.20552150243730144
6965293,0.2809437668092602
6967430,0.239445149592736
7009828,0.09575883565444113
7025851,0.06359822183939914
7870250,0.059725993560688126
7871395,0.11334718931523151
7885518,0.038818315652228604
7885570,0.1138127641500569
7886329,0.13837300917775436
7902204,0.8846327673728692
7919653,0.17231295575513503
7938468,0.10235218470344326
8560861,0.19424429424295236
8565900,0.192168086520814
8566113,0.8082924875896343
8569819,0.24020918953712125
8574270,0.2560514888012029
8581658,0.17811217748468408
8590527,0.056913544084734265
8604993,0.1987088051566425
8608490,0.1074467894466124
9579789,0.020464210710765592
9581498,0.09975297085888156
9588862,0.780627883463206
9592855,0.20385263888087837
9596064,0.9079285763916193
9596187,0.03313960302485739
9596892,0.947935720774391
9597095,0.032114383380313305
10450504,0.7823355229340181
10454401,0.11928967444716711
10462826,0.10278863483640388
10464199,0.8978602510439505
10468514,0.10412979890691033
10471113,0.25213317519718437
10481054,0.04204543708514828
10486425,0.10005948743627081
11560447,0.033362949098832057
11601357,0.29825097578089116
11602794,0.7455655896638255
11615481,0.08554505739154528
11616200,0.20964918025748502
11616631,0.05467579275087922
11616663,0.26614823776823227
11618798,0.23858509713200032
2570505,0.11835161192012333
2570767,0.16810345753541103
2571075,0.028588433481444145
2576692,0.22639078491449513
2580872,0.2101009863400556
2583777,0.02658104652407483
2693092,0.03425674541873657
2708156,0.25683808859415946
2708172,0.08933917285112486
4375101,0.021784324230220066
4380283,0.09259673713475941
4384793,0.16136164596694724
4445630,0.026174175503901984
4446411,0.11630515315218637
4454219,0.1390768269179843
4456622,0.2503141560739062
4482738,0.2385206950767951
4484312,0.08546417657781057
5174920,0.06633783012990749
5181455,0.08882937052715696
5193386,0.1131315906370571
5193439,0.950707974858688
5196851,0.0879353906486843
5199978,0.12663882221458572
5211470,0.019887622774673222
5215508,0.9512476312902811
6147573,0.14098591064011787
6152521,0.10758759592688884
6185717,0.09039841666336139
6187508,0.927177633442197
6205460,0.09474709111162746
6206751,0.22445729249812965
6207053,0.25178643734991224
6209225,0.8660182179301131
6220470,0.1521907331974306
7031132,0.1169465509847992
7031732,0.14082189674108403
7031767,0.02247104110253991
7031948,0.29323970233707836
7031992,0.024919907437488675
7032117,0.14527182904299407
7032174,0.12980323220043535
7032383,0.022146301263904013
7939761,0.9041135332970732
7943535,0.061113065065937985
7947631,0.14474522232418688
7950775,0.1934222763149771
7955301,0.24740928288793038
7960295,0.1901192055316412
7960547,0.03476252233001703
7967100,0.1982226186501525
8610483,0.29748679459283484
8613446,0.8608270802537774
8618226,0.26860699474636796
8621026,0.1948498169037903
8624860,0.828676459620097
8625408,0.7307115641653208
8686442,0.7755066987108152
8690001,0.2245102944748481
8693536,0.9277531405115671
9597854,0.2777415438009926
9602431,0.07138205481152642
9602538,0.1460391303853809
9630640,0.0655731852413074
9635520,0.7700093395121109
9635529,0.08346633047010542
9637299,0.2581354036483859
9639106,0.8375660533893238
9640123,0.9305670665218368
10490960,0.18441578932783156
10491031,0.1626670486570384
10535807,0.08342856445354577
10535858,0.17574709483011097
10546063,0.772631095602782
10547685,0.17369505015383807
10549576,0.1534693184490843
10552700,0.06445848773919094
11619964,0.020630420204490962
11650543,0.9004055313339016
11651105,0.22679473860830965
11662440,0.273833903484773
11671646,0.8404277452333553
11672354,0.8284689069116578
11704044,0.09908111858204827
11706658,0.275943510330095
2708445,0.29296514495614245
2708614,0.216982950140601
2711114,0.1848558209794984
2716979,0.7158409404071405
2720354,0.19991228983684237
2834463,0.7791983671804753
2852560,0.15803552367572984
2856960,0.06393180876517864
4484356,0.27080205140196656
4489844,0.20506031170065914
4540632,0.09636409073458754
4544623,0.2725742217082474
4565985,0.19806594318489382
4567118,0.7672229793798693
4569590,0.29533573709766864
4574310,0.1437243401341403
4575824,0.039774648903388214
5216727,0.09723578199984843
5218014,0.2898317584829431
5255552,0.20394913312021942
5263167,0.9075100563573166
5266937,0.2502926804655761
5269407,0.1085899233627752
5271803,0.2277840672341174
5272571,0.13586722758769562
6228703,0.24554673919511957
6231401,0.21564359600268726
6265961,0.843790645331981
6279823,0.20895344847328773
6283224,0.1671571736599499
6285094,0.032308321950105176
6285396,0.04636567762484122
6285397,0.2644564877113249
7032968,0.23069098639080096
7033713,0.08934746233863386
7033748,0.19650602038126805
7049486,0.04439918011753272
7050754,0.021919725596145398
7090801,0.1852085178511932
7097571,0.19451601271659344
7103300,0.7499768009511294
7970629,0.07289817242444903
7970760,0.21014586920043526
7971389,0.26893250144109115
7976136,0.26062153870996085
7976435,0.22776441560791183
7985167,0.10814708202881712
7987749,0.2366724619737911
8007675,0.8947759666048547
8700506,0.1909233274591578
8701327,0.13557843674832226
8711548,0.1664305427576002
8713828,0.2647311571691912
8719897,0.19820545144491367
8736245,0.256110086654341
8738115,0.19864011865777575
8739209,0.18729622782833016
8746310,0.25270293166427
9640921,0.015630030140466836
9640921,0.04787560015927871
9641031,0.021667863525792388
9641103,0.26138630102821675
9644411,0.24618624918041057
9644683,0.1387215651293739
9651602,0.9873766490127939
9652166,0.2278572416632418
10556578,0.013363743704467718
10583181,0.283195934349524
10586619,0.8775404639834831
10592163,0.21207844228455422
10597164,0.2777941343531773
10601538,0.10884881400201474
10601579,0.2401788873642432
10613718,0.09679121355571468
8557246,0.24182873883218486
11709022,0.2561440214905489
11724091,0.07605087679097808
11757422,0.21844347181048124
11763910,0.14643313712813985
11768970,0.2719432454023365
11773625,0.7132051640665734
11775530,0.0770536583794567
11811454,0.2751944855579226
8560280,0.061650629886391355
2860594,0.07326225660072741
2860788,0.11818196993795413
2969638,0.2617144426872562
2970670,0.8743953068747077
2973509,0.17826403358083223
2994092,0.854728637717426
2998124,0.15599280062377816
3098194,0.04001347644882041
4578594,0.2663065091356304
4587448,0.06356838033063922
4633434,0.25807286535154
4661634,0.2864413737469043
4665989,0.0406047980557676
4671584,0.11632604344099944
4678171,0.17572287008035606
4681152,0.10519872879365666
4725292,0.16648384421626253
8297017,0.9643095269873128
5282656,0.23670948534626038
5284133,0.06646063095481843
5285607,0.17671750929282584
5286786,0.22999079828096575
5288543,0.16971590046473636
5294739,0.019534463644440614
5295206,0.8152953840677366
5298620,0.09313899907937427
5300878,0.07842401237381647
6292732,0.021728029118161674
6307000,0.8338174071759592
6311637,0.18058223303760054
6345758,0.9371897634791246
6364126,0.18263832543475683
6364195,0.13035557687958516
6364200,0.19870373091124957
6364247,0.17452234622321358
7105574,0.23479722658890792
7115200,0.04024702575635234
7115332,0.19627131279526805
7115463,0.07120119332018449
7115597,0.10240568469582464
7115878,0.27899211079974506
7116043,0.1937033059666511
7116226,0.19250896252014615
8008128,0.07096228163257584
8009500,0.13531413744365411
8013289,0.28841602460288335
8016214,0.1801080440176362
8016692,0.8233350355400135
8027902,0.2713808335380629
8039925,0.14446450834716434
8042644,0.9442711924437651
8081389,0.022860930671924816
8750094,0.10962073710274024
8758161,0.08201196644522402
8760760,0.8995468041235049
8767034,0.17989304525870406
8773948,0.22356073066958176
8784288,0.07074080396981593
8804358,0.18526036478557542
8807057,0.9380622925854918
8508493,0.16555919476330652
9652632,0.24376198029375692
9655424,0.04338822774393774
9657636,0.1240536508838703
9658089,0.8260778121404471
9665503,0.05958514279454949
9673173,0.05715274342815522
9674320,0.9303954747561268
9693803,0.7306994664162312
9711751,0.10495522023036404
10619109,0.24029734773175895
10646620,0.2515955840209619
10649230,0.03504713609393769
10659624,0.9790403285881497
10661913,0.23517764101712954
10661976,0.266666864638326
10662021,0.11638849572891576
10665228,0.7413231816574722
8560927,0.09938852574652232
11817750,0.034553925222561746
11825996,0.8335937205330185
11854636,0.9289575315251007
11855538,0.14756206324695167
11858541,0.24292846917395577
11873166,0.13044102993176662
11873171,0.2161684508568471
11904704,0.984910203990703
3102024,0.19683526809946184
3110937,0.13146914776986546
3115480,0.02793851588006202
3120320,0.028552209738707007
3127817,0.037640651624678605
3228740,0.10675391974453284
3230206,0.07100357699315334
3230227,0.16563120026417485
4729553,0.15916952950977348
4736208,0.0650113574476156
4737302,0.18231319662107573
4739194,0.2561972019068039
4739565,0.08521656016975179
4740688,0.2916581328138289
4753988,0.06986492580834262
4757331,0.09982649470226033
5301955,0.2351437393393766
5306862,0.2540504337882454
5307574,0.24963588560876226
5308778,0.17065901478074846
5310435,0.2935406410918736
5343976,0.12202860556818051
5347537,0.20102244722735307
5347784,0.16548876604465398
6364294,0.060354965248014515
6367439,0.07368204095289702
6367628,0.25512051537977865
6368222,0.8258426028824788
6372268,0.9805575865484446
6384840,0.0489194220608633
6386784,0.09676116712538954
6390236,0.029499742759182906
6421188,0.054830833814148855
7116236,0.1604820205889378
7117513,0.27960311854022957
7117541,0.2044565083798472
7118545,0.07777918313606205
7125636,0.16465497557189862
7128918,0.16621667128926995
7132015,0.13856875301157698
7135549,0.9307556550341309
8088354,0.29772270946874396
8091197,0.70737726439863
8094140,0.11281398921954407
8094221,0.012226129969815631
8097825,0.07680250077914419
8098300,0.1614605306662805
8098515,0.2606204232440284
8098960,0.7623937718358017
8104436,0.1637783247474751
8815279,0.904581528288547
8822585,0.01509940582468385
8823397,0.20957075145919415
8841616,0.2199461137242665
8845221,0.10965605956888021
8845552,0.9841609826012814
8848104,0.16087711768214827
8848115,0.017445620916951496
8868657,0.1499539114437004
9726452,0.8951571672583856
9762514,0.09789254064756879
9762519,0.26683878652669785
9777062,0.24899449960931264
9786821,0.1078232092729879
9790965,0.19162845242059187
9790965,0.9383837747679287
9811915,0.9244561062468248
9818732,0.13011827658702393
10665749,0.788831794121571
10670112,0.7932159064774055
10680424,0.9685378697767801
10685175,0.0643770437346435
10686876,0.01496044608797947
10686930,0.12250080699672986
10711913,0.28767516583304953
10732401,0.11130690809378073
11906217,0.12715307130819922
11913052,0.024688682928927518
11913071,0.1215884482678715
11918482,0.13969043830076847
11922648,0.1926593007043133
11922782,0.09845420299250167
11923819,0.22769068798255823
11959569,0.26015498502072854
11966557,0.10854430189776558
5897826,0.9385980212148377
3240158,0.8011960095718484
2837111,0.7640021760792881
3241619,0.1498942847441931
3241662,0.14645628976409777
3245000,0.05602151744880504
3246867,0.8688885181858103
3247294,0.1886965513563394
3248332,0.07481680914040487
3249334,0.7949418267217803
3323289,0.038716086271231936
3324069,0.8552865697466407
4758350,0.08579000021290045
4758368,0.03606083933863202
4760959,0.9567676061709672
4764969,0.752852211938463
4768756,0.26590059361088
4769824,0.26784647458735816
4773155,0.0714001240331594
4830859,0.8113620584516656
4832273,0.10985183219623189
5353938,0.8197509919883554
5359678,0.06795698839016105
5380812,0.8938322316764261
5385469,0.25179425325367705
5385647,0.28572199771872553
5385667,0.2740783988404731
5388229,0.026631831839500957
5389184,0.02066066074565006
6421483,0.18907991250308614
6421937,0.014231975752134626
6423922,0.8536098919399866
6428942,0.09618463751019231
6436505,0.7753489526670134
6437993,0.019435209909526872
6442246,0.05598483365123032
6443392,0.08101459130287937
7137798,0.07747576849476609
7177553,0.18786339495371127
7177892,0.22506630523780363
7185487,0.03043895497548354
7198648,0.03240259436561061
7199935,0.28565311847744607
7200102,0.1778638137795581
7200225,0.2649439496087987
8488381,0.9110551682839786
8111622,0.24831649195438607
8112013,0.2834500214040334
8115647,0.742606878177416
8120820,0.7595198118024354
8123170,0.11900562329267506
8123937,0.12901410103692615
8128965,0.08466439912819812
8129189,0.28945934516219535
8878681,0.2995034502149225
8879427,0.1019901443290541
8879915,0.23287756096831286
8881169,0.876730678547115
8890996,0.26509098331513103
8906676,0.23251272018651653
8938628,0.2933309061893143
8940961,0.2485424280629649
8953278,0.937597762338039
9821078,0.23799718860707295
9821428,0.8218540311394922
9837013,0.9878464963017507
9848420,0.07265940002651076
9850387,0.11616345542136505
9850912,0.16409041512583328
9852050,0.29763522031203005
9873869,0.05756065434510014
10736223,0.10764510878936598
10736489,0.9774016485890267
10743600,0.05731493601591221
10751908,0.9827152413898106
10753734,0.2348956362658184
10794242,0.17959413993035866
10794405,0.11737835698246932
10809677,0.23442235748724177
10812541,0.7109239587446932
11967004,0.19798433969057935
11968490,0.25425980758852523
11970288,0.18830124507598617
12004679,0.16931949511501287
12004680,0.20335351247412423
12004689,0.15907250024011693
12013615,0.07978131446796931
12016243,0.945762822785295
12022517,0.13526292117741773
6307521,0.15161338628248794
7037540,0.2887381140171145
11129738,0.9655643747226264
10028792,0.746997898131618
4860678,0.8872321028850247
5531953,0.844502856722808
4349442,0.27027312631703726
7765528,0.8439014670514028
3327980,0.14006453145051018
3329643,0.21271155831600871
3335816,0.2697604752182019
3337438,0.03114576913930297
3337548,0.010086583350070708
3339538,0.09486837612848269
3341934,0.18726819353368754
3343866,0.29057968402719203
4839180,0.23588660473702142
4840263,0.2425129090020701
4840818,0.13067793549468432
4847832,0.03790801346501255
4851217,0.13133107785400766
4851338,0.13160418070316582
4851356,0.14590868223619077
4862332,0.25037197433798913
4862625,0.10746419024675803
5393558,0.15556350525965842
5397905,0.07590150301053845
5444392,0.09175048018831453
5456979,0.8974835750492236
5460835,0.13562858762276334
5462901,0.17375223700392442
5466109,0.7002149173552101
5471010,0.06853434352786764
6447326,0.2071622108715639
6448768,0.1877294997719802
6449291,0.2349267943063716
6449552,0.2979224225346263
6452742,0.10497995146825209
6464285,0.10055837224710362
6466939,0.10003014351587941
6468938,0.28659590199976187
8429014,0.19292051644763833
7200301,0.07159186487702719
7203179,0.09059648076419051
7203194,0.13513073786560928
7204073,0.25110395160604054
7212722,0.2816160045691243
7217088,0.9384643913817341
7280953,0.11402199115396106
7281217,0.09899936049361055
7281229,0.10010298530111537
8143170,0.021997819898018627
8145789,0.16886322423498562
8145958,0.8796747803290927
8155584,0.26485134118449244
8155654,0.9318336736342075
8158324,0.19019295457008492
8162376,0.16366120567823184
8167504,0.9789684525730136
8953281,0.11449256927645102
8953426,0.2717043187317118
8953475,0.2125063957632185
8957572,0.0352941943157763
8958811,0.9249447014460119
8958939,0.7159154615500457
8958939,0.9205853608104289
8973000,0.022654629430650667
9881258,0.1203646497250458
9899153,0.015097358783299713
9899193,0.02455348962416475
9899410,0.15216572939105594
9899421,0.061997510092029896
9899577,0.061054504244671556
9899583,0.04000362840039418
9906489,0.012090230659372862
10815677,0.876411208466687
10816107,0.08347599887775876
10843431,0.9810116386038663
10847907,0.1846556007508889
10848097,0.9441339216108298
10849244,0.09724644137847478
10857589,0.23767474719358175
10866969,0.8212795109098601
12022718,0.11381467988519385
12053823,0.08378925168106033
12067960,0.979490257764257
12071006,0.16657301738584362
12105785,0.17277250807667574
12106875,0.06562318361826155
12157983,0.11632908100220712
12164751,0.20010992811628991
12217907,0.2084229453168524
10028352,0.2224059420856825
6307083,0.9487999497487316
7620413,0.8869900769075008
11705004,0.8439061403060732
2854181,0.7176103110785472
5978559,0.8702418260299252
8838950,0.7080778196214942
6867555,0.7348431786568488
12208631,0.8569308167639894
3346543,0.86888795544463
3352751,0.16677761113809222
3356193,0.9851404744610603
3427776,0.20699361186003126
3437739,0.16936512597638867
3440230,0.08293085250946157
3441340,0.2864290583645462
3448323,0.13400173720044595
4862625,0.11385828181970586
4863369,0.2271103214160019
4863753,0.14154500706495743
4902030,0.10186452222975607
4908495,0.0513882719850608
4912589,0.04649655965848082
4914709,0.2674788821724057
4914737,0.02870578936902849
5471141,0.06685219642577092
5471328,0.2811354299598534
5471415,0.28431741957385803
5471480,0.013862546600603463
5475712,0.0403531344182589
5479973,0.13800616347072758
5513822,0.20765712193716934
5513833,0.2739916910497574
6471229,0.25502752621191177
6471230,0.17679754566793296
6521174,0.15015788729861101
6521542,0.18987174459447348
6522353,0.034154543185513
6522750,0.05133644447238596
6523216,0.22233876751955406
6531485,0.26364755636921616
6531801,0.18222731454899405
7281356,0.25475771250104307
7281399,0.08700532158669674
7281410,0.07332452732142748
7281616,0.12676382236995948
7281699,0.27887042913060744
7282008,0.1570337953491921
7285616,0.23854148578337683
7335514,0.8668886356771769
8178616,0.09011598090167347
8180290,0.7089155753669651
8183389,0.02723352993465883
8192861,0.19492605859436132
8193315,0.25361852008239605
8195877,0.19968822938705294
8196180,0.12965594000263975
8210721,0.08002623415021048
8977176,0.1356879455110734
9001468,0.12367047946521034
9005854,0.2909031794990778
9007918,0.2848273332813711
9007953,0.24051956170973127
9024857,0.08333635822828134
9025739,0.7984270299671332
9029486,0.1074982956092401
9906802,0.04601209653358508
9906841,0.25229542930107884
9909965,0.8485021284111064
9913481,0.0753117277082843
9913798,0.045718670241202936
9932197,0.7252755849292242
9934208,0.013703759678654785
9936698,0.012197250283019524
10867017,0.1851222905648069
10909274,0.20574285646937468
10920813,0.135345881081049
10923260,0.024497333878723906
10924400,0.09103913452351453
10932270,0.9108403345363254
10936427,0.27765357711159144
10937609,0.1600575026597212
10965963,0.10904967639940798
12251779,0.2598712987180518
12268220,0.2528071852813429
12302391,0.012025966789114441
12304728,0.9899065673384062
12306808,0.019851780078377616
12351927,0.12457801473395978
12353633,0.11799274186460487
12353720,0.15911279383471522
8565912,0.09244138791841755
7778767,0.8926754112292659
9026749,0.703568351268881
10916600,0.784805614550502
6198182,0.7778803605440511
5695396,0.7890744876060317
6964929,0.9393554959147238
2853828,0.21328559846839604
7008149,0.01917590078328444
3458919,0.13798888494040307
3542573,0.22147350080259007
3543270,0.0561720553516792
3544678,0.13995667719374272
3545626,0.8001154735720157
3547178,0.8359913962481005
3548622,0.9724446605159192
3556742,0.18141839506087634
4917014,0.0924482790480094
4931073,0.26263635491419457
4932691,0.10887911106186085
4939265,0.8693963407309152
4940201,0.06057966084615365
4946680,0.09702914984884388
4947726,0.019496969950791313
4948863,0.26187927717694043
8308516,0.8301581205084877
5529501,0.1581138912541566
5529560,0.11047403773213164
5530881,0.23961359560661238
5534476,0.06794209352529633
5534702,0.061951144973396516
5535280,0.2568682487413431
5552808,0.9719919017177253
5553624,0.13602350451952397
5564082,0.9427827550836811
6543682,0.1985826521852369
6545018,0.2899941120224195
6548447,0.22147645178575062
6551106,0.9623179998339363
6584167,0.08744978856572734
6584278,0.936276249640206
6590726,0.7886924961028987
6591789,0.0727691408127488
6593363,0.2622704019827143
7336754,0.030273060431511525
7345335,0.7125641432713872
7350067,0.8110663649781099
7362534,0.05940863805294826
7362632,0.20217460628859155
7365447,0.16406441228691238
7366036,0.14479777999787402
7366065,0.265748584329766
8211521,0.14614541920104357
8227086,0.7286814538671043
8227464,0.8722201886877974
8229048,0.01112002216176551
8231877,0.21956955593649097
8234477,0.05398542011699809
8240109,0.06995104166455085
8240861,0.012618186521232679
9049010,0.13278846965326058
9083503,0.01970463395857007
9085039,0.8204009161195692
9093566,0.22053639084354693
9098590,0.2699759410429629
9098810,0.2422695346864382
9099773,0.9862112222797705
9101208,0.1721740909233687
9943009,0.708776411294738
9944201,0.8172136514450229
9944421,0.07640615574943152
9945280,0.27944037472914784
9953736,0.23288040886749728
9958053,0.06484175166054554
9959093,0.8377861067880994
9963009,0.04964562422764258
8545603,0.17329467743248866
10976412,0.15942502415902718
10979716,0.26742770482751027
10982373,0.2084577616380136
10987439,0.2020720018623535
10989032,0.06428128015250281
10991989,0.1367162417178418
10992733,0.21348831882548633
11019739,0.8837114032848878
12356746,0.25371453323902776
12356914,0.06484676460812026
12365000,0.14579807088113933
12365015,0.03734212839175229
12367017,0.24303118728979772
12367310,0.27557740044092993
12403968,0.07337394561080016
12418662,0.29338859058325556
12418816,0.014170139356864226
8709688,0.7796485043135921
9959492,0.2370510449927037
2716801,0.8846270739669194
3230805,0.9438855571748894
11810124,0.9194409145674265
9349757,0.7555470977914354
3219037,0.9253112297778089
9117416,0.7803448562073223
3558803,0.18392168729529154
3634169,0.049900025923432074
3644174,0.2712272045728266
3655326,0.2770348553897545
3656322,0.0832429932239798
3656700,0.2248922212344135
3659940,0.09789343706820565
3663494,0.791376873560968
4949027,0.02597754312790921
4949214,0.015563528675292145
4950341,0.24155304050179421
4950557,0.12911323872419095
4995716,0.8965936831213441
5000179,0.25375384326243516
5017058,0.021292642204817386
5018787,0.1878478425997522
8345473,0.26350619873392483
5597361,0.849387255808196
5598639,0.21289588668280143
5610698,0.0800021413185362
5616489,0.0714753869955019
5617510,0.9551221405031842
5621294,0.1157895902856388
5621299,0.251496005715202
5622250,0.04069649927864677
5632781,0.12060639571713051
6594972,0.09102280913686368
6595662,0.2782327446673265
6603765,0.7595470274982101
6606282,0.13990668457674774
6606669,0.18324512813435376
6607610,0.29149681765685465
6610219,0.020707681526186576
6610433,0.1277203833675039
7368103,0.1081319482260215
7369523,0.1003125099965618
7376982,0.09166700883788181
7381580,0.8560644574695153
7381695,0.12200515433074234
7385387,0.17251183588577465
7385478,0.23220265830968348
7421876,0.26508130876902286
8243263,0.0722653734771716
8244295,0.17315652970433512
8248103,0.7834429477285347
8256882,0.7504571516116614
8262223,0.28913393940947346
8265520,0.06776110899462025
8265990,0.10367388276514773
8283875,0.7927508853153041
9119405,0.13559954471551297
9150870,0.7356885522707175
9156957,0.06665399462501281
9159301,0.09969239088908348
9163674,0.15404717211937274
9164788,0.16941977420699866
9172506,0.2134041190143343
9179531,0.2765279728176304
9963639,0.02310035275346612
9965691,0.27842532075821896
9971475,0.03587030919328306
10000490,0.012273080501118786
10002049,0.7976353930034816
10014702,0.05766825779636313
10019854,0.896564396956142
10020423,0.0406610651962111
11027270,0.032869728324727045
11027722,0.19393491931241205
11029877,0.03778069114420831
11068630,0.8433199697022861
11071207,0.039736206569530044
11073223,0.07875684553406298
11076279,0.2354745430795703
11092783,0.8318989924353017
11124509,0.1632177640670548
12454800,0.7913620678869281
12458817,0.9715643371111617
12470530,0.1783834262785454
12504353,0.2929141479606457
12506342,0.08674132182823187
12519942,0.8328868177384043
12555616,0.9578590057935319
12557713,0.13104922558138904
9730163,0.7627203700872202
2437112,0.20277421499631357
8719324,0.022684092285443762
5471690,0.06325536104495243
7100673,0.8511849621995277
3937814,0.8919013951712604
3937814,0.9101454755507233
4548098,0.7193345707948596
5078025,0.18026713699632976
3733638,0.9813320933236764
3746248,0.11523393579694141
3748855,0.7128758678871016
3748855,0.784606052356547
3757588,0.10021620484464426
3764411,0.26581670543910874
3765692,0.8971951365892317
3766353,0.22930473866410592
5019567,0.1603616923732082
5021432,0.7505883969934923
5021732,0.11522472694813789
5022440,0.07655133376181872
5022900,0.13085534918917457
5024126,0.16950699921237414
5024268,0.2605787143314121
5024372,0.16403518600629263
5633259,0.8996925431484948
5647638,0.220098043438865
5653126,0.19131220395960272
5686974,0.1526286156065469
5696909,0.13344173199337156
5697628,0.17008542879538008
5700330,0.1879754230300119
5702770,0.9835806133475151
6614748,0.9853178234743012
6628926,0.7953891514478388
6629156,0.09563354084316657
6629588,0.0767171624296131
6636020,0.189939575441321
6664842,0.9570031015823354
6665064,0.9371317144073894
6670610,0.7651239568155639
7431665,0.09913292029159362
7447895,0.8909845791867808
7455553,0.052174166168919324
7456521,0.21723166083350218
7461314,0.08003948452085588
7461521,0.8871647995620775
7499571,0.2619912265489876
7537660,0.7664235259384472
7541502,0.23536653352690026
8285254,0.20853955511008618
8285970,0.22797231333976392
8288719,0.27513175532430373
8294484,0.2082883548319868
8296467,0.23914679393735203
8301013,0.24507486157407082
8302455,0.16663257460087696
8302473,0.23676087321664566
8311864,0.9234719843922281
9181340,0.05867909717718736
9203154,0.736700555033172
9205993,0.13543148234191843
9207508,0.1665808496072676
9210828,0.01693288213206578
9221627,0.9240196709542767
9236858,0.10023086604905941
9243795,0.20116078319324546
9266285,0.2683975565851158
10026136,0.1693037214746506
10026457,0.19874059546347622
10031409,0.1483388266979691
10031526,0.015376788297126883
10031808,0.08621717659553296
10053138,0.7447354405842976
10063044,0.17695233101813207
10066755,0.9762798458267185
10070479,0.8198854863407399
11134079,0.10935167212938021
11137061,0.18392707257920557
11144439,0.2295333265715534
7119481,0.9627275472978101
11147276,0.07569339421624918
11154043,0.22968657886564917
11182260,0.9770690566588134
11187972,0.7008951864880236
4548011,0.24306135681614463
2852941,0.07188286928839858
8773015,0.8797234582985749
9883606,0.7983195762535742
9597729,0.0279390776427004
9836563,0.8599421421922311
6508221,0.9338261343584345
9100953,0.7827117389267898
3830820,0.14615058249738486
3831523,0.19978898450898944
3834364,0.06771033027719293
3836413,0.10187790886431426
3836439,0.24425934099338462
3838004,0.22633732235870707
3851134,0.18104461428167704
3851193,0.04154830520938662
9595956,0.18379293766427682
9655792,0.15355709236122253
9970396,0.0614515208570843
10079420,0.761141908655292
10253638,0.057442453215719086
10267121,0.19527548722614832
10341777,0.1756495120640025
10407271,0.037966747924007935
10471167,0.24636854270394606
10471174,0.051977182848894604
10471345,0.18974765359730747
11296798,0.1774193396784822
11463950,0.059182044992568954
11559304,0.9187305663889098
11621897,0.24745007775523756
12253534,0.2289213404045301
12304202,0.21496490436820107
4735826,0.9639293192272079
9291039,0.18064884290636016
10155321,0.03774198800425003
5003670,0.8298891625920877
4953173,0.030882451068435846
8973285,0.7164526289405541
2861126,0.7627998024234162
6363560,0.08535366096957055
7539174,0.0912675946742996
7935997,0.9497814675590067
8105398,0.8428201825141546
10535708,0.18351638346968033
11453930,0.016588946795444565
4737267,0.258012882311688
5955321,0.08863496826825686
6182093,0.0562425806112433
4758350,0.8876475185859451
4862625,0.864138974244533
10621666,0.20446592495731916
5211470,0.07490701949026975
6665064,0.2987945061990544
3123418,0.17114567307336426
3458687,0.016158679100083014
3749508,0.05980081742076893
3955867,0.15750653066086348
3965201,0.7321106873755707
4074294,0.13164100244017235
4380560,0.24557866020653898
4384652,0.06493628937514849
7697568,0.027675737147649065
4483235,0.1901816302904841
4662363,0.038863476405023564
4680745,0.06809542480657013
4851195,0.1582081384104687
4862924,0.9216795162814384
5024414,0.060520507477733486
5177065,0.0950861198122052
5268955,0.2864323696460157
5271090,0.8272365435817658
5444276,0.8611964755975382
5598645,0.28460562903033765
5696518,0.21329874505510946
5878506,0.9895217687879603
5908086,0.0630387313738101
6307243,0.1547655717045532
6350522,0.13027542178599774
6385302,0.0498348995019443
6443274,0.927278928336889
6508734,0.28174630181458266
6527050,0.03549215185850985
5602588,0.7875710414352955
6590362,0.04019587018564048
6628740,0.2682267953833476
6876575,0.834301715028352
7031126,0.11999609369991932
7031208,0.06652969104901472
7031742,0.19739628045752652
7032568,0.18298517997323507
7032687,0.2322247934082927
7115384,0.15944111459422305
7116282,0.15004168843651097
7116859,0.09892193720235817
7133286,0.268662219838824
7186259,0.06699090144622777
7214090,0.02583069310089567
7281694,0.024741751066370245
7362450,0.1360260840348313
8007262,0.14669825645256712
8096395,0.755015673025193
8106973,0.2099122668137394
8168509,0.7375439617797824
10397751,0.8001943561714941
8258103,0.23911099550795067
8297319,0.831989987890177
8423344,0.7668139645156329
8444868,0.8120699401135545
8579684,0.05434489963559883
8649876,0.16316129375687907
8682094,0.9397645794413376
8846809,0.21217581130030322
8868686,0.24601754023457897
9025662,0.29600873086628526
8572936,0.29941152997577847
9837578,0.163094955296671
7821010,0.25768818673772786
5473556,0.10242254642056382
6504534,0.03847279269533406
6307062,0.2874819296723759
5652983,0.2883876361146345
9092897,0.19649966567940177
9246715,0.2489479146237394
9292130,0.07792121711376063
9541144,0.03340790119280513
8677057,0.9356123499056147
8702537,0.8882767734433967
8757213,0.20055591796311842
8880003,0.13679671786991526
8953296,0.03975055694271731
8749844,0.0566463706660078
8962007,0.014183346051317396
8703491,0.18109133168275124
9043947,0.8012980309203772
9079587,0.22472647337489676
8703506,0.2223955861746593
8590776,0.011142168725102809
8761550,0.22916226010649196
8686761,0.18320738855552218
8873450,0.7676347657667306
8880317,0.9005021644397656
8750503,0.013513318371202822
8639155,0.09811191709796419
9021047,0.13746644726379262
8587439,0.19541541135147342
8712863,0.22676290430960064
9079915,0.2578813494111013
10208894,0.2740003320520847
10214873,0.15719667698984208
10253977,0.8701780398837147
10268714,0.23157858937669204
10281311,0.26457339328890356
10341876,0.24785106332083431
10351947,0.8939255869230551
10160922,0.8138641717372302
10198225,0.8747610999959581
10214341,0.9236024221901925
10219288,0.19477178167237402
10226343,0.19732871018322465
10263598,0.07256978652430476
10266860,0.27999221125485874
4763020,0.0324014387539436
5128966,0.25154788420560403
5288744,0.021630329770771985
5305225,0.17191488114570358
5598216,0.1881393357382501
5637036,0.12165293262734632
5647008,0.24696837806079713
10385708,0.1783439848259634
10404545,0.0856284160432898
10425070,0.11594723200487699
10425070,0.10650277970394291
10461045,0.1649143447663844
10493253,0.24714037817767295
10515564,0.9647089943067652
10321927,0.27464475634217295
10321972,0.7835783437251336
10322797,0.15399706961839033
10331279,0.8804273777057113
10338529,0.06366616620272478
10340212,0.027899003380802742
10383729,0.18920483592535997
5709226,0.23613540451562332
5775090,0.0488455331534356
5791705,0.26378169433491205
5802205,0.7853176454629274
5812648,0.2703154751711908
5858919,0.9176947430543592
5872139,0.03540907237914169
10519701,0.2821898213941281
10664150,0.1384666520134724
10735575,0.22435124233343742
10753394,0.13244435729178716
10875937,0.10753395158821129
10907307,0.9119021835099663
11087662,0.2036440223150312
10389280,0.181176064082814
10397315,0.26705433182531196
10403228,0.8936667738657081
10405224,0.2440009470495593
10405482,0.06880171531444694
10405546,0.2658575024013695
10407191,0.7002153015322147
5955197,0.7725416008711339
5955427,0.15577895692979232
5956977,0.07211978367188637
6043574,0.12494372089338691
6049470,0.12559966629908895
6105359,0.10188953964578053
6114140,0.7262216588815297
11099109,0.21326192583256315
11124353,0.0473711793865818
11338091,0.9427786200269629
11400356,0.26601041638418
11446424,0.7596953872055351
11449696,0.23855890294281307
11456839,0.06165433069160938
10452252,0.7454512495437415
10462462,0.14519804374392994
10470882,0.27263115817853034
10470993,0.16054693630433517
10471005,0.01572067178967435
10471055,0.06749607725060028
10471204,0.013060593856117486
6119605,0.26696407407418493
6230649,0.1394473649539351
6286633,0.044485576756267554
6451125,0.23580745287173477
6507334,0.813791381732678
6516529,0.17890551341348443
6521526,0.06229541308164024
11501492,0.0739630848583305
11558217,0.25055537958217416
11649292,0.03376193510332048
11760931,0.028569479641395286
11854061,0.2337574532680543
11868122,0.19825371424479935
11872364,0.8704437550971391
10471243,0.1949073550539269
10471296,0.14841294204962852
10535886,0.15573708697109528
10535897,0.11182632124252954
10535926,0.15359824932631153
10535991,0.13512783335652712
10536177,0.29002538957264734
6600492,0.019098392575542474
6685403,0.21581161806574647
6846544,0.044359201664247984
6848529,0.1894521434024526
6887321,0.04603766258469746
6953281,0.15240340493726187
7020168,0.017012750461360557
12012872,0.2557197021386534
12069319,0.2343606789374625
12121118,0.19352645603408533
12252732,0.1781895641887581
12554051,0.21627904834216294
12554485,0.95655825833827
12555140,0.26863454097673767
10536241,0.7233447472137198
10614845,0.08143058301388703
10616829,0.19111080322856955
10686909,0.27858536016133867
10730250,0.09911602258024492
10790401,0.8748539860300295
10801951,0.2501812902304805
7049771,0.14341912620482766
7053328,0.09069794299146045
7106437,0.26819816852054185
7117050,0.2039536885008022
7185710,0.11863997279295663
7282872,0.21415428204192724
7340624,0.20463467858958095
12647110,0.1236530968760679
12647757,0.790964524395937
3629119,0.845305342909179
3662635,0.29892106385298456
3734501,0.06782691397156539
4169315,0.05382771467789376
4446859,0.9683090217035017
9084569,0.7527488665476575
9087580,0.8168501541161508
9099607,0.9596668746585946
10844823,0.9860256621872798
10862284,0.15966194686910481
10862759,0.8437262642094748
10877024,0.07458151037668787
10920281,0.9754828454499884
10920420,0.14334222582726378
11032748,0.7474821861141431
7622473,0.21310776483712274
7662744,0.1705025306008717
7686191,0.15112224963052176
7690521,0.28461552059667
7747835,0.10946316059216558
7762886,0.06708616497585197
7811537,0.2352308105317253
4566999,0.17288107017698798
4569942,0.22383504087047953
4572728,0.8609169608655314
4772095,0.2480435446751021
4847801,0.061681129864341745
5026023,0.035635029341318965
5098334,0.9603847015584439
9101271,0.17480498303074088
9118340,0.06969141305307587
9142714,0.9523129446538603
9159198,0.09390261804306503
9210820,0.7377109976326919
9227215,0.8406173412743971
9278575,0.8261996913185198
11098004,0.036470671107103
11135119,0.25778176886985416
11139682,0.7622658696225701
11145726,0.2064627967517241
11152950,0.23376015186355506
11182706,0.9392832974289586
11294822,0.853580544957696
7811537,0.2685526215018363
7874976,0.10156330620358926
7888957,0.23340138256306897
7900114,0.2589181032714937
7936194,0.2385583643350832
7959310,0.04108955185461755
8012732,0.04047054067793774
5391407,0.09710584623280347
5468555,0.29619473777933913
5638699,0.08431785316931573
5683219,0.7737578239150666
5871116,0.2195551123262067
5956171,0.7006745581170909
6032318,0.26829022333194286
9347066,0.26703773327401115
9390228,0.8557399465212682
9392016,0.1291675608065436
9429631,0.2774264092671199
9469494,0.885520455916901
9518558,0.21189579445388307
9521317,0.868632782201753
11296205,0.9606181698821454
11348086,0.25699311926072566
11350634,0.8739346852883854
11357185,0.013301605504177163
11358305,0.8934428353994812
11392362,0.9505255492122018
11443757,0.7921659151435784
8028465,0.035454392007722574
8129641,0.14056011870126384
8226720,0.24220706391686223
8307354,0.276231483353899
8439949,0.8367203894204445
8527297,0.8472877312170449
8588982,0.21366545529810188
6182508,0.1800793346510887
6195669,0.1257200761217803
6356506,0.7430332554304921
6583107,0.2374363793303981
6681618,0.09682278778434615
6946985,0.20064361575786285
7106438,0.21103527179164006
9529148,0.1596514330603374
9531850,0.1116240998306185
9541094,0.18002103388006616
9579753,0.1587908952902076
9588880,0.10220171370219965
9592831,0.23157339068909374
9602658,0.1135750327890408
11453349,0.7880506868255177
11560397,0.1568024074501953
11565903,0.13838338540948983
11601597,0.14557991321488328
11612241,0.28144376460746284
11661803,0.1444112771821723
11661803,0.0583166717248817
8608544,0.1562231666547717
8608544,0.8098633085015238
8618147,0.2010491405424451
8630840,0.12906564494958533
8683144,0.20401182185678562
8708961,0.7113602846446936
8740744,0.23091486143762371
7451315,0.06508056949086292
7751294,0.044076046662362214
7832787,0.7338032842149329
8008913,0.14567510214945673
8022520,0.70256062621236
8108450,0.04232298123739852
8293631,0.1793136619051844
9604563,0.8215597511838156
9639021,0.11726538708023365
9640649,0.9183612897239205
9643210,0.22611670736883152
9650579,0.8766096303513002
9650762,0.9865040126306117
9651155,0.15444603193374462
11709006,0.2295824507254263
11714107,0.8657317197755594
11724094,0.234717835435043
11774383,0.13667733914523542
11804952,0.10139879599775728
11819135,0.2882682391760677
11904835,0.8015349499852964
8742735,0.24211617945414957
8743244,0.14580007418202204
8743244,0.15735653823032575
8748435,0.0991029332360466
8766268,0.18372266154843717
8808064,0.17439630541716683
8813404,0.2625131573950562
8329346,0.7646681333827592
8637903,0.9846795035254867
8673511,0.9862697819275272
8873674,0.16292575686813732
9011955,0.9477968315369295
9159288,0.825384102552584
9209808,0.050722914811664827
9656547,0.01814278246918257
9658192,0.29163885853173976
9710611,0.10255870203451714
9710626,0.021453980380983645
9710792,0.1040956520090571
9770983,0.06557621686226425
9777089,0.2463321909526094
11918793,0.15326169583482827
11922290,0.2567577628364705
11966668,0.12777018809364046
11967872,0.2402723080457983
12004656,0.0754219702310592
12008916,0.03952037602309174
12021943,0.05565549231929291
8815031,0.21204351098361127
8821936,0.2826491187133972
8832676,0.23320938029994814
8873873,0.7416423651575872
9075882,0.09400138007962207
9084832,0.2844771138245101
9093859,0.21272955575583916
9239670,0.25143896517480613
9388557,0.2569222638477998
9532997,0.278721551843601
9536836,0.06927375939644724
9592621,0.8954447581550925
10010452,0.1501554577212356
10226420,0.08572634120566983
9777990,0.09642290695060042
9813678,0.22353959588174913
9826551,0.21120420062110454
9838537,0.19366282547161442
9838761,0.15552056675035794
9839062,0.010052907857338964
9851983,0.22028371920402745
12156930,0.9677264453570764
12266099,0.7237076936261483
12307496,0.8083118343079
12419303,0.033350996689661745
12453855,0.23435919239265787
12459808,0.08269278690820239
12602999,0.8547325510096443
9114508,0.28139974127149037
9216810,0.20718244236763422
9268159,0.7174784753559449
9340460,0.16255086988943182
9409493,0.13290515595065436
9468848,0.896797274950754
9649205,0.12723502839240353
10341781,0.29786256530552874
10459805,0.25248536847258146
10471090,0.13706736383894422
10532751,0.19148900279862666
10585887,0.11821863310647532
11867733,0.12107222510531133
11923074,0.012775725963479242
9873004,0.7089834983685146
9899216,0.033898782366867136
9899256,0.15960969921941248
9899345,0.9506069341283905
9899621,0.025405363891048454
9899623,0.16929602867360385
9906688,0.8814736478634475
12644020,0.20902525423635784
2010152,0.1988122568938193
2284957,0.8590886211477426
2712825,0.2242285511673289
3443582,0.09732752890604611
3533483,0.03789699756364984
3663850,0.7460390751883976
9771576,0.1781855531438015
9827094,0.10236090428418673
9837720,0.019269301431563246
9873604,0.057111171442490054
9874581,0.05761253850219361
9899449,0.19188642395873723
9962731,0.12675890392468933
12117215,0.06082344534859079
12168280,0.8964656905181886
9912977,0.15522054668746313
9938836,0.8857626509623054
9941425,0.08292458076653927
9959368,0.13066891193531088
9959765,0.223722010791671
10011213,0.7125641567306253
10014875,0.08696452774360296
3954211,0.15517839955845836
4056579,0.10570423692883782
4276445,0.11556269660615437
4371172,0.12424647077416562
4557341,0.1474023010939775
4645492,0.26971050046176975
4738095,0.18859629078371615
10023069,0.16961042746842533
10028127,0.7694379236225901
10079317,0.22839018800000888
10079481,0.05101125992677842
10081899,0.0996116968843719
10199817,0.08394217496643544
10205598,0.14721482051644036
10031643,0.06255237758143568
10090151,0.06172416294854896
10128825,0.9663469762613549
10147276,0.11759543708583492
10155286,0.7012864810915107
10156110,0.0789873223688541
16288184,0.837481365172888
144065872,0.821617544646138
66818296,0.9516272521570774
317060587,0.9470353986520857
112395568,0.07215941765396967
366989877,0.7977050117626445
320004517,0.9123603927102675
38846515,0.7455407024901738
253990973,0.09873597907728499
299799658,0.8493595258175356
79748331,0.9712850488000007
79748331,0.7077996841501843
7088246,0.8502283751778157
201604954,0.940513138932854
201642601,0.888062187340523
6663331,0.9178481947247615
31858843,0.8251218474124186
92352620,0.9379371546471909
31858844,0.05897555855614304
120247528,0.9037336879804769
140830390,0.1486790737844644
158297421,0.9052252785690467
351601843,0.8675004408297968
360742636,0.9361462688535496
370133522,0.7672236056412947
50365310,0.1322113816610584
124709665,0.0785242498075541
106997505,0.19955685684720023
238597883,0.28292067795003045
169904935,0.2671498519679428
156115721,0.26859879525757513
440801822,0.09054304705717922
231663901,0.7086365621372467
139853601,0.02369023428250156
97700520,0.11118064110671907
96246348,0.10437457916977695
155044736,0.27938142730428367
175310067,0.173134757433593
182943944,0.11021797861915207
291555748,0.1869452090115186
149603524,0.8291193629487831
140706664,0.2514244817624503
143994283,0.14028574799204166
238374636,0.25733986775554585
141482386,0.26355801511734417
388624270,0.06772584014048767
447283466,0.12353068000951718
374908020,0.06888890787104765
336732616,0.8802203524958925
464296022,0.2888054495157203
304021498,0.0300457981965446
149601557,0.22678746423574786
400595342,0.28825813409597023
363260203,0.08155067242831993
90544017,0.12072837344432803
231670397,0.8507716005750057
310483807,0.17332658759172503
385624852,0.2399980212930372
90448944,0.26597901767783433
54044474,0.12426470959516821
309787037,0.15324134120464156
370745311,0.07725469130404578
384549882,0.1316796404154564
405862830,0.1637823980264242
269450900,0.1757937504421745
425721385,0.17429942071544188
91576611,0.03014416744541673
97409519,0.9674786794484818
254113311,0.8770793734048854
254113311,0.9531356095734361
267489265,0.15118711253602227
69997672,0.01757852645533493
122220263,0.06484536952976143
154872375,0.7084776928663226
142276270,0.8879174899201504
142276270,0.7364735404624562
142276270,0.7695733448461848
142276270,0.7982797567848127
110428269,0.01576366667030827
289793076,0.8667678299524106
380589029,0.8332398983275229
426077080,0.20823365051998408
129319156,0.17803291611801486
29344935,0.7198132768112737
361034196,0.21379682552515808
387079085,0.13700389102723715
382331352,0.24125138967296933
375225453,0.031134893076642675
360630575,0.719231866518561
360630575,0.935414510876534
383390264,0.9158385420193998
290348383,0.9333194208874656
281459670,0.8356130471963727
318608749,0.20288669558635494
271581073,0.20281568458229596
311890977,0.086305334254995
451599528,0.06508581062686075
394561119,0.9232772022253317
295599256,0.23050137370705015
50309953,0.28282169703580695
355703913,0.7457997584766026
446549905,0.2047172698872143
412014494,0.17091877344897902
369864738,0.2815911884006075
290348382,0.14773051902500303
90919952,0.29066485223484334
388104525,0.9406972705799271
143257766,0.28849153791685
24094603,0.1561297303239233
304774444,0.04996159596260752
237185205,0.21604688145681764
89643259,0.05710617133340105
147950620,0.7252801711163268
24364065,0.24278382840709262
203189770,0.8390094005737856
99869022,0.8448854028983366
394137592,0.9653247355155199
288185138,0.18411867255168105
29960110,0.7550167281666638
327017634,0.17995823305886186
23434737,0.7787642088499447
25155310,0.7450386790449596
320525204,0.034959287827418146
159510109,0.25097754288558094
284450803,0.16909076870660952
160268701,0.14070737989094026
28230919,0.910654856004423
350995812,0.08814138572566081
21755546,0.12126189990142457
288391628,0.26157970720313933
349827430,0.8988345718103512
281541555,0.8196970402041754
16740101,0.9590594385261686
69679391,0.7222497989371993
161450762,0.21219018669731526
117256577,0.16892943091970256
147576037,0.25598275731351905
379931600,0.09846890005402777
48188920,0.07640228992356982
238176110,0.9126765777365116
89510024,0.08107452124435485
158324245,0.8427913971551574
16102323,0.1736082674685711
458478250,0.9207029441600698
138361973,0.2575927130015405
232967666,0.20132247935273756
41330864,0.1335262912854326
322307342,0.8010380079593149
294176967,0.15140481051301594
101929303,0.06233433063275827
1717732429,0.10923027532926963
232967440,0.7246853820729463
154089169,0.7487350273880192
30329585,0.2686268293327348
169177766,0.07330151329285606
359496368,0.08670548116276655
266980320,0.8332165067442798
158002130,0.860135352287357
229510866,0.9603200815463397
341544930,0.17169981941051152
258777137,0.060771160281523726
233087860,0.7954358471354095
83210867,0.09475649872716448
289539327,0.18553499522314293
15247229,0.017844613532807193
447061717,0.9673358656547972
260647166,0.7111332023989877
260647166,0.9141857884675787
260647166,0.7525925946274323
260647166,0.773033071307911
90504905,0.10415943950598865
103633434,0.8628436572229715
120757718,0.7390066282337973
120960812,0.8429851247464124
120960812,0.8516758048604445
153951307,0.7225986443411152
153951307,0.8345672947063433
154716798,0.9108517826684698
158170594,0.9267895856401199
308034948,0.2390658046020532
33878688,0.23378391203006185
399144800,0.07957755802994174
231702397,0.9685540625536648
349095149,0.8185718996334377
382437043,0.017840727542401437
299798795,0.9168511179616652
299798795,0.8081669993466135
360156606,0.8617526330230156
300038935,0.7154798015104391
290131778,0.7094706580471689
287156968,0.8757399977695666
163539739,0.7102041720960027
224297258,0.9486373544757354
391949880,0.9811865465125134
236445129,0.8695506055975218
266593143,0.7613770834692015
267561446,0.02559128079338044
274662200,0.2179791231788476
365733349,0.7867782659631297
408203470,0.29631110547323863
201248411,0.8848596211553665
417676622,0.839163825485678
219850915,0.956785775522956
230127302,0.9289307972626664
230127302,0.9218677762225411
230127302,0.9714115485709537
230127302,0.9256119059824471
232540264,0.7523037951815864
232612416,0.7535013405810291
232976128,0.8286147471217813
52368076,0.7261751407114857
52368076,0.7024891615650127
52368076,0.7805291582064049
233684822,0.2360867148893699
237222864,0.7272635681124187
274762761,0.1663276314074508
278348461,0.78379533394896
288735205,0.7046040688609826
70440470,0.7575559741529392
355867695,0.7822106546403376
355867695,0.7447592009830947
355867695,0.9586211874322029
424865156,0.7061559250558628
467179528,0.7215850850010008
467179528,0.8537724503301348
158561566,0.7085054020972525
142394656,0.7220784594845236
198241702,0.7305949357422955
234523599,0.8129722249608814
237200747,0.0648285279083372
286923464,0.860562169209873
417948359,0.9841604187292639
445859771,0.9836825939866539
234994474,0.947322011889667
233681149,0.12903252130582088
233390838,0.10779508531689874
256621916,0.1543842873688597
358631536,0.22620010495333986
1400770435,0.1423144697939044
219852882,0.8220921609655906
219852882,0.8998589342217815
229747848,0.8685937558268363
229747848,0.7777675905523573
229770036,0.09323240085960119
267263253,0.9458434453103275
279177746,0.13894179139289076
199688472,0.1542730565701505
219015370,0.8643585889170501
219852584,0.7729244481567211
219854185,0.7636096792125427
229536616,0.04301312831317115
237104103,0.9125220782018004
258777134,0.06638984088677058
263003176,0.9257271866959416
293687315,0.7237112868312007
356867115,0.7834068076735502
185405474,0.0411392851047329
186000935,0.13341658754505417
232679662,0.21663348286816908
233735068,0.26888806869795934
277014266,0.271250669298645
287190564,0.046666035753721975
294179389,0.02245909784696861
405904232,0.1903225531473236
11111899,0.08990881608954228
136848581,0.1805346404015698
137284119,0.23445151690932803
15565627,0.06360713200946613
165523947,0.06829127239024986
167098530,0.26329159183651873
89020549,0.8475889702790753
195199644,0.02301746349350374
256886630,0.10739822980377531
266688542,0.22871495401211364
274942910,0.13269239100894933
275111900,0.025438412149706498
330332501,0.14370113775238888
345996087,0.2734247670917127
357457104,0.2642763056039418
387664866,0.24334760100695074
387664868,0.29041382556558515
395171208,0.8319102682949606
42123111,0.21202630540329478
89759617,0.26973400045708545
92783821,0.06179500436355159
160708862,0.8811900844463282
260128333,0.8390983477932771
269701147,0.8297033433430586
269701147,0.8565819244712687
269701147,0.9141583900973255
387834907,0.21890303483030096
231736113,0.8758124880295721
69747919,0.9107094977831933
364186197,0.9636931465623206
364186197,0.7021251416256504
403224672,0.7526049674602312
199444169,0.885884632573791
116483514,0.9120126125609259
158025009,0.7387991814085688
164173105,0.7642009231819563
365683032,0.22340847311337972
357972447,0.23537906887357377
275501623,0.260487396496429
416624606,0.17575731221525814
410153553,0.747676667256391
330468175,0.12081590620450236
230017325,0.02637279097365703
367099243,0.11485633509686081
120602501,0.07718142685838401
129539786,0.11987070369177877
136971594,0.07633798081148607
155005217,0.11367207274552348
155114483,0.14353682294493778
164150539,0.12993904571769221
176899385,0.9425510191824431
190430205,0.07836991948490048
190442486,0.2861549112159607
190743990,0.08921795657019863
240613164,0.023334067969805812
249812036,0.039822011397356694
274170255,0.2660251714738617
313506357,0.17765636729613993
328167090,0.05919480686866963
329864959,0.20235703095327942
343019899,0.7330208627783887
343442463,0.2368838314574912
346338552,0.8689533636349974
62483237,0.7658581089385077
365389353,0.14823757359774875
389182138,0.10289770292644278
416987878,0.09872438432955104
430528566,0.2554156945406264
431156009,0.05455646609889782
468472950,0.09298158428242863
468845640,0.03720295620339394
64553698,0.03571896911485819
66783360,0.04242256974612066
258801269,0.17298957083797056
259126549,0.1678183909287115
259129875,0.06442153209925433
328750515,0.1964848001701584
343628284,0.9590144860024745
377293776,0.9374535749203028
417931607,0.9477193634344154
420112589,0.7558688449724236
198390247,0.8423944264376637
198390247,0.9355814444179936
199376584,0.740759800780178
191284318,0.8993233369746299
311035838,0.8970772619725195
321857016,0.7270303665559297
333473672,0.9828098231028033
346418409,0.09492389842354172
128501004,0.16350282472767297
2041563029,0.18804627962173132
377304435,0.14172471916412582
138968089,0.025692725179891983
25375553,0.7028872835603097
293954617,0.9652933917248013
375506058,0.7448660316358813
198356533,0.8276465067675397
229650439,0.7443548693448011
229650439,0.788657421055893
232982558,0.851240608207797
261136679,0.8880747975700403
235683377,0.7332518202956395
237232044,0.7680669839478003
258514800,0.9451480628865907
326114850,0.14360484847043156
331034236,0.048048093751149636
64836837,0.239762720297934
430677414,0.044405765218274496
415741431,0.22365240814348547
272828463,0.035837151522311365
382302241,0.11754499500917072
377739433,0.1025164729336924
376682699,0.023261000769908786
434718964,0.01898360861145261
269509393,0.28622919981862704
270238522,0.21465092664811994
470709084,0.22118820946118778
376637093,0.9575656682529611
455962313,0.1749797456558598
427761355,0.7399985438048794
272049972,0.09470865168061611
403287048,0.02526296411479216
269238073,0.011103402247938873
355636844,0.23927530060149377
17005768,0.2132016226121955
188768068,0.938863068510367
190998418,0.7852621337450411
236887394,0.8785645431686973
240968774,0.9060523377350387
243185500,0.8967430026420342
243185500,0.7330612543367334
283722336,0.825332719350551
283722336,0.7659611190414417
220435095,0.015511396973384741
284441182,0.7039138163267137
306263608,0.8443596844382657
306263608,0.7245042831007009
306955329,0.9532581189991713
352413427,0.96789586104138
427654774,0.1515954262277789
432549364,0.9011100717850102
240681314,0.8487058507588049
409794137,0.7766788010198047
421308357,0.026107022322895676
393940766,0.9631171040201723
335483600,0.12826360742630413
197650870,0.2737453601580434
452803785,0.21131563287875965
67309890,0.022610973042419928
233541860,0.16250735659874513
354594208,0.2267834390748566
15692883,0.7513917802168375
411608801,0.8156078901321737
431148743,0.21782774528292514
384045439,0.19057495152447398
371673488,0.09653173324730327
316402246,0.013426735856119332
414870287,0.1906134381677642
271893367,0.895392385559753
377420580,0.2285974428671063
329145325,0.06869487786298041
410528770,0.2440039786385274
428065977,0.27408579763352087
292321872,0.15222383484811555
302773669,0.801092438551479
307111282,0.021567914589262778
316254876,0.15935792783230676
327011842,0.2910918116336955
332154944,0.07299720115240944
348135793,0.24612530229294763
354400186,0.0904158747272504
403136413,0.24441244742759954
354469661,0.7214581933264753
370759867,0.06523195973853939
374400599,0.2880037384914145
403256331,0.1715746862852412
418987806,0.07120177926179366
444415148,0.08235377805062416
458914949,0.1878508319235503
52041724,0.08678466805966946
366074069,0.16308470033927097
367102581,0.2369171746812744
387413037,0.1383615903564984
314338017,0.2941390395159724
276380902,0.2678051636878227
313761775,0.23966959222437464
312259170,0.013762822395511482
312469860,0.08750668530828566
354600221,0.1458309169058085
420288086,0.033684197144119826
445137888,0.043325912693336875
252636888,0.23545775260646162
389525208,0.043000283138812614
318746829,0.2614347006453198
319068154,0.13787216341789482
431585347,0.07079375951303749
127425841,0.09598826846682872
409520860,0.20619798397514258
191146556,0.28450256629027926
241065596,0.14003614055835123
326919774,0.22808865919046734
299158887,0.8797923773637285
441732151,0.20107421724834812
405794804,0.1868422187869876
320506985,0.11114550271088801
117322779,0.1310226097223624
220518305,0.062000870338024046
245462406,0.11288066252448256
249862365,0.2543136202073162
256414077,0.2515170231181357
259151170,0.1965087240210964
284050395,0.02064552117182472
285666479,0.14554260109987657
140691463,0.9816210360827677
285674856,0.07740517921121291
285677945,0.22033394386959923
348673213,0.23247999945378126
79395355,0.22983165672117228
396562848,0.8808118200779159
22843856,0.039243759600730135
184679932,0.03284393896117643
154927364,0.18323399923362663
116608612,0.15268002900948072
350743714,0.28691044015594513
122485078,0.29962389769922954
138168780,0.9462862026149278
154867950,0.2901616623251897
71854745,0.0861979027666076
82010657,0.2376229584437536
186599508,0.11684773538293819
192372961,0.05579614335584176
201154493,0.24218155472580416
385105624,0.1765547382416313
431899140,0.2783020804914162
68152139,0.106149922076053
129979528,0.8504165110709087
253917293,0.0635467661942715
187029841,0.2775719022468957
139375960,0.9072778812519582
73448352,0.7569539246410376
118301361,0.14815119068398344
101037590,0.816621654094773
26433869,0.2999430222459613
138017750,0.25675077359488374
264678534,0.7146499233603893
268403451,0.877042526499193
272625214,0.017070794168520892
317397615,0.12128268822923872
317507345,0.08783815779999474
322202434,0.17479095282409743
376838000,0.014509300171720233
377144784,0.11301283207142969
388076005,0.11190482039387306
407394748,0.2298857183330152
461387302,0.04892645116902542
470852531,0.2206237669027577
157586003,0.7523061969697256
424435940,0.7443390156636873
284475976,0.7984761158768734
310003988,0.9163954171270524
179317684,0.9540496975108156
317597583,0.8018037771291395
51024887,0.2190998957778338
201186294,0.7096897098695949
230086768,0.234913163407851
269892793,0.03953644510252719
286355915,0.10786594454172604
28900646,0.9085943362253002
121966220,0.02914581623794736
183120439,0.7882093595893276
267574918,0.9361806512801971
268334473,0.8980117576255533
353475866,0.9060356763253113
396740648,0.9043820081271062
422756130,0.9412301258749816
470381900,0.7854927061883143
27677846,0.13716731280539204
286561122,0.033953337392462896
288631580,0.9169478350827758
311121985,0.16201106569822302
312122956,0.2656275531493972
339538183,0.28507762014613836
353367071,0.11456441028656128
354006740,0.016630237898618328
368536386,0.24238725908796466
409183335,0.07087828816810396
417705690,0.20433253932033807
428679607,0.769368650887411
441739020,0.7849095632181229
441739020,0.7296739826955083
468828873,0.25953216561002274
470315428,0.02260367456667532
73104318,0.2808395067026416
8400842,0.9116561848976534
96291218,0.10780110269599527
9837861,0.09747216610333843
259168516,0.9561793163884418
367366318,0.9065676275431953
58542531,0.7366491307965073
425997655,0.8829473284442128
425997655,0.9089781971379767
425997655,0.8737632617000601
425997655,0.8749257735380095
425997655,0.910566963885382
219857012,0.933958766926363
219860288,0.7141348643241879
229455001,0.7776979576473606
233602827,0.8998245665108783
233602827,0.8959147216891191
23650642,0.1457995948401312
371210825,0.042338302563454944
95129101,0.09368250571239237
137500798,0.04127799828013783
240148934,0.2134563973256675
309257814,0.2639855677037276
445805961,0.8518896292456786
461662295,0.23858680024929133
67926921,0.0749934137462367
239154970,0.9092323828453535
142090065,0.1766289592281705
14336130,0.9095169007754746
29857954,0.9569079422600705
356473034,0.8883498954379264
51234631,0.8688138781837098
71431780,0.8062854357973932
81212286,0.2940641669686781
86396382,0.951939294300916
130181866,0.9616729154906929
130181866,0.837689082556792
285048486,0.9460259596373816
298666530,0.1565757566262333
371234684,0.8159814813487983
53427308,0.1631911211349078
408618999,0.986070990188491
159418353,0.9488702341665858
86280613,0.1788809744682628
450327768,0.149378069855616
172518755,0.727812091988717
207141131,0.8094628425377722
304142124,0.8477222482858455
286916251,0.7759471938111296
135083444,0.12788306939314892
138819293,0.8120053389773584
368435330,0.7155581689444318
368435330,0.7202547410698953
233602827,0.9630490374699536
307210830,0.7633387238730535
307210830,0.8969147835677161
307210830,0.9200968717119322
287080092,0.8056088454172978
289580577,0.8875579935871953
367858035,0.711869390843623
408636441,0.8410091008485097
272086159,0.07369651856311493
420112587,0.13702130299413698
67666096,0.7602591621778991
8767448,0.8109648207230193
137906197,0.974407788644954
262530407,0.7302981086579717
457138169,0.08152179198719477
252479260,0.805994662281876
85293053,0.97325934499162
332064670,0.8200908845256905
4897275,0.8483676736080029
9348006,0.9596208023297137
21535395,0.7722557334935478
29191624,0.9850697609730263
39699648,0.839842549862853
67646988,0.7735168974466295
251848941,0.8120663839997888
251848941,0.7268018066795181
251848941,0.9241441250907947
251848941,0.8388152158492547
251848941,0.844588330758929
99834717,0.8505153910784731
137881699,0.9292269943993517
160045097,0.7463912069615647
160045097,0.9876476078416087
207468071,0.04033069669309889
162689341,0.8106790142718219
300871545,0.1170308733396346
165987272,0.919848756179084
168699373,0.9663711802608409
404505029,0.9617713742641447
258871793,0.02961411310492438
198108326,0.7681740576448399
198385543,0.9234960844749771
54002556,0.9823008535703908
219824469,0.04259950040019392
100100827,0.7183623993626724
198153540,0.8882994345612724
198153540,0.7698860140603937
8967242,0.751348789497526
17993892,0.946827307282136
119584412,0.9326595837092948
166648874,0.8294809786032749
180695581,0.9010535100166737
307734817,0.015932238925402943
347329162,0.7842784349813076
76923707,0.9400244300333989
373693175,0.7022693011007698
376524552,0.9003661601685506
377290815,0.2255640161675158
233720539,0.16208834553020662
393831507,0.9239445019514907
82308728,0.8229618421948957
142381532,0.8333413132174418
142387023,0.7302883058889592
229400092,0.9760952076365008
390651552,0.8577343552859858
232982938,0.9758142596531243
183979262,0.21550198955936023
20182165,0.07280811017575035
61098812,0.9656023546271744
207468071,0.986589726876698
260849386,0.26604281911692584
293435336,0.9164742438702563
142087638,0.27520294038675097
142087638,0.02106689883010024
212957629,0.7187572786083617
153078576,0.9208349080451794
77031414,0.7646133492687907
122612091,0.828304196186839
162802770,0.9048543845548849
448589187,0.7686663804968641
152852327,0.7633819581498873
159951311,0.8456438019301822
29830212,0.24610207267194795
334911765,0.21894795328191363
302659412,0.26145398362493755
400323948,0.2196945531990693
141663464,0.18795714424696233
190271688,0.23146767400549997
295354126,0.06611896579095836
293708935,0.0528649406723136
441462736,0.8344754812853832
298663873,0.8535866034276192
268823307,0.7762369200459954
176956893,0.9658197552951318
260609205,0.266664658204758
401604346,0.9730064098336159
271478281,0.7546213073221765
10837041,0.8995917865094463
206498307,0.19192001826310173
237320326,0.749586401842083
237922465,0.9733189561353244
49617263,0.1833196276298445
65347776,0.2721167456399458
120585579,0.04017271552718049
268532343,0.7395004960548626
70524163,0.7965541877688598
313891529,0.22107774496519958
164767175,0.8387386821899744
164767175,0.7469959819045963
277871306,0.12188200141701648
348684813,0.07697709260196206
348835438,0.8851102732924848
166836920,0.9800676967205043
253132689,0.2500926917564251
467281353,0.12030185131536535
383531859,0.2658190893946584
458856474,0.2437349675326339
458857720,0.10384664736529862
12421862,0.7117189954446983
127793615,0.04993050633891982
89535068,0.10753959217355434
162246865,0.2459079065456218
372172128,0.8106442603099608
389352124,0.8349754666774929
100566492,0.9261118528053665
369455629,0.8860294042837199
150098860,0.7594065701191581
358107516,0.7227321247423643
467971286,0.8544364700218454
260298958,0.2714482985549978
381856447,0.8679917963089145
90850770,0.7973669790697933
142937186,0.9521234017101724
258804746,0.9749320039206609
686072378,0.155444745613986
118327550,0.7798888187457026
190081497,0.18913107576474708
179033846,0.2607883571405333
219366908,0.27607742896775894
161156159,0.2011795144071704
324395151,0.26468938755857
309792357,0.8987215931327913
457939414,0.05214710358067921
82707763,0.09434364851452084
147340931,0.0384837675688689
453464017,0.2361396754176153
445903569,0.8636803175337778
275384718,0.22237880983154015
429295277,0.11928557995236236
410214986,0.9301558182483078
371188886,0.9774047374091754
371188886,0.7487004529315464
356453768,0.2644714144404336
316937670,0.26275269474846746
212253390,0.9284632227888368
425561347,0.9659527824219458
144440290,0.126806101046259
441420236,0.8116354324379187
168871868,0.05883652304698719
318753380,0.8816403815343705
439867639,0.7801711719243737
1167538,0.9650061319970475
231721005,0.2829499581615108
170729775,0.9400666648763291
4294779,0.17603230183903354
219208037,0.03725143889621215
220479565,0.8343045779989734
259377017,0.8778089152192794
259377017,0.7562428328560157
259377017,0.7086898513003341
439610306,0.24279783393111046
70887357,0.24330339165815798
350618622,0.9276884721331711
26547036,0.8221089794688368
136916387,0.7938793174981617
136916387,0.9678668881253383
136916387,0.966972883015504
138294130,0.93447326342356
188589164,0.9635972701851658
198588220,0.9449119867779687
368287008,0.9859332737134938
61733521,0.21535444650349136
129432342,0.02449877277372391
394722182,0.8714452639364456
389238529,0.2883476745055894
388130235,0.2609440864025652
449197831,0.930081826480738
192790476,0.8885856512625395
158623531,0.8753445307558043
411839167,0.9818710638655583
32949762,0.8929170829719822
293612446,0.912894764993633
31114545,0.19435182815365443
117843067,0.23337020153427734
455036659,0.8229964037580259
452810327,0.2743368784183861
332660287,0.051372550784294646
332534326,0.8562632567171458
269077474,0.25396009851848933
176314383,0.7889904364104937
268766053,0.9832914327640506
357416482,0.0276209308855797
357501308,0.9390394980098867
159781361,0.9501444582103266
39903405,0.8324634656676955
236312126,0.7711667253952685
11996814,0.10106738052014713
255930614,0.8806418582740873
394050135,0.9734187632968727
335996558,0.20942461820943217
336456596,0.10354712639185915
445254275,0.19809871202531432
98494121,0.14129939709870323
349786918,0.29978015460889834
152714791,0.15802209549868265
264303333,0.27259694694222636
160148385,0.8938798760323861
373453507,0.17900419215776436
1449756,0.17890052552884522
219151731,0.2899699079305907
328934463,0.7168400123463052
134315574,0.1575235115601012
382188882,0.10271655194051625
130611752,0.06795000428381415
443556801,0.7192273966361721
439456714,0.7100039407061688
437893926,0.16986652777324512
427279997,0.11676218912139409
54364414,0.0823479253563205
269424395,0.17263691408158016
270333769,0.20565444388923956
198485881,0.7038706295400372
219821826,0.18298354870876807
47484268,0.2333120073633189
232568235,0.8593243926271644
8348911,0.7990531324103172
459837008,0.8047766955626104
459837008,0.7945282193631953
282498590,0.05689580230969583
97568467,0.7096514429458101
263179590,0.8298912482616456
279740441,0.07543616321444416
34466256,0.2953822002836954
91869778,0.2486342729815818
468574941,0.885581933338474
363761216,0.0605481955874146
159873822,0.844590819721516
1100766816,0.23268947371206225
315755496,0.1587523116490737
378355116,0.06707834938425407
326732851,0.0395079894999313
403308915,0.0927370577339127
55650590,0.8984486891954998
285542903,0.1938604929881775
327577308,0.2179126878892515
289164482,0.8580427520072613
77044471,0.7715276100357893
184240683,0.7527920935449066
52689469,0.7300110018064321
124778445,0.7220040733818509
224225541,0.9408886864644781
170103435,0.2412615319648542
124702477,0.1209136155121346
281979481,0.28128073040511714
280212554,0.011492064793866621
279989567,0.11378674586313721
148233571,0.2189783812427562
373785851,0.09629124945004612
115524421,0.7251129008072887
141663460,0.03704736831932582
417931300,0.8246607159070037
260271203,0.07610458440694305
27491137,0.9056608726446848
27491137,0.9616714388101701
115446313,0.12423507153832739
329148988,0.7519031028855366
120610833,0.7851637228777314
48178229,0.015391919564436446
169249234,0.8189980646611563
149601126,0.9781937564558778
149601126,0.8714209481599229
269333648,0.8853264035374365
36574157,0.23869936225256427
319735319,0.1727187860396825
302766000,0.153173615281412
251209368,0.2842908683208546
27491137,0.9422436726853644
321669174,0.7958370922235053
441738827,0.7739303138687115
441738827,0.05995930835342601
197959526,0.20998152061550165
399967279,0.8573670266347193
270604417,0.7603850054112261
341419787,0.04491798582275627
149845414,0.9083450336625805
73540072,0.8314857185097717
81247740,0.919577740139466
224313733,0.14589002944624893
229742722,0.8945883530464406
279741379,0.8339788216937376
279741379,0.9667534899614746
202426247,0.8055171284718348
321668398,0.7286482188894792
356919658,0.16728687441084736
229791084,0.7105202695226406
441765914,0.9002125604719667
235678745,0.7615443306144698
235678745,0.933355429808125
142748283,0.7955279600551766
142748283,0.9769437116047719
279982557,0.06412378464379681
230386397,0.22599235044241103
204376737,0.8216464720227481
61980227,0.13794052481770144
274599700,0.16019928673221223
349488688,0.7600876957086402
349488688,0.8257604380380215
402026209,0.9085031747482026
207501148,0.0957886336723853
300812741,0.8545432815044378
444013020,0.8080427692414942
350293646,0.8215354534454417
350293646,0.7543496343436888
204317710,0.781016582424195
294500964,0.04025213512394317
144043410,0.19291708742695401
155491828,0.025261177289491156
92226327,0.8791500849243902
400476523,0.1823281463258859
233503636,0.21158514146856566
233497719,0.075224154471046
393911494,0.015784702092100013
446549906,0.8317933096697662
300812741,0.8660164549954201
293527670,0.17378523845826227
394287035,0.760780892578237
180991313,0.7043357516115144
88902249,0.8727672720857599
230001847,0.9774262613838909
92226327,0.8764666963438668
258920431,0.9674914454659226
200723869,0.7795928577877204
239816546,0.9705374163389324
239638934,0.031112692381452756
59859387,0.14822757495047745
348755728,0.7413905244516721
258510872,0.7007407176709837
459997997,0.155827594402332
392476080,0.8346236811917348
356235833,0.02117808626966211
1400212743,0.10046240834403633
54464870,0.17467457790700028
422838133,0.06113402643532123
279212407,0.029568541668540803
17416749,0.05855988074532116
236387002,0.7080561838664796
389900760,0.7281745659616061
311408969,0.81921362009583
24358417,0.869365889724392
29959761,0.21700661978186067
100267480,0.29179315778490844
100589632,0.1726107877703317
103751498,0.9223141340835685
350445771,0.28390424819029936
102713734,0.7555931318148428
7548817,0.7251042401882851
62530991,0.2482891771359052
68007716,0.9035687137568605
157698565,0.8282620334082236
12862099,0.7201606017774468
420645189,0.27517836230353954
420645189,0.22271575362521234
91987762,0.8806021890910493
172370679,0.9222110371931086
166739520,0.712528593379163
178879588,0.9641767323006994
19684256,0.7704155262913538
272212970,0.9501753875181165
77156657,0.8937375115116846
272213425,0.7671123839139445
429302040,0.8307972617281836
308098254,0.8149406312611561
453789494,0.7616083188965084
159742538,0.8408652117493999
116242971,0.8641477543606848
116264089,0.9896637098148731
21744120,0.8522513287628434
21832928,0.9462276060070485
101721385,0.8511744728448329
320798691,0.7121900156012134
27848472,0.8362176284713959
358516596,0.8326164384073327
75878355,0.822414877756983
75878355,0.9415506904037745
76419763,0.7986856738382896
219766989,0.13295563044992476
124095888,0.2826437714967543
9727392,0.290724523395367
31656385,0.27913368116687737
39414571,0.7183299294882292
344085117,0.0853160526949425
401125028,0.7051802814930844
229285649,0.27908392582631636
12036590,0.1472579865603679
37749396,0.9667636315976442
189625051,0.7579853074121269
37718056,0.8967391075508012
232038798,0.7631589607986341
183532609,0.9391662689289172
437261733,0.8214548467356207
44745133,0.9664567529780334
50712784,0.8409182487150307
53458803,0.9511289596247885
53750200,0.9531019853874232
98283926,0.982093316662572
98545929,0.8891377550240938
339522221,0.9121682878768086
308425348,0.2290906624312938
102192004,0.951190633490719
183537452,0.83366781584344
363851359,0.8550143547038495
112099249,0.8609698555049919
112604564,0.9736951724691285
114299824,0.8500666527375298
336128819,0.7393034392057647
336267424,0.1953630639516993
308172249,0.9384318558351825
399860444,0.7265210667708816
287256467,0.9575841866672048
88992642,0.9505087119656275
158916431,0.17163495597988154
233569098,0.028686884333090308
305048087,0.8107874836384706
189620016,0.24062202222554838
332558858,0.8489905482796724
439366538,0.7901134896565767
201177276,0.9745360736718215
9006668,0.7295132646499944
176220787,0.8517865064193553
63898957,0.9624556349185026
63898957,0.8836582907121577
268914377,0.09602039849785447
70513361,0.9605648638991318
371443216,0.8118168595019083
118956453,0.8795966925499111
143143769,0.8645720728695856
14344979,0.8919288814240502
207077681,0.8200551791443047
157266693,0.8562384109835076
183985250,0.7307365899670131
160578764,0.7962059122384249
162922904,0.9223343146145422
386259537,0.7350442673468053
172598832,0.9487919815378234
125739286,0.9123286791877907
176685457,0.9374323564628774
178289267,0.7171157538340074
268301217,0.9528968379935996
325172035,0.09144948972028276
230267547,0.21775156546531632
23389848,0.16608044811885628
395393265,0.7681916410693244
406855039,0.22690094664279256
428787891,0.9464971250970582
461591646,0.7330477589848841
258402425,0.21615708138378584
298495970,0.08661288837489269
342642208,0.9011022891833386
55652896,0.9090274652086712
55652896,0.9419569075932763
366563452,0.17627419466474273
284564230,0.1665255197419759
49967354,0.06690135551079746
382602147,0.7205782107571193
32487566,0.8824624322683731
9725627,0.9452547921535165
403288821,0.1656465870154161
120916706,0.9417361951083775
231703293,0.12255619479194207
211438925,0.7732895067478386
167009792,0.27282687449988724
308919449,0.15337774018008032
461080504,0.12426513885342214
357536526,0.05276397387606863
127315102,0.1614859853814571
460140752,0.2829187391676052
31268146,0.26217805895192037
230982885,0.7747660137677039
327663613,0.04684670052996136
394509844,0.04211500513073352
242536549,0.028667785687971882
166184426,0.21222632663042815
160162987,0.08583159084012609
364075352,0.2759624568479132
260043723,0.06999237889313209
293567206,0.19329987064590526
405717754,0.9353388827835762
123495874,0.8430826483219186
123233041,0.9343451488706254
164892194,0.987399540829528
237913194,0.9486292278367878
155867025,0.8030800590209505
339250695,0.04186333979342602
116257066,0.05510456192192593
49710555,0.07347627103362278
361998994,0.010369567026808454
188593930,0.21076134090483273
284254253,0.014327156355649894
453289469,0.1513096886908754
282091493,0.19773435424307598
275562670,0.17435263954064678
9032368,0.018846620524488163
321436679,0.23332468896495676
286696848,0.1780628052959505
29336129,0.21378489648328308
22020459,0.24930285478534997
322862882,0.12137285730042285
175476629,0.0496188626202801
306547699,0.26448508539939547
309436531,0.10409772885795619
305739565,0.8860039312402497
254629854,0.21392630265266654
382474101,0.2868118418560017
284747017,0.2886633382437165
467783290,0.06940373124735605
281196902,0.9247816385810212
445751830,0.7336959907931473
27244707,0.21588913046712443
188570092,0.7228827210945752
374847873,0.278794776909775
327952677,0.8599765132940596
304950588,0.13505368302874754
303883880,0.04072355949609332
243641947,0.9754715267246552
21113347,0.8606016305948915
117689799,0.2606058808920648
86451883,0.11381717771869017
278968371,0.09262741808219768
139285736,0.2638159707650743
463203560,0.08909058912914364
462162963,0.1296186209503049
441334829,0.11724076292511551
103245940,0.2446206755232115
242460075,0.24966957238171048
228381868,0.9667955594231072
40779013,0.05760380001763728
106224626,0.09215646653712423
373576942,0.21302259993882133
20892672,0.23494741453803145
470974162,0.11719784808326217
458419328,0.8944814002455821
220396259,0.2923749239934537
29117085,0.284071358034421
361343239,0.7272616333931639
287145649,0.8092324043896469
141631253,0.1310095312447255
112037203,0.030254818681537538
76505260,0.2181828406876455
358070912,0.9621395310045173
89876424,0.2219098107273023
67247610,0.057398938121753174
27916356,0.7405924388305117
27844066,0.08147003253058005
294599100,0.2413174994614851
17865622,0.8458916946997219
291147951,0.06548741935246216
16187321,0.04989018175795761
167418898,0.08771340936495947
308073360,0.7773392220126975
155995204,0.11562493603131944
841226527,0.18786128307207278
34505005,0.022017496860965675
166697854,0.03888012480531701
468977648,0.22363562308007193
400395395,0.1274120414115437
386297468,0.18768522107565935
383666033,0.1629269475886435
271167979,0.06398510095239515
269269740,0.04966201944556856
271042173,0.18561787947717934
253030300,0.14902443468814403
393251073,0.05916601205662975
373614579,0.18417648234483297
289661991,0.8919461662297637
138497780,0.22332698010683014
207084429,0.030921656074221406
45684223,0.030411034065687702
454248975,0.7879306022805321
169765334,0.7312956107583948
31697707,0.23945637858439114
172754786,0.11037290854536713
193708920,0.2830659923360225
169461816,0.7978309674362246
1965256662,0.2914261462426777
169187982,0.24741010577591765
160390955,0.9737333563735335
220016044,0.051733499463308415
1976308113,0.23137310720486323
239136269,0.26801098902130643
95660472,0.9043459995891813
229091748,0.018296143118734225
39077574,0.21696195120285852
145750719,0.8128659741252093
390157607,0.03454937858410714
262530873,0.06639237757395643
369861731,0.10281962200055306
262531275,0.27556350027516957
337274055,0.10006594068467727
327210623,0.27096627871194423
310267134,0.06473850734746345
139285832,0.8328510630588766
306648160,0.7414508497764711
396133015,0.7652170423365443
358186451,0.06526105113060612
316606244,0.13107644323941015
305478010,0.24128880581408518
295413003,0.1126402575524124
156816238,0.06652895430375176
149918151,0.9115871161754912
300810086,0.24646497581822024
357538688,0.048375182551656466
303867090,0.14639986652938103
464067218,0.29607804612675825
114749636,0.89618407934802
463681005,0.24299747027745405
305512837,0.21360611853167655
194795551,0.8507186019708483
194179013,0.18322779100824
440113053,0.8287671226365297
267650535,0.8927266792489683
13023738,0.16754285711633246
267867517,0.08025390247394587
220076110,0.7261595954490294
124379043,0.9441427266810243
5024743,0.21811831840457127
452006073,0.7734333941371365
58046864,0.1593137384937435
131581531,0.09739916914557753
41865539,0.04162501582896544
391903064,0.7123144168931759
267484653,0.19410249741046115
233948455,0.9302782318899767
435861696,0.16137820763254063
398912927,0.17994271586683735
1979500576,0.23479618514055348
78775584,0.07313067082589382
105801221,0.2024855730461121
131581522,0.10543819581249068
151483286,0.7744071474106462
29781292,0.8076379182706582
29781292,0.7123173800489321
29781292,0.9823529262118733
428699140,0.851131555636736
376740324,0.0828804544446569
412259468,0.21072220128133248
146244533,0.24085222652470212
55452495,0.13277598051151665
464300749,0.9008017654970629
280655495,0.770709018574287
190981760,0.04051546161319244
155986102,0.18337208009208902
131036011,0.24698006547821447
455784423,0.9461627585936486
189380158,0.9366342813532019
429414530,0.0371775918892865
80478272,0.024401744201557864
61205803,0.898511503689469
453230066,0.10166352791107261
268042363,0.2734919355049321
114103134,0.021521648957602044
98286422,0.20213649326783442
120723776,0.16689566164400366
104022675,0.15315414440974098
185482513,0.14898236076047203
184670625,0.05577617764881973
130191319,0.050303202113818744
116156517,0.7428606355250287
129881395,0.18064122419550208
175079720,0.10003156405244763
173860688,0.27884631251659486
419419534,0.164800650765681
69838258,0.23380219803367275
71854732,0.09094445508100549
374778982,0.05299392049630138
81231810,0.0523138853616933
182470056,0.26915628109712475
277103955,0.21076791891204674
178162579,0.781767538954721
387342052,0.7677447313657644
177612321,0.022244227492543796
285524410,0.031376077024579695
61117473,0.19824001197544974
9102327,0.1671198054516818
80174172,0.14668401112999507
153197346,0.13523861043059884
152685831,0.07695057309416341
354151219,0.17874174984217436
346626688,0.9229076369913648
9033144,0.2460119260817242
50943163,0.09506091491666488
458876004,0.22160222380863048
34551972,0.22192320972210955
437156845,0.2721270675183586
172630205,0.17426427358104948
150030205,0.8153329105554816
150030205,0.715043313222733
412257781,0.18126620316398903
360816293,0.02008179745229828
7904580,0.13881978539660983
415969574,0.15459589901726184
293978434,0.1595506059454245
286099128,0.7523776123946225
144970275,0.1729098695602681
283702603,0.09994275959152749
77031413,0.055527173275714166
285272237,0.7951578778414276
28873762,0.16019748202543493
245509452,0.9215278076634535
240823272,0.7977762351048896
155807906,0.09801000983579337
151930063,0.2895276736207947
123106490,0.17498401667899316
4999813,0.06805411677389617
146836153,0.08260787894464522
66356824,0.17579304421394146
466318137,0.011530034978141573
419946164,0.12847074699279176
238162973,0.14907940589926402
132320310,0.1286260615136329
208030798,0.20636810772774655
259506033,0.7850698901341827
201233610,0.25745953487132794
290302097,0.07439329109279084
392112968,0.1848101108659971
372596796,0.10196641548072899
149282072,0.14754299785710745
76420654,0.9897796476574017
8599009,0.9276283759457725
157236902,0.9065944570573194
268604331,0.8012223746533099
48506505,0.7506175166771416
75262942,0.9834247694761546
256364928,0.8031721937821108
27318774,0.8730901455158508
37770169,0.9399518286268103
312548415,0.21496953049170442
20182780,0.7784792360947744
604863428,0.28581329540544653
470911286,0.28408094356771524
444413256,0.09490607873616327
219388773,0.04459781429953272
420446142,0.23115161094697126
372505528,0.0969434107696568
347011522,0.2098042691863979
169532369,0.08336414638885407
192520375,0.2362295697894539
82302240,0.20480219578797432
63211674,0.9395060132881146
122441491,0.7942837388387687
264508014,0.869360475675389
159098316,0.7233780125027697
399794420,0.9753094755362063
64531556,0.2773693684811498
126606859,0.742793993692334
1528696,0.7061902550606691
377873569,0.7595920613294096
239332587,0.778723219636326
27990610,0.7362458747470377
209752908,0.9773669373185647
137903329,0.844807500606545
99224131,0.8160339581543898
47911178,0.9004129019584406
268372005,0.21601213317977214
284528889,0.22211342824342284
35857242,0.9785666478635693
83053699,0.03185039167835957
395773226,0.03613374464355443
379629854,0.08290285471912685
259701242,0.28557724901730075
352682207,0.8605394362640684
352682207,0.7573314224559479
352682207,0.8326733522434968
77102895,0.11400029816469627
75208638,0.026082361389910713
74484886,0.1004899220159262
74197917,0.012504197263409737
48276576,0.18613253099665178
118308828,0.1902295715246939
341272282,0.28268477139817455
151920165,0.8936263280897174
269269546,0.9024073748303846
267572272,0.9364506022969836
139528693,0.957556362073402
268924036,0.8041053982335793
193336820,0.781865377643508
120826158,0.7947916656180201
305943739,0.26596264478293713
406190563,0.11214353755336305
52640302,0.950375629312569
142532090,0.738064724626504
247873937,0.0200104429745868
59843967,0.9507010527684877
284305328,0.02485360047612624
120896927,0.9796889897288326
120896927,0.775246760273342
363635669,0.16169777238816688
407146536,0.2088150454009906
384386061,0.0944154303226772
239372503,0.05158205129418518
349972412,0.7405958227785696
349972412,0.7772486697648965
257605131,0.7596178342444183
257605131,0.9058966645696379
257605131,0.753279549809164
243014114,0.7175698031823446
49705089,0.9450930600345209
257567854,0.7996947067919647
387603144,0.26112493546225973
367913453,0.1414850489345653
367287018,0.0693878845549535
166833457,0.9739987707851518
307956396,0.11060772034519101
255918903,0.08036600730463915
459942762,0.061086549148093264
266843799,0.2479239733632609
366443426,0.840305835600032
366443426,0.9834752306429486
436875934,0.7495007459880636
456862677,0.8121994677312475
85593751,0.944929705125291
301289516,0.7059500380890479
398572544,0.7311549102372848
139733308,0.7905020833289101
404243877,0.9153891740418686
439842788,0.7446058591168478
369480087,0.2986965466932736
427332229,0.7306807359136636
333657795,0.9234986335066601
36592530,0.8822642684556028
39926974,0.8002647253469335
380887434,0.792807789944112
170102285,0.9212733315281524
279605855,0.16447522671630213
176984236,0.027629983104636546
236775063,0.13792492141649576
235684392,0.131546298591887
153065527,0.7578332908639994
153065527,0.9833431718564208
44898913,0.8735135994715988
144193715,0.8917444952750606
31374837,0.8995942685236822
31374837,0.7973383768758154
452808876,0.7713978922111626
35022727,0.9850787263010452
262662119,0.8361371094640376
376939759,0.777606099005352
418761354,0.7650236950024154
437704321,0.9215059413551966
26017005,0.7507292210213858
380907135,0.9758135412981002
262715204,0.9330384982255149
262715204,0.8889159246408587
102264230,0.7126223753933798
60074373,0.12167090540904778
365639282,0.10478771996371242
332630868,0.23533225841346472
268439377,0.2944380503887785
162577466,0.26740302708506347
159334269,0.15480897630622836
7020254,0.7347084749771051
38686737,0.2433018831030565
404518509,0.8606243805398412
435339847,0.7382656118997498
610976842,0.9257850704581337
206284139,0.7501644921677985
98796344,0.7592661360532702
204650483,0.8336833509590413
271169413,0.7234496630077015
172464366,0.07329869831487325
306362738,0.8830605578695807
100389539,0.9018291209097247
176778112,0.09138231614927379
399444057,0.11054663850067
310002617,0.9465335402766912
167754523,0.2156632352893155
289316336,0.13228937831102777
256722647,0.7434081722648238
188989177,0.1348134666914168
47617038,0.09275652484560365
178959058,0.28530609350002956
443658196,0.19330281088911522
166184428,0.7355632985129581
399642071,0.15771753979680986
7439481,0.017584583420667384
78055054,0.7653451817276221
77228304,0.08055342995057198
349576261,0.8776878949721489
400786146,0.013094167852683384
149126400,0.12627206663659124
137402055,0.7616539700973128
48451130,0.9298012408301105
317548889,0.9240203330354663
126772538,0.16827019607105279
339672028,0.8961590281937423
206466531,0.08072738652316985
237235093,0.11557191924059457
100990000,0.706105040192782
354944123,0.8179329213746478
354944123,0.7639934469932905
389371332,0.04148517658959465
138364831,0.7394514505559019
27769688,0.8903620250714953
273231214,0.9677990432978458
273231214,0.7006239027026423
219854519,0.778866048174393
120255950,0.835397762666864
393414358,0.9137354424790505
374200604,0.13257480044844716
427348923,0.2425452615446016
80029842,0.06267236434976117
418971787,0.12432206650950993
100990000,0.8380458523566334
230075120,0.2800751740469974
198616607,0.22191550195227105
7624182,0.090620698273756
300011941,0.05246396914292817
133505138,0.20409185754076256
44745077,0.20488552776091432
314724818,0.10509798002119387
137683938,0.8948607873510765
164458714,0.8254149531961354
356868487,0.0705054148124357
122785299,0.9224920220114663
399954349,0.8694440108352169
399954349,0.9560542261547023
158555987,0.07512630290127467
159725995,0.9627103521790541
307809773,0.7538798169914275
307809773,0.9834976153969752
9804616,0.24385606685426994
1001477809,0.0760721976543388
92359850,0.22719894945302171
141616639,0.10278526994437605
141488193,0.8944456898588614
170634116,0.8788449695982198
71396541,0.2172323081037485
420803693,0.027508801773691874
288471040,0.2525758484847212
417646390,0.7469037803366961
257060897,0.7935400077701336
408729765,0.05704702341000339
325680697,0.24072809981476298
32499655,0.9789746640097983
343708863,0.12000760289488865
394918211,0.9621903251581283
97766057,0.9406871793765827
384744828,0.2416212123319771
232608943,0.8491436001825459
232608943,0.9711794360585346
467651916,0.8411163133760924
437856897,0.7755434509139238
27039476,0.7608801307142026
19155785,0.2811901821665174
68577662,0.9453862980257574
4646810,0.9062369214423314
1950736,0.28222280034243924
97735908,0.8252801203095332
422655579,0.7549476327649796
99330090,0.037916784051624575
86263325,0.7194656541845212
271900960,0.14323643750437673
18017227,0.1339760640716734
165464482,0.8984407223078965
371711170,0.17610674505089563
279947414,0.7911246221506645
137157546,0.16195012440699272
152476657,0.956615886146344
470171739,0.8857876057221156
467331291,0.8916303902267321
461538935,0.20433668136649147
13021029,0.7317602121843271
341805908,0.16983892689548855
379723086,0.1308884502176931
107728509,0.17947184359310037
464646604,0.9666244817681303
143350972,0.08503302917433885
284326455,0.7162033250922113
293457754,0.708052888425735
56399553,0.9008493693826477
84339983,0.8687870075524278
89702406,0.10020789585259447
404421005,0.936807782623356
176831592,0.14834910325345627
250386181,0.18065686630780595
382391899,0.7461841144421558
156648452,0.9222877446750903
49899799,0.15953762460324736
377165123,0.14553280243428818
339733013,0.2491043126126854
206541859,0.860838358414741
316916655,0.05149853830163093
366484980,0.9816532423158406
35315453,0.053469074424046054
307958020,0.9220686813466514
17150865,0.1841059225414652
337129672,0.03376899891726802
405484221,0.07460081703195477
58824746,0.7394884696941424
398733009,0.2789784576102508
436873727,0.7846977159310311
139118482,0.08709410433565846
23769326,0.8934546284462799
1101909431,0.12097628175503157
456042145,0.07958039766571993
435167167,0.06504247439118774
29960109,0.17264361602368433
289988797,0.17174308553559384
178284730,0.905362722528851
426017070,0.12712289619924325
394357918,0.9657798760508951
424747720,0.2293881586144225
1405997635,0.13290863783478377
70899085,0.7231378613225842
141412823,0.21470279036198417
344600402,0.0961388812062747
271354351,0.7454464940352982
271042217,0.8261373476085776
257774438,0.9024357124969896
270380593,0.883671901534008
367333043,0.2481311784774265
279251651,0.05388178712246097
408159788,0.14226913286353596
95057860,0.9094776312977607
117979897,0.8074098962102393
121660904,0.784804081829884
158551257,0.22486581539791703
63452790,0.7795662871152855
122596693,0.7461542062243864
22233480,0.7858609196359373
179034327,0.7924223868277117
164786087,0.7242049256287632
158241252,0.718961085083933
4616072,0.9590960986378332
165202476,0.7592919965372745
71401634,0.16466314996059236
20178111,0.2878863444021839
335489455,0.14918854185898697
305550963,0.10151926938191154
178155732,0.735915905265084
178155732,0.8274985842252818
178155732,0.7831013286042361
37242226,0.26425447157025533
94986319,0.9262942914004415
94986319,0.8067403738773733
32408928,0.28754425939182515
187861378,0.27470193285469013
108939482,0.26228043173982135
114103136,0.0742366173098685
318054782,0.01891206442242333
158388163,0.9080626808829856
137899948,0.7535473268094783
138359318,0.8415999620487152
243333538,0.2464744025395558
48217457,0.7435630388934953
138644215,0.9247764104729652
27774415,0.9763383503780907
299220166,0.7925007810311917
33521996,0.8858128979210897
449197624,0.22300029364959542
264460005,0.03094654437803151
33692729,0.9789503417948321
219379012,0.1842852206428539
155947004,0.019047105774038293
154293917,0.8922834216363318
444523623,0.16296360682805863
1129033,0.8106622941188859
141405814,0.25026545885000107
319282294,0.22865761821999037
43647325,0.869948487477818
126357909,0.18473916251802433
113295476,0.03576773708018257
157528286,0.20135771374902156
117979694,0.12336228221593641
95122849,0.14054970449661977
42821097,0.7986271851684945
270468559,0.8622690974568277
219041246,0.9395498647512133
230055368,0.8108775610475519
108645766,0.02996319357289482
195093356,0.07097109988985345
105387356,0.12730265484348896
69356857,0.7063306693449029
32830028,0.048299576625068834
323658120,0.21647666979145952
311183180,0.01548424588974721
71582156,0.789926765080213
294315741,0.16860847304262117
293607057,0.7861413756978995
277128619,0.7744231543862808
134200185,0.8623466914862921
219016883,0.8198530943344103
40055053,0.7192664753452063
295807723,0.26304396669480606
311183180,0.13150533643149379
350044062,0.04054664927430218
192826603,0.705057770113529
184869170,0.06486635780611405
315002523,0.7051610198488356
258557847,0.08051197659792156
318209162,0.04119780447934722
4918918,0.8503652374083325
282485660,0.7962647888705074
424196109,0.7766522970231093
134537478,0.8708751622348078
68322189,0.22149714075736923
185226925,0.1286872694302879
147895461,0.19115401692214712
200593988,0.24138679717501807
326347927,0.027238074720910985
274122380,0.17358594216059342
312899686,0.05309538272601234
202468443,0.03513717766672428
44737596,0.8919605756832408
374180079,0.9362286957319588
374180079,0.8574838202315554
443616612,0.751933929974504
277833995,0.7293442034061637
458686847,0.73719130823238
386435344,0.12361766790879228
408310006,0.792019166065049
361711730,0.7400566379967108
186812530,0.8371961660728108
172871230,0.2878131031361981
219466803,0.07693169062843068
403693875,0.15714285062955968
399956873,0.28854835673750195
366411016,0.8580769188045981
176868951,0.9895315038005612
411697517,0.7342731179625014
407966340,0.8215912237326661
462715015,0.10011558439647227
423275733,0.8790731954831387
219164808,0.12446572577723262
268644785,0.9043357795610518
438490744,0.2983579697647061
250111245,0.8806147236607813
241102583,0.12764627418036867
387690507,0.8441599730773628
58825110,0.8875155610874477
407966340,0.9523954105621422
456305193,0.03619352307585955
466206508,0.8237174703966142
170849515,0.8886666623650663
375942197,0.7740904956303459
418604868,0.8472722163348342
283419843,0.9097140915580987
287474726,0.14272634936936973
459730973,0.910373879316787
354619337,0.7800390713010178
466390120,0.7540876078681258
248853232,0.8554007107066003
272366748,0.7998619824664253
407146538,0.29444023839260625
274138511,0.09037695686402587
243244680,0.818592122405688
117275513,0.9140065221968895
366631954,0.8446938623325561
422653398,0.15976732090753804
302895996,0.11583939122253178
246965431,0.9797251891120515
144700903,0.8749776592183356
243153196,0.24324406084474837
388804061,0.8921330014514097
55315929,0.7502795047216068
323687123,0.9465866976551975
14570099,0.7283970959086848
456945304,0.7900794174369501
59003115,0.013541742739604248
17307715,0.9504382387478996
302814895,0.14834038945913317
40292751,0.8127698072642497
446616059,0.13216205035950443
110936761,0.043125724017743144
398895470,0.7598296856742716
273874849,0.8572031496872371
151724385,0.9450707497256482
391958006,0.8960698215366462
374530847,0.8363387570796439
305243225,0.9453501338379516
319968129,0.12416499972074033
307733361,0.889074057232402
7059054,0.8494129651738522
6893917,0.8987994432953791
23113034,0.04285072619053576
303432813,0.8517081753415471
69672493,0.24956458095129835
425206121,0.9320116965727472
17409453,0.7233914980346358
203214138,0.9024053302152519
437011608,0.873798270764847
5882269,0.9777922334847046
281909674,0.9266535068928302
459762279,0.8678437623285349
268405086,0.07756460218888447
137543637,0.20259810215826474
207110080,0.8995014661912983
328081248,0.8561863402079481
151759246,0.8120118230883467
243921117,0.7783167721602231
399402994,0.7005871387501426
466382581,0.9542514578578591
303055194,0.022316483152838636
388909695,0.8112446645684006
388909695,0.8951319975969204
178217113,0.8053251746438264
18310799,0.8415873306929718
330687113,0.9080749037190626
453211454,0.8108075097266757
453211454,0.959233572859213
184892124,0.9889927475357002
63189173,0.712315501678351
19028197,0.9868526025640155
434226736,0.8785315536226173
26826078,0.768512994954709
203214081,0.8125497659606675
14770122,0.8160258643206506
16005254,0.7769396013792457
26054627,0.9515510327348576
280210963,0.9526780355310498
113919944,0.06036715576697828
209459275,0.9167223689497378
101011575,0.8038405028030443
101011575,0.9665693994632114
224418572,0.06724045064439985
355732304,0.2729370908686872
74482749,0.15217247796452243
366410512,0.7674998395268771
97735297,0.034914512516594706
350348197,0.8348760718535426
440777904,0.8297823628513861
239977528,0.9546070015680888
203289099,0.7922208517493899
234825296,0.8574443773800696
366602797,0.0944867500054901
234112540,0.7831271564009873
9155187,0.9134521488716197
377064495,0.8264625265510066
377064495,0.9220610861662355
377064495,0.8711944549970931
377064495,0.7483672013607165
132534906,0.011687851139465983
427352241,0.14005583580913325
428685938,0.04831822893732232
262499797,0.08552310095863805
260708537,0.910357824742114
335590096,0.8421638874935069
322807371,0.8493685854314408
75427473,0.12560811760047566
119292328,0.8103620291621902
366568760,0.8535963601109258
332022997,0.9119591277969991
332022997,0.8054522256844814
306902029,0.16904074850943673
27064468,0.7690333059528237
27064468,0.8688573460153974
20096620,0.7733495740542019
237751146,0.19207499121589444
241174783,0.12609832248549038
165297570,0.9069204649938676
407591297,0.9702893178127269
154220877,0.9067135019769209
413248763,0.7580418114548526
219467837,0.26845766339129223
452866790,0.7158549599275863
431999925,0.045271822239676095
312221462,0.10531224364384323
95010343,0.08340521520243505
172110606,0.06573800554387807
175236511,0.7935343669368083
38087018,0.9389863744321529
366576758,0.7769995829594711
350020859,0.8866175762686239
393495970,0.7891353870802179
202428245,0.07753481511149646
8260536,0.7567924587168414
8260536,0.715038911476281
200322593,0.9731561772738864
347430350,0.8985637380162168
420779000,0.7510652212847749
119585136,0.8378988217286825
1003831,0.8995017389133231
373729723,0.24785400428290802
457743020,0.033499003742359576
455096220,0.8390935992393025
380619414,0.8582449668758547
281885301,0.9650195868516033
173103335,0.845012464632152
366622912,0.9077764263644995
40954422,0.018183403230583015
257527578,0.9286747182590538
124029677,0.7891598846509187
388811663,0.8949700051354254
115564354,0.23521147505490084
23863106,0.06549731751669684
1133072,0.10531408449134783
455135327,0.738702180744925
358072664,0.03899517438680095
468987719,0.747231411565288
49254857,0.9240360498068309
60286662,0.8486953138714491
115010361,0.955662072227075
6892385,0.8327204859412054
363548415,0.752903341292899
308307606,0.2611182163400764
330690135,0.8263660389886005
436099179,0.03318991356607345
5800958,0.20520872836582912
53593457,0.05330407552802989
307377219,0.25319468476588713
13349647,0.8110366425260389
461239485,0.9116322432255963
175772482,0.9742198858457982
368805700,0.9109075698378972
181949561,0.7322337659064476
311133118,0.7916809599780095
454069765,0.7220160219480166
17746821,0.8596691540987951
98669309,0.867996771617443
49428710,0.8298799010535449
149969625,0.7050596950078779
28643432,0.15218145771638375
50618703,0.8055167652588358
29374525,0.08789673749910691
239722954,0.23444508266920117
37168957,0.91890394355616
6653897,0.053332200356918415
209464063,0.8027072269382739
368739874,0.8345632910543559
460396820,0.8996336348556229
193634953,0.9837566363621291
123482865,0.8718531304658494
292797572,0.0998872359415221
319783554,0.18843921193158253
22529346,0.7639596136493261
408549705,0.0230872351530437
218795833,0.9408294851350705
193628179,0.14015545691068657
298049015,0.29317739224006284
87044036,0.17001395187289745
36440357,0.7792935212195822
83275782,0.796503780923508
36352297,0.9553266444816861
103865797,0.2575666811785857
148673433,0.9162572303965273
406443564,0.07687523681965697
419411415,0.8245314195368606
27649847,0.8904776118243823
424699834,0.25323630955206766
259172249,0.7020566898765078
238197709,0.02813652822249363
303364023,0.29942557421695515
92449173,0.8216775897665303
151825527,0.7448955161440312
281541545,0.8939832072377462
404610583,0.2557325926585826
91051152,0.962744571077887
146208651,0.2264762874535745
431701493,0.9881742086453297
420814525,0.7104816837700689
348054109,0.20323679546006723
83092282,0.8583228969834484
288144647,0.8360620077434251
78672342,0.2076415380644291
46772529,0.25227766606544777
121490076,0.7573252499891132
151959065,0.2896869977348959
158588995,0.7014395814116527
137151335,0.8627684832136695
81429971,0.07261485703870103
164652245,0.7213389742276358
299087490,0.7925244085325283
120692092,0.9855873249740734
158657354,0.7375000973009738
377780790,0.7218476186786017
145982812,0.263244634978412
159054620,0.9464076622811426
101395259,0.12352571526658584
399870368,0.9516559324305016
437740083,0.08206764663430073
349373192,0.23492749195517215
142277868,0.8183914521741092
263203229,0.18916693526315362
169226822,0.7846519892939414
299876474,0.15680201797926402
27534138,0.75220489770975
63283780,0.883868298988417
352011875,0.8079392179128217
120317234,0.8695739260615613
134396419,0.1439338098261524
259233660,0.9590118104861061
139104940,0.8553428811168523
102734241,0.7591138998485296
121731834,0.813707732921112
48353358,0.8844128969355657
123357864,0.7013968047980724
123309556,0.9410433103943336
379929661,0.7444742874586701
52005579,0.7720594487733257
261135533,0.8228872097726669
22221375,0.8284968850943957
148523092,0.25155691471363395
365952328,0.11364882607319793
280206394,0.8729074799508696
286201103,0.7698514022101199
53728859,0.9220611053166246
57984377,0.8552600475789089
288246496,0.8174492650094682
327369524,0.8773899469047158
291751373,0.7655454272267941
334597566,0.04705024620676212
291685334,0.9840093717421223
65412605,0.8044710884040596
168281028,0.7469980570074592
365781372,0.223261823346602
142211778,0.8045796983761995
33153766,0.26056706224810106
35009898,0.8517975744662765
255851356,0.19885940237494232
341444900,0.29286881355376426
56231866,0.159184752713836
250707118,0.8945856007209219
419523962,0.9302404439825107
262746281,0.9142281877542049
245392284,0.7897325715453025
292152376,0.9070022509687576
388076422,0.8999187075590086
49043968,0.9778023742278935
397362481,0.8038132790804904
397362481,0.8637581584575691
157230659,0.9445053332388927
449951606,0.18174183851083084
281408474,0.8205613378452974
370877263,0.23386338757862848
354285962,0.2886207967554223
9385460,0.8327805131316308
915110182,0.7122659455324652
35516889,0.9154234750003086
166527623,0.8662763669458271
437248515,0.9265201434808895
4610830,0.8258928259114138
49735922,0.8963174162871379
301235044,0.9136598469778991
422618449,0.8156111392158814
278892590,0.9697168885097478
352924930,0.1733756770006283
194736418,0.9853671873406716
272050287,0.16991684554214168
145027461,0.06058157210524413
453064665,0.8724581847045959
353459965,0.7085380229130951
293853437,0.758395130235561
285233023,0.221022725841501
36734222,0.7652938352569899
48103627,0.9697452221544359
308050066,0.05257762264460221
9443323,0.9669467375373979
392681545,0.7016532937796799
392681545,0.823816701121638
122262940,0.1360397779427093
97158538,0.13263716293933203
349790953,0.02322153447769367
48476907,0.26322593797539084
162729620,0.2392421082886483
429304876,0.741256679300984
197643976,0.8918166087765708
153651591,0.13789089275848754
147797743,0.707489067205808
271424111,0.9813119490534659
372207328,0.8345744384715095
348755723,0.2065354422869053
53189332,0.9075119219872363
434100688,0.03219387932953948
281731203,0.7800981486255962
271431851,0.8958590401491692
299089652,0.7688261843804431
294283951,0.05724531380635567
18318288,0.9141752223673183
48448369,0.9182652465464254
122375047,0.7991270725632131
350814622,0.7580673197636753
268159158,0.932413741769409
339591840,0.030370269943543415
35883621,0.10967992456724798
256349966,0.01616428380343108
98613492,0.1717437598240898
53735810,0.9316661513830874
54085154,0.06420274853706022
151728428,0.11165887110148318
41422753,0.1543803031306723
131979339,0.14533484278628458
20988926,0.08964647269492504
262781201,0.04438636753055605
80275202,0.19015231338416116
19342878,0.704246450525844
146463781,0.04102998242061703
274002141,0.2789478884585408
75650448,0.7622468443404468
54962195,0.834106973636563
54962195,0.768801549419052
54962195,0.7431042851497065
55092869,0.9023457609200165
341297143,0.08379047006577409
380517859,0.12945420268778743
294090620,0.02890954883868021
106114491,0.1844901564693138
364408162,0.1768617433622464
187532854,0.1957879123700105
328513434,0.8987454804027994
82362447,0.06345943676304046
15827263,0.06759747807442108
73723286,0.14292147300162142
174328045,0.7234438347092618
232941965,0.7658569608670577
15682927,0.26890032806187775
277987172,0.1371606096324544
412961700,0.23800440569124157
375199523,0.27876112512292384
210083929,0.8308397774325618
129107501,0.037717539437239274
118021229,0.16503868111732836
423903685,0.05182983473495595
73244652,0.2422880345136536
353586703,0.22536309066362203
147977348,0.8754586709132898
126171392,0.030469014405556237
270841724,0.2752326514148045
294173437,0.16209421981488087
452483795,0.015208758614889729
146261607,0.20515169984723433
273774284,0.17462289514106086
329709756,0.0780769364995111
190496853,0.9103229966415018
117068362,0.0718867167355797
86005116,0.15709960819015734
101955023,0.9681552366789637
425817867,0.9525052892776492
196286587,0.049062159589719455
467006627,0.06863788421935023
289125016,0.028878780139331373
128463355,0.2706173035675931
141227133,0.06254072333998777
51637609,0.858141912103703
26583436,0.19057520071707917
432008938,0.17504445722919698
63303499,0.18842110098030682
269217040,0.8674435152054433
124573851,0.7442613276115783
35377903,0.18083496212952213
104195270,0.09016846713473256
441546821,0.895184932549007
296898634,0.09079368882059469
166190643,0.16253798088912033
199162630,0.03410313375939428
345333936,0.27590280785782245
267527924,0.1095350772941268
97921547,0.9775089586404002
347442932,0.03907435643962381
157568289,0.2540896926573108
147660201,0.12465510728751002
287329267,0.272991288745281
297153209,0.26029391638322824
199671901,0.8912617840335314
144956678,0.2885262561607643
188876052,0.7653158355251166
239541449,0.13432403130980855
436478932,0.8647035627567987
296739893,0.8584500140495885
432422552,0.03886928561870686
2621212,0.811590305187042
187309502,0.9538760834640396
15445551,0.9586415589540151
437444661,0.8479868950776654
46020827,0.8398613274447
145368316,0.9846242296039016
187278212,0.9486247877760718
50171060,0.8547103529406715
442530946,0.7202896593069585
126325985,0.7911290622713347
11270200,0.7012757039450626
77202722,0.8487935927110176
104024556,0.8904586819393392
71841620,0.746175234794669
434234955,0.06141019891301711
219205407,0.1880066532106914
189013222,0.014596155846406424
449050247,0.29071278105477943
449050248,0.284602831738553
44792534,0.9529455579364612
146467675,0.2783289496714147
146434840,0.07342866964032163
249067445,0.17842470428032647
279999655,0.14747231282840198
5109298,0.21840847431197025
265077027,0.2621390711785664
141776043,0.06687323801534377
27635334,0.7451411110168342
17129975,0.15050447039064216
271749758,0.91959767989533
436575927,0.9241588101214446
26078330,0.944870547009118
344416349,0.25360130044996876
68952448,0.7402688520823043
336732544,0.72614153078911
301258470,0.8439005719661464
250977648,0.9876463725864817
119262291,0.7463743275211128
102068384,0.8745792640169345
12611594,0.8067276893257264
179155220,0.04143605997831497
179159972,0.021286058333098042
178367144,0.7163667524774768
445586472,0.18767300690722963
453209605,0.27997836869123965
280437559,0.7703155873465329
177722855,0.26574665414915966
125894957,0.1260309190901528
409459226,0.1790747031986694
333821572,0.21892490042393883
133654092,0.10191042000567782
347098457,0.2858342516573902
268371979,0.29224797073147246
5772442,0.12233283299593173
93594834,0.14901238258295738
113921235,0.743649834429972
83181153,0.9151083839156198
261141602,0.05603843583838394
55390413,0.12001672404395902
435673126,0.2048324062972718
51318828,0.08907176392807366
410245915,0.18225399747923476
96847781,0.8106301495427253
130633912,0.7012483283044205
301031110,0.7292516436226337
14614418,0.8501680407805352
271898990,0.7981128454718144
169504920,0.7164122392985572
11439959,0.7504084732518639
127476180,0.2823435622060658
177126182,0.24831271323436466
148659924,0.18162006664082667
33091633,0.05375927122810895
425220920,0.21542818006202344
52548453,0.14213232456567199
113553629,0.21658900360769434
108835813,0.011989536686870923
93963408,0.21402971174567537
317951248,0.06634867066874522
142918609,0.26078242748112174
341729521,0.2121445164381075
54390047,0.07525757617833809
41875043,0.04774598001033152
150428135,0.756625582086869
150428135,0.9570040059039557
150428135,0.939687982590788
150428135,0.849602309214767
289441015,0.11916319372424274
174143743,0.11276601379382051
14661418,0.8143866888517604
61538902,0.8402729072942159
73228647,0.9420641223352753
73228647,0.8109550760948925
130924120,0.8496527306850925
178709444,0.9717729545161768
341186896,0.16219777093871401
219239945,0.06686189402753594
366119858,0.8847833295181058
172376068,0.2431430760154187
178819686,0.7454248228317409
178819686,0.921864622865072
219698950,0.7219635372440119
229047362,0.8677314552471191
248075138,0.7427365516470991
248111245,0.84197872871388
277634430,0.7619045169963182
286865921,0.7031809164519635
294301883,0.7197011431024586
304042899,0.16286881632903039
260004324,0.7630355075781875
11561667,0.946525098357111
399613138,0.22282731747224246
306996324,0.9522616289103321
306996324,0.7615013085411589
335630746,0.7112256442483622
398943781,0.8248713152335705
413376180,0.9001831883433551
429358906,0.7503114345228048
460984940,0.9581991271296078
201175570,0.8857487807818658
345724317,0.09101693212253448
18574158,0.21937418258331234
167227214,0.8265857040062976
110178537,0.8594187674677756
34068865,0.810478561511208
36724087,0.8426221509725254
36724087,0.9000278329202318
294780517,0.010498465781969332
300013921,0.2432857479001539
325670253,0.9564982511262725
317520667,0.98674583630577
104866616,0.7483014270392586
244089109,0.8287209493359684
383723559,0.20477021032483636
405010127,0.7827349987080775
139158696,0.9860584106037731
137685450,0.7382908449883233
106402532,0.7830309882727128
273069412,0.06239860418759415
75417968,0.10453118353945313
143526444,0.21931381525072147
55525572,0.9619505675551656
255760319,0.19840554670128713
391821647,0.06719642787930123
146846569,0.06460026693287645
243283955,0.23613621842237872
150271680,0.11192652136008806
257052211,0.07570060229857276
411347315,0.15620176463465613
102840239,0.9511446124115084
102840239,0.8328881583453629
175180796,0.11404659246686358
30312676,0.18576977284430232
46096489,0.7432016542312319
73717937,0.906830233271182
111991770,0.7902220749667662
127530399,0.8097817497575835
127530399,0.7392420871775978
193641523,0.8103761241463892
220029715,0.948910392624414
243200602,0.7848606427670984
271168962,0.8496007465040512
309402106,0.09054037672608936
181804752,0.9265323140646431
181804752,0.9323646298257682
219189765,0.886184558078719
350332997,0.14814953350903012
362249359,0.875753992730703
404340025,0.7034909029295447
440887364,0.7751634618497363
440887364,0.9401751469942858
460205581,0.8604620202197564
461271719,0.0253378994489089
466840711,0.9873502011003554
287563610,0.9467299079422644
437333618,0.895496939694235
380886535,0.014436019215425441
32283946,0.07670841289976453
344224831,0.04765939050895618
150096001,0.97504152641978
4426490,0.22434565328414524
371579161,0.05169926880755968
365712006,0.28111275212068637
150151262,0.8869961018581753
150151262,0.7638056257570649
10552342,0.19484125035592628
11755687,0.9204455923950157
229141709,0.1591694594738074
42015200,0.027810805375270226
33595516,0.8039792424140346
404467699,0.8974435149831862
198008005,0.945844322320301
372913430,0.20860791962112746
377024332,0.28177153021309204
365007485,0.7054912012684738
262135904,0.22273821529015325
339636032,0.10624074150787721
293075732,0.21588642841389497
393818343,0.7674824156262002
445822015,0.14068663346712587
150151262,0.7387304813012893
469436001,0.1824276817776255
273234825,0.8850873666854974
273690178,0.7584344957279949
271596418,0.10214963139880805
219344917,0.8673520375060499
67512645,0.7777512011271471
252537013,0.11069555010346889
101497191,0.17991636672987205
161687209,0.15394907190334603
459323923,0.8226962654835989
271971130,0.8110115688546016
359271092,0.8199227481745901
374177909,0.21907314511746548
25624952,0.22718790641618658
37084932,0.21545791467697564
34077285,0.8619061295879086
237808867,0.1370561302723288
92013169,0.24648005912545323
167031605,0.02653108818139343
120269103,0.09338428494325711
438295981,0.036697526275301935
284288080,0.2307106927271147
33690636,0.017520974241839928
66561343,0.7180456052115427
42755801,0.16452531786847543
250484865,0.1895718405671498
156991337,0.09552597558442888
119081096,0.14659127032326347
326470400,0.2241371501649331
239277658,0.8348563088927039
427685831,0.963266559190217
373424049,0.1942275030665346
229384040,0.2698439429019795
124543547,0.18366451573625645
261257684,0.9381486882984182
261257684,0.9317168329029236
261867566,0.8822203708947506
305424003,0.8379225372078595
350153977,0.7405723428605344
364107753,0.1963278547673278
369327947,0.7326266930005851
84126162,0.12441244371827821
58474992,0.07672334309382561
275248683,0.24876887313747623
268727719,0.06506577983079087
437242640,0.9437749423493889
406941612,0.8407478451746591
407126408,0.8753925772630549
153027658,0.2979103041028047
259389219,0.19532548967841307
348844154,0.07068930172695798
294869729,0.1499624892915262
271722899,0.1388039339085452
278199349,0.2181081544484814
301051430,0.1956705698042014
300599466,0.27139362674854134
55383975,0.09511581957214271
400466395,0.2895384777863946
184952758,0.1602406155095896
325086150,0.10614429752525471
131419878,0.04566561744522044
158933249,0.8703527539505476
272840455,0.796597197917584
169081296,0.9672808457921642
271052158,0.7479604138611272
274198407,0.9023463619814643
261258875,0.19174610517251395
300557619,0.21091142544539113
260476837,0.27233984027822844
425163745,0.1867384557056518
146520535,0.9083340822863006
77156829,0.7490915530105893
77156829,0.7311111342970206
77156829,0.721914753886983
435339558,0.8587389566737134
56658270,0.8550541593133016
