target_id,exominer_score
390651552,0.999
239332587,0.999
239332587,0.999
257241363,0.999
390651552,0.999
239332587,0.999
239332587,0.999
24695044,0.998
416195870,0.998
416195870,0.998
142105158,0.998
416195870,0.998
416195870,0.998
366115856,0.998
427730490,0.998
232612416,0.998
232612416,0.998
406941612,0.998
257241363,0.998
416195870,0.998
24695044,0.998
300604770,0.998
153078576,0.998
153951307,0.998
198390247,0.998
165723070,0.998
35009898,0.998
158002130,0.998
307210830,0.998
220475245,0.998
75878355,0.998
272672133,0.998
359271092,0.998
229605891,0.998
441763252,0.998
416195870,0.998
427730490,0.998
162289289,0.998
416195870,0.998
27649847,0.998
416195870,0.998
257241363,0.998
278683844,0.998
390651552,0.998
416195870,0.998
272672133,0.998
153951307,0.998
406941612,0.998
158002130,0.998
35009898,0.998
221861843,0.998
199444169,0.998
219850915,0.998
416195870,0.998
257241363,0.998
232612416,0.998
1717079066,0.997
229605891,0.997
219852584,0.997
219195044,0.997
232612416,0.997
416195870,0.997
220475245,0.997
232612416,0.997
150030205,0.997
232612416,0.997
416195870,0.997
300604770,0.997
142105158,0.997
416195870,0.997
232612416,0.997
441763252,0.997
232612416,0.997
1717079066,0.997
416195870,0.997
219850915,0.997
22233480,0.997
233823679,0.997
160045097,0.997
198390247,0.997
142105158,0.997
232612416,0.997
233087860,0.997
367753709,0.997
233071822,0.997
239332587,0.997
416195870,0.997
232612416,0.997
229605891,0.997
219852584,0.997
232612416,0.997
160390955,0.997
101696403,0.997
418343229,0.997
232612416,0.997
219857012,0.997
232612416,0.997
418343229,0.997
260304800,0.997
367753709,0.997
406672232,0.997
232612416,0.997
198385543,0.997
123357034,0.997
230017324,0.997
147890655,0.997
307956397,0.997
160390955,0.997
88385463,0.997
232540264,0.997
198241702,0.997
239134248,0.997
233087860,0.997
233823679,0.997
416195870,0.997
233087860,0.997
359271092,0.997
147950620,0.997
142105158,0.997
142105158,0.997
441763252,0.997
232612416,0.997
441763252,0.997
229605891,0.997
416195870,0.997
219852584,0.997
142105158,0.997
406941612,0.997
260417932,0.997
147950620,0.997
142105158,0.997
260304800,0.997
232612416,0.997
229605891,0.997
142105158,0.997
150030205,0.997
416195870,0.997
158002130,0.997
309791156,0.997
307956397,0.997
165723070,0.997
382626661,0.997
229605891,0.997
142105158,0.997
54962195,0.997
163030461,0.997
260708537,0.997
167415965,0.997
186470968,0.997
229605891,0.997
58542531,0.997
232967440,0.997
219195044,0.997
130924120,0.997
260417932,0.997
229605891,0.997
219852584,0.997
150030205,0.997
272672133,0.997
158002130,0.997
272672133,0.997
220475245,0.997
220475245,0.997
260417932,0.997
416195870,0.997
165723070,0.997
441763252,0.997
416195870,0.997
219852584,0.997
416195870,0.997
229605891,0.997
232612416,0.997
416195870,0.997
284441182,0.997
377293776,0.997
232612416,0.997
220475245,0.997
416195870,0.997
232967440,0.997
220475245,0.997
377293776,0.997
260304800,0.997
406941612,0.997
278683844,0.997
142105158,0.997
35009898,0.997
220475245,0.997
307956397,0.997
415969908,0.997
346081845,0.996
71431780,0.996
428679607,0.996
232540264,0.996
160039081,0.996
366115856,0.996
367858035,0.996
219508169,0.996
237086564,0.996
193754373,0.996
198385543,0.996
229781583,0.996
156007004,0.996
415969908,0.996
327369524,0.996
141205978,0.996
232612416,0.996
160045097,0.996
441763252,0.996
302381397,0.996
232982938,0.996
198390247,0.996
416195870,0.996
147950620,0.996
233188747,0.996
233087860,0.996
75878355,0.996
462615350,0.996
233087860,0.996
239134248,0.996
142387023,0.996
233071822,0.996
327369524,0.996
184733148,0.996
406672232,0.996
237099296,0.996
161003569,0.996
229781583,0.996
219852584,0.996
271596225,0.996
270342589,0.996
260304800,0.996
280803917,0.996
219253008,0.996
309791156,0.996
150030205,0.996
150030205,0.996
167415965,0.996
219195044,0.996
54962195,0.996
220475245,0.996
141768070,0.996
278683844,0.996
142105158,0.996
142105158,0.996
232612416,0.996
220475245,0.996
142105158,0.996
219852584,0.996
219852584,0.996
77253676,0.996
147950620,0.996
232612416,0.996
239134248,0.996
232612416,0.996
55748194,0.996
147950620,0.996
441763252,0.996
147890655,0.996
232612416,0.996
257241363,0.996
239134248,0.996
257241363,0.996
58542531,0.996
272758199,0.996
376981340,0.996
28961316,0.996
272785423,0.996
233188747,0.996
219852584,0.996
1717079066,0.996
219852584,0.996
233188747,0.996
232612416,0.996
307956397,0.996
272672133,0.996
467971286,0.996
470987100,0.996
268334473,0.996
318022259,0.996
354173595,0.996
427730490,0.996
198241702,0.996
230017324,0.996
452964680,0.996
237099296,0.996
232982938,0.996
137420801,0.996
198206613,0.996
198385543,0.996
400103802,0.996
327369524,0.996
406941612,0.996
417129824,0.996
229605891,0.996
287591638,0.996
233823679,0.996
24695044,0.996
317597583,0.996
365938305,0.996
272672133,0.996
229605891,0.996
147950620,0.996
307210830,0.996
178819686,0.996
276128561,0.996
130924120,0.996
382626661,0.996
394657039,0.996
219195044,0.996
165723070,0.996
416195870,0.996
307956397,0.996
75878355,0.996
416195870,0.996
441763252,0.996
272758199,0.996
75878355,0.996
328081248,0.996
219852584,0.996
85791385,0.996
387409975,0.996
468880077,0.996
272672133,0.996
142105158,0.996
271596225,0.996
146172354,0.996
408416746,0.996
178819686,0.996
167415965,0.996
83395136,0.996
198390247,0.996
307956397,0.996
347752831,0.996
102840239,0.996
53047383,0.996
349410350,0.996
300604770,0.996
154616309,0.996
394698182,0.996
416195870,0.996
349410350,0.996
153951307,0.996
334305570,0.996
232540264,0.996
147950620,0.996
233087860,0.996
153951307,0.996
394657039,0.996
300604770,0.996
420202798,0.996
272672133,0.996
349410350,0.996
237920046,0.996
233087860,0.996
177254988,0.996
397362481,0.996
23434737,0.996
141608198,0.996
416195870,0.996
219879302,0.995
394698182,0.995
241514551,0.995
238624131,0.995
420177051,0.995
451645081,0.995
125424836,0.995
391949880,0.995
53047383,0.995
461136782,0.995
220475245,0.995
198385543,0.995
141205978,0.995
377293776,0.995
153951307,0.995
418343229,0.995
409896170,0.995
24695044,0.995
455153906,0.995
237184773,0.995
416195870,0.995
147950620,0.995
38510224,0.995
219879302,0.995
468880077,0.995
232612416,0.995
229650439,0.995
284173938,0.995
220459826,0.995
468880077,0.995
190998418,0.995
278683844,0.995
272785423,0.995
198385543,0.995
198360694,0.995
380887434,0.995
459969957,0.995
232967440,0.995
376981340,0.995
141768070,0.995
367858035,0.995
420177051,0.995
161003569,0.995
229618478,0.995
19519368,0.995
36724087,0.995
237184773,0.995
150030205,0.995
219879302,0.995
441763252,0.995
36724087,0.995
88385463,0.995
394698182,0.995
434486077,0.995
141527579,0.995
199444169,0.995
167415965,0.995
178709444,0.995
369960846,0.995
375059587,0.995
382626661,0.995
20375215,0.995
370133522,0.995
219195044,0.995
300604770,0.995
434486077,0.995
141768070,0.995
220475245,0.995
145879095,0.995
142105158,0.995
142105158,0.995
167600516,0.995
199610140,0.995
193773468,0.995
364431259,0.995
289373041,0.995
467651916,0.995
198390247,0.995
158002130,0.995
153078576,0.995
287080092,0.995
142387023,0.995
44647437,0.995
141768070,0.995
400103802,0.995
288132261,0.995
268334473,0.995
141768070,0.995
219852584,0.995
260304800,0.995
267545252,0.995
405897415,0.995
232612416,0.995
441763252,0.995
219195044,0.995
334482103,0.995
328814605,0.995
468981993,0.995
186470968,0.995
126325149,0.995
267861788,0.995
219852584,0.995
154089169,0.995
239134248,0.995
257241363,0.995
165667705,0.995
232540264,0.995
112037211,0.995
287080092,0.995
377293776,0.995
278683844,0.995
94011343,0.995
31943299,0.995
232612416,0.995
230017324,0.995
232982938,0.995
278683844,0.995
459969957,0.995
470987100,0.995
277634430,0.995
173640199,0.995
126325149,0.995
300710077,0.995
441763252,0.995
309791156,0.995
272672133,0.995
81247877,0.995
307956397,0.995
349410350,0.995
142105158,0.995
272672133,0.995
147950620,0.995
257241363,0.995
416195870,0.995
143687316,0.995
271169413,0.995
232612416,0.995
307956397,0.995
142105158,0.995
142387023,0.995
307956397,0.995
260304800,0.995
321861405,0.995
232632239,0.995
306955329,0.995
272785423,0.995
198390247,0.995
237232044,0.995
441580526,0.995
233188747,0.995
198390247,0.995
309791156,0.995
268334473,0.995
314865962,0.995
219850915,0.995
372596795,0.995
220475245,0.995
219850915,0.995
71431780,0.995
115453244,0.995
234345288,0.994
74274839,0.994
142105158,0.994
198356533,0.994
167303382,0.994
314865962,0.994
271596225,0.994
299798795,0.994
328814605,0.994
34077285,0.994
467331291,0.994
159418353,0.994
323002911,0.994
369960846,0.994
193773468,0.994
280031353,0.994
233087860,0.994
237914496,0.994
163030461,0.994
167600516,0.994
229605891,0.994
272785423,0.994
220475245,0.994
219852584,0.994
201660996,0.994
260304800,0.994
232612416,0.994
319568619,0.994
167415965,0.994
375654303,0.994
272758199,0.994
366115856,0.994
237184773,0.994
260189643,0.994
123357034,0.994
229581160,0.994
142105158,0.994
177254988,0.994
219852584,0.994
233068569,0.994
232540264,0.994
232967440,0.994
198390247,0.994
305739565,0.994
428892437,0.994
280803917,0.994
229781583,0.994
232612416,0.994
220475245,0.994
288132261,0.994
193773468,0.994
260304800,0.994
313194972,0.994
318022259,0.994
264173803,0.994
327952677,0.994
9989136,0.994
230387153,0.994
71347873,0.994
441580526,0.994
158002130,0.994
316038054,0.994
369960846,0.994
468832904,0.994
165317334,0.994
74534430,0.994
233823679,0.994
416195870,0.994
155873992,0.994
441765914,0.994
359271092,0.994
1717079066,0.994
36381058,0.994
405897415,0.994
141205978,0.994
284454822,0.994
232967440,0.994
461591646,0.994
232612416,0.994
188865842,0.994
362222177,0.994
160045097,0.994
198241702,0.994
302381397,0.994
270355392,0.994
146172354,0.994
348770361,0.994
160045097,0.994
389040826,0.994
367858035,0.994
232982938,0.994
232967440,0.994
376981340,0.994
468832904,0.994
271169413,0.994
232976128,0.994
58542531,0.994
219850915,0.994
356867115,0.994
229747848,0.994
356158613,0.994
420177051,0.994
219857012,0.994
198356533,0.994
28961316,0.994
334482103,0.994
219860288,0.994
80682484,0.994
367630162,0.994
307956397,0.994
82308728,0.994
367630162,0.994
219879302,0.994
159418353,0.994
283722336,0.994
219698776,0.994
35009898,0.994
229586455,0.994
373033374,0.994
167600516,0.994
232976128,0.994
318022259,0.994
153937417,0.994
420177051,0.994
155898758,0.994
154089169,0.994
459969957,0.994
193754373,0.994
233823679,0.994
148914726,0.994
272672133,0.994
177077336,0.994
233053554,0.994
147890655,0.994
272672133,0.994
307956397,0.994
219344917,0.994
137420801,0.994
27649847,0.994
239134248,0.994
88385463,0.994
153937417,0.994
237184773,0.994
229750058,0.994
371864043,0.994
219860288,0.994
230017324,0.994
268334473,0.994
160045097,0.994
150430484,0.994
276128561,0.994
367630162,0.994
159418353,0.994
428892437,0.994
365938305,0.994
272758199,0.994
232982938,0.994
198241702,0.994
394657039,0.994
198390247,0.994
159418353,0.994
353782445,0.994
19025965,0.994
232540264,0.994
230084146,0.994
307956397,0.994
239134248,0.994
317597583,0.994
400103802,0.994
272785423,0.994
233087860,0.994
256783784,0.993
233068569,0.993
95337971,0.993
353782445,0.993
85293053,0.993
155873992,0.993
18795429,0.993
1525480,0.993
219857012,0.993
257241363,0.993
49046332,0.993
14336130,0.993
34646336,0.993
55655482,0.993
165763244,0.993
224297258,0.993
400103802,0.993
369960846,0.993
271596225,0.993
328933398,0.993
237086564,0.993
462615350,0.993
124235800,0.993
234330672,0.993
289373041,0.993
339961200,0.993
55655482,0.993
21119973,0.993
115453244,0.993
420114036,0.993
428892437,0.993
289590465,0.993
229650439,0.993
167415965,0.993
220475245,0.993
232612416,0.993
268334473,0.993
53307409,0.993
280254984,0.993
165527918,0.993
417931607,0.993
272785423,0.993
219015370,0.993
230017324,0.993
317597583,0.993
219850915,0.993
237914496,0.993
1715469667,0.993
39200363,0.993
400432230,0.993
28961316,0.993
457104362,0.993
85791385,0.993
230084146,0.993
806647328,0.993
219852584,0.993
391949880,0.993
232540264,0.993
377293776,0.993
230387153,0.993
323132914,0.993
372596795,0.993
229605891,0.993
207339000,0.993
219852584,0.993
237928815,0.993
260304800,0.993
238932509,0.993
349410350,0.993
367630162,0.993
300812741,0.993
405897415,0.993
260304800,0.993
123357034,0.993
219850915,0.993
459969957,0.993
307849973,0.993
391904697,0.993
260304800,0.993
298647682,0.993
170789802,0.993
149585119,0.993
141527579,0.993
307956397,0.993
193336820,0.993
20318757,0.993
387193925,0.993
369455629,0.993
154872375,0.993
272672133,0.993
219338557,0.993
224596152,0.993
53047383,0.993
459969957,0.993
356867115,0.993
178709444,0.993
328933398,0.993
219698776,0.993
141768070,0.993
160039081,0.993
220475245,0.993
289580577,0.993
233053554,0.993
294781547,0.993
377293776,0.993
224297258,0.993
35009898,0.993
167415965,0.993
182405015,0.993
260304800,0.993
272758199,0.993
251852984,0.993
155898758,0.993
219015370,0.993
280803917,0.993
260304800,0.993
229781583,0.993
27649847,0.993
365938305,0.993
28961316,0.993
307956397,0.993
234330672,0.993
372207328,0.993
153078576,0.993
28961316,0.993
302381397,0.993
138588540,0.993
219015370,0.993
165464482,0.993
229650439,0.993
219860288,0.993
6663331,0.993
136998882,0.992
302381397,0.992
272758199,0.992
348770361,0.992
153951307,0.992
232967440,0.992
233188747,0.992
441580526,0.992
434486077,0.992
12423815,0.992
308073360,0.992
165723070,0.992
229581160,0.992
334482103,0.992
142105158,0.992
99097200,0.992
119292328,0.992
357501308,0.992
232612416,0.992
260304800,0.992
158978373,0.992
125552076,0.992
418343229,0.992
297457992,0.992
38510224,0.992
35652085,0.992
20318757,0.992
114018671,0.992
75878355,0.992
384888319,0.992
400103802,0.992
278988097,0.992
307956397,0.992
141768070,0.992
219253008,0.992
163262555,0.992
394346745,0.992
237922465,0.992
229605891,0.992
178709444,0.992
339961200,0.992
153937417,0.992
219852584,0.992
349410350,0.992
300710077,0.992
141527579,0.992
19025965,0.992
420177051,0.992
271806353,0.992
339961200,0.992
314865962,0.992
237922465,0.992
391949880,0.992
441763252,0.992
104208182,0.992
400432230,0.992
219015370,0.992
160039081,0.992
272785423,0.992
307956397,0.992
287080092,0.992
428679607,0.992
147951030,0.992
193754373,0.992
229650439,0.992
280031353,0.992
158002130,0.992
158241252,0.992
318022259,0.992
314865962,0.992
21279791,0.992
198241702,0.992
287080092,0.992
229455001,0.992
356867115,0.992
468832904,0.992
39516274,0.992
35009898,0.992
229586455,0.992
278683844,0.992
297457992,0.992
232982558,0.992
233068569,0.992
219508169,0.992
232632239,0.992
272785423,0.992
369960846,0.992
274367763,0.992
232982558,0.992
308073360,0.992
230377505,0.992
233068569,0.992
462615350,0.992
459969957,0.992
350743714,0.992
229650439,0.992
147950620,0.992
302381397,0.992
420268415,0.992
417931607,0.992
229650439,0.992
272785423,0.992
274215536,0.992
237086564,0.992
229671380,0.992
198153540,0.992
302202317,0.992
452964680,0.992
220475245,0.992
229605891,0.992
219852584,0.992
329373799,0.992
229747848,0.992
268334473,0.992
198206613,0.992
230017324,0.992
233071926,0.992
272758199,0.992
154089169,0.992
219508169,0.992
229781583,0.992
141768070,0.992
288132261,0.992
408636441,0.992
198356533,0.992
356867115,0.992
230377505,0.991
300710077,0.991
232976128,0.991
163030461,0.991
297457992,0.991
394672497,0.991
276128561,0.991
394698182,0.991
260304800,0.991
142748283,0.991
453668803,0.991
240968774,0.991
260304800,0.991
307956397,0.991
394657039,0.991
349972412,0.991
177254988,0.991
138588540,0.991
150428703,0.991
145879095,0.991
219253008,0.991
165527918,0.991
165763244,0.991
441580526,0.991
22233480,0.991
284454822,0.991
163262555,0.991
394346745,0.991
369960846,0.991
39858507,0.991
350743714,0.991
198241702,0.991
160045097,0.991
272672133,0.991
286916251,0.991
468832904,0.991
219015370,0.991
356867115,0.991
365938305,0.991
259172249,0.991
144401492,0.991
233409941,0.991
219015370,0.991
100608026,0.991
233087860,0.991
201793781,0.991
153949511,0.991
230377505,0.991
233071926,0.991
309791156,0.991
382626661,0.991
355509914,0.991
441765914,0.991
141768070,0.991
39200363,0.991
234330672,0.991
359271092,0.991
99869022,0.991
280031353,0.991
288636599,0.991
141768070,0.991
316038054,0.991
269849065,0.991
71582156,0.991
23814735,0.991
287080092,0.991
260304800,0.991
29960109,0.991
260304800,0.991
147284470,0.991
237922465,0.991
32497972,0.991
44647437,0.991
155898758,0.991
237086564,0.991
156007004,0.991
452576848,0.991
229671380,0.991
278683844,0.991
154872375,0.991
441804533,0.991
323132914,0.991
198390247,0.991
145879095,0.991
4165850,0.991
233053554,0.991
115453244,0.991
233053554,0.991
229586455,0.991
178709444,0.991
235902467,0.991
376353509,0.991
267545252,0.991
393196631,0.991
306648160,0.991
138329479,0.991
391904697,0.991
260304800,0.991
468178519,0.991
141768070,0.991
441763252,0.991
284174392,0.991
198241702,0.991
198241702,0.991
199610140,0.991
335655755,0.991
352413427,0.991
422385684,0.991
452576848,0.991
420268415,0.991
22233480,0.991
219852882,0.991
288636599,0.991
92004082,0.991
372207328,0.991
219852584,0.991
420114036,0.991
376632626,0.991
254113311,0.991
365673804,0.991
470171739,0.991
359388309,0.991
237099296,0.99
158002130,0.99
57093805,0.99
373017346,0.99
400103802,0.99
287080092,0.99
102808276,0.99
422554579,0.99
420114036,0.99
219253008,0.99
373033374,0.99
198356533,0.99
272707711,0.99
432761635,0.99
167403519,0.99
147340930,0.99
418343229,0.99
432132155,0.99
280254984,0.99
362223355,0.99
233497719,0.99
198241702,0.99
260985861,0.99
155873992,0.99
207339000,0.99
448536355,0.99
158002130,0.99
198385543,0.99
384888319,0.99
21279791,0.99
177162886,0.99
422385684,0.99
408261725,0.99
302798365,0.99
230017324,0.99
224596152,0.99
237099296,0.99
309791156,0.99
18318288,0.99
85791385,0.99
272758199,0.99
160432093,0.99
219852584,0.99
236934937,0.99
77253676,0.99
371864043,0.99
59128183,0.99
238932509,0.99
467651916,0.99
461591646,0.99
240959810,0.99
369861728,0.99
307956397,0.99
142748283,0.99
334482103,0.99
230075227,0.99
177162886,0.99
233070717,0.99
420177051,0.99
153951307,0.99
47617161,0.99
173103335,0.99
144301273,0.99
397362481,0.99
350743714,0.99
233188747,0.99
307956397,0.99
193482096,0.99
394698182,0.99
73649615,0.99
375059587,0.99
294471966,0.99
272672133,0.99
462206806,0.99
387409975,0.99
375059587,0.99
260985861,0.99
394346745,0.99
150030205,0.99
441614965,0.99
219195044,0.99
448744179,0.99
219860288,0.99
233633993,0.99
229750058,0.99
219857012,0.99
55275863,0.99
233053554,0.99
144301273,0.99
130924120,0.99
334482103,0.99
198356533,0.99
373033374,0.99
401125028,0.99
55559618,0.99
141768070,0.99
141768070,0.99
6010784,0.99
229781583,0.989
49771092,0.989
234345288,0.989
302381397,0.989
200606159,0.989
35009898,0.989
237914496,0.989
229650439,0.989
422385684,0.989
420268415,0.989
101520163,0.989
428892437,0.989
230017324,0.989
155873992,0.989
322063810,0.989
356867115,0.989
53307409,0.989
219860288,0.989
233071822,0.989
420177051,0.989
234345288,0.989
229976631,0.989
53287554,0.989
308073360,0.989
153937417,0.989
457104362,0.989
417931607,0.989
400432230,0.989
372207328,0.989
237928815,0.989
420177051,0.989
434486077,0.989
167600516,0.989
278683844,0.989
270075071,0.989
264295655,0.989
347752831,0.989
232540264,0.989
382980571,0.989
260417932,0.989
154474036,0.989
341815197,0.989
350743714,0.989
394698182,0.989
233497719,0.989
260304800,0.989
348770361,0.989
406941612,0.989
141768070,0.989
232540264,0.989
387409975,0.989
154089169,0.989
144301273,0.989
219852882,0.989
141608198,0.989
145163386,0.989
237928815,0.989
420268415,0.989
280315875,0.989
272758199,0.989
427153307,0.989
147340930,0.989
307956397,0.989
229671380,0.989
243313296,0.989
220475245,0.989
150030205,0.989
444290896,0.989
142618165,0.989
270342589,0.989
260304800,0.989
220475245,0.989
348770361,0.989
314865962,0.989
303204165,0.989
336840314,0.989
350743714,0.989
156016136,0.989
231289421,0.989
288132261,0.989
329373799,0.989
233070717,0.989
280031353,0.989
193754373,0.989
142748283,0.989
272785423,0.989
394698182,0.989
154089169,0.989
272758199,0.989
394346745,0.989
267545252,0.989
230387153,0.989
284679064,0.989
352413427,0.989
272758199,0.989
400432230,0.989
219879302,0.989
304100538,0.989
143257768,0.989
405897415,0.989
267861788,0.989
232603560,0.989
219485050,0.989
219436394,0.989
264295655,0.989
220459826,0.989
193754373,0.989
235902467,0.989
271596225,0.989
369376388,0.989
198356533,0.989
219860288,0.989
219852882,0.989
219852882,0.989
233087860,0.988
159438097,0.988
156007004,0.988
345143460,0.988
247283596,0.988
390021939,0.988
314865962,0.988
233053554,0.988
468832904,0.988
354173595,0.988
348770361,0.988
55849732,0.988
153065527,0.988
278821913,0.988
400432230,0.988
178819686,0.988
123007594,0.988
272758199,0.988
372596795,0.988
468981993,0.988
273695332,0.988
22683951,0.988
288636599,0.988
138820713,0.988
120826158,0.988
165527918,0.988
288132261,0.988
307956397,0.988
233497719,0.988
272758199,0.988
280803917,0.988
367425982,0.988
403136415,0.988
206352378,0.988
198356533,0.988
67630845,0.988
271806353,0.988
425997655,0.988
462615350,0.988
408137826,0.988
408114363,0.988
100608026,0.988
173640199,0.988
271806353,0.988
207468071,0.988
35009898,0.988
102840239,0.988
154872375,0.988
229650439,0.988
219857012,0.988
141768070,0.988
47617161,0.988
150430484,0.988
353782445,0.988
154872375,0.988
252469648,0.988
167403519,0.988
420112587,0.988
219436394,0.988
332477926,0.988
294471966,0.988
259172391,0.988
335655755,0.988
230075227,0.988
229976631,0.988
233633993,0.988
237232044,0.988
406634633,0.988
198186769,0.988
410153553,0.988
287139872,0.988
410358456,0.988
372443687,0.988
396246765,0.988
336840314,0.988
207339000,0.988
470156846,0.988
138329479,0.988
207339000,0.988
199444169,0.988
393965778,0.988
229581160,0.988
92004082,0.988
219436394,0.988
451645081,0.988
305424003,0.988
270342589,0.988
126325149,0.988
309791156,0.988
207339000,0.988
4605846,0.988
219175972,0.988
361219651,0.988
220460087,0.988
149302744,0.988
405700729,0.988
182405015,0.988
177162886,0.988
140687214,0.988
241514551,0.988
438260486,0.988
369960846,0.988
233188747,0.988
158167408,0.988
219879302,0.988
229750058,0.988
219776325,0.987
200606159,0.987
232603560,0.987
271806353,0.987
71347873,0.987
31515092,0.987
142562395,0.987
165527918,0.987
317597583,0.987
294471966,0.987
260417932,0.987
219698776,0.987
229581160,0.987
148914726,0.987
428892437,0.987
237086564,0.987
362222177,0.987
418343229,0.987
272785423,0.987
53875855,0.987
219850915,0.987
260417932,0.987
229671380,0.987
150030205,0.987
34068865,0.987
237928815,0.987
352239069,0.987
224297258,0.987
220459826,0.987
273270473,0.987
373612558,0.987
233053554,0.987
322262448,0.987
259172249,0.987
166145361,0.987
470678283,0.987
233068569,0.987
150430484,0.987
441736986,0.987
294594423,0.987
236934937,0.987
229750058,0.987
468981993,0.987
391904697,0.987
355953198,0.987
233617847,0.987
302527524,0.987
459969957,0.987
356206412,0.987
4605846,0.987
158002130,0.987
149496868,0.987
289373041,0.987
441763252,0.987
270342589,0.987
142087638,0.987
348770361,0.987
119292328,0.987
34297761,0.987
12423815,0.987
367858035,0.987
85293053,0.987
46298321,0.987
417931300,0.987
219195044,0.987
75878355,0.987
410153553,0.987
302527524,0.987
288428649,0.987
224596152,0.987
141768070,0.987
306510653,0.987
406941612,0.987
4165850,0.987
270472265,0.987
66296167,0.987
59128183,0.987
177162886,0.987
350743714,0.987
270472265,0.987
317597583,0.987
375059587,0.987
100608026,0.987
307956397,0.987
30037565,0.987
233497719,0.987
468981993,0.987
34297761,0.987
451606970,0.987
806647328,0.987
420177051,0.987
237914496,0.987
273270473,0.987
426319499,0.987
321861405,0.987
358070912,0.987
165527918,0.987
38460940,0.986
229671380,0.986
150030205,0.986
267545252,0.986
148782377,0.986
323002911,0.986
441763252,0.986
407966340,0.986
420268415,0.986
116048097,0.986
287139872,0.986
362222177,0.986
198241702,0.986
420268415,0.986
425316308,0.986
158002130,0.986
387409975,0.986
349410350,0.986
278683844,0.986
186936449,0.986
278683844,0.986
422385684,0.986
232982558,0.986
233071822,0.986
434171113,0.986
435871546,0.986
284441182,0.986
452964680,0.986
122418622,0.986
350743714,0.986
452464529,0.986
357299852,0.986
441642457,0.986
441797803,0.986
340144218,0.986
224596152,0.986
4165850,0.986
375654303,0.986
229581160,0.986
229650439,0.986
328933398,0.986
219852584,0.986
271307949,0.986
300604770,0.986
350743714,0.986
198206613,0.986
198212955,0.986
292547242,0.986
124573851,0.986
260797169,0.986
305424003,0.986
120247528,0.986
277890574,0.986
142739544,0.986
381789320,0.986
138329479,0.986
36724087,0.986
229581160,0.986
159262969,0.986
190998418,0.986
437011608,0.986
287231664,0.986
80682484,0.986
167415965,0.986
396950329,0.986
229671380,0.986
402219289,0.986
272758199,0.986
288132261,0.986
29960109,0.986
234330672,0.986
405904232,0.986
229750058,0.985
434171113,0.985
314375831,0.985
267545252,0.985
382626661,0.985
233070717,0.985
355953198,0.985
161477033,0.985
158978373,0.985
437011608,0.985
314865962,0.985
220459826,0.985
332477926,0.985
219852584,0.985
356158613,0.985
219857012,0.985
317548889,0.985
165527918,0.985
37749396,0.985
233068569,0.985
157667414,0.985
219195044,0.985
21832928,0.985
422554579,0.985
280254984,0.985
237099296,0.985
271169413,0.985
285354178,0.985
229581160,0.985
99869022,0.985
141768070,0.985
229581160,0.985
232982938,0.985
219852882,0.985
23814735,0.985
219866209,0.985
219485050,0.985
325682877,0.985
272672133,0.985
286916251,0.985
359735804,0.985
321041369,0.985
224298134,0.985
397423462,0.985
123357034,0.985
229976631,0.985
313194972,0.985
289164482,0.985
160491359,0.985
54962195,0.985
169249234,0.985
150030205,0.985
437011608,0.985
107018378,0.985
327301957,0.985
452464529,0.985
177115354,0.985
263486257,0.985
280803800,0.985
34297761,0.985
436314778,0.985
264173803,0.985
260985861,0.985
241173474,0.985
45048546,0.985
332017079,0.985
434486077,0.985
48018596,0.985
437259571,0.985
429358906,0.985
229781583,0.985
219857012,0.985
178709444,0.985
307956397,0.985
113648563,0.985
312689217,0.985
322901324,0.985
238171173,0.985
230236827,0.985
410358456,0.985
49771092,0.984
300579472,0.984
391904697,0.984
271806353,0.984
236934937,0.984
270075071,0.984
27649847,0.984
224596152,0.984
124146529,0.984
334305570,0.984
452576848,0.984
123846039,0.984
233188747,0.984
220460087,0.984
173640199,0.984
334305570,0.984
141768070,0.984
54962195,0.984
17385917,0.984
420051632,0.984
356206412,0.984
220459826,0.984
357299852,0.984
102840239,0.984
238932509,0.984
58542531,0.984
374180079,0.984
350743714,0.984
107340585,0.984
143724857,0.984
237928815,0.984
55559618,0.984
268125229,0.984
179985715,0.984
233497719,0.984
289264348,0.984
428679607,0.984
357299852,0.984
280031353,0.984
77258279,0.984
359388309,0.984
232971294,0.984
298647682,0.984
269701147,0.984
233617847,0.984
219852584,0.984
229671380,0.984
321857016,0.984
391949880,0.984
382980571,0.984
219850915,0.984
158002130,0.984
158167408,0.984
369960846,0.984
1101855081,0.984
420680343,0.984
328933398,0.984
300710077,0.984
233951353,0.984
402898317,0.984
229581160,0.984
466682238,0.984
160390955,0.984
441765914,0.984
270342589,0.984
441739871,0.984
229750058,0.984
290308758,0.984
207425167,0.984
420112587,0.984
409934330,0.984
99097200,0.984
405897415,0.984
21832928,0.984
158167408,0.984
272758199,0.984
289580577,0.984
229581160,0.984
233087860,0.984
272785423,0.984
468832904,0.984
157213708,0.983
375059587,0.983
91287873,0.983
271806353,0.983
229586455,0.983
284174392,0.983
405425498,0.983
229671380,0.983
150430484,0.983
71582156,0.983
232982938,0.983
356206412,0.983
219866209,0.983
294179385,0.983
287196418,0.983
229618478,0.983
232567319,0.983
198189972,0.983
258510872,0.983
95337971,0.983
233087860,0.983
393853275,0.983
259172391,0.983
229581160,0.983
230377505,0.983
462553953,0.983
364074068,0.983
34646336,0.983
4070275,0.983
287231664,0.983
63898957,0.983
86951294,0.983
374997123,0.983
149917086,0.983
175532955,0.983
224298134,0.983
178709444,0.983
158241252,0.983
158002130,0.983
312991501,0.983
353782445,0.983
273985865,0.983
233497719,0.983
353782445,0.983
415969908,0.983
233087860,0.983
219857012,0.983
34068865,0.983
353782445,0.983
294471966,0.983
280315875,0.983
280031353,0.983
147994863,0.983
258510872,0.983
262471759,0.983
348770361,0.983
309791156,0.983
167415965,0.983
142748283,0.983
284173938,0.983
67772767,0.983
237920046,0.983
1884091865,0.983
229671380,0.983
271806353,0.983
335655755,0.983
453100296,0.983
141768070,0.983
77550515,0.983
408416746,0.983
441736986,0.983
230084146,0.983
5485318,0.983
46999289,0.983
333674399,0.983
229581160,0.983
280097543,0.983
148914726,0.983
406976746,0.983
158002130,0.983
220459826,0.983
400432230,0.983
355895977,0.983
255780160,0.983
260189643,0.983
4918918,0.983
38510224,0.983
154872375,0.983
271806353,0.983
237914496,0.983
410153553,0.983
261020738,0.983
36724087,0.983
241514551,0.983
452576848,0.983
6404965,0.983
114181798,0.983
350743714,0.983
271806353,0.983
175532955,0.982
372207328,0.982
141768070,0.982
331146317,0.982
138727432,0.982
22705558,0.982
34646336,0.982
462553953,0.982
362103298,0.982
277890574,0.982
1717079071,0.982
232982938,0.982
278683844,0.982
232982558,0.982
233087860,0.982
151759246,0.982
154923406,0.982
290308758,0.982
96202086,0.982
229586455,0.982
367630162,0.982
198241702,0.982
233188747,0.982
441580526,0.982
462553953,0.982
141768070,0.982
71431780,0.982
462553953,0.982
21279791,0.982
167342439,0.982
372596795,0.982
106402532,0.982
397362481,0.982
253961767,0.982
359426909,0.982
167342439,0.982
323132914,0.982
203377303,0.982
255685030,0.982
345645749,0.982
71347873,0.982
160491359,0.982
220459826,0.982
198186769,0.982
1715469667,0.982
418343229,0.982
468178519,0.982
198360694,0.982
160045097,0.982
19025965,0.982
300579472,0.982
394287035,0.982
141768070,0.982
298647682,0.982
332710679,0.982
382259755,0.982
234489976,0.982
58542531,0.982
420177051,0.982
363083571,0.982
445807396,0.982
221785300,0.982
153937417,0.982
352151292,0.982
229455001,0.982
407059875,0.982
219508169,0.982
237920046,0.982
233087860,0.982
233071822,0.982
153951307,0.982
278683844,0.982
394698182,0.982
394657039,0.982
229671380,0.982
142087638,0.982
260189643,0.981
230387153,0.981
362223355,0.981
198241702,0.981
300812741,0.981
260304800,0.981
148782377,0.981
300812741,0.981
389900760,0.981
288631580,0.981
394346745,0.981
18373995,0.981
19025965,0.981
271806353,0.981
74534430,0.981
235902467,0.981
207425167,0.981
224298134,0.981
198390247,0.981
124573851,0.981
262746281,0.981
237099296,0.981
300710077,0.981
236934268,0.981
427153307,0.981
339961200,0.981
153949511,0.981
167600516,0.981
372747949,0.981
278683844,0.981
219879302,0.981
278775625,0.981
81693792,0.981
34077285,0.981
675054894,0.981
255685030,0.981
274911536,0.981
405904232,0.981
219175972,0.981
27649847,0.981
356206412,0.981
232982558,0.981
459970307,0.981
441730540,0.981
312991501,0.981
207339000,0.981
77253676,0.981
159332859,0.981
141768070,0.981
300710077,0.981
410358456,0.981
210441429,0.981
350743714,0.981
270472265,0.981
55849732,0.981
466682238,0.981
141768070,0.981
431981595,0.981
352764091,0.981
328933398,0.981
262689575,0.981
441797803,0.981
272758199,0.981
142387023,0.981
73649615,0.981
420177051,0.981
142562395,0.981
441739871,0.981
198390247,0.981
279265701,0.981
316416562,0.98
233617847,0.98
148914726,0.98
470171739,0.98
274911536,0.98
367630162,0.98
470127886,0.98
167661160,0.98
313453776,0.98
148679712,0.98
390021939,0.98
406672232,0.98
18067025,0.98
45655786,0.98
9348006,0.98
147951030,0.98
233053554,0.98
142868621,0.98
154872375,0.98
141608198,0.98
441765914,0.98
19519368,0.98
468981993,0.98
260985861,0.98
367753709,0.98
207468071,0.98
400432230,0.98
160045097,0.98
427153307,0.98
271806353,0.98
284441182,0.98
71347873,0.98
148497855,0.98
54962195,0.98
260797169,0.98
356146869,0.98
394287035,0.98
356867115,0.98
407966340,0.98
307210830,0.98
157218656,0.98
343628284,0.98
233087860,0.98
434171145,0.98
220459826,0.98
470678283,0.98
233535738,0.98
365673804,0.98
348770361,0.98
219866209,0.98
288132261,0.98
321857016,0.98
229581160,0.98
359271092,0.98
259172391,0.98
441614965,0.98
229639351,0.98
142562395,0.98
159438097,0.98
468329664,0.98
280803917,0.98
280726137,0.98
289535142,0.98
270472265,0.98
73649615,0.98
352764091,0.98
159332859,0.98
42484503,0.98
141608198,0.98
161003569,0.98
4605846,0.98
19025965,0.98
393196631,0.98
162695785,0.98
468880077,0.98
373017346,0.979
288636599,0.979
154353849,0.979
85429139,0.979
31852980,0.979
237928815,0.979
224298134,0.979
336255880,0.979
420114036,0.979
274641986,0.979
332477926,0.979
384386062,0.979
467331291,0.979
464445045,0.979
401125028,0.979
350743714,0.979
271891552,0.979
371790428,0.979
139148528,0.979
65416038,0.979
468148930,0.979
394698182,0.979
192976435,0.979
35009898,0.979
158241252,0.979
29106627,0.979
85429139,0.979
420177051,0.979
219485050,0.979
268334473,0.979
229650439,0.979
298946836,0.979
219508169,0.979
39200363,0.979
233087860,0.979
35972578,0.979
232540264,0.979
36381058,0.979
219229644,0.979
309791156,0.979
192976435,0.979
382259755,0.979
154474036,0.979
35652085,0.979
422514153,0.979
238932509,0.979
141527579,0.979
219852882,0.979
445903569,0.979
120826158,0.979
230017324,0.979
1884091865,0.979
4165850,0.979
237914496,0.979
129637892,0.979
258510872,0.979
308208458,0.979
3364732,0.979
180285396,0.979
428892437,0.979
157225097,0.979
199610140,0.979
64938667,0.979
277634430,0.979
36381058,0.979
230236827,0.979
198360694,0.978
306510653,0.978
219879302,0.978
192976435,0.978
156199502,0.978
270649648,0.978
95337971,0.978
279514271,0.978
232567319,0.978
142748283,0.978
420177051,0.978
382626661,0.978
220459826,0.978
284174392,0.978
420114036,0.978
73038411,0.978
272785423,0.978
406976746,0.978
328814605,0.978
352764091,0.978
232540264,0.978
154089169,0.978
126325149,0.978
1980725947,0.978
428963229,0.978
63898957,0.978
147994863,0.978
308613965,0.978
160045097,0.978
271806353,0.978
198241702,0.978
219850915,0.978
12423815,0.978
365447203,0.978
238932509,0.978
238932509,0.978
341815197,0.978
142739544,0.978
432758245,0.978
137906197,0.978
7422496,0.978
149349867,0.978
410159011,0.978
441730540,0.978
44647437,0.978
347752831,0.978
22683951,0.978
451084885,0.978
81693792,0.978
288636342,0.978
339961200,0.978
470127886,0.978
270515566,0.978
158167408,0.978
219728669,0.978
198390247,0.978
289445553,0.978
432078760,0.977
390021939,0.977
270472265,0.977
229781583,0.977
396794358,0.977
361219651,0.977
271806353,0.977
1980725947,0.977
289580577,0.977
269728501,0.977
119292328,0.977
468981993,0.977
384034837,0.977
332477926,0.977
373612558,0.977
144401492,0.977
318022259,0.977
219879302,0.977
229671380,0.977
148914726,0.977
459969957,0.977
441797803,0.977
391949880,0.977
265242905,0.977
124453339,0.977
159418353,0.977
192259856,0.977
116848450,0.977
468880077,0.977
233497719,0.977
354518617,0.977
207468071,0.977
30037565,0.977
459970307,0.977
364074068,0.977
441730540,0.977
269859655,0.977
390021939,0.977
260417932,0.977
294395926,0.977
258510872,0.977
165317334,0.977
162695785,0.977
95361530,0.977
422514153,0.977
286813592,0.977
358253047,0.977
232971294,0.977
328933398,0.977
198241702,0.977
294179385,0.977
198212955,0.977
272785423,0.977
323002911,0.977
167905035,0.977
219866209,0.977
169249234,0.977
438073782,0.977
367630162,0.976
306510653,0.976
334305570,0.976
229581160,0.976
332477926,0.976
406236094,0.976
138126035,0.976
464658144,0.976
420114036,0.976
31852980,0.976
260304800,0.976
288132261,0.976
251652214,0.976
141186075,0.976
278683844,0.976
229605891,0.976
115771549,0.976
270472265,0.976
287080092,0.976
173979859,0.976
258804746,0.976
278683844,0.976
159438097,0.976
312689217,0.976
236934268,0.976
394346745,0.976
198390247,0.976
308987429,0.976
219860288,0.976
233535738,0.976
284679064,0.976
349582831,0.976
418604868,0.976
3224605,0.976
233497719,0.976
420202798,0.976
164767175,0.976
230088370,0.976
159438097,0.976
341630071,0.976
229581160,0.976
312689217,0.976
233071822,0.976
328814605,0.976
1717079066,0.976
330799746,0.976
264295655,0.976
233053554,0.976
238317637,0.976
322262448,0.976
229581160,0.976
260304800,0.976
441763252,0.976
238932509,0.976
428679607,0.976
199610140,0.975
103633434,0.975
420112587,0.975
1101855081,0.975
233070717,0.975
256158543,0.975
165317334,0.975
312811620,0.975
237222864,0.975
446549906,0.975
17385917,0.975
71582156,0.975
1717079066,0.975
424391516,0.975
219879302,0.975
279265701,0.975
146172354,0.975
151920165,0.975
60859922,0.975
173711153,0.975
260797169,0.975
271806353,0.975
358070912,0.975
441797803,0.975
446158352,0.975
42054565,0.975
306510653,0.975
1234810324,0.975
260985861,0.975
120826158,0.975
268334473,0.975
159438097,0.975
167342439,0.975
422514153,0.975
344140617,0.975
422514153,0.975
273985865,0.975
231850364,0.975
73082014,0.975
55849732,0.975
199610140,0.975
31852980,0.975
229671380,0.975
30037565,0.975
271891552,0.975
396950329,0.975
237108775,0.975
55652896,0.975
352764091,0.975
130349701,0.975
468148930,0.975
198241702,0.975
376353509,0.975
271891552,0.974
260985861,0.974
260304800,0.974
11936042,0.974
288636599,0.974
256783784,0.974
382626661,0.974
204698337,0.974
459735346,0.974
232540264,0.974
157667414,0.974
141608198,0.974
271806353,0.974
165493409,0.974
289164482,0.974
133129971,0.974
132313173,0.974
306510653,0.974
271596225,0.974
446370039,0.974
424391516,0.974
219866209,0.974
438073782,0.974
288132261,0.974
362223355,0.974
150074121,0.974
50312495,0.974
72985822,0.974
372207328,0.974
382602147,0.974
326522874,0.974
4605846,0.974
399847887,0.974
331146317,0.974
321578632,0.974
339207264,0.974
259172249,0.974
390021939,0.974
229581160,0.974
35652085,0.974
424196109,0.974
268172361,0.974
38460940,0.974
141141249,0.974
35972578,0.974
278138619,0.974
20579360,0.974
382259755,0.974
284173938,0.974
339522221,0.973
350743714,0.973
198186769,0.973
152467154,0.973
470678283,0.973
19519368,0.973
418343229,0.973
470987100,0.973
289590465,0.973
468329664,0.973
198241702,0.973
429358906,0.973
233497719,0.973
102159710,0.973
356867115,0.973
158002130,0.973
207468071,0.973
381856447,0.973
420177051,0.973
232967440,0.973
298946836,0.973
178709444,0.973
394287035,0.973
72401290,0.973
26305150,0.973
361176558,0.973
366120401,0.973
408416746,0.973
372207328,0.973
468979441,0.973
306510653,0.973
387409975,0.973
114018671,0.973
456574511,0.973
459969957,0.973
272236017,0.973
382626661,0.973
420114036,0.973
271891552,0.973
167303382,0.973
271806353,0.973
410119093,0.973
355509914,0.973
372207328,0.973
312689217,0.973
167418903,0.973
159332859,0.973
232982558,0.973
397362481,0.973
151724385,0.973
262746281,0.972
176242778,0.972
272785423,0.972
441798995,0.972
289580577,0.972
428963229,0.972
233087860,0.972
8967242,0.972
425561347,0.972
406861922,0.972
55849732,0.972
409934330,0.972
272236017,0.972
384888319,0.972
420268415,0.972
316416562,0.972
289264348,0.972
406672232,0.972
147340931,0.972
306955329,0.972
359735804,0.972
233071926,0.972
219792161,0.972
289164482,0.972
399346877,0.972
33227166,0.972
9989136,0.972
278683844,0.972
356786657,0.972
423360793,0.972
201177276,0.972
350743714,0.972
377293776,0.972
32090583,0.972
229650439,0.972
462206806,0.972
13737885,0.972
468329664,0.972
388280249,0.972
278683844,0.972
418255064,0.972
142117976,0.972
368713985,0.972
219338557,0.972
21832928,0.972
156999527,0.972
259172249,0.972
158002130,0.972
432467894,0.972
203377303,0.972
441798995,0.972
219436394,0.972
259230140,0.972
246965431,0.972
233053554,0.972
158561812,0.971
387409975,0.971
320281287,0.971
350743714,0.971
400432230,0.971
232982938,0.971
321857016,0.971
73228647,0.971
173260345,0.971
286763141,0.971
193773468,0.971
468979441,0.971
316038054,0.971
24837152,0.971
453100296,0.971
405700729,0.971
203377303,0.971
198186769,0.971
394346745,0.971
278138619,0.971
252118701,0.971
232971294,0.971
262746281,0.971
207109417,0.971
238171173,0.971
388106759,0.971
434171113,0.971
237071229,0.971
36452991,0.971
258796169,0.971
299945285,0.971
421336001,0.971
45299834,0.971
368734712,0.971
285505979,0.971
461968320,0.971
159332859,0.971
372747949,0.971
52204645,0.971
241569046,0.971
321857016,0.971
302798365,0.971
470678283,0.97
34499178,0.97
34068865,0.97
198189972,0.97
92004082,0.97
345697569,0.97
229581160,0.97
266500992,0.97
321857016,0.97
459969957,0.97
306955329,0.97
470127886,0.97
96074951,0.97
470127886,0.97
98620619,0.97
390021939,0.97
167415965,0.97
166184428,0.97
232628532,0.97
434171145,0.97
264295655,0.97
394657039,0.97
101520163,0.97
33716474,0.97
418959198,0.97
158167408,0.97
272785423,0.97
453260209,0.97
333810741,0.97
198360694,0.97
224297258,0.97
282485660,0.97
451538240,0.97
170368805,0.97
138475192,0.97
287196418,0.97
229650439,0.97
241514551,0.97
470987100,0.97
278683844,0.969
454069765,0.969
98796342,0.969
167415965,0.969
267484403,0.969
467651916,0.969
193482096,0.969
15863518,0.969
367630162,0.969
289580577,0.969
158002130,0.969
38460940,0.969
322901324,0.969
29191624,0.969
258829450,0.969
231850364,0.969
397362481,0.969
288636342,0.969
55488511,0.969
137420801,0.969
189625051,0.969
3840990,0.969
150430484,0.969
134471108,0.969
219850915,0.969
233087860,0.969
367425982,0.969
341815197,0.969
259511357,0.969
258796169,0.969
97766057,0.969
400432230,0.969
219762508,0.969
282091492,0.969
229747848,0.969
328012209,0.969
138329479,0.969
306510653,0.969
1813844121,0.969
229639351,0.968
232982938,0.968
397362481,0.968
284679064,0.968
366074071,0.968
441736986,0.968
159781361,0.968
420114036,0.968
322807675,0.968
230387153,0.968
445837596,0.968
393965778,0.968
31943299,0.968
359426909,0.968
467649533,0.968
272236017,0.968
350743714,0.968
207468071,0.968
352690548,0.968
260797169,0.968
233497719,0.968
232982938,0.968
432467894,0.968
371790428,0.968
374997123,0.968
267861788,0.968
420177051,0.968
177115354,0.968
350743714,0.968
229605891,0.968
232632239,0.968
198390247,0.968
138329479,0.968
290308758,0.968
141608198,0.968
462206806,0.968
167600516,0.968
278895705,0.968
336075472,0.968
289580577,0.968
232976128,0.968
382626661,0.968
39858507,0.968
42484503,0.968
363661031,0.968
80778619,0.968
271891552,0.968
273695332,0.968
219175972,0.968
352764091,0.968
88529975,0.968
20318757,0.968
367630162,0.968
34499178,0.968
422554579,0.968
238197638,0.968
71347873,0.967
237086564,0.967
282091492,0.967
449491381,0.967
365673804,0.967
94986319,0.967
374997123,0.967
31852980,0.967
19519368,0.967
153949511,0.967
399346877,0.967
236934937,0.967
137420801,0.967
229671380,0.967
251848941,0.967
248387177,0.967
441158994,0.967
402391147,0.967
418298773,0.967
232567319,0.967
206474443,0.967
421336001,0.967
355953198,0.967
150428703,0.967
418298773,0.967
348770361,0.967
271891552,0.967
219852882,0.967
112115898,0.967
232982938,0.967
231728511,0.967
381714186,0.967
294781547,0.967
153937417,0.967
149349867,0.967
401125028,0.967
272236017,0.967
352239069,0.967
286152207,0.966
262715204,0.966
38510224,0.966
328814605,0.966
260708537,0.966
365938305,0.966
421894914,0.966
237914496,0.966
142748283,0.966
457104362,0.966
303204165,0.966
288636599,0.966
352239069,0.966
14336130,0.966
470381900,0.966
19025965,0.966
441763252,0.966
407591297,0.966
283722336,0.966
175482273,0.966
219762508,0.966
88114177,0.966
219776325,0.966
441763252,0.966
258510872,0.966
306510653,0.966
159332859,0.966
272236017,0.966
45896295,0.966
356867115,0.966
229747848,0.966
399346877,0.966
318022259,0.966
229671380,0.965
162695785,0.965
45299834,0.965
300604770,0.965
107506563,0.965
399847887,0.965
38509907,0.965
229750058,0.965
144401492,0.965
90853136,0.965
301455423,0.965
159781361,0.965
359735804,0.965
160045097,0.965
350618622,0.965
288132261,0.965
148914726,0.965
365938305,0.965
238932509,0.965
449491381,0.965
287145649,0.965
357048995,0.965
219875976,0.965
288671122,0.965
219852882,0.965
141608198,0.965
362222177,0.965
142087638,0.965
280254984,0.965
219852882,0.965
201793781,0.965
470127886,0.965
288636342,0.965
236934937,0.965
335655755,0.965
162695785,0.965
348770361,0.965
167661160,0.965
42484503,0.965
155873992,0.964
149917086,0.964
403507814,0.964
237920046,0.964
159332859,0.964
271891552,0.964
356311210,0.964
101011575,0.964
269850928,0.964
270472265,0.964
230387153,0.964
454361389,0.964
362222177,0.964
3364732,0.964
224297408,0.964
224297258,0.964
224601047,0.964
349410350,0.964
120826158,0.964
199610140,0.964
2760219,0.964
352413427,0.964
445903569,0.964
46298321,0.964
391904697,0.964
8516795,0.964
210873792,0.964
230387153,0.964
233617847,0.964
309292963,0.964
280031353,0.964
148914726,0.964
13023378,0.964
407966340,0.964
198206613,0.964
306510653,0.964
406941612,0.963
461662295,0.963
229750058,0.963
368287008,0.963
233053554,0.963
321857016,0.963
328933398,0.963
150030205,0.963
149833117,0.963
104986789,0.963
461867584,0.963
361219651,0.963
350931281,0.963
165317334,0.963
73228647,0.963
280031353,0.963
48018596,0.963
351601843,0.963
253961767,0.963
405904232,0.963
260985861,0.963
423128096,0.963
160077104,0.963
233953967,0.963
258510872,0.963
418301643,0.963
229750058,0.963
53365065,0.963
229671380,0.963
377064495,0.963
306263608,0.963
271891552,0.963
219866209,0.963
95361530,0.963
237077180,0.963
470127886,0.963
320281287,0.963
237077180,0.962
237232044,0.962
233497719,0.962
307849973,0.962
420114036,0.962
446157122,0.962
259172391,0.962
198356533,0.962
321861405,0.962
464481762,0.962
272236017,0.962
88114177,0.962
405454160,0.962
281837575,0.962
200606159,0.962
232650365,0.962
288636342,0.962
400432230,0.962
299945285,0.962
45655786,0.962
358070912,0.962
186470968,0.962
29169215,0.962
367753709,0.962
294471966,0.962
114018671,0.962
394657039,0.962
219015370,0.962
330795142,0.962
394918211,0.962
232982938,0.962
1018843,0.962
441797803,0.962
45299834,0.962
278415929,0.962
198206613,0.962
45655786,0.962
458481611,0.962
193482096,0.962
470678283,0.962
266425782,0.962
124454726,0.962
415969908,0.962
382602147,0.962
220460087,0.961
182078202,0.961
219852882,0.961
159332859,0.961
219698776,0.961
303686889,0.961
463508231,0.961
328814605,0.961
219698776,0.961
141768070,0.961
420049884,0.961
272167060,0.961
3364732,0.961
734505586,0.961
289580577,0.961
175193677,0.961
141186075,0.961
198390247,0.961
137843225,0.961
230088370,0.961
119292328,0.961
4605846,0.961
366311757,0.961
169249234,0.961
229715760,0.961
258804746,0.961
237077180,0.961
274641986,0.961
400093775,0.961
307956397,0.961
173176491,0.961
178819686,0.961
375654303,0.961
156199502,0.961
375059587,0.961
268125229,0.961
159418353,0.961
272236017,0.961
169249234,0.961
420112587,0.961
52548453,0.961
198390247,0.961
300710077,0.961
171160885,0.961
415969908,0.961
441614965,0.961
238317637,0.961
441453629,0.961
238932509,0.961
149496868,0.961
459970307,0.96
198187049,0.96
236934268,0.96
237920046,0.96
400093775,0.96
389900760,0.96
443582629,0.96
369960846,0.96
167415965,0.96
269701147,0.96
257642093,0.96
270471065,0.96
268125229,0.96
336691874,0.96
115771549,0.96
21535395,0.96
229671380,0.96
434171145,0.96
422756130,0.96
175532955,0.96
262689575,0.96
233688779,0.96
34068865,0.96
219508169,0.96
454361389,0.96
232967440,0.96
71221700,0.96
234345288,0.96
464481762,0.96
17385917,0.96
167415965,0.96
202872757,0.96
340228388,0.96
202185707,0.96
337216118,0.96
270472265,0.96
19025965,0.96
340559155,0.959
436873727,0.959
233719215,0.959
278821913,0.959
238197638,0.959
9989136,0.959
229586455,0.959
309791156,0.959
22683951,0.959
82739585,0.959
366576758,0.959
272236017,0.959
85242435,0.959
82739585,0.959
348755728,0.959
286152207,0.959
219866209,0.959
138329479,0.959
366120401,0.959
232650365,0.959
37749396,0.959
165493409,0.959
141527579,0.959
229650439,0.959
154353849,0.959
161477033,0.959
124573851,0.959
406634633,0.959
394657039,0.959
268187322,0.959
453100296,0.959
207468071,0.959
54962195,0.959
453100296,0.959
258917846,0.959
415443327,0.958
322807675,0.958
142562395,0.958
157572174,0.958
238197638,0.958
269043098,0.958
348756659,0.958
85266608,0.958
232025086,0.958
137420801,0.958
295507430,0.958
23815847,0.958
99097200,0.958
275421144,0.958
441739871,0.958
149302744,0.958
27414976,0.958
229581160,0.958
224298134,0.958
306510653,0.958
115623434,0.958
467158766,0.958
394443982,0.958
198186769,0.958
203287192,0.958
387409975,0.958
241173474,0.958
445859771,0.958
344140617,0.958
167415965,0.958
284174392,0.958
441798995,0.957
313408643,0.957
453100296,0.957
446157122,0.957
390021939,0.957
454828937,0.957
141608198,0.957
238932509,0.957
237205154,0.957
300710077,0.957
409934330,0.957
272236017,0.957
142784687,0.957
137420801,0.957
259511357,0.957
134471108,0.957
349582831,0.957
278683844,0.957
272679240,0.957
434116397,0.957
324116813,0.957
278821913,0.957
152147232,0.957
191202679,0.957
278683844,0.957
38467100,0.957
330218897,0.957
412521892,0.957
102840237,0.957
298428237,0.957
4605846,0.957
198187049,0.957
161477033,0.957
31852980,0.957
256783784,0.956
294179385,0.956
31852980,0.956
231297123,0.956
355509914,0.956
144467913,0.956
229639351,0.956
167415965,0.956
350743714,0.956
314865962,0.956
320281287,0.956
47617161,0.956
303686889,0.956
315096343,0.956
90853136,0.956
271891552,0.956
452464529,0.956
233087860,0.956
122613513,0.956
399847887,0.956
253864764,0.956
407653728,0.956
138475192,0.956
198360694,0.955
142868621,0.955
232971294,0.955
382626661,0.955
380887434,0.955
229586455,0.955
289164482,0.955
259274960,0.955
277634430,0.955
306510653,0.955
159098316,0.955
356311210,0.955
278683844,0.955
278683844,0.955
202185707,0.955
52204645,0.955
31515092,0.955
33716474,0.955
231850364,0.955
367630162,0.955
1980725947,0.955
160077104,0.955
165431806,0.955
327301957,0.955
371864043,0.955
198241702,0.955
230088370,0.955
306510653,0.955
252876117,0.955
219253008,0.955
308073360,0.955
252430813,0.955
33716474,0.955
95361530,0.955
294471966,0.955
269850928,0.954
230088370,0.954
327004130,0.954
267484403,0.954
141608198,0.954
407966340,0.954
332477926,0.954
138475192,0.954
68646526,0.954
470171739,0.954
356311210,0.954
123007594,0.954
287196418,0.954
149917086,0.954
403507814,0.954
416534875,0.954
81077799,0.954
232650365,0.954
282221346,0.954
101948569,0.954
418343229,0.954
53365065,0.954
219253008,0.954
150030205,0.954
468148930,0.954
288132261,0.954
278895705,0.954
165827520,0.954
90127880,0.953
146523262,0.953
336840314,0.953
349972412,0.953
284173938,0.953
233535738,0.953
237914496,0.953
147951030,0.953
382259755,0.953
39699648,0.953
137906197,0.953
270075071,0.953
356200601,0.953
233497719,0.953
451084885,0.953
241514551,0.953
3027681,0.953
438777551,0.953
372747949,0.953
372207328,0.953
271596225,0.953
229671380,0.953
419523962,0.953
201177276,0.953
233068569,0.953
306510653,0.953
231063955,0.953
233576159,0.953
18373995,0.953
339857675,0.953
356016119,0.952
8967242,0.952
366580825,0.952
35758536,0.952
252616865,0.952
365447203,0.952
229586455,0.952
233182695,0.952
34646336,0.952
52928939,0.952
306510653,0.952
414922696,0.952
428673146,0.952
280315875,0.952
100796276,0.952
470156846,0.952
350584963,0.952
232025086,0.951
270472265,0.951
322901324,0.951
230377505,0.951
406926040,0.951
199610140,0.951
432114158,0.951
203287192,0.951
382200986,0.951
321857016,0.951
447054140,0.951
396649769,0.951
383721338,0.951
381714186,0.951
900715901,0.951
441798995,0.951
357299852,0.951
382626661,0.95
356016119,0.95
414922696,0.95
233719215,0.95
251652214,0.95
294179385,0.95
141608198,0.95
377097547,0.95
286152207,0.95
270472265,0.95
165763244,0.95
141768070,0.95
148679712,0.95
277634430,0.95
233497719,0.95
48768158,0.95
313194972,0.95
445456888,0.95
220459826,0.95
230377505,0.95
219187649,0.95
38509907,0.95
170434745,0.95
277890574,0.95
458481611,0.95
119973835,0.95
219879302,0.95
229747848,0.95
47937361,0.949
230017324,0.949
268334473,0.949
198390247,0.949
421336001,0.949
438278301,0.949
53307409,0.949
219879302,0.949
445903569,0.949
237922465,0.949
106940971,0.949
141768070,0.949
385459345,0.949
219508169,0.949
154940895,0.949
234489976,0.949
414922696,0.949
441736986,0.949
373017346,0.949
675054894,0.949
4605846,0.949
203287192,0.949
241569046,0.949
271596225,0.949
298647682,0.949
287196418,0.949
188570092,0.949
420177051,0.949
441763252,0.948
85242435,0.948
57299130,0.948
72985822,0.948
152147232,0.948
16187321,0.948
142618165,0.948
367630162,0.948
54962195,0.948
352239069,0.948
271891552,0.948
332660150,0.948
141768070,0.948
224298134,0.948
357048995,0.948
21279791,0.948
367630162,0.948
319932686,0.948
364074068,0.948
237928815,0.947
272236017,0.947
156199502,0.947
134471108,0.947
289590465,0.947
104208182,0.947
273695332,0.947
72985822,0.947
229650439,0.947
302798365,0.947
333674399,0.947
459837008,0.947
322262448,0.947
136916387,0.947
30122649,0.947
270472265,0.947
27649847,0.947
358253047,0.947
154383539,0.947
287139872,0.947
207339000,0.947
294090620,0.947
219879302,0.947
400093775,0.947
334482103,0.947
160440924,0.947
271596225,0.947
274911536,0.947
198360694,0.946
396950329,0.946
38571020,0.946
21535395,0.946
470678283,0.946
229639351,0.946
238586172,0.946
401704685,0.946
177162886,0.946
224601047,0.946
229781583,0.946
230017324,0.946
350743714,0.946
158167408,0.946
306955329,0.946
193556520,0.946
396572386,0.946
230006888,0.946
323194443,0.946
470678283,0.946
232982938,0.946
198390247,0.946
80682484,0.946
382602147,0.946
219436394,0.946
418343229,0.946
37575651,0.946
165989915,0.946
258829450,0.946
420114036,0.946
272236017,0.946
7088246,0.946
44647437,0.945
63898957,0.945
177162886,0.945
420268415,0.945
160930264,0.945
307210830,0.945
120826158,0.945
122617317,0.945
287139872,0.945
269728501,0.945
158241252,0.945
238932509,0.945
270677031,0.945
163262555,0.945
289264348,0.945
367630162,0.945
193556520,0.945
458342769,0.945
165827520,0.945
27459498,0.945
280031353,0.945
390021939,0.945
353782445,0.945
120826158,0.945
157769780,0.945
65805840,0.945
441797803,0.945
288671122,0.945
421973253,0.944
288636342,0.944
322504451,0.944
275421144,0.944
38467100,0.944
14715294,0.944
362222177,0.944
406926040,0.944
233087860,0.944
135083444,0.944
145879095,0.944
91987762,0.944
71431780,0.944
281196902,0.944
428988981,0.944
161032923,0.944
154872375,0.944
366580825,0.944
734505586,0.944
219187649,0.944
428679607,0.944
233009109,0.944
294179385,0.943
309791156,0.943
102159710,0.943
167403519,0.943
377297285,0.943
18068144,0.943
31637479,0.943
219879302,0.943
375059587,0.943
1884091865,0.943
260417932,0.943
232982558,0.943
334385701,0.943
260708537,0.943
277890574,0.943
468148930,0.943
368287008,0.943
103096524,0.943
367630162,0.943
165827520,0.943
236934268,0.943
306510653,0.943
271806353,0.943
453387619,0.943
400432230,0.943
230017324,0.943
238171173,0.943
306510653,0.942
219698776,0.942
23815847,0.942
356867115,0.942
382980571,0.942
229715760,0.942
141608198,0.942
138475192,0.942
229408913,0.942
421336001,0.942
290337456,0.942
230129753,0.942
238197638,0.942
224297258,0.942
335590096,0.942
260708537,0.942
66620917,0.942
232603560,0.942
422423972,0.941
159332859,0.941
230017324,0.941
304100538,0.941
142117976,0.941
289535142,0.941
179687771,0.941
341630071,0.941
270472265,0.941
141141249,0.941
441736986,0.941
269850928,0.941
260708537,0.941
38509907,0.941
440624788,0.941
357801293,0.941
264173786,0.941
258510872,0.941
198153540,0.941
287225295,0.941
454361389,0.941
356146869,0.941
38467100,0.941
405788729,0.941
237928815,0.941
21279791,0.94
446158352,0.94
420112217,0.94
27459498,0.94
10507330,0.94
58824746,0.94
237071229,0.94
54962195,0.94
270472265,0.94
410554986,0.94
420114036,0.94
441797803,0.94
280031353,0.94
71013298,0.94
446158352,0.94
85429139,0.94
148782377,0.94
441765914,0.94
229639351,0.94
137906197,0.94
441797803,0.94
186292194,0.94
267861788,0.94
327579226,0.939
452006073,0.939
352764091,0.939
309155144,0.939
317252733,0.939
232025086,0.939
396950329,0.939
230088370,0.939
278821913,0.939
350023518,0.939
272782321,0.939
282091492,0.939
229750058,0.939
445456888,0.939
198241702,0.939
391949880,0.939
43064903,0.939
132611413,0.939
349582831,0.939
198390247,0.939
312689217,0.939
274974693,0.939
45492609,0.939
289590465,0.939
154383539,0.939
231736113,0.939
148914726,0.938
233068569,0.938
149788158,0.938
142784687,0.938
299945285,0.938
188668950,0.938
382980571,0.938
364074068,0.938
34068865,0.938
57159675,0.938
31852980,0.938
417931300,0.938
418255064,0.938
155873992,0.938
405904232,0.938
102672709,0.938
464280516,0.938
406318573,0.938
177162886,0.938
44313455,0.938
441797803,0.938
382980571,0.937
270515566,0.937
327301957,0.937
422881018,0.937
238542895,0.937
199610140,0.937
434477274,0.937
204671232,0.937
348755728,0.937
302470965,0.937
57159675,0.937
166145361,0.937
23982469,0.937
255685030,0.937
91251292,0.937
153951307,0.937
255685030,0.937
289535142,0.937
288631580,0.937
202504234,0.937
237086564,0.937
451606970,0.937
229671380,0.937
356311210,0.937
469821652,0.936
259172391,0.936
160491359,0.936
306485267,0.936
208297760,0.936
162802770,0.936
237205154,0.936
229639351,0.936
458342769,0.936
272885406,0.936
352009983,0.936
219701535,0.936
212253390,0.936
438278301,0.936
274974693,0.936
66013259,0.936
444558604,0.936
418343229,0.936
280726137,0.936
52307802,0.936
46298321,0.936
272236017,0.935
288631580,0.935
254141733,0.935
273418421,0.935
96170689,0.935
82739585,0.935
445407434,0.935
389900760,0.935
233719215,0.935
230017324,0.935
38571020,0.935
467331291,0.935
238197638,0.935
447585233,0.935
198077394,0.935
441797803,0.935
406634633,0.934
391949880,0.934
124573851,0.934
468983280,0.934
365447203,0.934
438777551,0.934
90853136,0.934
306996324,0.934
312862941,0.934
278683844,0.934
356016119,0.934
4102368,0.934
289264348,0.934
219879302,0.934
219852882,0.934
459969957,0.934
367753709,0.934
237086564,0.934
352239069,0.934
73649615,0.934
167415965,0.934
237077180,0.934
287139872,0.934
406495245,0.934
219879302,0.934
408261725,0.934
470678283,0.934
159438097,0.933
262435954,0.933
405788729,0.933
448923766,0.933
233951353,0.933
4605846,0.933
348755728,0.933
273985865,0.933
309292963,0.933
253961767,0.933
284454822,0.933
153065527,0.933
38509907,0.933
270472265,0.933
154872375,0.933
271891552,0.933
120826158,0.933
233688779,0.933
219879302,0.933
60377863,0.933
391949880,0.933
166184428,0.933
99869022,0.933
207425167,0.933
273695332,0.933
34646336,0.933
459928783,0.933
425561347,0.933
238542895,0.933
405454160,0.933
447585233,0.933
390201695,0.932
149990841,0.932
355096431,0.932
260761464,0.932
273695332,0.932
238197638,0.932
358248442,0.932
167303382,0.932
278988097,0.932
149302744,0.932
173824688,0.932
147923561,0.932
229750058,0.932
25799609,0.932
169765334,0.932
272236017,0.932
237015185,0.932
38509907,0.932
198189972,0.932
397362481,0.932
230129753,0.932
418343229,0.932
233071822,0.932
453060368,0.932
219195044,0.932
141186075,0.932
280031353,0.932
243297296,0.931
420680343,0.931
232967440,0.931
9348006,0.931
439512298,0.931
233009109,0.931
198178859,0.931
441739871,0.931
177162886,0.931
38467100,0.931
237108775,0.931
288636599,0.931
275421144,0.931
463508231,0.931
85242435,0.931
198212955,0.931
3224605,0.931
237077180,0.931
400432230,0.931
72985822,0.931
458641144,0.931
167303382,0.93
95709395,0.93
334385701,0.93
125520907,0.93
230377505,0.93
198206613,0.93
130981260,0.93
278683844,0.93
27649847,0.93
233009109,0.93
341630071,0.93
277505161,0.93
366972162,0.93
220479565,0.93
158241252,0.93
304695574,0.93
141608198,0.93
372747949,0.93
375059587,0.93
461591646,0.93
261108236,0.93
428679607,0.929
153896150,0.929
160045097,0.929
233068569,0.929
288132261,0.929
327004130,0.929
233688779,0.929
306510653,0.929
153896150,0.929
198241702,0.929
277634430,0.929
294594423,0.929
317548889,0.929
407966340,0.929
255756918,0.929
233068569,0.929
258510872,0.929
278138619,0.929
237221436,0.929
400430915,0.929
272782321,0.929
142635225,0.929
418471116,0.929
287196418,0.929
260985861,0.929
160440924,0.928
446158352,0.928
258917846,0.928
158978373,0.928
251094370,0.928
306510653,0.928
120101789,0.928
178819686,0.928
271596225,0.928
284174392,0.928
177077336,0.928
328814605,0.928
307849973,0.928
142381532,0.928
233680651,0.928
198077394,0.928
397362481,0.927
258804746,0.927
267484403,0.927
144628120,0.927
142784687,0.927
8677530,0.927
123007594,0.927
405700729,0.927
323194443,0.927
55849732,0.927
347752831,0.927
149302744,0.927
428679607,0.927
306510653,0.927
160440924,0.927
219850915,0.927
142276270,0.927
272236017,0.927
219229644,0.927
154383539,0.927
46631742,0.926
271891552,0.926
52052461,0.926
54962195,0.926
405425498,0.926
76663549,0.926
266213232,0.926
323194443,0.926
142628514,0.926
190250689,0.926
29191624,0.926
299798795,0.926
388106759,0.926
175193677,0.926
230084146,0.926
154872375,0.926
348477542,0.926
154872375,0.926
64071894,0.926
284173938,0.926
463508231,0.926
272679240,0.926
139086171,0.925
382626661,0.925
233497719,0.925
230075227,0.925
461591646,0.925
232976128,0.925
428679607,0.925
364395234,0.925
373033374,0.925
55275863,0.925
283621618,0.925
381714186,0.925
308050066,0.925
233500935,0.925
289590465,0.925
332705008,0.925
274641986,0.925
287196418,0.925
34499178,0.925
328933398,0.925
366311757,0.925
134183038,0.925
359523751,0.925
278683844,0.924
220414682,0.924
243313296,0.924
453410966,0.924
389900760,0.924
237232044,0.924
46298321,0.924
262746281,0.924
248391319,0.924
261135533,0.924
138588540,0.924
358460246,0.924
199610140,0.924
453100296,0.924
360816296,0.924
48661942,0.924
48476908,0.924
360714300,0.924
198360694,0.924
193023697,0.924
219866209,0.923
375223080,0.923
288132261,0.923
323002911,0.923
33831980,0.923
303204165,0.923
230377505,0.923
356200601,0.923
418567812,0.923
420114036,0.923
230064711,0.923
272782368,0.923
36724087,0.923
8516795,0.923
177162886,0.923
8516795,0.923
29054413,0.923
382259755,0.923
313554509,0.923
154618248,0.923
287225295,0.923
159781361,0.922
238061845,0.922
288671122,0.922
312991501,0.922
441739871,0.922
375654303,0.922
3896759,0.922
145879095,0.922
382200986,0.922
343726435,0.922
391949880,0.922
335655755,0.922
424733642,0.922
65905621,0.922
232982938,0.922
38571020,0.922
458342769,0.922
81077799,0.922
258510872,0.922
406672232,0.921
96966437,0.921
260130483,0.921
262880065,0.921
280024247,0.921
271169413,0.921
141608198,0.921
155873992,0.921
237922465,0.921
405904232,0.921
260367888,0.921
458342769,0.921
375059587,0.921
149833117,0.921
331146317,0.92
349972412,0.92
362222177,0.92
73649615,0.92
259274960,0.92
230387153,0.92
161299119,0.92
302798365,0.92
422217860,0.92
3364732,0.92
380775661,0.92
20318757,0.92
235943205,0.92
152147232,0.92
171160885,0.92
675054894,0.92
416739490,0.919
260985861,0.919
321578632,0.919
272236017,0.919
174206540,0.919
142381532,0.919
233497719,0.919
382259755,0.919
232982938,0.919
289535142,0.919
286201103,0.919
71134735,0.919
405904232,0.919
278415929,0.919
31852980,0.919
421336001,0.919
278775625,0.919
141608198,0.919
441797803,0.919
44764338,0.919
453100296,0.919
405571798,0.919
321086563,0.919
459970307,0.919
332393279,0.919
139733308,0.918
141608198,0.918
360473750,0.918
233087860,0.918
230017324,0.918
29069242,0.918
431971818,0.918
417829948,0.918
388106759,0.918
167303382,0.918
120101789,0.918
148914726,0.918
308994098,0.918
308994098,0.918
107018378,0.918
219857012,0.918
219852882,0.918
233500935,0.918
154474036,0.918
313554509,0.917
199610140,0.917
3364732,0.917
233087860,0.917
233951353,0.917
82452140,0.917
219850915,0.917
132313173,0.917
238932509,0.917
396950329,0.917
79920467,0.917
14336130,0.917
233500935,0.917
448775221,0.917
373614579,0.917
193607307,0.917
1717079066,0.917
441797803,0.917
341419787,0.917
278683844,0.917
142381532,0.916
167600516,0.916
149349867,0.916
230055368,0.916
141527579,0.916
199712572,0.916
233688779,0.916
235902467,0.916
461634737,0.916
272679240,0.915
233617847,0.915
372747949,0.915
192415680,0.915
233182695,0.915
82622707,0.915
27966179,0.915
432364834,0.915
103195323,0.915
452464529,0.915
220475245,0.915
286152207,0.915
157769780,0.915
303364023,0.915
233719215,0.915
38696105,0.915
103096524,0.915
356016119,0.915
35972578,0.915
233500935,0.915
154923406,0.914
346673534,0.914
281575427,0.914
286916251,0.914
233053554,0.914
278988097,0.914
134471108,0.914
388280249,0.914
118339710,0.914
230129753,0.914
230088370,0.914
364074068,0.914
423454257,0.914
294594423,0.914
165989915,0.914
425997655,0.914
346929661,0.914
283829553,0.913
38467100,0.913
47937361,0.913
15863518,0.913
391949880,0.913
274223601,0.913
3027681,0.913
417931607,0.913
230017324,0.913
311441461,0.913
9151337,0.912
219187649,0.912
165530380,0.912
364395234,0.912
51079186,0.912
167415965,0.912
365673804,0.912
1101855081,0.912
318836983,0.912
293563017,0.912
272236017,0.912
24695044,0.912
367753709,0.912
347752831,0.912
237332812,0.912
6499453,0.912
372448111,0.912
440872576,0.911
3364732,0.911
76663549,0.911
278415929,0.911
35758536,0.911
73649615,0.911
238197638,0.911
359426909,0.911
150430484,0.911
76663549,0.911
243297296,0.911
53365065,0.911
296461391,0.911
334385701,0.911
306510653,0.911
445859771,0.911
277039287,0.911
153951307,0.91
45296362,0.91
230377505,0.91
424391516,0.91
271891552,0.91
372759746,0.91
355509914,0.91
405700729,0.91
358460246,0.91
277505161,0.91
207238953,0.91
237221436,0.91
198725468,0.91
280315875,0.91
53394475,0.91
38509907,0.91
336824844,0.91
372392226,0.91
374180079,0.91
30828562,0.91
392914193,0.91
271891552,0.91
298437387,0.91
145023816,0.91
445582110,0.91
431810418,0.91
269043098,0.91
229639351,0.909
280031353,0.909
441797803,0.909
219850915,0.909
417676091,0.909
150430484,0.909
296850254,0.909
198241702,0.909
177115354,0.909
270472265,0.909
61117473,0.909
459969957,0.909
375223080,0.909
133655284,0.909
446684383,0.909
230017324,0.909
373017346,0.909
148782377,0.909
141608198,0.909
306996324,0.909
149833117,0.908
116483734,0.908
372960748,0.908
160491359,0.908
224603921,0.908
237922465,0.908
103096524,0.908
181422954,0.908
277634430,0.908
367630162,0.908
99572130,0.908
368734712,0.908
145750719,0.908
282940781,0.908
159438097,0.908
238932509,0.908
229747848,0.908
219508169,0.908
288636342,0.908
177162886,0.907
333674399,0.907
33350443,0.907
230017324,0.907
219879302,0.907
195750008,0.907
269850928,0.907
177162886,0.907
446370039,0.907
232976128,0.907
230006888,0.907
465176038,0.907
281575427,0.907
468979441,0.907
286201103,0.907
288636342,0.907
369345064,0.907
150428135,0.907
149496868,0.907
270472265,0.906
356311210,0.906
376688393,0.906
272236017,0.906
235905185,0.906
147340930,0.906
266401846,0.906
294781547,0.906
162179096,0.906
232650365,0.906
233535738,0.906
441739871,0.906
219762508,0.906
328933398,0.906
237922465,0.906
138475192,0.906
356867115,0.906
312508092,0.905
157568289,0.905
272236017,0.905
307221757,0.905
452938965,0.905
230127302,0.905
279265701,0.905
302908969,0.905
230236827,0.905
327579226,0.905
270174158,0.905
289590465,0.905
120826158,0.905
360473750,0.905
230129753,0.905
287139872,0.905
188668950,0.905
219508169,0.905
350743714,0.904
144401492,0.904
52204645,0.904
233068569,0.904
429358906,0.904
441797394,0.904
31637479,0.904
233071926,0.904
458481611,0.904
269850928,0.904
67881560,0.904
233071926,0.904
219485050,0.903
288636599,0.903
27649847,0.903
321041369,0.903
280031353,0.903
418343229,0.903
455492735,0.903
162695785,0.903
324426685,0.903
233680651,0.902
306510653,0.902
38696105,0.902
420268415,0.902
92744152,0.902
219776325,0.902
278138619,0.902
201793781,0.902
328012209,0.902
406318573,0.902
219041246,0.902
268187322,0.902
451084885,0.902
116048097,0.902
232624234,0.902
335540507,0.901
207425167,0.901
233497719,0.901
238197638,0.901
233087860,0.901
327004130,0.901
447061717,0.901
229586455,0.901
168384845,0.901
171160885,0.901
38467100,0.901
177162886,0.901
157088184,0.901
45896295,0.901
142378043,0.901
18018496,0.901
166184426,0.9
18068144,0.9
411796826,0.9
272679240,0.9
150428135,0.9
420202798,0.9
340144218,0.9
14336130,0.9
366580825,0.9
235902467,0.9
189625051,0.9
346015394,0.9
441797394,0.9
345450130,0.9
177162886,0.9
152563846,0.899
446158352,0.899
233087860,0.899
462553953,0.899
152147232,0.899
112099249,0.899
238197638,0.899
234489976,0.899
272236017,0.899
271806353,0.899
143842198,0.899
390021939,0.899
428003305,0.899
260985861,0.899
233009109,0.899
416534875,0.899
232540264,0.899
160491359,0.898
38467100,0.898
148914726,0.898
142748283,0.898
379240073,0.898
457789844,0.898
349972412,0.898
120826158,0.898
391949880,0.898
143009290,0.898
150428703,0.898
98796342,0.898
400430915,0.898
233576159,0.898
219762508,0.898
343330330,0.898
102840237,0.898
445903569,0.898
35758536,0.898
34781378,0.898
159815224,0.898
303686889,0.897
238004786,0.897
50379036,0.897
468148930,0.897
49771092,0.897
69028091,0.897
237071229,0.897
280035202,0.897
232976128,0.897
101011575,0.897
191671884,0.897
54962195,0.897
147994863,0.897
55652896,0.897
417931300,0.897
219875976,0.897
165493409,0.897
445859771,0.896
27459498,0.896
367425982,0.896
356200601,0.896
232540264,0.896
274599700,0.896
468396217,0.896
147951030,0.896
445859771,0.895
80778619,0.895
103096524,0.895
1813844121,0.895
141141249,0.895
259172391,0.895
159332859,0.895
154872375,0.895
287139872,0.895
201508515,0.895
229750058,0.894
147425389,0.894
372747949,0.894
407966340,0.894
198390247,0.894
149349867,0.894
90127880,0.894
459755750,0.894
441936163,0.894
286916251,0.894
237099296,0.894
308987429,0.894
145879095,0.894
451645081,0.893
199610140,0.893
453452264,0.893
74967390,0.893
427740976,0.893
97766057,0.893
134596619,0.893
233087860,0.893
219762508,0.893
219850915,0.893
198186769,0.893
268187322,0.893
356016119,0.893
260130483,0.892
153896150,0.892
71134735,0.892
90127880,0.892
359523751,0.892
80681136,0.892
207491214,0.892
296850254,0.892
38571020,0.892
342449055,0.892
219762508,0.892
278415929,0.892
303686889,0.892
269701147,0.892
157568289,0.891
352764091,0.891
154940895,0.891
238586172,0.891
31975443,0.891
287139872,0.891
233951353,0.891
453410966,0.891
278138619,0.891
34068865,0.89
470171739,0.89
344085117,0.89
233068569,0.89
278683844,0.89
375223080,0.89
462615350,0.89
193220940,0.89
288636342,0.89
207109417,0.889
278775625,0.889
358460246,0.889
134596619,0.889
405700729,0.889
214243287,0.889
230088370,0.889
233535738,0.889
138126035,0.889
306510653,0.889
372747949,0.889
99989903,0.889
7976072,0.889
260541432,0.889
278138619,0.889
318022259,0.888
445859771,0.888
332477926,0.888
298647682,0.888
20318757,0.888
283829553,0.888
34077285,0.888
26547036,0.888
456560485,0.888
152147232,0.888
230129753,0.888
150428703,0.888
274075364,0.887
272236017,0.887
271891552,0.887
352239069,0.887
278821913,0.887
272672133,0.887
388280249,0.887
446158352,0.887
47937361,0.887
367753709,0.887
264295655,0.887
31852980,0.887
219850915,0.886
230387153,0.886
300710077,0.886
198456933,0.886
431971818,0.886
356867115,0.886
230017324,0.886
183675732,0.886
149302744,0.886
55275863,0.886
67711670,0.886
273985865,0.886
288636342,0.885
219762508,0.885
235943205,0.885
272679240,0.885
289535142,0.885
230386259,0.885
358557578,0.885
404713783,0.885
304130406,0.885
177162886,0.885
292477426,0.885
135083444,0.884
167092385,0.884
243297296,0.884
336092760,0.884
280803917,0.884
141527579,0.883
461591646,0.883
366580825,0.883
278138619,0.883
142087638,0.883
261135533,0.883
387974148,0.883
71221700,0.883
258829450,0.883
437144507,0.883
106224627,0.883
470127886,0.883
402219289,0.883
284454822,0.883
153896150,0.883
233951353,0.883
400430915,0.883
347357977,0.882
420174131,0.882
38571020,0.882
207425167,0.882
229639351,0.882
235943205,0.882
143271144,0.882
309292963,0.882
33651215,0.881
80778619,0.881
231912935,0.881
278196907,0.881
221882319,0.881
99572130,0.881
233182695,0.881
288242606,0.881
260417932,0.881
30828562,0.88
31656385,0.88
365673804,0.88
307210830,0.88
31852980,0.88
358613376,0.88
233617847,0.88
229455001,0.88
219436394,0.88
220318793,0.88
356871098,0.88
287139872,0.88
406318573,0.879
287196418,0.879
219489550,0.879
308994098,0.879
310294189,0.879
375223080,0.879
394657039,0.879
242389810,0.879
66356824,0.878
38571020,0.878
453060368,0.878
77156829,0.878
461968320,0.878
219698776,0.878
144276942,0.878
103195323,0.878
236934268,0.878
278668358,0.878
349071261,0.878
116483734,0.878
242190195,0.878
326662822,0.877
61710094,0.877
160077104,0.877
198356533,0.877
294324819,0.877
420114036,0.877
404713783,0.877
240989628,0.877
166648874,0.877
141527579,0.877
72985822,0.877
420049884,0.877
141677268,0.877
181422954,0.877
233953967,0.876
317597583,0.876
219175972,0.876
468979441,0.876
243297296,0.876
237205154,0.876
230017324,0.876
233087860,0.876
45048546,0.875
46307587,0.875
5892614,0.875
454828937,0.875
317362389,0.875
299780329,0.875
294090620,0.875
38696105,0.875
344745774,0.875
63717709,0.875
219850915,0.875
233633993,0.874
21549805,0.874
382626661,0.874
30122649,0.874
38467100,0.874
160045097,0.873
287196418,0.873
229750058,0.873
68443254,0.873
436873727,0.873
229618478,0.873
418959198,0.873
219762508,0.873
309257814,0.873
352764091,0.873
329373799,0.873
450337675,0.873
367753709,0.873
89617284,0.872
229750058,0.872
441736986,0.872
103195323,0.872
382626661,0.872
302054555,0.872
384386061,0.872
382259755,0.872
152563846,0.872
428679607,0.872
260417932,0.872
447061717,0.872
165530380,0.872
366580825,0.872
299945285,0.872
18373995,0.872
252991027,0.872
9392421,0.872
25155310,0.871
150030205,0.871
358613376,0.871
366972162,0.871
322901324,0.871
441730540,0.871
232650365,0.871
300604770,0.871
198385543,0.871
196066560,0.871
259511357,0.871
230236827,0.871
230084146,0.871
235943205,0.871
339857675,0.871
462774215,0.87
446158352,0.87
419957393,0.87
29385858,0.87
396649769,0.87
198077394,0.87
149302744,0.87
466167563,0.87
25773352,0.87
232967666,0.87
39573090,0.869
142378043,0.869
154181821,0.869
366580825,0.869
108940329,0.869
230088370,0.869
390021939,0.869
238061845,0.869
260985861,0.869
17555760,0.869
232603560,0.869
447088034,0.869
334493051,0.869
373017793,0.869
29418536,0.868
143271144,0.868
186614891,0.868
459970307,0.868
406106335,0.868
306512967,0.868
158167408,0.868
219866209,0.868
99654378,0.868
230377505,0.868
441614965,0.868
453942180,0.868
147804034,0.868
219253008,0.868
288132261,0.868
375223080,0.868
160491359,0.867
160491359,0.867
441797803,0.867
441798995,0.867
417931607,0.867
269043098,0.867
414019147,0.867
268334473,0.866
387409975,0.866
48220826,0.866
289164482,0.866
467331291,0.866
407126408,0.866
92744152,0.866
288428649,0.866
295093397,0.866
163260812,0.866
255865833,0.866
235905185,0.866
321041369,0.866
278683844,0.866
229408913,0.866
224601047,0.866
405425498,0.866
356867115,0.865
74534430,0.865
233087860,0.865
445859771,0.865
219824470,0.865
349972412,0.865
232650365,0.865
388198242,0.865
150531994,0.865
55652896,0.865
287139872,0.865
198186769,0.865
446158352,0.864
38696105,0.864
298829544,0.864
120045750,0.864
404610583,0.864
195187769,0.864
85293053,0.864
451538240,0.864
734505586,0.864
298074043,0.864
149833117,0.864
81077799,0.863
65845738,0.863
55849732,0.863
142784687,0.863
142748283,0.863
298074836,0.863
142784687,0.863
186459119,0.863
237232044,0.863
269850928,0.862
278540265,0.862
322054600,0.862
202425357,0.862
238586172,0.862
468880077,0.862
154872375,0.862
207491214,0.862
219195044,0.862
219762508,0.862
230017324,0.862
120826158,0.862
259100469,0.862
441797803,0.862
453396346,0.861
92744152,0.861
141608198,0.861
414922696,0.861
103448870,0.861
255909950,0.861
267373896,0.861
468979441,0.861
235902467,0.861
1813844121,0.861
335655755,0.861
177254988,0.861
405788729,0.861
134537478,0.86
237205154,0.86
312030014,0.86
453100296,0.86
272236017,0.86
356200601,0.86
159244568,0.86
438073782,0.86
439512298,0.86
259230140,0.86
133655284,0.86
261257684,0.86
229455001,0.86
344568128,0.86
198162530,0.859
1018843,0.859
941996822,0.859
336824844,0.859
196066560,0.859
229750058,0.859
224245334,0.858
435680451,0.858
366311757,0.858
29106627,0.858
229715760,0.858
269850928,0.858
30828562,0.858
149302744,0.858
306472057,0.858
266023807,0.858
233087860,0.858
365673804,0.858
230088370,0.858
233066156,0.858
237205154,0.858
92677094,0.858
354442783,0.857
366411016,0.857
267373896,0.857
279383896,0.857
400430915,0.857
280031353,0.857
92226327,0.857
269850928,0.856
71341774,0.856
362223355,0.856
350987726,0.856
335655755,0.856
49045066,0.856
103195323,0.856
198077394,0.856
156075294,0.856
157568289,0.856
26880783,0.856
382200986,0.856
233535738,0.856
362222177,0.856
382626661,0.855
199712572,0.855
44764338,0.855
305048116,0.855
278138619,0.855
189013224,0.855
444523826,0.855
446370039,0.855
162802770,0.854
362222177,0.854
398371628,0.854
352764091,0.854
284477310,0.854
454828937,0.854
304514922,0.854
392681545,0.854
260985861,0.854
229639351,0.854
63898957,0.854
367753709,0.854
31869740,0.854
356736743,0.854
445859771,0.854
243297296,0.854
263486257,0.853
229781583,0.853
201793781,0.853
154872375,0.853
232976128,0.853
313194972,0.853
34986694,0.853
230236827,0.853
329609449,0.853
198241702,0.853
8348911,0.852
149990841,0.852
259100469,0.852
428963229,0.852
283665218,0.852
379240073,0.852
3027681,0.852
259511357,0.852
219866209,0.851
462162948,0.851
468979441,0.851
199949052,0.851
134221850,0.851
21189709,0.851
233066156,0.851
428679607,0.851
238197638,0.851
67418624,0.851
454876465,0.851
300293197,0.85
233688779,0.85
38460940,0.85
160045097,0.85
30037565,0.85
278683844,0.85
261257684,0.85
153065527,0.85
158617175,0.85
193765661,0.85
387330895,0.85
198212955,0.85
446158352,0.85
271891552,0.849
271596225,0.849
448435566,0.849
322054600,0.849
32460142,0.849
102734241,0.849
258510872,0.849
39573090,0.849
366443576,0.849
160045097,0.849
372817671,0.849
232982938,0.848
230084146,0.848
230236827,0.848
198456933,0.848
198385543,0.848
230127302,0.848
268334473,0.848
14898493,0.848
159332859,0.848
461867584,0.848
229938290,0.848
391949880,0.847
441730540,0.847
258804746,0.847
224596152,0.847
260985861,0.847
468396217,0.847
276381737,0.847
425997655,0.846
91987762,0.846
85031598,0.846
352239069,0.846
150430484,0.846
288671122,0.846
259172391,0.846
364074068,0.846
219762508,0.846
306472057,0.846
74712191,0.846
238197638,0.846
138475192,0.846
239628993,0.846
237928815,0.846
72668830,0.846
233078665,0.845
229747848,0.845
231728511,0.845
367753709,0.845
123702439,0.845
232635922,0.845
219501568,0.845
259172391,0.845
286355915,0.845
207425167,0.844
406495245,0.844
63698669,0.844
461867584,0.844
230087585,0.844
286696849,0.844
156887426,0.844
230129753,0.843
335540507,0.843
219253008,0.843
45296362,0.843
278415929,0.843
260130483,0.842
38467100,0.842
80681136,0.842
262880065,0.842
420112217,0.842
230387153,0.842
301969042,0.842
398466662,0.842
453410966,0.842
277505161,0.842
233087860,0.842
419957393,0.842
224297258,0.842
160045097,0.841
332558858,0.841
1980725947,0.841
57159675,0.841
229639351,0.841
271596225,0.841
165493409,0.841
230127302,0.84
248250955,0.84
133334108,0.84
259901731,0.84
408261725,0.84
230084146,0.84
239633605,0.84
233680651,0.84
230087585,0.84
233009109,0.84
219762508,0.839
289539327,0.839
98796342,0.839
309257814,0.839
377297285,0.839
91987762,0.839
441936163,0.839
219436394,0.839
199572211,0.838
230084146,0.838
199610140,0.838
416542079,0.838
400430915,0.838
384016413,0.838
274223601,0.838
382626661,0.837
1717726681,0.837
92677094,0.837
141574742,0.837
144276942,0.837
149349867,0.837
261264800,0.837
400430915,0.837
252991027,0.837
158241252,0.837
310294189,0.836
420114036,0.836
67926727,0.836
233576159,0.836
458199018,0.836
45048546,0.836
343628284,0.836
336824844,0.836
66497310,0.836
159438097,0.836
241569046,0.836
331854794,0.836
154105890,0.835
283015592,0.835
219762508,0.835
353498819,0.835
237221436,0.835
439867639,0.835
410552165,0.835
271891552,0.835
237015185,0.835
233120979,0.835
256561562,0.835
272167060,0.835
139771134,0.835
230064711,0.835
334305570,0.835
320324079,0.834
230075227,0.834
369965258,0.834
421951960,0.834
207109417,0.834
52936161,0.834
248250955,0.833
294395926,0.833
171160885,0.833
470171739,0.833
269558487,0.833
356867115,0.833
139148528,0.833
97931135,0.833
235943205,0.833
294324819,0.832
258796169,0.832
400712525,0.832
432280671,0.832
332564140,0.832
307368492,0.831
401704685,0.831
33159936,0.831
198186769,0.831
149349867,0.831
52005579,0.831
350618622,0.831
31943299,0.831
177077336,0.831
38510224,0.831
398371628,0.831
310380289,0.831
443582629,0.83
79605791,0.83
239585909,0.829
394509844,0.829
428892437,0.829
91555165,0.829
101948569,0.829
55559618,0.829
219879302,0.829
243297296,0.829
270472265,0.829
264223828,0.828
233078665,0.828
38467100,0.828
259172391,0.828
141608198,0.828
232982938,0.828
231728511,0.828
167600516,0.828
273985865,0.827
68646526,0.827
68850908,0.827
401604346,0.827
267608606,0.827
6764171,0.827
427654774,0.827
117799904,0.827
75919790,0.827
277447970,0.827
141136189,0.827
229747848,0.826
270219048,0.826
445582110,0.826
240968774,0.826
389910188,0.826
242942524,0.826
154437244,0.826
103195323,0.826
288636342,0.825
359357695,0.825
46307587,0.825
398371628,0.825
236714379,0.825
237184773,0.825
98753307,0.825
447976172,0.825
400712525,0.825
427740976,0.825
232982938,0.824
198187049,0.824
198390247,0.824
470156846,0.824
38467100,0.824
68030406,0.824
233078665,0.824
289164482,0.823
46307587,0.823
229639351,0.823
273985864,0.823
132534906,0.823
178657161,0.823
233497719,0.823
367739494,0.823
147203645,0.823
382259755,0.822
272983172,0.822
453942180,0.822
259172391,0.822
52936161,0.822
267810289,0.821
470169396,0.821
406976746,0.821
26880783,0.821
55652896,0.821
445582110,0.821
233654042,0.821
268482699,0.821
156199502,0.821
166145361,0.821
124573851,0.821
418343229,0.82
153949511,0.82
20291519,0.82
256561562,0.82
294395926,0.82
308883808,0.82
233497719,0.82
233953967,0.82
229781583,0.819
391903064,0.819
232650365,0.819
229747848,0.819
233071926,0.819
159332859,0.819
271891552,0.819
320327056,0.818
259172391,0.818
170789802,0.818
67517533,0.817
394721720,0.817
302040469,0.817
84599716,0.817
217838717,0.817
237205154,0.817
231063955,0.817
734505586,0.817
233953967,0.816
32497972,0.816
241135327,0.816
198241702,0.816
120045750,0.816
177162886,0.816
88684250,0.816
387423096,0.816
14165625,0.816
117357458,0.815
219866209,0.815
219776325,0.815
220460087,0.815
198212955,0.815
98753307,0.815
181422954,0.815
165989915,0.815
18794442,0.815
454876465,0.815
441797803,0.815
45296362,0.814
235664497,0.814
367630162,0.814
363749415,0.814
347752831,0.814
305424003,0.813
52936161,0.813
255865833,0.813
29953537,0.813
441572821,0.813
278895705,0.813
232025086,0.813
142784687,0.813
238932509,0.813
14898493,0.812
43064903,0.812
120960808,0.812
373612558,0.812
158617175,0.812
230127302,0.812
229750058,0.812
27491137,0.812
134183038,0.812
317548889,0.811
269701147,0.811
333736132,0.811
355600246,0.811
359676320,0.811
232982938,0.811
258510872,0.811
68523365,0.811
352239069,0.811
202425357,0.81
198153540,0.81
448820344,0.81
150030205,0.81
207425167,0.81
260985861,0.81
270457662,0.81
468055102,0.81
466222485,0.809
8260536,0.809
459970307,0.809
438777551,0.809
367739494,0.809
165317334,0.808
119925436,0.808
366120401,0.808
278683844,0.808
236714379,0.808
230377505,0.808
95768667,0.807
147092818,0.807
198385543,0.807
287328202,0.807
375223080,0.807
391904697,0.807
362223355,0.807
229747848,0.806
230387153,0.806
257520272,0.806
55652896,0.806
33651215,0.806
406926040,0.806
126232983,0.805
280035202,0.805
384016413,0.805
23982469,0.805
233068569,0.805
470169396,0.805
307716123,0.805
428988981,0.804
372172128,0.804
417931607,0.804
312548829,0.804
230075227,0.804
394338713,0.804
458342769,0.804
304142124,0.804
33831980,0.804
99572130,0.804
383721338,0.804
160618074,0.803
441798995,0.803
406926040,0.803
154741689,0.803
358248442,0.803
335655755,0.803
220460087,0.803
278683844,0.802
167342439,0.802
31637479,0.802
278683844,0.802
149990841,0.802
387330895,0.802
414943716,0.802
298264260,0.802
33651215,0.801
138968089,0.801
453260209,0.801
3964218,0.801
238335094,0.801
458342769,0.801
230017324,0.801
277507814,0.8
230088370,0.8
29119552,0.8
336092760,0.8
387330895,0.8
357801293,0.8
233795794,0.8
366580825,0.8
381897917,0.799
271891552,0.799
391949880,0.799
116483734,0.799
241225337,0.799
465176038,0.799
383721338,0.799
286080865,0.798
122613513,0.798
270677031,0.798
388106759,0.798
441730540,0.798
357801293,0.798
68893269,0.798
350023518,0.798
284477310,0.798
298647682,0.798
248250955,0.797
377293776,0.797
353038705,0.797
31852980,0.797
376847633,0.796
230088370,0.796
274974693,0.796
358460246,0.796
191446688,0.796
26880783,0.796
145038729,0.796
387423096,0.796
278862747,0.796
70420766,0.796
119973835,0.796
64071894,0.795
141608198,0.795
284454822,0.795
120960808,0.795
31869740,0.794
280803800,0.794
420049884,0.794
153951307,0.794
458199018,0.794
121194926,0.794
88902249,0.794
139251123,0.794
220568520,0.794
372759746,0.794
322046084,0.794
167415965,0.793
198212955,0.793
219776325,0.793
198186769,0.793
198456933,0.793
260640693,0.793
287231664,0.793
299798795,0.793
344745774,0.793
115771549,0.793
437054764,0.793
233795794,0.793
77156829,0.792
734505586,0.792
356736743,0.792
258776466,0.792
343628284,0.792
14226699,0.792
142378043,0.792
233068569,0.792
308883808,0.792
377064495,0.792
301624989,0.791
180145006,0.791
388076422,0.791
161477033,0.791
230388132,0.791
229715760,0.791
359271092,0.791
424391516,0.791
308050066,0.791
68388114,0.791
341815197,0.79
230084146,0.79
294090620,0.79
286870912,0.79
230088370,0.79
97931135,0.79
303586421,0.79
31943299,0.79
243297296,0.79
237232044,0.789
281781375,0.789
119925436,0.789
468396217,0.789
299780329,0.789
382975217,0.789
198390247,0.789
233070717,0.789
388106759,0.789
238164799,0.788
176218374,0.788
154353849,0.788
420112217,0.788
198187049,0.788
350618622,0.788
389315309,0.788
282701278,0.788
153896150,0.788
259172391,0.788
398371628,0.787
47937361,0.787
70780410,0.787
274911400,0.787
233120979,0.787
224601047,0.787
48476908,0.787
57793060,0.786
284900292,0.786
45054849,0.786
294179385,0.786
306635088,0.786
232635922,0.786
355509914,0.786
287225295,0.786
260128333,0.785
308050066,0.785
335655755,0.785
357801293,0.785
127505658,0.785
467955232,0.785
237101326,0.784
280097543,0.784
167418903,0.784
388106759,0.784
405428714,0.784
219866209,0.783
344034178,0.783
468880077,0.783
97931135,0.783
229455001,0.783
288242606,0.783
68850908,0.782
284477310,0.782
183593642,0.782
178645961,0.782
398502253,0.782
232632239,0.782
253044312,0.782
453455638,0.782
198212955,0.782
282576340,0.782
363914762,0.782
289539327,0.781
219208037,0.781
260708537,0.781
154940895,0.781
1018843,0.781
233066156,0.781
309254930,0.781
141608198,0.781
308612785,0.781
270355392,0.781
141608198,0.781
287139872,0.781
177077336,0.781
343952976,0.78
229490898,0.78
237205154,0.78
360221713,0.78
243297296,0.78
280031353,0.78
410094645,0.779
159438097,0.779
373017346,0.779
367739494,0.779
406495245,0.779
407966340,0.779
400430915,0.779
307958020,0.779
343330330,0.778
268405086,0.778
190479710,0.778
273985865,0.778
214218272,0.778
394126269,0.778
388198242,0.778
263075864,0.778
368734712,0.778
150428703,0.778
85242435,0.778
347332255,0.778
362607799,0.778
392681545,0.777
374180079,0.777
238129783,0.777
120033290,0.777
192003741,0.777
235683377,0.777
98753307,0.777
38467100,0.777
307958020,0.777
210873792,0.777
11417087,0.776
298372701,0.776
165493409,0.776
427740976,0.776
141608198,0.776
354519019,0.776
267373896,0.775
349071261,0.775
116048097,0.775
102672709,0.775
404518509,0.775
77156829,0.775
198212955,0.775
230017324,0.775
280031353,0.774
335655755,0.774
232635922,0.774
455680883,0.774
237200747,0.774
271596225,0.774
21132157,0.774
328933398,0.774
37575651,0.774
233068569,0.774
243335710,0.773
149990841,0.773
229747848,0.773
233078665,0.772
270355392,0.772
100608026,0.772
237922465,0.772
149990841,0.772
290407621,0.771
10507330,0.771
441739020,0.771
326662822,0.771
45896295,0.771
231559817,0.771
68388114,0.771
278683844,0.771
153951307,0.771
233071926,0.771
288636342,0.771
439512298,0.77
350618622,0.77
126125073,0.77
398371628,0.77
219489550,0.77
328933398,0.77
445456888,0.769
356867115,0.769
391949880,0.769
191496430,0.769
198212955,0.769
154181821,0.769
319949055,0.769
148673433,0.769
63012319,0.768
383299778,0.768
230127302,0.768
230087765,0.768
262570313,0.768
233009109,0.768
358460246,0.768
407966340,0.768
376610581,0.768
121966220,0.768
266023807,0.768
372448111,0.768
143271144,0.768
734505586,0.767
359676320,0.767
33831980,0.767
307958020,0.767
233078665,0.767
420051632,0.767
438278301,0.767
202425357,0.767
190986054,0.766
364072092,0.766
278683844,0.766
238920875,0.766
298647682,0.766
243297296,0.766
321668398,0.766
285048486,0.766
207425203,0.766
388106759,0.765
259511357,0.765
230377505,0.765
229781583,0.765
141363913,0.765
341420329,0.765
407313319,0.765
309257814,0.764
278540265,0.764
167418903,0.764
32090583,0.764
177077336,0.764
233535738,0.764
157655504,0.763
219879302,0.763
453942180,0.763
441808796,0.763
230088370,0.763
297262361,0.763
146842334,0.763
68573534,0.763
31943299,0.762
280097543,0.762
80682484,0.762
166540320,0.762
436843539,0.762
68850908,0.761
317597583,0.761
375223080,0.761
288631580,0.761
31786438,0.761
449197831,0.761
309257814,0.761
468979441,0.761
277447970,0.761
25799609,0.761
203287192,0.761
81597356,0.761
407146536,0.76
144297844,0.76
177162886,0.76
51094586,0.76
422914082,0.759
161264711,0.759
158241252,0.759
233078665,0.759
407146536,0.759
350618622,0.759
237205154,0.759
347332255,0.759
165317334,0.758
423100454,0.758
103195323,0.758
441572821,0.758
459219842,0.758
306263608,0.758
278895705,0.757
156199502,0.757
258510872,0.757
312689217,0.757
461867584,0.757
243297296,0.757
295541511,0.757
141186075,0.756
55652896,0.756
144124187,0.756
233120979,0.756
153065527,0.756
141574742,0.756
394918211,0.756
390201695,0.756
330135981,0.755
2507547,0.755
400430915,0.755
229639351,0.755
29831208,0.755
237221436,0.755
137843225,0.754
287139872,0.754
288242606,0.754
387330895,0.754
166184426,0.754
48031665,0.754
237205154,0.754
303204165,0.754
198077394,0.754
43064903,0.753
38460940,0.753
352009983,0.753
358460246,0.753
290504044,0.752
126232983,0.752
1942969,0.752
257241363,0.752
279383896,0.751
394338713,0.751
198187049,0.751
158978373,0.751
287584141,0.751
74530173,0.751
149394317,0.751
286355915,0.75
67798337,0.75
345329200,0.75
219762508,0.75
290407621,0.75
444394183,0.749
941996822,0.749
288428649,0.749
125735470,0.749
344745774,0.749
261257684,0.749
280830734,0.749
294090620,0.749
300293197,0.748
119700084,0.748
103604037,0.748
287152495,0.748
306472057,0.748
280035202,0.748
470169396,0.748
262880065,0.747
309254930,0.747
130948731,0.747
287196418,0.747
55849732,0.747
145038729,0.747
50312495,0.746
465176038,0.746
354518617,0.746
436764867,0.746
99425142,0.746
259230140,0.746
309254930,0.745
286870912,0.745
270515566,0.745
73649615,0.745
132313173,0.745
248391319,0.745
147476037,0.745
123664207,0.745
230375747,0.745
230087585,0.744
237201858,0.744
103448870,0.744
81597356,0.744
237071229,0.744
233953967,0.744
237015185,0.744
367739494,0.743
415276070,0.743
150428703,0.743
261108236,0.743
198410955,0.743
252549844,0.743
360816296,0.742
229715760,0.742
100608026,0.742
320079492,0.742
734505586,0.742
299780329,0.742
30733969,0.741
179582003,0.741
237204346,0.741
260962960,0.741
127012328,0.741
120045750,0.741
229750058,0.741
230375747,0.741
380887434,0.741
278138619,0.74
176956893,0.74
198725468,0.74
407127579,0.74
329346586,0.74
276647494,0.739
156172268,0.739
285466025,0.739
219879302,0.738
91251292,0.738
394509844,0.738
83154030,0.738
287196418,0.738
45191604,0.737
29959760,0.737
233078665,0.737
9006668,0.737
71134735,0.737
141275395,0.736
219501568,0.736
238197638,0.736
387834907,0.736
231728511,0.736
288636342,0.736
230088370,0.735
115270627,0.735
142785421,0.735
191928543,0.735
103604037,0.735
309292963,0.735
219306934,0.735
119925436,0.735
441572821,0.735
165625229,0.735
99572130,0.735
307320565,0.735
284900292,0.734
237101326,0.734
452658846,0.734
274911400,0.734
219776325,0.734
233633993,0.734
441600335,0.734
156199502,0.734
286355915,0.734
389900760,0.734
118329434,0.734
152005053,0.734
357048995,0.733
88684250,0.733
400712525,0.733
55652896,0.733
79681126,0.732
271891552,0.732
230088370,0.732
300293197,0.732
298372701,0.732
6898572,0.732
122617317,0.732
381714186,0.732
219762508,0.732
167418903,0.732
282498590,0.732
110996418,0.732
278866211,0.731
278683844,0.731
198356533,0.731
343726435,0.731
341815197,0.731
309257814,0.731
434428836,0.731
259540732,0.731
33831980,0.73
420680343,0.73
366972162,0.73
427654774,0.73
39573090,0.73
291465998,0.73
259511357,0.73
169765334,0.73
403135192,0.729
404804908,0.729
161477033,0.729
232650365,0.729
117979455,0.729
233576159,0.729
302212110,0.729
349071261,0.729
419957393,0.729
164767175,0.729
441739871,0.729
49079670,0.728
159107668,0.728
200296137,0.728
173612049,0.728
309254930,0.728
199572211,0.728
400430915,0.728
176780257,0.727
296850254,0.727
309254930,0.727
410372968,0.727
279514271,0.726
334394274,0.726
126232983,0.726
421336001,0.726
402898317,0.726
243187830,0.726
72668830,0.725
310537530,0.725
407127579,0.725
230087585,0.725
407694390,0.725
387834907,0.725
382980571,0.725
228381868,0.725
160491359,0.724
424391516,0.724
470156846,0.724
390048041,0.724
219489550,0.724
405571798,0.724
309254930,0.724
272670038,0.724
370907864,0.723
261108236,0.723
402898317,0.723
224596152,0.722
142117976,0.722
134528212,0.722
441730540,0.722
340559155,0.722
322063810,0.722
278862747,0.722
232982938,0.722
463011281,0.722
10974783,0.721
233078665,0.721
63470437,0.721
261135533,0.721
131250246,0.721
233497719,0.721
275702126,0.721
364395234,0.721
141608198,0.721
237205154,0.72
420112217,0.72
350743714,0.72
46307587,0.72
278683844,0.72
150428135,0.72
415714190,0.72
27459498,0.719
147761049,0.719
309257814,0.719
198212955,0.719
131250246,0.719
46631742,0.718
369965258,0.718
239633605,0.718
138588540,0.718
451645081,0.717
427654774,0.717
279514271,0.717
302040469,0.717
285094173,0.716
462162948,0.716
387423096,0.716
143994382,0.716
173298412,0.716
38510224,0.715
309257814,0.715
27194429,0.715
356311210,0.715
288636342,0.715
308050066,0.715
224297258,0.715
229715760,0.714
456306892,0.714
272782368,0.714
386259537,0.714
230375747,0.714
354103297,0.714
239585909,0.713
336092760,0.713
198213332,0.713
347405270,0.713
304514922,0.713
67418624,0.713
224297408,0.713
167415965,0.713
230087585,0.713
29831208,0.712
167092385,0.712
391903064,0.712
310009611,0.712
55559618,0.712
149990841,0.712
219762508,0.712
376421071,0.711
33831980,0.711
210904767,0.711
230386259,0.711
134596619,0.711
178247259,0.711
145910571,0.711
238197638,0.711
198161914,0.711
300293197,0.711
235901733,0.711
150030205,0.711
457789844,0.71
421336001,0.71
30733969,0.71
119925436,0.71
248250955,0.71
177162886,0.71
277505161,0.71
229490898,0.709
233120979,0.709
257816591,0.709
219879302,0.709
45191604,0.709
76228620,0.709
443341002,0.708
88485645,0.708
198356533,0.708
233719215,0.708
271759706,0.708
116483734,0.708
66413476,0.708
160075684,0.707
237101326,0.707
410094645,0.707
765419449,0.707
446044800,0.707
398371628,0.707
452375478,0.706
237071229,0.706
461968320,0.706
459837008,0.706
8348911,0.706
232635922,0.706
75744886,0.705
366443576,0.705
146165619,0.705
455211817,0.705
317089588,0.705
14570132,0.705
230075227,0.705
149302744,0.704
232635922,0.704
192988021,0.704
201879679,0.704
336961891,0.704
88684250,0.703
134528212,0.703
274194927,0.703
410393041,0.703
230387153,0.703
300710077,0.703
165763244,0.703
278866211,0.703
468396217,0.703
149990841,0.703
176956893,0.702
278138619,0.702
191702922,0.702
193556520,0.702
219760896,0.701
447891218,0.701
7274938,0.7
154089169,0.7
141608198,0.7
461634737,0.7
73038411,0.7
461239485,0.7
1717726681,0.7
243297296,0.7
269558487,0.699
441642457,0.699
345329200,0.698
320503729,0.698
153951307,0.698
48018596,0.698
229715760,0.698
418471116,0.698
148679712,0.697
177115354,0.697
309254930,0.697
390048041,0.697
258829450,0.697
235684964,0.697
309254930,0.696
162694128,0.696
230377505,0.696
291465998,0.696
218354669,0.696
230088370,0.696
267750431,0.696
322807675,0.696
391900348,0.696
350931281,0.696
363459149,0.696
77468221,0.695
278138619,0.695
319949055,0.695
406861922,0.695
402313695,0.695
258510872,0.694
413337672,0.694
229747848,0.694
370977908,0.694
230388132,0.694
421630760,0.694
141096071,0.693
318357083,0.693
230017324,0.693
267810289,0.693
11521555,0.692
382626661,0.692
297647356,0.692
92226327,0.692
274151135,0.692
198456933,0.691
441572821,0.691
237101326,0.691
441936163,0.691
465275307,0.691
233654042,0.691
424391516,0.69
67884964,0.69
63068354,0.69
459219842,0.69
271596225,0.69
350987726,0.69
295093397,0.69
133655284,0.69
68523365,0.689
355600246,0.689
229597404,0.689
400430915,0.689
428988981,0.689
236714379,0.689
322054600,0.688
186459119,0.688
167418903,0.688
233617847,0.688
283015592,0.688
230088370,0.688
458331312,0.688
321688498,0.687
391903064,0.687
154089169,0.687
31852980,0.687
55652896,0.687
470156846,0.687
32090583,0.687
280097543,0.686
302609939,0.686
385459345,0.686
333814134,0.686
232982938,0.686
300710077,0.686
75076261,0.686
85031598,0.686
48220826,0.686
283015592,0.685
154872375,0.685
167415965,0.685
277507814,0.685
415969908,0.685
424391516,0.685
441798995,0.685
367753709,0.685
322270620,0.684
154568734,0.684
461867584,0.684
35106764,0.684
282091492,0.684
142748283,0.684
326662822,0.684
232603560,0.684
230388132,0.683
300293197,0.683
279514271,0.683
308987429,0.683
1715469667,0.683
350987726,0.683
19447218,0.682
360714300,0.682
366655320,0.682
153065527,0.682
235902467,0.682
141096071,0.681
394223845,0.681
280031353,0.681
308612785,0.681
262845999,0.681
230375747,0.68
81693792,0.68
160023,0.68
33716474,0.68
160039081,0.68
170405772,0.68
286864983,0.679
469811655,0.679
260304800,0.679
457789844,0.679
45492609,0.679
333473672,0.679
372264750,0.679
260640693,0.678
307849973,0.678
461634737,0.678
116483734,0.678
260708537,0.677
347013211,0.677
9707944,0.677
402898317,0.677
189013224,0.676
278415929,0.676
310009611,0.676
230388132,0.675
243335710,0.675
165468291,0.675
339207847,0.675
75744886,0.674
35228717,0.674
115623434,0.674
153065527,0.674
141096071,0.674
454747287,0.674
20614436,0.673
441600335,0.673
141814272,0.673
341420329,0.673
160329609,0.673
318022259,0.673
121560868,0.672
100608026,0.672
156836699,0.672
284206913,0.672
310266243,0.672
32090583,0.672
384984325,0.672
259863352,0.672
81831095,0.672
289100911,0.672
330135981,0.672
368734712,0.672
232426080,0.672
224601047,0.671
20614436,0.671
179985715,0.671
320525204,0.671
167342439,0.671
461867584,0.671
407827885,0.671
397924314,0.671
230088370,0.67
230127302,0.67
71488258,0.67
48476908,0.67
259233660,0.67
142784687,0.67
81247740,0.67
38467100,0.67
262499797,0.67
103195323,0.669
364395234,0.669
104734832,0.669
219175972,0.669
447585233,0.669
373017346,0.668
165827520,0.668
229490898,0.668
230127302,0.668
154940895,0.668
458300989,0.668
274974693,0.668
362222177,0.668
238586172,0.668
361710792,0.668
335813325,0.668
458331312,0.667
278138619,0.667
17683158,0.667
294090620,0.667
262499797,0.667
119925436,0.667
364395234,0.667
338065029,0.667
258920431,0.667
208091447,0.666
103832313,0.666
119131709,0.666
147660886,0.666
141608198,0.666
117378334,0.665
385858569,0.665
156987351,0.665
285526706,0.665
330637910,0.665
308612785,0.665
252071095,0.665
404804908,0.665
219501568,0.665
260304800,0.665
292202337,0.665
431971818,0.664
155012162,0.663
240864953,0.663
154867950,0.663
421336001,0.663
359676320,0.663
300810086,0.663
317065438,0.663
427578289,0.662
237232044,0.662
248351846,0.662
287196418,0.662
144045880,0.662
160045097,0.662
248092710,0.662
420680343,0.662
232635922,0.661
321802774,0.661
230017324,0.661
232603560,0.661
364395234,0.661
404804908,0.661
99330090,0.661
160045097,0.66
167600516,0.66
31943299,0.66
128135100,0.66
330135981,0.66
398502253,0.659
120826158,0.659
164720895,0.659
33091590,0.659
219769290,0.658
295679570,0.658
229715760,0.658
14336130,0.658
145038729,0.658
269701147,0.657
89544985,0.657
329148988,0.657
333674399,0.657
219857012,0.657
465275307,0.656
8005485,0.656
198153540,0.656
376610581,0.656
243297296,0.655
288242606,0.655
300293197,0.655
294385899,0.655
313554509,0.655
390048041,0.655
149394317,0.655
256326844,0.654
238542895,0.654
179987678,0.654
28116365,0.654
233068569,0.654
403911354,0.654
252991027,0.653
232967666,0.653
81212286,0.653
281781375,0.653
387834907,0.653
344085117,0.653
346673534,0.653
298074043,0.653
384159646,0.653
260304800,0.652
359676320,0.652
322270620,0.652
144276942,0.652
441600335,0.652
278866211,0.652
301624989,0.652
167418903,0.651
157667414,0.651
441798995,0.651
391903064,0.651
330885564,0.651
310537530,0.651
119925436,0.651
320079492,0.651
257228088,0.65
237101326,0.65
460950389,0.65
359676320,0.649
277507814,0.649
464388115,0.649
230017324,0.649
402898317,0.648
92677094,0.648
445392860,0.648
391900348,0.647
269593126,0.647
149990841,0.647
92590258,0.647
126232983,0.647
237108775,0.647
435878153,0.646
166053959,0.646
55266835,0.646
154872375,0.646
309257814,0.646
230236827,0.645
299780329,0.645
212960464,0.645
13961554,0.645
704012376,0.645
404804908,0.645
229811538,0.645
183532609,0.644
268482699,0.644
387422534,0.644
436637677,0.644
134183038,0.644
394338713,0.644
107090327,0.643
207491214,0.643
280803800,0.643
202504234,0.643
300293197,0.643
298428237,0.643
150428703,0.642
230388132,0.642
348995212,0.642
159334269,0.642
272236017,0.642
68893269,0.642
118406995,0.642
126232983,0.641
320503729,0.641
55652896,0.641
153897615,0.641
294781547,0.641
233009109,0.641
237101326,0.641
230088370,0.64
196778101,0.64
48476908,0.64
100566492,0.64
456260074,0.64
284454822,0.639
119973835,0.639
167085203,0.639
350931281,0.639
441730540,0.639
302212110,0.639
391903064,0.639
243297296,0.639
167418903,0.639
468396217,0.639
306472057,0.639
243335710,0.639
286916251,0.639
230088370,0.638
329921262,0.638
337648770,0.638
366120401,0.638
260985861,0.638
387834907,0.638
219208037,0.638
259100469,0.637
284747017,0.637
310009611,0.637
229618478,0.637
230375747,0.637
198390247,0.637
281837575,0.637
453387619,0.637
159629419,0.637
30853470,0.637
198725468,0.637
369532319,0.637
116483734,0.636
298265350,0.636
141608198,0.636
116483734,0.636
304514922,0.636
441765914,0.636
295507430,0.635
157273362,0.635
229750058,0.635
30254887,0.635
261108236,0.635
388202128,0.635
441798995,0.635
441730540,0.634
198241702,0.634
230088370,0.634
43064903,0.634
315117300,0.634
404804908,0.634
177162886,0.633
79930628,0.633
278866211,0.633
238197638,0.632
262499797,0.632
362111691,0.632
391510223,0.632
23982469,0.632
306472057,0.631
10507330,0.631
233120979,0.63
233078665,0.63
118603213,0.63
319949055,0.63
405571798,0.63
160618074,0.629
178155732,0.629
298264260,0.629
38510224,0.628
86273567,0.628
366580825,0.628
269568703,0.628
179442778,0.628
235905185,0.627
328933398,0.627
269243313,0.627
404804908,0.627
347715478,0.627
468981993,0.627
233120979,0.626
230088370,0.626
100099031,0.626
19547831,0.626
404715325,0.625
287196418,0.625
462135459,0.625
307210830,0.625
233576835,0.625
418959198,0.625
19025965,0.625
260541432,0.625
31869740,0.625
143008050,0.624
349829627,0.624
368435330,0.624
149601126,0.624
30122649,0.623
141608198,0.623
260541432,0.623
257918609,0.623
278866211,0.623
238932509,0.623
352239069,0.623
3697165,0.623
260640693,0.623
349518800,0.623
113117112,0.623
143994382,0.623
29105766,0.623
290302491,0.622
29425972,0.622
387330895,0.622
462135459,0.622
391900348,0.622
463365347,0.622
447061717,0.621
271891552,0.621
288242606,0.621
373614579,0.621
294768072,0.621
68388114,0.621
328933398,0.621
224601047,0.621
287196418,0.621
153976959,0.62
230017324,0.62
352239069,0.62
126232983,0.619
456306892,0.619
258234731,0.619
311129228,0.619
463343283,0.619
243335710,0.619
229490898,0.618
309257814,0.618
105655329,0.618
372448111,0.618
167418903,0.618
186470510,0.618
229715760,0.618
186470510,0.618
373017346,0.617
202425357,0.617
149302744,0.617
345143460,0.617
186470510,0.617
300293197,0.617
69068526,0.617
48220826,0.616
178155732,0.616
421894914,0.616
289539327,0.616
300710077,0.616
154089169,0.616
406976746,0.615
419092044,0.615
394278368,0.615
158617175,0.615
235905185,0.614
203144354,0.614
286864983,0.614
79930628,0.614
180672438,0.614
230388132,0.614
173002823,0.613
232603560,0.613
408549705,0.613
286870912,0.613
231912935,0.613
258920431,0.613
354518617,0.613
149302744,0.613
281575427,0.613
300293197,0.613
230375747,0.612
287196418,0.612
435289274,0.612
410314178,0.612
141527579,0.612
441444256,0.611
35857242,0.611
243335710,0.611
320503729,0.611
55849732,0.61
216059854,0.61
98464559,0.61
280097543,0.61
235905185,0.609
309257814,0.609
281459670,0.609
48220826,0.609
233120979,0.609
400430915,0.609
23229805,0.609
238542895,0.608
404804908,0.608
311130133,0.608
164767175,0.608
29831208,0.608
27459498,0.607
36724086,0.607
65166582,0.607
167418903,0.607
308994098,0.607
202504234,0.606
43064903,0.606
140687214,0.606
228694725,0.606
286864983,0.606
263748033,0.606
287196418,0.605
401980624,0.605
273690178,0.605
345645749,0.604
288434231,0.604
29831208,0.604
412371819,0.604
159107668,0.604
175477257,0.604
287494667,0.603
34551972,0.603
264223828,0.603
320079492,0.603
174041208,0.603
278895705,0.602
404804908,0.602
149302744,0.602
81597356,0.602
156987351,0.602
238335094,0.602
369532319,0.602
341419787,0.601
365021641,0.601
356822426,0.601
355867695,0.601
158241252,0.601
453209605,0.601
274223601,0.601
381544766,0.601
404804908,0.601
232650365,0.6
414922696,0.6
287196418,0.6
298074836,0.6
267545252,0.6
236714379,0.6
441739020,0.599
302527524,0.599
230375747,0.599
121966220,0.599
364393429,0.599
397924314,0.599
202375913,0.599
277507814,0.599
188593930,0.599
219175972,0.598
77427472,0.598
262570313,0.598
458300989,0.598
349518800,0.598
219436394,0.597
242942524,0.597
274212635,0.597
39018923,0.597
294395926,0.597
449566969,0.597
404804908,0.597
280095254,0.596
334394274,0.596
157011920,0.596
8853478,0.596
149990841,0.596
26880783,0.595
373017346,0.594
74881311,0.594
31869740,0.594
36718161,0.594
278138619,0.593
29831208,0.593
40083958,0.593
410094645,0.593
230375747,0.593
133334108,0.593
54085154,0.593
99572130,0.592
238012337,0.592
233120979,0.592
376610581,0.592
22186226,0.592
44313455,0.592
149990841,0.592
233617847,0.591
407243316,0.591
358107516,0.591
363459149,0.591
278683844,0.59
341420329,0.59
29781292,0.59
278866211,0.59
239198720,0.59
383721338,0.59
287196418,0.59
298264260,0.589
57753734,0.589
289539327,0.589
230375747,0.589
238197638,0.589
198384408,0.589
2941914,0.588
407166076,0.588
14226699,0.588
79930628,0.588
102848207,0.588
126232983,0.587
230088370,0.587
45996325,0.587
310537530,0.587
210873792,0.586
293880523,0.586
324609476,0.586
441444256,0.586
350480660,0.585
232982938,0.585
207468071,0.585
238061845,0.585
388106759,0.585
309257814,0.584
237205154,0.584
229750058,0.584
407146536,0.584
238086649,0.584
320503729,0.584
239585909,0.584
306449303,0.584
312345863,0.583
328933398,0.583
271759706,0.583
269849065,0.583
80681136,0.583
260985861,0.582
288242606,0.582
418343229,0.582
441797394,0.581
257022766,0.581
352032996,0.581
350021134,0.581
176442805,0.581
230088370,0.581
260298958,0.581
461634737,0.581
398371628,0.581
1884091865,0.581
261108236,0.581
207468071,0.58
289539327,0.58
391900348,0.58
103195323,0.58
358613376,0.58
237205154,0.58
229490898,0.58
287721202,0.58
260128333,0.58
194068560,0.579
278866211,0.579
230127302,0.579
377297285,0.578
233689243,0.578
309254930,0.578
320503729,0.578
190721237,0.578
278866211,0.578
313937090,0.578
15863518,0.578
328814605,0.577
427654774,0.577
433546897,0.576
444842193,0.576
229715760,0.576
233633993,0.576
47482754,0.575
441798995,0.574
355446093,0.574
278866211,0.574
366443576,0.574
470169396,0.574
382975217,0.574
279569731,0.573
303204165,0.573
55488511,0.573
300293197,0.573
354937825,0.573
449566969,0.573
126733133,0.572
149601126,0.572
423606739,0.572
401980624,0.572
302040469,0.572
235684964,0.572
219698776,0.572
233120979,0.572
375981105,0.572
323966987,0.571
300293197,0.571
154105890,0.571
29105766,0.571
272670038,0.57
359676320,0.57
406318573,0.57
44514807,0.57
406926040,0.569
1103432,0.569
260640693,0.569
141608198,0.569
329888006,0.569
87775884,0.569
58798731,0.569
82452140,0.569
88485645,0.569
125442121,0.568
428988981,0.568
341419787,0.568
444842193,0.568
275414495,0.568
289895191,0.568
167418903,0.567
45996325,0.567
275414495,0.567
280097543,0.567
149391142,0.567
363573185,0.567
255865833,0.566
469821652,0.565
359523751,0.565
233789567,0.565
278540265,0.565
259172249,0.565
230375747,0.565
443961200,0.564
237979468,0.564
21101556,0.564
180607846,0.564
27491137,0.564
141096071,0.564
302040469,0.564
394721720,0.564
367630162,0.564
1551165177,0.564
270341214,0.563
248391319,0.563
207425167,0.563
233688779,0.563
156949982,0.563
149394317,0.562
277507814,0.562
391510223,0.562
45492609,0.562
93027490,0.562
357244603,0.562
124206468,0.561
149990841,0.561
198213332,0.561
253756339,0.561
188593930,0.561
230091879,0.561
453387619,0.561
259274960,0.561
236714379,0.56
238061845,0.56
31852980,0.56
380836882,0.56
395926728,0.56
167524928,0.56
233120979,0.56
298752252,0.56
233120979,0.56
323980895,0.56
167600516,0.559
341420329,0.559
154842898,0.559
463469906,0.559
188593930,0.559
154181821,0.559
243297296,0.559
287196418,0.559
469184909,0.559
166086403,0.558
358107516,0.558
410094645,0.558
141096071,0.558
144000801,0.558
441572821,0.558
364427226,0.558
283307274,0.558
162593274,0.558
230087585,0.558
243313296,0.558
68081952,0.558
347405270,0.557
133427311,0.557
141574742,0.557
220318793,0.557
323013113,0.557
121326995,0.557
465275307,0.557
286916251,0.557
341815197,0.557
150151262,0.556
4959676,0.556
278683844,0.556
283829553,0.556
82508808,0.556
421973253,0.556
333734769,0.556
229888286,0.556
255270777,0.555
52928939,0.555
23815847,0.555
277507814,0.555
150437346,0.555
29831208,0.555
299798795,0.555
288631580,0.554
406926040,0.554
197739769,0.554
138588540,0.554
238197638,0.554
287196418,0.554
143271144,0.553
161477033,0.553
192878624,0.553
362222177,0.553
441739020,0.553
281837575,0.552
303456134,0.552
398985229,0.552
256871385,0.552
14226699,0.552
397522142,0.552
284418751,0.552
199949052,0.552
342167886,0.552
394338713,0.551
141363913,0.551
451645081,0.551
387259626,0.551
219852882,0.551
293880523,0.551
322949743,0.551
20291519,0.551
348995212,0.55
237306584,0.55
260298958,0.55
232967666,0.55
349829627,0.55
320503729,0.549
388198242,0.549
133107143,0.549
144155193,0.549
27769688,0.549
352009983,0.549
58738380,0.548
85031598,0.548
453942180,0.548
230087585,0.548
388198242,0.547
149758547,0.547
404804908,0.547
370123525,0.546
341420329,0.546
63068354,0.546
138475192,0.546
238086647,0.546
192943720,0.545
274762761,0.545
243297296,0.544
236714379,0.544
154867950,0.544
166648874,0.543
289539327,0.543
349829627,0.543
38680052,0.542
235905185,0.542
230088370,0.542
229940491,0.542
20291519,0.542
199660855,0.542
82508808,0.542
341419787,0.542
242120884,0.541
309791156,0.541
282091492,0.541
320503729,0.541
346673534,0.541
39143128,0.541
447088034,0.54
367616146,0.54
305492348,0.54
362222686,0.54
237928815,0.54
193556520,0.54
308050066,0.54
31858843,0.539
167415965,0.539
391510223,0.539
233953967,0.539
388198242,0.539
176966572,0.539
153949511,0.538
17555760,0.538
141096071,0.538
362370757,0.538
141096071,0.538
39699648,0.538
242942524,0.538
388393034,0.537
394509844,0.537
34551972,0.537
281837575,0.537
243335710,0.536
288242606,0.536
338065029,0.536
286870912,0.536
31869740,0.535
444842193,0.535
453260209,0.535
162631539,0.535
99896567,0.535
209923610,0.534
280830734,0.534
288242606,0.534
167418903,0.533
281979481,0.533
77468221,0.533
260537454,0.533
20897611,0.533
126864892,0.532
403135192,0.532
403405969,0.532
286864983,0.532
230130556,0.532
198213332,0.532
138588540,0.532
236714379,0.532
323980895,0.531
230088370,0.531
309257814,0.531
286080865,0.53
120317590,0.53
229750058,0.53
302040469,0.53
139771134,0.53
233078665,0.53
198241702,0.53
230375747,0.529
306449303,0.529
8621049,0.529
229715760,0.529
388898854,0.528
172193428,0.528
230087585,0.528
359357695,0.528
309849886,0.528
238920875,0.528
443666343,0.528
397924314,0.528
349126400,0.527
300293197,0.527
441936163,0.527
340559155,0.526
130948731,0.526
198485881,0.525
252802222,0.525
395926728,0.525
91555165,0.525
199731190,0.525
451566438,0.525
233071535,0.525
1551165177,0.525
445496795,0.524
341544930,0.524
415976665,0.524
464388115,0.524
349518800,0.524
198212955,0.524
155491828,0.523
243280335,0.523
421630760,0.523
230087585,0.523
32090583,0.523
233120979,0.523
174599051,0.523
150030205,0.523
310537530,0.522
349518800,0.522
233497719,0.522
230129753,0.522
375542276,0.522
258920431,0.522
233576835,0.521
152245179,0.521
256561562,0.521
149628034,0.521
36718161,0.521
105135774,0.521
303327435,0.521
388076422,0.521
149394317,0.521
149833117,0.521
233078665,0.521
402898317,0.52
278862747,0.52
309254930,0.519
404804908,0.519
277634430,0.519
306449303,0.519
237205154,0.519
267810289,0.519
243335710,0.518
232628532,0.518
434133200,0.518
271755676,0.518
156987351,0.518
102848207,0.518
150761163,0.518
27635334,0.518
84599716,0.518
29918916,0.518
229940491,0.518
259006174,0.518
396133015,0.518
280095254,0.517
375059587,0.517
89617284,0.517
359676320,0.517
464658144,0.517
382975217,0.517
47316976,0.516
150388393,0.516
359676320,0.516
68523365,0.516
435289274,0.516
29831208,0.516
243297296,0.516
941996822,0.516
9858404,0.515
158835095,0.515
232603560,0.515
441797803,0.515
288636342,0.515
238171173,0.515
302040469,0.514
230130556,0.514
179582003,0.514
356871098,0.513
334414389,0.513
734505586,0.513
198187049,0.513
55559618,0.513
27014182,0.513
164729491,0.513
306512967,0.512
95660472,0.512
457268255,0.512
267810289,0.512
133334108,0.512
260128333,0.512
99896567,0.512
287196418,0.512
230375747,0.512
389625539,0.511
150437346,0.511
306635088,0.511
146776480,0.511
407166076,0.511
268482699,0.51
267536225,0.51
383410746,0.51
166220082,0.51
302333151,0.51
220417892,0.51
136122328,0.509
356871098,0.509
320525204,0.509
333785427,0.509
287721202,0.509
233087860,0.509
453348525,0.508
343726435,0.508
394698182,0.508
238004786,0.508
441444256,0.508
421455387,0.507
300293197,0.507
356822426,0.507
463402815,0.507
356590734,0.507
355600246,0.506
36718161,0.506
270677031,0.506
178170828,0.505
300293197,0.505
372758077,0.505
149990841,0.504
230087585,0.504
115810515,0.504
233497719,0.504
59859387,0.504
14226699,0.504
1992266045,0.503
129890791,0.503
229787062,0.503
258767311,0.503
310105752,0.503
136916387,0.502
310009611,0.502
404804908,0.502
229940491,0.502
142087638,0.502
432925586,0.502
259165246,0.502
238004786,0.501
308994098,0.501
150299840,0.501
267574918,0.501
288242606,0.501
444842193,0.501
52368076,0.501
280097543,0.501
278866211,0.501
126733133,0.5
162631539,0.5
278821913,0.5
89617284,0.5
1551165177,0.5
230388132,0.5
309792357,0.499
232603560,0.499
230386259,0.499
154105890,0.499
154867950,0.499
101643582,0.499
437329044,0.499
286864983,0.499
298647682,0.498
300293197,0.498
229597404,0.498
155351412,0.498
241040309,0.498
241638905,0.498
403801221,0.498
387259626,0.497
295093397,0.497
277507814,0.497
278866211,0.497
237979468,0.497
25354620,0.497
238542895,0.496
112026224,0.496
157667414,0.496
346418409,0.496
324609476,0.496
48210046,0.496
229715760,0.495
89617284,0.495
366443576,0.495
29105766,0.495
342375120,0.495
149980271,0.495
309791156,0.495
306263608,0.495
27071700,0.495
237221436,0.495
293617835,0.495
375981105,0.494
440324561,0.494
105840719,0.494
229940491,0.494
289539327,0.494
451614854,0.494
230375747,0.494
272231083,0.494
375223080,0.493
458199018,0.493
167418903,0.492
388198242,0.492
276381737,0.492
120896927,0.492
220318793,0.492
404804908,0.492
350043412,0.491
7985974,0.491
177308364,0.491
399642071,0.491
404804908,0.491
238086647,0.49
88485645,0.49
158389452,0.49
233068569,0.49
154618248,0.49
284288093,0.489
276793048,0.489
68388114,0.489
402319411,0.489
133107143,0.489
458300989,0.489
103633672,0.488
299897516,0.488
461591646,0.488
238898571,0.488
428679607,0.488
289945253,0.488
257218673,0.487
385858569,0.487
230088370,0.487
137843225,0.487
280095254,0.487
193413306,0.486
147528018,0.486
101635529,0.486
340458804,0.486
301884659,0.486
278683844,0.486
366316586,0.486
242120884,0.486
317597583,0.486
237221436,0.486
142635225,0.485
287196418,0.485
400899926,0.485
424390417,0.485
418301643,0.485
39018923,0.484
143059017,0.484
237929468,0.484
210681065,0.483
274762761,0.483
268042363,0.483
258514800,0.483
233617847,0.483
101230735,0.483
255704097,0.483
39018923,0.482
196066560,0.482
268482699,0.482
384299730,0.482
235905185,0.482
308883808,0.482
377304296,0.481
229940491,0.481
238164799,0.481
320079492,0.481
387597242,0.481
307716123,0.481
441808796,0.481
306305751,0.48
149990841,0.48
434105094,0.48
375059587,0.48
63367810,0.48
141096071,0.479
68388114,0.479
300293197,0.479
358557578,0.479
237201858,0.479
235905185,0.478
176796997,0.478
243476396,0.478
157273362,0.478
157273362,0.477
141363913,0.477
230388132,0.477
133334108,0.477
320503729,0.477
287959034,0.476
219821826,0.476
346995484,0.476
376168473,0.476
1232360,0.476
48276576,0.476
369965258,0.475
62251289,0.475
362607799,0.474
167092385,0.474
138762614,0.474
388076422,0.474
289539327,0.474
27434899,0.474
248092710,0.474
23769326,0.474
357373216,0.474
229597404,0.473
207425167,0.473
300293197,0.473
278138619,0.473
229597404,0.473
231740019,0.473
400762242,0.473
322200746,0.473
372818426,0.473
461540466,0.472
89256802,0.472
233617847,0.472
350043412,0.472
254142310,0.472
237979468,0.472
421894914,0.472
358938714,0.472
228507250,0.472
214361331,0.472
91704666,0.471
362607799,0.471
238197638,0.471
260537454,0.471
198186769,0.471
230388132,0.471
455947620,0.471
238061845,0.471
29831208,0.47
141187075,0.47
359271092,0.47
338065029,0.47
372818426,0.47
388089437,0.47
55601705,0.469
300293197,0.469
229490898,0.469
388198242,0.469
343330330,0.469
388198242,0.469
176860064,0.468
1103432,0.468
229791097,0.468
278866211,0.468
112604564,0.468
274151135,0.467
229770036,0.467
176871438,0.467
313054196,0.467
67884964,0.467
372960748,0.467
39699648,0.467
169958952,0.467
404715325,0.467
407146536,0.466
41335298,0.466
358557578,0.466
224603921,0.465
405559035,0.465
167418903,0.465
270701667,0.465
141363913,0.465
276861788,0.465
3797909,0.465
84599716,0.464
411196218,0.464
441798995,0.464
142117976,0.464
388076422,0.464
444842193,0.464
45191604,0.464
230088370,0.463
295233473,0.463
435289274,0.463
133334108,0.463
229888286,0.463
68850908,0.463
377297285,0.463
300810086,0.462
198213332,0.462
85242435,0.462
320503729,0.461
447088034,0.461
298969838,0.461
156215204,0.461
335683149,0.461
262499797,0.46
69068526,0.46
462553953,0.46
260298958,0.46
17150865,0.46
287080092,0.459
451566438,0.459
287494667,0.459
198213332,0.459
229787062,0.459
237979468,0.458
356590734,0.458
300293197,0.458
150299840,0.458
270341214,0.458
442050698,0.458
123201406,0.458
235901733,0.458
406926040,0.458
258804746,0.458
230388132,0.458
242961495,0.458
160522555,0.457
255865833,0.457
56630436,0.457
286962785,0.457
300293197,0.456
352239069,0.456
1718201850,0.456
219776325,0.456
117979455,0.456
231077395,0.456
238542895,0.455
65981892,0.455
413372087,0.454
451606970,0.454
80166433,0.454
423360793,0.453
366527844,0.453
469184909,0.453
230375747,0.452
381363260,0.452
417931607,0.452
237201858,0.452
404804908,0.452
350743714,0.451
199549116,0.451
154304816,0.451
177308364,0.451
383645563,0.451
230388132,0.451
173924720,0.451
302040469,0.45
320503729,0.45
298372701,0.45
159172549,0.45
230375747,0.449
404804908,0.449
102841799,0.448
263075864,0.448
71488258,0.448
348755723,0.448
354937825,0.448
126733133,0.448
232967666,0.447
279425357,0.447
157273362,0.447
80713983,0.446
115583726,0.446
29781207,0.446
103605399,0.446
38381574,0.446
93093765,0.446
237211410,0.445
400430915,0.445
23229805,0.445
342167886,0.445
229715760,0.445
288242606,0.445
22121296,0.445
396932137,0.445
42980456,0.444
219866209,0.444
219113246,0.443
320503729,0.443
437322147,0.443
310094771,0.443
235996401,0.442
372818426,0.442
232052748,0.442
343177324,0.442
95839645,0.442
146165619,0.442
123222370,0.442
259006174,0.442
230087585,0.442
68893269,0.442
74178,0.442
79292541,0.441
359676320,0.441
256871385,0.441
279425357,0.441
442050698,0.441
432168104,0.44
4646810,0.44
302212110,0.439
274954711,0.439
260505914,0.439
286870912,0.439
362068768,0.439
328502522,0.439
230375747,0.439
399947148,0.438
235941358,0.438
130415266,0.438
4161599,0.438
66445643,0.438
154565559,0.438
385557214,0.438
238004786,0.437
235996401,0.437
202504234,0.437
389968080,0.437
453396346,0.437
22186226,0.437
389968080,0.437
372818426,0.437
126369236,0.436
23229805,0.436
198213332,0.435
27014182,0.435
122220263,0.435
460497990,0.435
412371819,0.435
29555981,0.435
31998499,0.435
154126149,0.435
20203297,0.435
341420329,0.435
143994382,0.435
283307274,0.435
202271126,0.435
437253811,0.435
462732793,0.435
133334108,0.434
342061072,0.434
243297296,0.434
434133200,0.434
435335380,0.434
268482699,0.434
303617735,0.434
444842193,0.434
20601206,0.434
364186197,0.434
373614579,0.434
56396902,0.433
26568753,0.433
288636342,0.433
349518800,0.433
230375747,0.433
142562395,0.433
121338379,0.433
229700266,0.432
278866211,0.432
302040469,0.432
363632843,0.432
471012700,0.432
352764091,0.432
347752812,0.432
6898578,0.432
86075481,0.432
324116813,0.432
289539327,0.432
171644414,0.431
316453500,0.431
235996401,0.431
312862941,0.431
235996401,0.431
65212867,0.431
138588540,0.431
320503729,0.431
394721720,0.431
375542276,0.431
35855047,0.431
147797743,0.431
328934980,0.43
362220495,0.43
468981993,0.43
230378763,0.43
33765888,0.429
203361362,0.429
363632843,0.429
233120979,0.429
233120979,0.428
229597404,0.428
179442778,0.428
441739020,0.428
4300066,0.428
141186075,0.428
124174267,0.428
404804908,0.428
240968774,0.428
300013489,0.427
9067143,0.427
151681127,0.427
156990000,0.426
402319411,0.426
310009611,0.426
140687214,0.426
401283491,0.426
349518800,0.425
356867115,0.425
309791057,0.425
356590734,0.425
339424195,0.425
159803421,0.425
231840927,0.425
341420329,0.425
153976959,0.425
156987351,0.425
66445643,0.424
339857675,0.424
334394274,0.424
307366709,0.424
71488258,0.424
129532864,0.424
300293197,0.424
349518800,0.424
310294189,0.423
229715760,0.423
321250206,0.423
157698565,0.423
307985697,0.423
126369236,0.422
360473750,0.422
149625812,0.422
376847633,0.422
349518800,0.422
171160885,0.422
139771134,0.422
467265105,0.421
1884546500,0.421
119089245,0.421
259962054,0.421
233496435,0.421
149394317,0.421
220318793,0.421
278866211,0.42
260298958,0.42
235901733,0.42
439926641,0.42
409900613,0.42
220414682,0.419
404804908,0.419
386892536,0.419
232650365,0.419
41770205,0.419
400430915,0.419
422844353,0.419
44514807,0.418
38161230,0.418
237885040,0.418
349518800,0.418
167656187,0.418
647636934,0.418
466382581,0.418
252049912,0.418
102848207,0.417
90504905,0.417
350584963,0.417
289539327,0.417
89256802,0.417
29831208,0.417
149990841,0.417
368736506,0.417
326203952,0.416
283869246,0.416
467666275,0.416
394900138,0.416
307366709,0.416
198237384,0.416
160618074,0.416
280830734,0.416
127505658,0.416
349518800,0.415
149601126,0.415
341419787,0.415
230375747,0.415
344085117,0.415
425508314,0.415
122220263,0.414
310002617,0.414
236714379,0.414
167656187,0.414
155419920,0.414
105506140,0.414
130948731,0.413
224601047,0.413
300293197,0.413
175235241,0.413
160075684,0.412
6242388,0.412
126369236,0.412
356867115,0.412
139370701,0.412
299945285,0.411
123702439,0.411
447206604,0.411
278866211,0.411
67196573,0.411
294211535,0.411
339503267,0.411
388106759,0.411
259511357,0.41
951492112,0.41
233576835,0.41
384150311,0.409
207468071,0.409
271716136,0.409
103183399,0.409
232650365,0.408
406976746,0.408
322949743,0.408
105840719,0.408
48220826,0.407
235905185,0.407
308994098,0.407
172370679,0.407
275758701,0.407
452375478,0.407
329988433,0.406
388198242,0.406
32090583,0.406
318022259,0.406
272194883,0.406
56554279,0.405
165551882,0.405
27454012,0.405
232635922,0.405
421973253,0.405
192014454,0.405
149302744,0.405
366443576,0.404
257918609,0.404
235905185,0.404
394119956,0.404
120101789,0.404
368736506,0.404
374997123,0.404
279425357,0.404
323980895,0.404
142087638,0.404
284738182,0.404
26880783,0.404
443666343,0.404
441738827,0.403
139771134,0.403
286080865,0.403
454224694,0.403
283307274,0.403
86273567,0.403
253030300,0.402
458424950,0.402
346418409,0.402
417850378,0.402
244487927,0.402
356590734,0.401
359676320,0.401
158835095,0.401
1551345500,0.4
452281203,0.4
133427311,0.4
278683844,0.399
112604564,0.399
1449640,0.399
231840927,0.399
141186075,0.399
441600335,0.399
302659412,0.399
219113246,0.399
233120979,0.398
438476058,0.398
388402265,0.398
206785987,0.398
149995163,0.398
233120979,0.397
236714379,0.397
16884216,0.397
157273362,0.397
233576835,0.397
197807778,0.397
156836699,0.397
48476908,0.397
420456035,0.397
303327435,0.397
451254008,0.396
353960022,0.396
77253676,0.396
445392860,0.396
75744886,0.396
261108236,0.396
277447970,0.396
349829627,0.395
149990841,0.395
410450228,0.395
333734769,0.395
10974783,0.395
620780629,0.395
230088370,0.395
9828416,0.395
403693875,0.395
434133200,0.395
219208037,0.394
700139139,0.394
463590116,0.394
31998499,0.394
264052454,0.394
231840927,0.394
459837008,0.394
269558487,0.394
63898957,0.394
366810260,0.393
121088959,0.393
45996325,0.393
414943716,0.393
31869740,0.393
103633434,0.393
233078665,0.392
359676320,0.392
106898702,0.391
293457754,0.391
463365347,0.391
212950885,0.391
133331642,0.391
375981105,0.39
278138619,0.39
359357695,0.39
154867950,0.389
117378334,0.389
349518800,0.389
397100292,0.389
356822426,0.389
372960748,0.388
362222686,0.388
436652523,0.388
236527733,0.388
149394317,0.387
153077621,0.387
272194883,0.387
445392860,0.387
229944666,0.387
319259194,0.387
154400369,0.387
298372701,0.387
259353953,0.387
415399713,0.387
390988385,0.386
229465428,0.386
259511357,0.386
74881311,0.386
123702439,0.386
391903064,0.386
134431639,0.386
238920875,0.386
147951030,0.385
45296362,0.385
141608198,0.385
322900369,0.384
290302097,0.384
198108326,0.384
302003748,0.384
339451334,0.384
79958232,0.384
427317404,0.384
251652214,0.383
146406806,0.383
243313296,0.383
322949743,0.383
369789627,0.383
410372968,0.383
258920431,0.382
241225337,0.382
359676320,0.382
275083922,0.382
158490401,0.382
237201858,0.382
232603560,0.382
407591297,0.381
153951307,0.381
339503267,0.381
317089588,0.381
22903436,0.381
259353953,0.38
243335710,0.38
300293197,0.38
207425203,0.38
460024410,0.38
458267524,0.38
356871098,0.38
88996391,0.38
137649380,0.38
244170332,0.379
386688694,0.379
237222864,0.379
260505914,0.379
308994098,0.378
355600246,0.378
14230289,0.378
233120979,0.378
88863718,0.378
342449055,0.378
459861391,0.378
369603748,0.377
382068562,0.377
391904697,0.376
307986093,0.376
382626661,0.376
233462817,0.376
156987351,0.375
229597404,0.375
404804908,0.374
451391178,0.374
393717302,0.374
260640693,0.374
103604037,0.374
352009983,0.374
260265964,0.373
56662591,0.373
48139432,0.373
52928939,0.373
265350422,0.373
457138169,0.373
115243425,0.372
308612785,0.372
236815160,0.372
27491137,0.372
179442778,0.372
270494650,0.372
219499488,0.372
278138619,0.372
19519368,0.372
404227343,0.372
238004786,0.372
278866211,0.372
366443426,0.372
421549145,0.372
122220263,0.371
410450228,0.371
349576261,0.371
455272393,0.371
363914762,0.371
55605752,0.37
85292615,0.37
28871150,0.37
51961435,0.37
379376771,0.37
231275247,0.37
447206604,0.37
229715760,0.369
150030205,0.369
434133200,0.369
302040469,0.369
391949880,0.369
212950885,0.369
422844353,0.369
126733133,0.369
149990841,0.369
260541432,0.368
29831208,0.368
153077621,0.368
265488083,0.368
449107129,0.368
165148663,0.368
444842193,0.368
412371819,0.368
300293197,0.368
142276270,0.368
415143674,0.368
434496663,0.367
394546184,0.367
383410746,0.367
236817690,0.367
94346376,0.367
397292492,0.367
244487927,0.367
322949743,0.367
212950885,0.367
348755723,0.367
154867950,0.366
198008002,0.366
297950791,0.366
235905185,0.366
244487927,0.366
155654271,0.366
322062001,0.366
286916251,0.366
159331270,0.366
31998499,0.366
335813590,0.365
122613513,0.365
235711993,0.365
98802123,0.365
1551345500,0.365
229944666,0.365
71512186,0.365
271795511,0.364
57753734,0.364
322200746,0.364
372264750,0.363
100504381,0.363
238317637,0.363
230087585,0.363
31634579,0.363
48220826,0.363
425641540,0.362
123201406,0.362
404804908,0.362
461157517,0.362
271795511,0.362
463103749,0.362
26568753,0.362
21340143,0.362
446135868,0.361
231840927,0.361
422844353,0.361
116608612,0.361
441808796,0.361
416368336,0.361
432467894,0.361
186544053,0.361
463469906,0.361
150299840,0.36
279425357,0.36
233120979,0.36
302040469,0.36
269850928,0.36
101400058,0.36
349966879,0.359
233617847,0.359
1551345500,0.359
283603819,0.359
280865159,0.359
229490898,0.359
403801221,0.359
117378334,0.359
306635088,0.359
300710077,0.359
461634737,0.358
333785427,0.358
463402815,0.358
468979441,0.358
278866211,0.358
284760740,0.358
295440174,0.358
29119552,0.358
463402815,0.358
167810285,0.358
370016916,0.358
359676320,0.357
177308364,0.357
233576835,0.357
429791387,0.357
233078665,0.357
408747101,0.357
238059180,0.356
233497719,0.356
444724127,0.355
322062001,0.355
373674579,0.355
63222474,0.355
301884659,0.355
177077336,0.355
233576835,0.355
272489351,0.355
255768108,0.355
280865159,0.355
441444256,0.355
291465998,0.355
34551972,0.354
163260812,0.354
153077621,0.354
72627333,0.354
45369360,0.354
219742885,0.354
232641326,0.354
160618074,0.353
423363853,0.353
469333534,0.353
271755676,0.353
456260074,0.353
259373684,0.353
320525204,0.353
81089255,0.353
30853470,0.353
1718201850,0.353
31869740,0.353
243280335,0.353
412460614,0.352
89535068,0.352
421894914,0.352
233059612,0.352
219866209,0.352
120077404,0.352
233078665,0.351
224601047,0.351
1190423,0.351
410450228,0.351
357896777,0.351
350027507,0.35
233120979,0.35
342061072,0.35
4988960,0.35
434233518,0.35
251086776,0.35
135088521,0.35
233744223,0.35
235937532,0.349
311925584,0.349
243335710,0.349
333734769,0.348
298647682,0.348
41770205,0.348
362080365,0.348
388202128,0.348
298778188,0.348
20318757,0.348
260298958,0.347
216059854,0.347
191928543,0.347
260505914,0.347
242937935,0.347
59128183,0.347
220568520,0.347
167714792,0.346
329888006,0.346
313109959,0.346
456962262,0.345
201604954,0.345
230129753,0.345
156215204,0.345
255704097,0.345
443341002,0.345
271491157,0.344
238197638,0.344
372852036,0.344
397522142,0.344
320536216,0.344
141096071,0.344
320525204,0.343
354933360,0.343
423539160,0.343
322270620,0.343
309254930,0.343
237221436,0.343
284288093,0.343
350584963,0.343
29831208,0.343
233689243,0.343
306512967,0.342
467666275,0.342
323980895,0.342
156987351,0.342
304339227,0.341
157273362,0.341
233120979,0.341
81248187,0.341
167656187,0.341
358557578,0.341
147940645,0.341
360706000,0.341
112026224,0.341
155654271,0.341
333785427,0.341
281837575,0.34
432168104,0.34
41770205,0.34
114886941,0.34
309254930,0.34
237205154,0.34
236714379,0.34
39077574,0.34
230111775,0.34
232641326,0.339
451614854,0.339
347051112,0.339
16076354,0.339
152953620,0.339
13533330,0.339
464711858,0.339
420829332,0.339
404804908,0.339
235996401,0.339
350027507,0.339
224601047,0.338
12435232,0.338
445030869,0.338
284747017,0.338
89876424,0.338
374948515,0.338
2507547,0.338
388198242,0.338
364395234,0.338
309791057,0.337
198213332,0.337
403693875,0.337
167418903,0.337
364393429,0.337
441808796,0.337
233576835,0.337
352239069,0.337
102195674,0.337
344816461,0.336
105506140,0.336
239142212,0.336
462135459,0.336
89510024,0.336
369603748,0.336
233078665,0.336
99956360,0.335
177258735,0.335
448098793,0.335
146165619,0.335
126369236,0.335
48504442,0.335
162620529,0.335
157273362,0.335
4624167,0.335
243335710,0.335
179439014,0.335
355800238,0.335
298752252,0.335
404804908,0.334
274911400,0.334
387259626,0.334
159815224,0.334
115876322,0.333
259540732,0.332
159504833,0.332
233047097,0.332
150388393,0.332
280865159,0.332
328936940,0.332
229597404,0.331
262499797,0.331
198213332,0.331
441808796,0.331
59536337,0.331
442050698,0.331
55652896,0.331
291572619,0.331
452903647,0.33
236714379,0.33
27064468,0.33
233576835,0.33
236714379,0.33
236815160,0.33
455947620,0.33
212950885,0.33
11908422,0.33
258789022,0.33
376934379,0.33
85379511,0.33
236714379,0.329
80682484,0.329
1400770435,0.329
364395234,0.329
399642071,0.329
219113246,0.329
194076601,0.328
154867950,0.328
69068526,0.328
366120401,0.328
230087585,0.328
45054849,0.328
32090583,0.328
106470229,0.328
118308828,0.328
16076354,0.328
174599051,0.327
287196418,0.327
441444256,0.327
413337672,0.327
149990841,0.327
69524367,0.327
102848207,0.327
100099031,0.327
405448680,0.326
394721720,0.326
270462117,0.326
279514271,0.326
160409846,0.326
464711858,0.326
41770205,0.326
381856446,0.325
154375101,0.325
300013921,0.325
364393429,0.325
383806208,0.325
98349609,0.325
370385007,0.324
83377800,0.324
16076354,0.324
38680052,0.324
102841799,0.324
375517114,0.324
367739494,0.324
127895118,0.323
453209605,0.323
1551345499,0.323
176860064,0.323
279088392,0.323
389968080,0.323
165530380,0.323
146589986,0.323
68684914,0.323
231840927,0.322
198153540,0.322
26568753,0.322
354933360,0.321
198493121,0.321
68573534,0.321
276953312,0.321
236638487,0.321
287084106,0.321
236714379,0.321
235684964,0.321
175239295,0.321
102305337,0.321
233047097,0.32
82302240,0.32
385557214,0.32
72090499,0.319
167342439,0.319
453209605,0.319
1551165177,0.319
199712572,0.319
38680052,0.319
267712001,0.319
149990841,0.319
147761049,0.319
256864208,0.319
29831208,0.318
138207419,0.318
307099276,0.318
348995212,0.318
178247259,0.318
230087585,0.318
219501568,0.318
229940491,0.318
259540732,0.318
237200747,0.317
357634632,0.317
321669174,0.317
233078665,0.317
365938305,0.317
236785891,0.317
216935214,0.317
429036977,0.317
422844353,0.317
255560319,0.316
198212955,0.316
398221405,0.316
432168104,0.316
56639629,0.316
307368492,0.316
231839085,0.316
278866211,0.316
28116365,0.315
349518800,0.315
349829627,0.315
147671396,0.315
237221436,0.315
10974783,0.315
168158622,0.315
253044312,0.315
120317590,0.315
229490898,0.315
146282666,0.315
279425357,0.315
163260812,0.315
439926641,0.314
279569731,0.314
68646526,0.314
350575997,0.314
334632624,0.314
20497187,0.314
22863205,0.314
389421473,0.314
421630760,0.313
463103749,0.313
230388132,0.313
236714379,0.313
121326995,0.313
235718636,0.313
237101326,0.313
308307606,0.313
349518800,0.313
171649231,0.312
149109125,0.312
418471796,0.312
64531556,0.312
278866211,0.312
29831208,0.311
372757221,0.311
349518800,0.311
38680052,0.311
335542261,0.311
298969838,0.311
280096473,0.311
243335710,0.311
38680052,0.311
237979468,0.311
264333501,0.311
453396346,0.311
278540265,0.311
278866211,0.311
238004786,0.31
321864797,0.31
379376771,0.31
147671396,0.31
211344776,0.31
330659284,0.31
55652896,0.31
149601126,0.31
421336001,0.309
239198720,0.309
233078665,0.309
389968080,0.309
176797879,0.309
172193428,0.309
220460087,0.309
368260545,0.309
5722472,0.308
1551345499,0.308
150437346,0.308
356539624,0.308
377257650,0.308
300293197,0.308
31852980,0.308
156215204,0.308
229787062,0.308
271486001,0.307
313109078,0.307
30931288,0.307
444842193,0.307
276735500,0.307
198213332,0.307
188668950,0.307
141608198,0.307
404518509,0.307
363632843,0.306
237979468,0.306
318608749,0.306
441738827,0.306
309791057,0.306
356765908,0.305
320525204,0.305
32590805,0.305
286201103,0.305
233496435,0.305
29831208,0.305
320525204,0.305
428963229,0.305
675054894,0.305
350618622,0.305
385400633,0.305
429358906,0.305
356919658,0.304
233047097,0.304
48220826,0.304
48018596,0.304
272230783,0.304
469333534,0.304
233576835,0.304
262570313,0.304
277634430,0.303
38937499,0.303
441444262,0.303
176860064,0.303
403340402,0.303
272645619,0.303
420680343,0.303
116542600,0.302
439926641,0.302
120826158,0.302
396368313,0.302
468329664,0.302
341420329,0.302
284441182,0.302
260265964,0.302
358729146,0.302
293649602,0.302
15734485,0.302
260298958,0.302
138168780,0.301
298969838,0.301
293649602,0.301
229490898,0.301
156987351,0.301
307610438,0.301
149990841,0.301
219742885,0.3
354246759,0.3
135145585,0.3
283869246,0.3
284747017,0.3
248434716,0.3
432925586,0.299
273231214,0.299
235937532,0.299
329921262,0.299
199949052,0.299
382068562,0.299
278198753,0.299
288242606,0.299
409369549,0.299
311567789,0.299
254909777,0.299
405421924,0.299
237979468,0.298
131025778,0.298
26880783,0.298
234721120,0.298
260537454,0.298
434160012,0.298
235996401,0.298
151681127,0.298
22937402,0.298
308180827,0.298
219499488,0.298
237221436,0.297
35021200,0.297
440937096,0.297
183593642,0.297
69524367,0.297
272230783,0.297
100012575,0.296
259006174,0.296
320525204,0.296
383645563,0.296
175235241,0.296
32498058,0.296
237211410,0.296
293844315,0.295
309254930,0.295
372757221,0.295
348995212,0.295
128127712,0.295
359676320,0.295
27014182,0.295
156067195,0.295
135100529,0.295
176958231,0.294
166648874,0.294
321068176,0.294
372758077,0.294
425934411,0.294
320525204,0.294
229787062,0.294
348995212,0.294
235937532,0.294
156215204,0.293
180416826,0.293
121338379,0.293
146776480,0.293
233496435,0.293
67982365,0.293
1884091865,0.292
458854972,0.292
396932137,0.292
233795794,0.292
356978132,0.292
349518800,0.292
233006012,0.292
38510224,0.291
219854519,0.291
48476907,0.291
372758077,0.291
241752370,0.291
61980227,0.291
71268730,0.291
149601126,0.29
229597404,0.29
167342439,0.29
237928815,0.29
229487733,0.29
332477926,0.29
300810086,0.29
274151135,0.29
230087585,0.29
356978132,0.29
162689341,0.289
372264750,0.289
270677031,0.289
233489108,0.289
408636441,0.289
255560319,0.289
18016577,0.289
76989773,0.289
300293197,0.289
64531556,0.289
287721202,0.288
31869740,0.288
342061072,0.288
38680052,0.288
220318793,0.287
348995212,0.287
197596346,0.287
248383668,0.287
340700241,0.287
265010875,0.287
396233343,0.287
167085203,0.287
69524367,0.287
256516208,0.287
179319057,0.287
59596186,0.286
230087585,0.286
229811538,0.286
402902449,0.286
387237076,0.286
359676320,0.286
160077328,0.286
76989773,0.286
236815160,0.286
169958952,0.285
410314178,0.285
260541432,0.285
383806208,0.285
38680052,0.285
219924802,0.285
16805628,0.285
441808796,0.285
26273760,0.285
359676320,0.285
400899926,0.285
377257650,0.285
80384789,0.284
383410746,0.284
422844353,0.284
274993191,0.284
348995212,0.284
259540732,0.283
288185138,0.283
429358906,0.283
224601047,0.283
128703021,0.283
387834907,0.282
219344917,0.282
114103134,0.282
232641326,0.282
284288093,0.282
56639629,0.282
123201406,0.282
417644279,0.282
233047097,0.282
440681573,0.282
455947620,0.282
399952805,0.282
432925586,0.282
123482865,0.281
393496292,0.281
233047097,0.281
123702439,0.281
167418903,0.281
325172035,0.281
233120979,0.281
299897516,0.281
34551972,0.281
366622912,0.281
423539160,0.281
385557214,0.281
355303117,0.28
334632624,0.28
150105822,0.28
393546540,0.28
231740019,0.28
235905185,0.28
252906811,0.28
230073581,0.28
80713983,0.28
441808796,0.28
164872883,0.28
258817828,0.28
237211410,0.28
360706000,0.279
158835095,0.279
231081369,0.279
237885040,0.279
348995212,0.278
268166705,0.278
229490898,0.278
342061072,0.278
230375747,0.278
38680052,0.278
235905185,0.278
459157691,0.278
377188230,0.278
165530380,0.278
265279725,0.277
121338379,0.277
136916387,0.277
198186769,0.277
233496435,0.277
310934616,0.277
268529943,0.277
236785891,0.277
357240689,0.277
391900348,0.276
165456443,0.276
219246528,0.276
167600516,0.276
338072960,0.276
425934411,0.276
171160243,0.276
359403471,0.276
375542276,0.276
230130556,0.275
313889049,0.275
60615334,0.275
186544053,0.275
333785427,0.274
359676320,0.274
358614566,0.274
98337456,0.274
288185138,0.274
377257650,0.274
189639080,0.274
98833877,0.273
92352621,0.273
347511694,0.273
21997420,0.273
154126149,0.273
16805628,0.273
197979666,0.273
141096071,0.273
277634430,0.273
233120979,0.273
263075864,0.273
89043241,0.273
27434899,0.273
269701147,0.272
236815160,0.272
289895191,0.272
120317590,0.272
229944666,0.272
189639080,0.271
295440174,0.271
238226533,0.271
461736222,0.271
268529943,0.271
270507305,0.271
396932137,0.271
167247946,0.271
171160243,0.271
427654774,0.271
198187377,0.271
29831208,0.27
322062001,0.27
82166511,0.27
344140617,0.27
463469906,0.27
70785910,0.27
95234976,0.27
437331306,0.27
385594855,0.27
230087585,0.27
303861796,0.27
290777444,0.27
1718201850,0.27
458854972,0.27
239154970,0.27
22384839,0.269
359676320,0.269
233066156,0.269
115920747,0.269
329691586,0.269
388202128,0.269
431979080,0.269
350584963,0.269
229811538,0.269
307958020,0.269
143526444,0.269
159107668,0.269
1400770435,0.269
102807490,0.268
172193428,0.268
230392244,0.268
233738219,0.268
147761049,0.268
165456443,0.268
243335710,0.267
20291519,0.267
142087638,0.267
278683844,0.267
230084146,0.267
172030519,0.267
265011923,0.266
271795511,0.266
233576835,0.266
106898702,0.266
258051471,0.266
198008002,0.266
384882500,0.266
434165964,0.266
359676320,0.266
7561203,0.266
236815160,0.266
307366709,0.266
62301521,0.266
310294189,0.265
295233473,0.265
1961935435,0.265
233120979,0.265
354518617,0.265
341729521,0.265
57753734,0.265
357896777,0.265
399642075,0.265
280095254,0.265
259230140,0.265
410094645,0.264
86021841,0.264
229944666,0.264
322777782,0.264
322705950,0.264
252906811,0.264
404804908,0.264
1103432,0.264
328325110,0.264
434165964,0.264
229581160,0.264
393717302,0.264
441804533,0.264
420636075,0.263
233211762,0.263
44510874,0.263
238086647,0.263
298264260,0.263
190990336,0.263
120826158,0.262
248391319,0.262
434105094,0.262
23982469,0.262
469915806,0.262
387259626,0.262
56630436,0.262
84599716,0.262
177254988,0.262
229811538,0.262
356978132,0.261
245728942,0.261
11521555,0.261
298969838,0.261
198186769,0.261
207491214,0.261
411943564,0.261
348902558,0.261
260657291,0.26
389968080,0.26
402319411,0.26
33989652,0.26
233047097,0.26
166787511,0.26
310294189,0.26
38680052,0.259
167039082,0.259
30038422,0.259
219892238,0.259
89304769,0.259
167481974,0.259
173254218,0.259
178247259,0.259
146406806,0.259
126733133,0.259
270515566,0.258
123222370,0.258
120317590,0.258
342167886,0.258
352239069,0.258
238226533,0.258
290777444,0.258
387527558,0.257
243313296,0.257
32090583,0.257
308301091,0.257
29831208,0.257
429414530,0.257
468981993,0.257
293563017,0.257
271759706,0.257
368736506,0.257
23769326,0.257
229490898,0.257
406926040,0.257
290263093,0.257
229597404,0.257
67782629,0.256
293617835,0.256
112026224,0.256
230050959,0.256
457138169,0.256
359676320,0.256
44510874,0.256
259099556,0.256
230087585,0.256
288878839,0.256
300810086,0.256
27194429,0.256
71612483,0.256
272489351,0.255
287326127,0.255
309257814,0.255
274031155,0.255
134528212,0.255
258510872,0.255
165530380,0.255
44510874,0.255
231840927,0.254
55266835,0.254
229944666,0.254
313109078,0.254
242942524,0.254
320536216,0.254
391900348,0.254
198213332,0.253
300293197,0.253
103633672,0.252
308211363,0.252
259168516,0.252
393837491,0.252
71512186,0.252
26273760,0.252
95692954,0.251
3575626,0.251
233120979,0.251
404804908,0.251
229944666,0.251
55605752,0.251
34551972,0.251
269343479,0.251
371590675,0.251
40779013,0.251
311357432,0.251
101424622,0.25
300293197,0.25
372757221,0.25
233120979,0.25
440937096,0.25
235718636,0.25
290468468,0.25
14226699,0.25
325527653,0.25
229715760,0.249
150437346,0.249
387237076,0.249
290777444,0.249
441444262,0.249
287196418,0.249
150443296,0.249
35861786,0.249
154840461,0.249
322900369,0.249
296737508,0.248
230087585,0.248
350033870,0.248
455995641,0.248
33303538,0.248
374200604,0.248
270458066,0.248
144645881,0.248
34551972,0.248
52020788,0.248
235996401,0.248
122682776,0.248
159815224,0.248
142276270,0.247
156067195,0.247
233066156,0.247
272781944,0.247
463402815,0.247
383303945,0.247
128501004,0.247
260537454,0.247
239154970,0.247
381854774,0.247
26273760,0.247
149470723,0.246
112395568,0.246
51238317,0.246
400206795,0.246
16034014,0.246
122220263,0.246
399948127,0.245
58533991,0.245
156067195,0.245
453677947,0.245
403347341,0.245
235937532,0.245
229490898,0.245
269568703,0.245
337385330,0.245
323780590,0.245
336613507,0.245
298666530,0.244
168978974,0.244
356871098,0.244
246977091,0.244
412485680,0.244
124095888,0.244
294211535,0.244
241225337,0.244
435257194,0.243
96423865,0.243
387259626,0.243
269519402,0.243
231081369,0.243
272167060,0.243
31998499,0.243
390723664,0.243
59744366,0.243
308994098,0.242
143045164,0.242
256516208,0.242
265146266,0.242
40779013,0.242
359676320,0.242
159991426,0.242
270341214,0.242
229811538,0.242
445030869,0.242
287196418,0.242
219879302,0.242
233078665,0.242
48274889,0.242
380717159,0.241
252928337,0.241
5966772,0.241
38942483,0.241
150105822,0.241
459219842,0.241
3784444,0.241
322054600,0.241
289539327,0.241
100940603,0.241
375542276,0.241
76658755,0.241
77527511,0.241
319259194,0.24
233211762,0.24
410060661,0.24
251878904,0.24
238086647,0.24
303319270,0.24
145249556,0.24
87091417,0.24
220417892,0.24
455130971,0.24
229597404,0.239
9433212,0.239
123702439,0.239
31998499,0.239
437054764,0.239
29336129,0.239
42980456,0.239
440186528,0.239
126733133,0.239
219113246,0.239
293375289,0.239
232967666,0.238
245341495,0.238
154126149,0.238
235684964,0.238
382068562,0.238
26568753,0.238
94541119,0.238
53481079,0.238
314096419,0.238
171086448,0.238
39077574,0.238
398163267,0.237
233120979,0.237
362370757,0.237
288242606,0.237
235905185,0.237
137151335,0.237
194076601,0.237
197979666,0.237
340700241,0.237
160394891,0.236
236714379,0.236
233120979,0.236
274762761,0.236
341817646,0.236
280095254,0.236
290302097,0.236
29017001,0.236
166836920,0.236
4493532,0.236
357307788,0.236
347332255,0.236
38937499,0.236
207425203,0.236
453209605,0.236
307985697,0.235
17150865,0.235
150105822,0.235
219175972,0.235
272606395,0.235
377042874,0.235
404804908,0.235
404644763,0.235
257395093,0.235
321894059,0.235
306512967,0.235
2527981,0.235
236714379,0.235
71612483,0.235
198160324,0.235
463781038,0.235
387722251,0.234
298752252,0.234
198181553,0.234
441546821,0.234
80783538,0.234
58472992,0.233
260505914,0.233
236714379,0.233
229597404,0.233
381976956,0.233
154101678,0.233
441738827,0.233
233211759,0.233
287494667,0.233
159345743,0.232
459182601,0.232
325081244,0.232
312312968,0.232
320525204,0.232
207425203,0.232
83377800,0.232
297361900,0.232
184240478,0.232
116608612,0.231
295562522,0.231
229608594,0.231
448695415,0.231
29831208,0.231
76989773,0.231
232977165,0.231
180989820,0.231
329921262,0.231
282221346,0.231
167810285,0.23
277538491,0.23
318357083,0.23
183593642,0.23
128790976,0.23
279454212,0.23
28171292,0.23
259373684,0.23
396948450,0.23
404804908,0.23
279425357,0.229
116608612,0.229
425934411,0.229
272758199,0.229
307915084,0.229
422844353,0.229
230087585,0.229
303327435,0.229
434165964,0.229
154105890,0.229
432042101,0.228
289539327,0.228
298666530,0.228
320536216,0.228
207431173,0.228
24347173,0.228
229740848,0.228
309257814,0.228
237221436,0.228
141187075,0.227
242120884,0.227
1449640,0.227
416534903,0.227
339503267,0.227
242937935,0.227
233576835,0.227
458331312,0.227
203096531,0.227
238197638,0.226
318608749,0.226
356835341,0.226
236815160,0.226
233120979,0.226
232610445,0.226
319473643,0.226
352469839,0.225
219852882,0.225
232977165,0.225
470881332,0.225
425083216,0.225
117689799,0.225
408310006,0.225
96055535,0.225
359676320,0.225
198162960,0.225
230388132,0.225
269850928,0.225
119700084,0.225
446135868,0.225
172464366,0.225
148092714,0.225
348437470,0.225
277315482,0.224
126369236,0.224
71189641,0.224
38937499,0.224
371517470,0.224
312543349,0.224
372852036,0.224
356978132,0.224
155093420,0.224
278862750,0.224
118084297,0.224
233059608,0.224
251855940,0.223
90083037,0.223
417310118,0.223
446044800,0.223
38680052,0.223
377257650,0.223
17932757,0.223
235684964,0.223
142276270,0.223
235905185,0.223
297780576,0.223
55278292,0.223
202563254,0.223
279425357,0.223
243335710,0.223
243246170,0.223
445779478,0.223
150437346,0.223
178247259,0.223
233211762,0.222
25760407,0.222
238898571,0.222
290263093,0.222
1687921569,0.222
328933398,0.222
137832480,0.222
235937532,0.222
233633993,0.222
247949930,0.222
445051391,0.222
293222158,0.222
230129753,0.221
278139343,0.221
230017325,0.221
365333594,0.221
1551345500,0.221
372382877,0.221
83377800,0.221
423539160,0.221
9006668,0.221
233047097,0.221
280031353,0.221
102848207,0.22
235937532,0.22
150437346,0.22
388680487,0.22
292125267,0.22
219108986,0.22
262713499,0.22
420645189,0.22
117378334,0.22
321982642,0.22
150437346,0.22
260537454,0.22
233504374,0.22
148086461,0.22
38680052,0.219
355800238,0.219
147528018,0.219
140071846,0.219
233211759,0.219
350440379,0.219
382626661,0.219
460024410,0.219
446169154,0.219
462162948,0.219
387259626,0.219
372757221,0.219
280095254,0.219
48476907,0.219
160618074,0.219
352009983,0.219
300293197,0.219
256516208,0.218
356747847,0.218
219113246,0.218
119985633,0.218
404763926,0.218
140030318,0.218
346338553,0.218
150437346,0.218
453209605,0.218
391903064,0.218
468357793,0.218
323295479,0.218
160476088,0.217
31869740,0.217
242937935,0.217
58754312,0.217
396368313,0.217
233078665,0.217
363914762,0.217
128790976,0.217
376934379,0.217
17150865,0.217
294365631,0.217
420645189,0.217
355881602,0.216
88996391,0.216
236386367,0.216
260505914,0.216
273231214,0.216
396316939,0.216
230070652,0.216
237200747,0.216
88996391,0.216
167656187,0.216
86451883,0.216
255704097,0.216
268166705,0.216
359455827,0.216
470881332,0.216
220477003,0.216
335499997,0.216
257924410,0.216
321688498,0.215
700139139,0.215
456962262,0.215
81212289,0.215
150005831,0.215
102841799,0.215
402953963,0.215
177079323,0.215
270700608,0.214
272679402,0.214
31869740,0.214
95362869,0.214
167091936,0.214
463343283,0.214
38937499,0.214
260167199,0.213
349789882,0.213
350274840,0.213
360282034,0.213
361921076,0.213
198213332,0.213
302609939,0.213
230375747,0.213
335010793,0.213
238061845,0.213
242986934,0.213
154126149,0.213
184679932,0.212
362103298,0.212
101255946,0.212
283570609,0.212
458854972,0.212
100990000,0.212
103604037,0.212
185226925,0.212
238197638,0.212
336741253,0.212
219113246,0.212
305645246,0.212
274138511,0.212
275414495,0.212
305982045,0.211
126733133,0.211
299096355,0.211
32497972,0.211
394492339,0.211
467580267,0.211
229490898,0.211
230084146,0.211
356472238,0.211
260298958,0.211
100099031,0.211
349518800,0.211
350023518,0.21
22760643,0.21
460024410,0.21
30853990,0.21
328933398,0.21
122682776,0.21
198616607,0.21
38125059,0.21
219892238,0.21
85512095,0.21
237201858,0.21
229490898,0.209
229597404,0.209
300293197,0.209
66445643,0.209
403801221,0.209
198189972,0.209
278683844,0.209
356632361,0.209
9858404,0.209
256864208,0.209
152563846,0.209
166606391,0.209
232967666,0.209
377054794,0.209
270507305,0.208
441026957,0.208
463754499,0.208
320536216,0.208
81831095,0.208
38125059,0.208
376879597,0.208
453426326,0.208
67926433,0.207
437042281,0.207
360156606,0.207
53617134,0.207
304025075,0.207
352469839,0.207
68850908,0.207
453101438,0.207
48476907,0.207
352764091,0.206
233211762,0.206
236387002,0.206
385400633,0.206
38696105,0.206
30190076,0.206
415714190,0.206
309791057,0.206
299087490,0.206
131730580,0.206
164720895,0.206
320503729,0.206
150437346,0.206
229944666,0.206
236714379,0.206
453210797,0.205
349304574,0.205
186544053,0.205
273231214,0.205
322900369,0.204
288878839,0.204
92783821,0.204
388089437,0.204
31869740,0.204
178266267,0.204
375542276,0.204
137489662,0.204
219432334,0.204
237097499,0.204
408549705,0.204
417758604,0.204
233047097,0.204
102719996,0.203
446135868,0.203
352469839,0.203
232895170,0.203
244912396,0.203
96948338,0.203
1220444,0.203
404804908,0.203
426954270,0.203
277538491,0.203
218878052,0.203
444584399,0.203
349088467,0.203
230375747,0.203
372757221,0.203
211448855,0.203
256864208,0.203
387237076,0.203
96351492,0.203
238004786,0.203
398221405,0.202
359676320,0.202
309254930,0.202
146589986,0.202
176871438,0.202
277538491,0.202
383473544,0.202
219401954,0.202
110996418,0.202
322048806,0.202
241196395,0.202
20497187,0.202
359676320,0.202
116608612,0.202
311271011,0.202
235905185,0.201
350584963,0.201
336075472,0.201
439405476,0.201
403135192,0.201
459850897,0.201
18799303,0.201
355867695,0.2
349308842,0.2
293075732,0.2
171579956,0.2
229181083,0.2
7058524,0.2
149302744,0.199
247283054,0.199
412635642,0.199
298666530,0.199
56815340,0.199
23059280,0.199
379167988,0.199
156067195,0.199
469184909,0.199
463590116,0.199
288185138,0.199
159441328,0.199
438260486,0.198
280789473,0.198
198213332,0.198
159345743,0.198
350043412,0.198
190721237,0.198
347130362,0.198
341729521,0.197
200807066,0.197
38680052,0.197
233120979,0.197
268482699,0.197
247019344,0.197
356765908,0.197
440324561,0.197
366622121,0.197
68573534,0.197
149992221,0.197
364424010,0.196
69199037,0.196
80567842,0.196
274031155,0.196
27194429,0.196
286094277,0.196
448688668,0.196
463754499,0.196
27434899,0.196
126737992,0.196
299090106,0.196
393340920,0.196
295440174,0.196
350027507,0.196
293649602,0.195
149990841,0.195
4287518,0.195
356919658,0.195
29119552,0.195
92352621,0.195
230129753,0.195
327579226,0.195
13212836,0.195
154007246,0.195
372852036,0.195
290302097,0.195
38680052,0.195
22760643,0.195
48476908,0.195
441808796,0.195
35521281,0.195
229715760,0.195
235718636,0.195
259006174,0.195
350021134,0.195
260417932,0.194
118072143,0.194
399144800,0.194
141096071,0.194
167342439,0.194
80995509,0.194
354933360,0.194
467281353,0.194
219499488,0.194
400093775,0.194
213111428,0.194
154867950,0.194
387834907,0.194
347346532,0.194
97905875,0.194
126737992,0.193
20580464,0.193
237885040,0.193
295440174,0.193
237200747,0.193
233211762,0.193
39080923,0.193
269269740,0.193
264979636,0.193
272489351,0.193
279462605,0.192
237928815,0.192
129913061,0.192
17005768,0.192
369480087,0.192
115017960,0.192
9789258,0.192
68074302,0.192
365337064,0.192
219780464,0.192
34551972,0.191
243172986,0.191
115446313,0.191
233681149,0.191
356539624,0.191
278821913,0.191
103448870,0.191
149470723,0.191
455652308,0.191
219474870,0.191
468977648,0.191
298372701,0.191
286153328,0.191
373328406,0.19
239198720,0.19
742648307,0.19
150437346,0.19
88996391,0.19
38680052,0.19
40534361,0.19
198213332,0.19
230130556,0.19
391906141,0.19
160618074,0.19
328933398,0.19
147761049,0.19
233047097,0.19
377257650,0.19
270465331,0.189
271755676,0.189
58018570,0.189
279514271,0.189
58738380,0.189
179582003,0.189
71013298,0.189
237200747,0.189
229675762,0.188
236815160,0.188
202490973,0.188
455737331,0.188
232603560,0.188
60961283,0.188
198212955,0.188
142635225,0.188
274031155,0.188
408094424,0.188
281910438,0.188
60040774,0.188
356978132,0.188
85979579,0.188
236386367,0.187
76847753,0.187
229508727,0.187
144682439,0.187
13829713,0.187
443823169,0.187
410214984,0.187
381979901,0.187
455947620,0.186
866261423,0.186
278234708,0.186
155093420,0.186
122695048,0.186
357457104,0.186
76658755,0.186
340559155,0.186
314013231,0.185
230127302,0.185
98337456,0.185
184295571,0.185
81212286,0.185
239456636,0.185
466662145,0.185
317536999,0.185
320525204,0.185
467666275,0.185
230087585,0.185
129839175,0.184
397522142,0.184
277634430,0.184
260541432,0.184
92783821,0.184
269568703,0.184
197218432,0.184
441804533,0.184
350033870,0.184
272782181,0.184
309350921,0.184
242990025,0.184
5224772,0.184
230087765,0.184
289525318,0.184
261108236,0.184
304339227,0.184
1551345500,0.183
269519402,0.183
410450228,0.183
233047097,0.183
347332255,0.183
115920747,0.183
236815160,0.182
67418624,0.182
398502253,0.182
276861788,0.182
419944060,0.182
159107668,0.182
370228465,0.182
40014,0.182
80711765,0.181
163647847,0.181
150437346,0.181
166787511,0.181
159117779,0.181
149470723,0.181
80899816,0.181
360706000,0.181
441808796,0.181
350575997,0.181
373328406,0.181
317648853,0.181
26925183,0.181
230050959,0.18
279425357,0.18
185247277,0.18
287494667,0.18
288636342,0.18
271795511,0.18
87597187,0.18
462774215,0.18
272720444,0.18
257642093,0.18
359676320,0.179
260505914,0.179
272720444,0.179
117689799,0.179
259006174,0.179
310294189,0.179
150105822,0.179
260537454,0.179
258871793,0.179
135088521,0.179
66509654,0.178
219462190,0.178
441721069,0.178
237101326,0.178
353807936,0.178
356916207,0.178
279918206,0.178
82128636,0.178
441808796,0.178
260265964,0.178
260505914,0.178
349088467,0.178
167812449,0.178
171195729,0.178
229778990,0.178
231739077,0.178
339308290,0.177
313109078,0.177
372852036,0.177
208772468,0.177
154716798,0.177
269400980,0.177
399058051,0.177
441808796,0.177
38462407,0.177
463402815,0.177
309254930,0.177
136274063,0.177
458377744,0.177
235905185,0.177
157273362,0.177
233126339,0.176
31998499,0.176
1551345500,0.176
444584399,0.176
297025847,0.176
103751550,0.176
344713467,0.176
357634632,0.176
306342390,0.176
359676320,0.176
362026148,0.176
149990841,0.176
306400873,0.176
146406806,0.176
255560319,0.176
288185138,0.175
159803421,0.175
289539327,0.175
42054565,0.175
299897516,0.175
231740019,0.175
154565559,0.175
277634430,0.175
238898571,0.175
243335710,0.175
354293303,0.175
300293197,0.175
298969838,0.175
170636897,0.174
309257814,0.174
349972412,0.174
328350926,0.174
415969908,0.174
1551345500,0.174
98802123,0.174
30931288,0.174
260298958,0.174
145204443,0.174
434165964,0.174
58738380,0.174
256516208,0.174
233511804,0.174
289539327,0.174
236785891,0.174
116608612,0.174
270456887,0.174
289570934,0.174
1551345499,0.174
382188882,0.174
96952592,0.174
396697394,0.173
284361752,0.173
295233473,0.173
277683130,0.173
229950972,0.173
396368313,0.173
288185138,0.173
393837491,0.173
39080923,0.173
355796887,0.173
102719996,0.173
434165964,0.173
197787155,0.173
70335548,0.172
277712294,0.172
29781207,0.172
233047097,0.172
328958457,0.172
441740296,0.172
271763731,0.172
235996401,0.172
359357695,0.172
362226536,0.171
100990000,0.171
40779013,0.171
117378334,0.171
405763009,0.171
393638658,0.171
123201406,0.171
29831208,0.171
260505914,0.171
298969838,0.171
219388773,0.171
140760434,0.171
441808796,0.171
186226150,0.171
167418903,0.171
233211762,0.171
330659284,0.171
198485881,0.17
154304816,0.17
66091052,0.17
71612483,0.17
169019499,0.17
71612483,0.17
38937499,0.17
147723246,0.17
63068354,0.17
248092710,0.17
346929661,0.17
233383083,0.169
260298958,0.169
85512095,0.169
259126549,0.169
332774134,0.169
389969561,0.169
32090583,0.169
356978132,0.169
52204645,0.169
9100874,0.169
21827849,0.169
252287651,0.169
349642881,0.168
252474634,0.168
337633551,0.168
300810086,0.168
154867950,0.168
149601126,0.168
116014094,0.168
370977908,0.168
232982558,0.168
233211762,0.168
312126465,0.168
436652523,0.167
123125314,0.167
258827113,0.167
27014182,0.167
189639080,0.167
337274055,0.167
236815160,0.167
59834339,0.167
362710804,0.167
162694128,0.167
150437346,0.167
198008005,0.167
144336525,0.167
31998499,0.167
389924075,0.167
195183319,0.167
461662295,0.167
386456916,0.166
277099925,0.166
229675762,0.166
142739544,0.166
32004914,0.166
468981993,0.166
113572831,0.166
405676235,0.166
272781944,0.166
333684138,0.166
123201406,0.166
229786610,0.166
219113246,0.166
59859387,0.166
382068562,0.166
374200604,0.166
233496435,0.165
285966877,0.165
230017324,0.165
243280335,0.165
159803421,0.165
190990336,0.165
63068354,0.165
29831208,0.165
156987351,0.165
9033144,0.165
36607746,0.164
258402425,0.164
198358825,0.164
417644279,0.164
231945429,0.164
256516208,0.164
8444713,0.164
428673146,0.164
229586778,0.164
278198753,0.164
441808796,0.164
342061072,0.164
229787062,0.164
233462817,0.164
265279725,0.164
314829796,0.164
191928543,0.164
220435095,0.164
288878839,0.164
46698351,0.163
343177324,0.163
399058051,0.163
288224503,0.163
137219141,0.163
89614511,0.163
156577475,0.163
425935610,0.163
339633702,0.163
236817949,0.163
422844353,0.163
219866209,0.163
33350443,0.163
371676181,0.163
320079492,0.162
232603560,0.162
260265964,0.162
271893367,0.162
177792984,0.162
116380226,0.162
118406995,0.162
56639629,0.162
148905216,0.162
264299558,0.162
229455001,0.161
278666476,0.161
377129640,0.161
38161230,0.161
258918831,0.161
372757221,0.161
95694027,0.161
29580928,0.161
298206077,0.161
385332171,0.16
462732793,0.16
459837008,0.16
106470229,0.16
195183319,0.16
375477302,0.16
92880568,0.16
320079492,0.16
359455827,0.16
199572211,0.16
94541119,0.16
20299658,0.16
141096071,0.16
122682776,0.16
150437346,0.159
287297930,0.159
294365631,0.159
376036292,0.159
238059180,0.159
298666530,0.159
377257650,0.159
287193769,0.159
404385186,0.159
238226533,0.159
21224042,0.159
141096071,0.159
266643665,0.159
308307606,0.159
233738219,0.159
458856474,0.159
373328406,0.159
27014182,0.159
232967666,0.159
328068200,0.159
73433128,0.159
443042089,0.159
118308828,0.158
260657291,0.158
248603232,0.158
158555987,0.158
289895191,0.158
421894914,0.158
385557214,0.158
388198242,0.158
178938417,0.158
145249556,0.158
421732632,0.158
437230910,0.158
165554103,0.158
441808796,0.158
88750321,0.157
249270283,0.157
219824469,0.157
241326434,0.157
116483734,0.157
364393429,0.157
150437346,0.157
233120979,0.157
419858461,0.157
144336525,0.157
237979468,0.157
30275795,0.157
408232559,0.157
56639629,0.157
148894196,0.157
149601126,0.156
388076435,0.156
158490401,0.156
385557214,0.156
238226533,0.156
271761420,0.156
219016721,0.156
236714379,0.156
189639080,0.156
237979468,0.156
126218915,0.156
149989864,0.156
117689799,0.156
295071643,0.155
294194145,0.155
229675762,0.155
264332834,0.155
289949453,0.155
245027119,0.155
123702439,0.155
330131047,0.155
405448680,0.155
148544875,0.155
26863241,0.155
391900348,0.155
272211398,0.155
393340920,0.155
30931288,0.155
283570609,0.155
425934411,0.155
260352096,0.155
214361331,0.155
389968073,0.155
277173650,0.154
229791097,0.154
371165722,0.154
238004786,0.154
224601047,0.154
236785891,0.154
375052613,0.154
458377744,0.154
300810086,0.154
233689243,0.154
280095254,0.154
233415701,0.154
229455001,0.153
253728991,0.153
309257814,0.153
121658323,0.153
277683130,0.153
288185138,0.153
1920795791,0.153
122220263,0.153
198241702,0.153
165502521,0.153
374200604,0.153
21827849,0.153
269439355,0.153
154717941,0.153
80783538,0.153
322900369,0.153
410228347,0.153
369603748,0.153
358487062,0.153
26273760,0.153
238059180,0.153
336613507,0.153
464711858,0.152
30190076,0.152
358487062,0.152
48504442,0.152
38603673,0.152
105655329,0.152
354032370,0.152
30853470,0.152
362710804,0.152
26474800,0.152
336405638,0.152
298969838,0.152
336405638,0.152
224330653,0.152
275111900,0.152
67884964,0.151
260265964,0.151
29781292,0.151
444523826,0.151
233496435,0.151
141096071,0.151
230087585,0.151
156836699,0.151
198187377,0.151
385861326,0.151
232608943,0.151
14880467,0.151
194736418,0.151
414961008,0.151
445030869,0.151
232967666,0.151
356632361,0.151
232614323,0.151
270507305,0.151
238061845,0.151
453209605,0.151
80711765,0.151
229675762,0.151
341111486,0.15
419745021,0.15
349966879,0.15
258918831,0.15
32090581,0.15
229608594,0.15
232030067,0.15
422987634,0.15
197787155,0.15
162362398,0.15
441808796,0.15
107087647,0.15
180989820,0.15
348995212,0.15
463754499,0.15
233166139,0.15
101037590,0.15
349642881,0.15
232641326,0.15
302753992,0.15
365355158,0.15
202490973,0.149
404804908,0.149
464388115,0.149
82508808,0.149
229940491,0.149
260541432,0.149
260003467,0.149
452281203,0.149
290302097,0.149
274662200,0.149
356978132,0.149
207501148,0.149
356539624,0.149
300808301,0.149
461495895,0.149
272606395,0.149
260657291,0.149
259962054,0.149
359676320,0.149
167201539,0.148
198485881,0.148
357896777,0.148
231740019,0.148
123702439,0.148
356590734,0.148
425934411,0.148
461662295,0.148
160618074,0.148
123702439,0.148
447192619,0.148
387237076,0.148
219113246,0.148
279454212,0.148
449491381,0.148
236817949,0.148
238059180,0.148
339633702,0.148
391903064,0.148
154872719,0.148
348995212,0.148
277683130,0.148
83550735,0.147
219083778,0.147
111363968,0.147
268166705,0.147
417058223,0.147
866261423,0.147
418203178,0.147
120960808,0.147
21946516,0.147
207425203,0.147
387259626,0.147
252332225,0.147
198108326,0.147
186541435,0.147
295440174,0.147
410094645,0.147
241638905,0.146
115270627,0.146
349789882,0.146
405763009,0.146
168163317,0.146
286358203,0.146
298294588,0.146
275489982,0.146
463011281,0.146
97601852,0.146
219113246,0.146
444724127,0.146
358086041,0.146
229487733,0.146
302003748,0.146
332715376,0.146
394131772,0.146
250425126,0.146
165453878,0.146
233059612,0.145
435880578,0.145
328328453,0.145
119178904,0.145
340700241,0.145
264912889,0.145
212950885,0.145
357202877,0.145
81436350,0.145
393837491,0.145
279425357,0.145
55652896,0.145
238607424,0.145
320525204,0.144
38937499,0.144
444724127,0.144
264171135,0.144
1551165177,0.144
236815160,0.144
258827113,0.144
374095457,0.144
253434221,0.144
383299778,0.144
279982557,0.144
337010326,0.144
441808796,0.144
56912737,0.144
373328406,0.144
167201539,0.144
121326995,0.144
192201543,0.143
74484423,0.143
349889467,0.143
233066156,0.143
244165041,0.143
56630436,0.143
233211762,0.143
316236118,0.143
286277386,0.143
869692465,0.143
30853470,0.143
236785891,0.143
234519192,0.143
355800238,0.143
198213332,0.143
356733248,0.143
320525204,0.143
272211398,0.143
233535738,0.142
298663873,0.142
149539158,0.142
154867950,0.142
310996908,0.142
219474870,0.142
406731362,0.142
1718201850,0.142
443341002,0.142
289432730,0.142
323132914,0.142
22760643,0.142
289949453,0.142
356632361,0.142
220417892,0.142
391903064,0.142
142087638,0.142
435256211,0.142
146589986,0.141
447206604,0.141
51947865,0.141
304025075,0.141
391821647,0.141
239136269,0.141
126572546,0.141
233684822,0.141
398163267,0.141
346958828,0.141
9346507,0.141
261257684,0.141
155654271,0.141
44631965,0.141
1400770435,0.141
286864983,0.141
365717153,0.141
69814589,0.141
63367810,0.14
265279725,0.14
230267498,0.14
1232360,0.14
238086647,0.14
235996401,0.14
141762491,0.14
403340402,0.14
230017325,0.14
396368313,0.14
233193358,0.14
2218637,0.14
387967227,0.14
406678048,0.14
277315482,0.14
458267524,0.139
198412174,0.139
302003748,0.139
277103955,0.139
197760286,0.139
359357695,0.139
55266835,0.139
47175622,0.139
303814029,0.139
38696105,0.139
27549827,0.139
39080923,0.139
257924410,0.139
16220023,0.139
198237593,0.139
29277573,0.139
1008931,0.139
272606395,0.139
197760286,0.139
348385129,0.139
31869740,0.138
293689267,0.138
275489982,0.138
121658323,0.138
30852936,0.138
355796887,0.138
219113246,0.138
401590951,0.138
48350881,0.138
298666530,0.138
389968080,0.138
198412265,0.138
219388773,0.138
33770927,0.138
391903064,0.138
288634843,0.138
175239295,0.138
116159262,0.138
377129640,0.138
39264033,0.138
198390460,0.138
451614854,0.138
230137150,0.137
173612049,0.137
367855829,0.137
294365631,0.137
354246759,0.137
453521272,0.137
367564872,0.137
170636897,0.137
328757733,0.137
48476907,0.137
304025075,0.137
413162396,0.137
310294189,0.137
206669860,0.137
270507305,0.137
229508727,0.137
64531556,0.137
231081369,0.137
355748785,0.137
88996391,0.137
359455827,0.137
440937096,0.137
101255946,0.137
461662295,0.137
23740089,0.136
229487733,0.136
260265964,0.136
102195674,0.136
198358825,0.136
3797909,0.136
300560295,0.136
382302241,0.136
198187377,0.136
198162530,0.136
258913090,0.136
350445771,0.136
293607057,0.136
459157691,0.135
436652523,0.135
446159283,0.135
336075472,0.135
198213332,0.135
21291176,0.135
256864208,0.135
396556650,0.135
80166433,0.135
7561203,0.135
160440924,0.135
164872883,0.135
260043723,0.135
167812449,0.135
387237076,0.135
198187377,0.135
435880578,0.135
102195674,0.135
5364106,0.134
303682623,0.134
295562522,0.134
300013489,0.134
279918206,0.134
31600402,0.134
48476908,0.134
38583375,0.134
328934980,0.134
121658323,0.134
166787511,0.134
230129753,0.134
238920872,0.134
454960039,0.134
231063955,0.134
373328406,0.134
147673716,0.133
284188533,0.133
312312968,0.133
236815262,0.133
321287452,0.133
168700034,0.133
161577376,0.133
399948127,0.133
229487733,0.133
258827113,0.133
219474870,0.133
27071700,0.133
311292015,0.133
365956062,0.133
362220495,0.133
229455001,0.133
441444256,0.133
61106869,0.133
446872386,0.132
22766106,0.132
135088521,0.132
70493439,0.132
375477302,0.132
322705950,0.132
82337809,0.132
396368313,0.132
382068562,0.132
244165041,0.132
167305689,0.132
141136189,0.132
120355394,0.131
8770923,0.131
272086159,0.131
272086159,0.131
161826756,0.131
309257814,0.131
44797824,0.131
229490898,0.131
146776480,0.131
441808796,0.131
405932063,0.131
88996391,0.131
233078665,0.131
277683130,0.131
84442448,0.131
143848987,0.131
131730580,0.131
269728501,0.131
219778329,0.131
238086647,0.131
296863792,0.131
388529207,0.131
238020894,0.131
385557214,0.131
441444262,0.13
309350921,0.13
457599538,0.13
294526296,0.13
232679662,0.13
218988652,0.13
198181553,0.13
219239945,0.13
379717270,0.13
2941914,0.13
90669930,0.13
229715760,0.13
73296637,0.13
382068562,0.13
167418903,0.13
115172251,0.13
230017324,0.13
236714379,0.13
341688154,0.129
57194923,0.129
229675762,0.129
164652245,0.129
303811839,0.129
257916124,0.129
381360949,0.129
105654804,0.129
257395093,0.129
219306934,0.129
167812449,0.129
186226150,0.129
297025847,0.129
389968080,0.129
423539160,0.129
273042650,0.129
468396217,0.129
199549116,0.128
61109252,0.128
219780464,0.128
298663873,0.128
230050959,0.128
312678993,0.128
284305328,0.128
801098112,0.128
243335710,0.128
290555610,0.128
452500843,0.128
21184505,0.128
229487733,0.128
70914192,0.128
238059180,0.128
289949453,0.128
214361331,0.128
260505914,0.128
237200747,0.128
236815160,0.127
342167886,0.127
352009983,0.127
264537668,0.127
348995211,0.127
160618074,0.127
40405143,0.127
150062447,0.127
416534903,0.127
155005217,0.127
273996323,0.127
261108236,0.127
237205154,0.127
389968073,0.127
462774215,0.127
387259626,0.127
177283727,0.127
350480660,0.127
313006381,0.127
53587069,0.127
260891473,0.127
256864208,0.127
142276270,0.127
159107668,0.127
330014070,0.127
257642093,0.127
272489351,0.126
264171135,0.126
1855040092,0.126
419745021,0.126
437560683,0.126
450649506,0.126
77156657,0.126
295562522,0.126
229675762,0.126
140493236,0.126
167098530,0.126
334896184,0.126
164886585,0.126
309350921,0.126
229490898,0.126
258918831,0.126
153972788,0.126
147528018,0.126
57715720,0.126
167085203,0.126
294179389,0.126
118084297,0.126
38125059,0.126
372757221,0.126
48451130,0.125
269439355,0.125
29831208,0.125
441741575,0.125
260265964,0.125
437337043,0.125
400762242,0.125
279327604,0.125
159345743,0.125
102305337,0.125
408624363,0.125
284441182,0.125
303317324,0.125
289510320,0.125
209319368,0.125
167837191,0.125
232604745,0.125
398371628,0.125
207425167,0.125
6843179,0.125
389968080,0.124
38125059,0.124
385332171,0.124
159815224,0.124
105655329,0.124
232965249,0.124
98629099,0.124
138017750,0.124
413162396,0.124
358086041,0.124
441808796,0.124
248111238,0.124
364395234,0.124
155255791,0.123
394131772,0.123
22760643,0.123
235996401,0.123
394098627,0.123
190271688,0.123
300293197,0.123
271876934,0.123
55291546,0.123
238607424,0.123
468977648,0.123
382323697,0.123
11413227,0.123
437042281,0.123
30853990,0.123
123201406,0.123
455144819,0.123
426484744,0.123
307366709,0.123
337017458,0.123
262746281,0.123
136504576,0.123
260647166,0.123
350141132,0.123
453677947,0.123
347756351,0.123
198213332,0.123
279425357,0.123
231739077,0.122
167812449,0.122
38680052,0.122
1190662,0.122
30853990,0.122
441808796,0.122
259126549,0.122
288516853,0.122
198213332,0.122
36227841,0.122
82302240,0.122
230375747,0.122
135088521,0.122
154304816,0.122
341111486,0.122
199523610,0.122
9727392,0.122
268529943,0.122
445882146,0.122
158835095,0.122
401590951,0.122
59003115,0.122
94541119,0.121
150437346,0.121
298009554,0.121
298778188,0.121
198008002,0.121
388529207,0.121
170636897,0.121
378358639,0.121
26568753,0.121
285094436,0.121
147686743,0.121
160618074,0.121
435250500,0.121
400899926,0.121
393628412,0.121
165103429,0.121
233047097,0.121
6276559,0.121
280857321,0.121
368127154,0.121
229490898,0.121
178938417,0.121
396932137,0.121
380825087,0.12
31998499,0.12
439366537,0.12
171970567,0.12
306255021,0.12
366527933,0.12
236815160,0.12
219846064,0.12
71268730,0.12
259126549,0.12
198358825,0.12
380695355,0.12
435880578,0.12
120355394,0.12
257217518,0.12
154840461,0.12
220432563,0.12
268954986,0.119
389999924,0.119
349966879,0.119
299906906,0.119
60208679,0.119
467026444,0.119
467265105,0.119
356322454,0.119
349966879,0.119
144300162,0.119
258918831,0.119
173612049,0.119
236529353,0.119
297647356,0.119
142863329,0.119
357498244,0.119
58018570,0.119
403135192,0.119
177258735,0.119
38680052,0.118
408436635,0.118
298969838,0.118
67300566,0.118
289949453,0.118
327136878,0.118
283570609,0.118
30853990,0.118
453467954,0.118
42980456,0.118
300013489,0.118
252906811,0.118
17898494,0.118
229490898,0.118
27847307,0.118
158551504,0.118
219742885,0.118
355655412,0.118
191327580,0.118
274031155,0.118
121638182,0.118
147686743,0.118
84453551,0.118
236761861,0.118
86131557,0.118
256516208,0.118
68687000,0.118
238004786,0.117
320208949,0.117
316468545,0.117
120317590,0.117
147528018,0.117
342343963,0.117
219859634,0.117
141306513,0.117
137219141,0.117
348995212,0.117
468986285,0.117
231081369,0.117
150437346,0.117
742648307,0.117
199549116,0.117
443042089,0.117
373328406,0.117
313044214,0.117
278542841,0.117
103096524,0.116
271876934,0.116
53987961,0.116
190990336,0.116
313006381,0.116
320524751,0.116
394546184,0.116
152226055,0.116
241196395,0.116
238059180,0.116
349518800,0.116
262531275,0.116
219857012,0.116
260352096,0.116
198358825,0.116
388402265,0.116
194861253,0.116
55368763,0.116
134871040,0.116
336405638,0.116
1718201850,0.116
82128636,0.116
425934411,0.115
160519380,0.115
229615354,0.115
155005217,0.115
335681362,0.115
239262664,0.115
309350921,0.115
356584675,0.115
253044312,0.115
233047097,0.115
1042432,0.115
306255021,0.115
381979901,0.114
287494667,0.114
391949880,0.114
298969838,0.114
147686743,0.114
190990336,0.114
1718201850,0.114
231081369,0.114
434133200,0.114
22760643,0.114
350027507,0.114
258827113,0.114
51836399,0.114
68582245,0.114
150437346,0.114
358487062,0.114
311925584,0.114
457743020,0.114
236714379,0.114
199661915,0.114
408094424,0.114
9858404,0.114
236761861,0.114
34040424,0.114
374095457,0.113
87090944,0.113
59859387,0.113
144441148,0.113
348995212,0.113
22079739,0.113
394131772,0.113
265146266,0.113
73560357,0.113
438071843,0.113
300013489,0.113
133334108,0.113
239187696,0.113
419419534,0.113
408600769,0.113
198181553,0.113
97411999,0.113
55498044,0.113
377782148,0.113
373844472,0.113
27434899,0.113
218483943,0.113
8673378,0.112
162694128,0.112
219239945,0.112
300013489,0.112
255704097,0.112
167812449,0.112
434806349,0.112
219113246,0.112
160409246,0.112
723660210,0.112
133427311,0.112
295562522,0.112
143543413,0.112
220417892,0.112
256803609,0.112
229740848,0.112
238197709,0.112
453269374,0.112
92783821,0.112
178352046,0.112
233569141,0.112
122682776,0.111
840276443,0.111
394131772,0.111
452049244,0.111
198181553,0.111
22760643,0.111
272720444,0.111
302303532,0.111
312312968,0.111
329867455,0.111
260304296,0.111
161058448,0.111
19570530,0.111
122682776,0.111
456962262,0.111
1717732425,0.111
261089844,0.111
378358639,0.111
258827113,0.111
350027679,0.111
293359999,0.111
455680883,0.111
300871545,0.11
230086768,0.11
153404317,0.11
244912396,0.11
357239204,0.11
822112504,0.11
24672429,0.11
274138511,0.11
440324561,0.11
452281203,0.11
38936062,0.11
238932509,0.11
137219141,0.11
237200747,0.11
267552871,0.11
336405638,0.11
73560357,0.11
313811128,0.11
417604820,0.11
35521281,0.11
298009554,0.11
279425357,0.11
150105822,0.11
186541435,0.11
381317676,0.11
137219141,0.11
373674579,0.109
229787062,0.109
111821490,0.109
372757221,0.109
235905185,0.109
158490401,0.109
277712294,0.109
177258735,0.109
12938488,0.109
55752995,0.109
162694128,0.109
349155285,0.109
406352710,0.109
352009983,0.109
199572361,0.109
141621158,0.109
89256802,0.109
362222177,0.109
271795511,0.109
47412055,0.109
233415701,0.109
90584865,0.109
420174947,0.109
167554898,0.109
123106490,0.109
75490265,0.109
260265964,0.109
156067195,0.109
393837491,0.108
125405602,0.108
376934379,0.108
198162530,0.108
279918206,0.108
353875121,0.108
357634632,0.108
289949453,0.108
57154692,0.108
157910432,0.108
235937532,0.108
349088467,0.108
1718047913,0.108
357662316,0.108
219628893,0.108
158075010,0.108
22863205,0.108
417644279,0.108
82410216,0.108
198213332,0.108
167343238,0.108
1718201850,0.108
287151976,0.108
277099881,0.108
137551461,0.108
243280335,0.108
72121778,0.108
142441910,0.107
303811839,0.107
286094277,0.107
463903016,0.107
235937532,0.107
341688154,0.107
235684964,0.107
27014182,0.107
211494654,0.107
311000915,0.107
459837008,0.107
197787155,0.107
411731278,0.107
344662261,0.107
385557214,0.107
82410216,0.107
300293197,0.107
207431173,0.107
30733969,0.107
34946699,0.107
137136194,0.107
231081369,0.107
433977629,0.107
21184505,0.107
353105436,0.107
278825347,0.107
243622210,0.106
236817949,0.106
198181553,0.106
29781292,0.106
199549116,0.106
159803421,0.106
154222520,0.106
219113246,0.106
380885798,0.106
457138169,0.106
289949453,0.106
260128333,0.106
272758199,0.106
293649602,0.106
229487733,0.106
45599777,0.106
160618074,0.106
135170902,0.106
147686743,0.106
332333258,0.106
35159657,0.106
165554103,0.106
268482699,0.106
232620922,0.106
294385899,0.106
237205154,0.105
240897587,0.105
309350921,0.105
198358825,0.105
230063769,0.105
332204965,0.105
177283727,0.105
82337809,0.105
382577618,0.105
219780464,0.105
186547153,0.105
92320552,0.105
167201539,0.105
405448680,0.105
164458193,0.105
253030300,0.105
124095230,0.105
288185138,0.105
271795511,0.105
233503533,0.105
139157437,0.105
312862941,0.105
355881602,0.105
231081369,0.105
272230783,0.105
285657978,0.105
229487733,0.104
64254425,0.104
260003467,0.104
279569731,0.104
273231214,0.104
297647356,0.104
253870391,0.104
369984032,0.104
437560683,0.104
255775436,0.104
260003467,0.104
35703677,0.104
446453419,0.104
3906416,0.104
296357797,0.104
39018923,0.104
294526296,0.104
239747103,0.104
269958752,0.104
35159657,0.104
311925584,0.104
154998384,0.103
18872848,0.103
243335710,0.103
103605399,0.103
274031155,0.103
181159386,0.103
271890956,0.103
328068200,0.103
274433672,0.103
158490401,0.103
241682179,0.103
232641326,0.103
212262797,0.103
239456636,0.103
237200747,0.103
341111486,0.103
56639628,0.103
358017960,0.103
198412265,0.103
408809625,0.103
349518800,0.103
92733838,0.103
238086649,0.103
298666530,0.102
257395093,0.102
14880467,0.102
358806584,0.102
258322219,0.102
27014182,0.102
377042554,0.102
300013489,0.102
264333501,0.102
284186018,0.102
220578510,0.102
241326434,0.102
61109252,0.102
389968073,0.102
80995509,0.102
233499817,0.102
137353914,0.102
422987634,0.102
229597404,0.102
338072960,0.102
140900726,0.102
233576835,0.102
296863792,0.102
230091377,0.102
144336525,0.101
302518439,0.101
302975610,0.101
140320948,0.101
229384836,0.101
399948127,0.101
50182746,0.101
219774920,0.101
298263301,0.101
258352886,0.101
381855507,0.101
359676320,0.101
270507305,0.101
235937532,0.101
334901244,0.101
333785427,0.101
441808796,0.101
190122499,0.101
239136269,0.101
265146266,0.101
27434899,0.101
232030067,0.101
241417750,0.101
75577433,0.101
219428571,0.101
319312479,0.101
26691445,0.101
307436242,0.101
164654501,0.101
398733009,0.101
441410711,0.101
374291215,0.101
32090581,0.101
323521562,0.101
238337224,0.101
444842193,0.101
127020121,0.101
300293197,0.101
255758536,0.101
