kepid,orbital_period,transit_duration_hr,transit_depth_ppm,planet_radius_earth,stellar_temp_k,stellar_radius_solar,stellar_mass_solar,impact_parameter,equilibrium_temp,signal_to_noise,target,source,tid,stellar_density,duration_over_period,depth_per_planet_radius,target_id,exominer_score
,5.742625,2.860293,1105.760867,13.088532,5664.0,3.86959,,,,,0,TESS,112395568.0,,0.0207533791837837,6.454748649587323,112395568.0,0.246
,2.160344,1.828854,19357.992992,22.503541,5780.0,1.2,,,,,1,TESS,7088246.0,,0.035273201180128395,38.22597798717692,7088246.0,0.946
,4.606184,3.121643,13793.034867,12.962219,5670.0,1.07,,,,,1,TESS,201604954.0,,0.028237790144023504,82.09205398560536,201604954.0,0.345
,3.180362,2.111521,21192.463324,13.446487,5498.0,0.92,,,,,1,TESS,6663331.0,,0.027663530288067704,117.20975689749292,6663331.0,0.993
,2.9776446,2.962,13022.0,14.4339,5703.0,1.22,,,1461.0,,1,TESS,31858843.0,,0.04144774864659038,62.50435885044627,31858843.0,0.539
,3.5544026,2.0550535,10164.8753396,13.200677,5639.0,1.11499,,,1214.9876435,,1,TESS,120247528.0,,0.02409046970731371,58.33237311578273,120247528.0,0.986
,0.6047392,1.0403847,1027.6833479,1.8625587,4046.0,0.580337,,,1222.5973095,,1,TESS,351601843.0,,0.07168273449648939,296.23696985384186,351601843.0,0.963
,0.5182425,0.8565249,831.8920424,1.3485121,3325.0,0.390989,,,1019.3295979,,1,TESS,370133522.0,,0.06886454628990077,457.46411879778,370133522.0,0.995
,8.34998,1.836,16680.0,11.1424,4236.0,0.74,,,588.0,,1,TESS,254113311.0,,0.009161698545177661,134.35027279705295,254113311.0,0.991
,8.34998,1.836,16680.0,11.1424,4236.0,0.74,,,588.0,,1,TESS,254113311.0,,0.009161698545177661,134.35027279705295,254113311.0,0.991
,8.34998,1.836,16680.0,11.1424,4236.0,0.74,,,588.0,,1,TESS,254113311.0,,0.009161698545177661,134.35027279705295,254113311.0,0.991
,8.34998,1.836,16680.0,11.1424,4236.0,0.74,,,588.0,,1,TESS,254113311.0,,0.009161698545177661,134.35027279705295,254113311.0,0.991
,4.0686405,1.8373729,2650.0950013,3.7548333,4236.0,0.741921,,,772.378302,,1,TESS,254113311.0,,0.018816408916602398,187.9663423554004,254113311.0,0.991
,4.0686405,1.8373729,2650.0950013,3.7548333,4236.0,0.741921,,,772.378302,,1,TESS,254113311.0,,0.018816408916602398,187.9663423554004,254113311.0,0.991
,4.0686405,1.8373729,2650.0950013,3.7548333,4236.0,0.741921,,,772.378302,,1,TESS,254113311.0,,0.018816408916602398,187.9663423554004,254113311.0,0.991
,4.0686405,1.8373729,2650.0950013,3.7548333,4236.0,0.741921,,,772.378302,,1,TESS,254113311.0,,0.018816408916602398,187.9663423554004,254113311.0,0.991
,18.6922101,7.765,11126.0,18.1458,6277.0,1.65,,,1141.0,,0,TESS,122220263.0,,0.01730890377406267,33.78989284951766,122220263.0,0.435
,18.6922101,7.765,11126.0,18.1458,6277.0,1.65,,,1141.0,,0,TESS,122220263.0,,0.01730890377406267,33.78989284951766,122220263.0,0.414
,18.6922101,7.765,11126.0,18.1458,6277.0,1.65,,,1141.0,,0,TESS,122220263.0,,0.01730890377406267,33.78989284951766,122220263.0,0.371
,18.6922101,7.765,11126.0,18.1458,6277.0,1.65,,,1141.0,,0,TESS,122220263.0,,0.01730890377406267,33.78989284951766,122220263.0,0.246
,18.6922101,7.765,11126.0,18.1458,6277.0,1.65,,,1141.0,,0,TESS,122220263.0,,0.01730890377406267,33.78989284951766,122220263.0,0.153
,8.0277326,4.284,5705.0,9.06883,5962.7,1.15,,,1106.0,,1,TESS,154872375.0,,0.0222354191360988,69.36703342154877,154872375.0,0.993
,8.0277326,4.284,5705.0,9.06883,5962.7,1.15,,,1106.0,,1,TESS,154872375.0,,0.0222354191360988,69.36703342154877,154872375.0,0.991
,8.0277326,4.284,5705.0,9.06883,5962.7,1.15,,,1106.0,,1,TESS,154872375.0,,0.0222354191360988,69.36703342154877,154872375.0,0.988
,8.0277326,4.284,5705.0,9.06883,5962.7,1.15,,,1106.0,,1,TESS,154872375.0,,0.0222354191360988,69.36703342154877,154872375.0,0.988
,8.0277326,4.284,5705.0,9.06883,5962.7,1.15,,,1106.0,,1,TESS,154872375.0,,0.0222354191360988,69.36703342154877,154872375.0,0.983
,8.0277326,4.284,5705.0,9.06883,5962.7,1.15,,,1106.0,,1,TESS,154872375.0,,0.0222354191360988,69.36703342154877,154872375.0,0.98
,8.0277326,4.284,5705.0,9.06883,5962.7,1.15,,,1106.0,,1,TESS,154872375.0,,0.0222354191360988,69.36703342154877,154872375.0,0.944
,8.0277326,4.284,5705.0,9.06883,5962.7,1.15,,,1106.0,,1,TESS,154872375.0,,0.0222354191360988,69.36703342154877,154872375.0,0.933
,8.0277326,4.284,5705.0,9.06883,5962.7,1.15,,,1106.0,,1,TESS,154872375.0,,0.0222354191360988,69.36703342154877,154872375.0,0.926
,8.0277326,4.284,5705.0,9.06883,5962.7,1.15,,,1106.0,,1,TESS,154872375.0,,0.0222354191360988,69.36703342154877,154872375.0,0.926
,8.0277326,4.284,5705.0,9.06883,5962.7,1.15,,,1106.0,,1,TESS,154872375.0,,0.0222354191360988,69.36703342154877,154872375.0,0.895
,8.0277326,4.284,5705.0,9.06883,5962.7,1.15,,,1106.0,,1,TESS,154872375.0,,0.0222354191360988,69.36703342154877,154872375.0,0.862
,8.0277326,4.284,5705.0,9.06883,5962.7,1.15,,,1106.0,,1,TESS,154872375.0,,0.0222354191360988,69.36703342154877,154872375.0,0.853
,8.0277326,4.284,5705.0,9.06883,5962.7,1.15,,,1106.0,,1,TESS,154872375.0,,0.0222354191360988,69.36703342154877,154872375.0,0.685
,8.0277326,4.284,5705.0,9.06883,5962.7,1.15,,,1106.0,,1,TESS,154872375.0,,0.0222354191360988,69.36703342154877,154872375.0,0.646
,12.5187279,5.38,2320.0,5.58857,5729.0,0.98,,,1393.0,,1,TESS,142276270.0,,0.017906505174584256,74.28251183421962,142276270.0,0.927
,12.5187279,5.38,2320.0,5.58857,5729.0,0.98,,,1393.0,,1,TESS,142276270.0,,0.017906505174584256,74.28251183421962,142276270.0,0.927
,12.5187279,5.38,2320.0,5.58857,5729.0,0.98,,,1393.0,,1,TESS,142276270.0,,0.017906505174584256,74.28251183421962,142276270.0,0.927
,12.5187279,5.38,2320.0,5.58857,5729.0,0.98,,,1393.0,,1,TESS,142276270.0,,0.017906505174584256,74.28251183421962,142276270.0,0.927
,12.5187279,5.38,2320.0,5.58857,5729.0,0.98,,,1393.0,,1,TESS,142276270.0,,0.017906505174584256,74.28251183421962,142276270.0,0.368
,12.5187279,5.38,2320.0,5.58857,5729.0,0.98,,,1393.0,,1,TESS,142276270.0,,0.017906505174584256,74.28251183421962,142276270.0,0.368
,12.5187279,5.38,2320.0,5.58857,5729.0,0.98,,,1393.0,,1,TESS,142276270.0,,0.017906505174584256,74.28251183421962,142276270.0,0.368
,12.5187279,5.38,2320.0,5.58857,5729.0,0.98,,,1393.0,,1,TESS,142276270.0,,0.017906505174584256,74.28251183421962,142276270.0,0.368
,12.5187279,5.38,2320.0,5.58857,5729.0,0.98,,,1393.0,,1,TESS,142276270.0,,0.017906505174584256,74.28251183421962,142276270.0,0.247
,12.5187279,5.38,2320.0,5.58857,5729.0,0.98,,,1393.0,,1,TESS,142276270.0,,0.017906505174584256,74.28251183421962,142276270.0,0.247
,12.5187279,5.38,2320.0,5.58857,5729.0,0.98,,,1393.0,,1,TESS,142276270.0,,0.017906505174584256,74.28251183421962,142276270.0,0.247
,12.5187279,5.38,2320.0,5.58857,5729.0,0.98,,,1393.0,,1,TESS,142276270.0,,0.017906505174584256,74.28251183421962,142276270.0,0.247
,12.5187279,5.38,2320.0,5.58857,5729.0,0.98,,,1393.0,,1,TESS,142276270.0,,0.017906505174584256,74.28251183421962,142276270.0,0.223
,12.5187279,5.38,2320.0,5.58857,5729.0,0.98,,,1393.0,,1,TESS,142276270.0,,0.017906505174584256,74.28251183421962,142276270.0,0.223
,12.5187279,5.38,2320.0,5.58857,5729.0,0.98,,,1393.0,,1,TESS,142276270.0,,0.017906505174584256,74.28251183421962,142276270.0,0.223
,12.5187279,5.38,2320.0,5.58857,5729.0,0.98,,,1393.0,,1,TESS,142276270.0,,0.017906505174584256,74.28251183421962,142276270.0,0.223
,12.5187279,5.38,2320.0,5.58857,5729.0,0.98,,,1393.0,,1,TESS,142276270.0,,0.017906505174584256,74.28251183421962,142276270.0,0.127
,12.5187279,5.38,2320.0,5.58857,5729.0,0.98,,,1393.0,,1,TESS,142276270.0,,0.017906505174584256,74.28251183421962,142276270.0,0.127
,12.5187279,5.38,2320.0,5.58857,5729.0,0.98,,,1393.0,,1,TESS,142276270.0,,0.017906505174584256,74.28251183421962,142276270.0,0.127
,12.5187279,5.38,2320.0,5.58857,5729.0,0.98,,,1393.0,,1,TESS,142276270.0,,0.017906505174584256,74.28251183421962,142276270.0,0.127
,12.5187279,5.38,2320.0,5.58857,5729.0,0.98,,,1393.0,,1,TESS,142276270.0,,0.017906505174584256,74.28251183421962,142276270.0,0.927
,12.5187279,5.38,2320.0,5.58857,5729.0,0.98,,,1393.0,,1,TESS,142276270.0,,0.017906505174584256,74.28251183421962,142276270.0,0.927
,12.5187279,5.38,2320.0,5.58857,5729.0,0.98,,,1393.0,,1,TESS,142276270.0,,0.017906505174584256,74.28251183421962,142276270.0,0.927
,12.5187279,5.38,2320.0,5.58857,5729.0,0.98,,,1393.0,,1,TESS,142276270.0,,0.017906505174584256,74.28251183421962,142276270.0,0.927
,12.5187279,5.38,2320.0,5.58857,5729.0,0.98,,,1393.0,,1,TESS,142276270.0,,0.017906505174584256,74.28251183421962,142276270.0,0.368
,12.5187279,5.38,2320.0,5.58857,5729.0,0.98,,,1393.0,,1,TESS,142276270.0,,0.017906505174584256,74.28251183421962,142276270.0,0.368
,12.5187279,5.38,2320.0,5.58857,5729.0,0.98,,,1393.0,,1,TESS,142276270.0,,0.017906505174584256,74.28251183421962,142276270.0,0.368
,12.5187279,5.38,2320.0,5.58857,5729.0,0.98,,,1393.0,,1,TESS,142276270.0,,0.017906505174584256,74.28251183421962,142276270.0,0.368
,12.5187279,5.38,2320.0,5.58857,5729.0,0.98,,,1393.0,,1,TESS,142276270.0,,0.017906505174584256,74.28251183421962,142276270.0,0.247
,12.5187279,5.38,2320.0,5.58857,5729.0,0.98,,,1393.0,,1,TESS,142276270.0,,0.017906505174584256,74.28251183421962,142276270.0,0.247
,12.5187279,5.38,2320.0,5.58857,5729.0,0.98,,,1393.0,,1,TESS,142276270.0,,0.017906505174584256,74.28251183421962,142276270.0,0.247
,12.5187279,5.38,2320.0,5.58857,5729.0,0.98,,,1393.0,,1,TESS,142276270.0,,0.017906505174584256,74.28251183421962,142276270.0,0.247
,12.5187279,5.38,2320.0,5.58857,5729.0,0.98,,,1393.0,,1,TESS,142276270.0,,0.017906505174584256,74.28251183421962,142276270.0,0.223
,12.5187279,5.38,2320.0,5.58857,5729.0,0.98,,,1393.0,,1,TESS,142276270.0,,0.017906505174584256,74.28251183421962,142276270.0,0.223
,12.5187279,5.38,2320.0,5.58857,5729.0,0.98,,,1393.0,,1,TESS,142276270.0,,0.017906505174584256,74.28251183421962,142276270.0,0.223
,12.5187279,5.38,2320.0,5.58857,5729.0,0.98,,,1393.0,,1,TESS,142276270.0,,0.017906505174584256,74.28251183421962,142276270.0,0.223
,12.5187279,5.38,2320.0,5.58857,5729.0,0.98,,,1393.0,,1,TESS,142276270.0,,0.017906505174584256,74.28251183421962,142276270.0,0.127
,12.5187279,5.38,2320.0,5.58857,5729.0,0.98,,,1393.0,,1,TESS,142276270.0,,0.017906505174584256,74.28251183421962,142276270.0,0.127
,12.5187279,5.38,2320.0,5.58857,5729.0,0.98,,,1393.0,,1,TESS,142276270.0,,0.017906505174584256,74.28251183421962,142276270.0,0.127
,12.5187279,5.38,2320.0,5.58857,5729.0,0.98,,,1393.0,,1,TESS,142276270.0,,0.017906505174584256,74.28251183421962,142276270.0,0.127
,12.5187279,5.38,2320.0,5.58857,5729.0,0.98,,,1393.0,,1,TESS,142276270.0,,0.017906505174584256,74.28251183421962,142276270.0,0.927
,12.5187279,5.38,2320.0,5.58857,5729.0,0.98,,,1393.0,,1,TESS,142276270.0,,0.017906505174584256,74.28251183421962,142276270.0,0.927
,12.5187279,5.38,2320.0,5.58857,5729.0,0.98,,,1393.0,,1,TESS,142276270.0,,0.017906505174584256,74.28251183421962,142276270.0,0.927
,12.5187279,5.38,2320.0,5.58857,5729.0,0.98,,,1393.0,,1,TESS,142276270.0,,0.017906505174584256,74.28251183421962,142276270.0,0.927
,12.5187279,5.38,2320.0,5.58857,5729.0,0.98,,,1393.0,,1,TESS,142276270.0,,0.017906505174584256,74.28251183421962,142276270.0,0.368
,12.5187279,5.38,2320.0,5.58857,5729.0,0.98,,,1393.0,,1,TESS,142276270.0,,0.017906505174584256,74.28251183421962,142276270.0,0.368
,12.5187279,5.38,2320.0,5.58857,5729.0,0.98,,,1393.0,,1,TESS,142276270.0,,0.017906505174584256,74.28251183421962,142276270.0,0.368
,12.5187279,5.38,2320.0,5.58857,5729.0,0.98,,,1393.0,,1,TESS,142276270.0,,0.017906505174584256,74.28251183421962,142276270.0,0.368
,12.5187279,5.38,2320.0,5.58857,5729.0,0.98,,,1393.0,,1,TESS,142276270.0,,0.017906505174584256,74.28251183421962,142276270.0,0.247
,12.5187279,5.38,2320.0,5.58857,5729.0,0.98,,,1393.0,,1,TESS,142276270.0,,0.017906505174584256,74.28251183421962,142276270.0,0.247
,12.5187279,5.38,2320.0,5.58857,5729.0,0.98,,,1393.0,,1,TESS,142276270.0,,0.017906505174584256,74.28251183421962,142276270.0,0.247
,12.5187279,5.38,2320.0,5.58857,5729.0,0.98,,,1393.0,,1,TESS,142276270.0,,0.017906505174584256,74.28251183421962,142276270.0,0.247
,12.5187279,5.38,2320.0,5.58857,5729.0,0.98,,,1393.0,,1,TESS,142276270.0,,0.017906505174584256,74.28251183421962,142276270.0,0.223
,12.5187279,5.38,2320.0,5.58857,5729.0,0.98,,,1393.0,,1,TESS,142276270.0,,0.017906505174584256,74.28251183421962,142276270.0,0.223
,12.5187279,5.38,2320.0,5.58857,5729.0,0.98,,,1393.0,,1,TESS,142276270.0,,0.017906505174584256,74.28251183421962,142276270.0,0.223
,12.5187279,5.38,2320.0,5.58857,5729.0,0.98,,,1393.0,,1,TESS,142276270.0,,0.017906505174584256,74.28251183421962,142276270.0,0.223
,12.5187279,5.38,2320.0,5.58857,5729.0,0.98,,,1393.0,,1,TESS,142276270.0,,0.017906505174584256,74.28251183421962,142276270.0,0.127
,12.5187279,5.38,2320.0,5.58857,5729.0,0.98,,,1393.0,,1,TESS,142276270.0,,0.017906505174584256,74.28251183421962,142276270.0,0.127
,12.5187279,5.38,2320.0,5.58857,5729.0,0.98,,,1393.0,,1,TESS,142276270.0,,0.017906505174584256,74.28251183421962,142276270.0,0.127
,12.5187279,5.38,2320.0,5.58857,5729.0,0.98,,,1393.0,,1,TESS,142276270.0,,0.017906505174584256,74.28251183421962,142276270.0,0.127
,12.5187279,5.38,2320.0,5.58857,5729.0,0.98,,,1393.0,,1,TESS,142276270.0,,0.017906505174584256,74.28251183421962,142276270.0,0.927
,12.5187279,5.38,2320.0,5.58857,5729.0,0.98,,,1393.0,,1,TESS,142276270.0,,0.017906505174584256,74.28251183421962,142276270.0,0.927
,12.5187279,5.38,2320.0,5.58857,5729.0,0.98,,,1393.0,,1,TESS,142276270.0,,0.017906505174584256,74.28251183421962,142276270.0,0.927
,12.5187279,5.38,2320.0,5.58857,5729.0,0.98,,,1393.0,,1,TESS,142276270.0,,0.017906505174584256,74.28251183421962,142276270.0,0.927
,12.5187279,5.38,2320.0,5.58857,5729.0,0.98,,,1393.0,,1,TESS,142276270.0,,0.017906505174584256,74.28251183421962,142276270.0,0.368
,12.5187279,5.38,2320.0,5.58857,5729.0,0.98,,,1393.0,,1,TESS,142276270.0,,0.017906505174584256,74.28251183421962,142276270.0,0.368
,12.5187279,5.38,2320.0,5.58857,5729.0,0.98,,,1393.0,,1,TESS,142276270.0,,0.017906505174584256,74.28251183421962,142276270.0,0.368
,12.5187279,5.38,2320.0,5.58857,5729.0,0.98,,,1393.0,,1,TESS,142276270.0,,0.017906505174584256,74.28251183421962,142276270.0,0.368
,12.5187279,5.38,2320.0,5.58857,5729.0,0.98,,,1393.0,,1,TESS,142276270.0,,0.017906505174584256,74.28251183421962,142276270.0,0.247
,12.5187279,5.38,2320.0,5.58857,5729.0,0.98,,,1393.0,,1,TESS,142276270.0,,0.017906505174584256,74.28251183421962,142276270.0,0.247
,12.5187279,5.38,2320.0,5.58857,5729.0,0.98,,,1393.0,,1,TESS,142276270.0,,0.017906505174584256,74.28251183421962,142276270.0,0.247
,12.5187279,5.38,2320.0,5.58857,5729.0,0.98,,,1393.0,,1,TESS,142276270.0,,0.017906505174584256,74.28251183421962,142276270.0,0.247
,12.5187279,5.38,2320.0,5.58857,5729.0,0.98,,,1393.0,,1,TESS,142276270.0,,0.017906505174584256,74.28251183421962,142276270.0,0.223
,12.5187279,5.38,2320.0,5.58857,5729.0,0.98,,,1393.0,,1,TESS,142276270.0,,0.017906505174584256,74.28251183421962,142276270.0,0.223
,12.5187279,5.38,2320.0,5.58857,5729.0,0.98,,,1393.0,,1,TESS,142276270.0,,0.017906505174584256,74.28251183421962,142276270.0,0.223
,12.5187279,5.38,2320.0,5.58857,5729.0,0.98,,,1393.0,,1,TESS,142276270.0,,0.017906505174584256,74.28251183421962,142276270.0,0.223
,12.5187279,5.38,2320.0,5.58857,5729.0,0.98,,,1393.0,,1,TESS,142276270.0,,0.017906505174584256,74.28251183421962,142276270.0,0.127
,12.5187279,5.38,2320.0,5.58857,5729.0,0.98,,,1393.0,,1,TESS,142276270.0,,0.017906505174584256,74.28251183421962,142276270.0,0.127
,12.5187279,5.38,2320.0,5.58857,5729.0,0.98,,,1393.0,,1,TESS,142276270.0,,0.017906505174584256,74.28251183421962,142276270.0,0.127
,12.5187279,5.38,2320.0,5.58857,5729.0,0.98,,,1393.0,,1,TESS,142276270.0,,0.017906505174584256,74.28251183421962,142276270.0,0.127
,6.2586065,3.201,813.0,2.51593,5729.0,0.98,,,1087.0,,1,TESS,142276270.0,,0.021310654234621727,128.43795131139603,142276270.0,0.927
,6.2586065,3.201,813.0,2.51593,5729.0,0.98,,,1087.0,,1,TESS,142276270.0,,0.021310654234621727,128.43795131139603,142276270.0,0.927
,6.2586065,3.201,813.0,2.51593,5729.0,0.98,,,1087.0,,1,TESS,142276270.0,,0.021310654234621727,128.43795131139603,142276270.0,0.927
,6.2586065,3.201,813.0,2.51593,5729.0,0.98,,,1087.0,,1,TESS,142276270.0,,0.021310654234621727,128.43795131139603,142276270.0,0.927
,6.2586065,3.201,813.0,2.51593,5729.0,0.98,,,1087.0,,1,TESS,142276270.0,,0.021310654234621727,128.43795131139603,142276270.0,0.368
,6.2586065,3.201,813.0,2.51593,5729.0,0.98,,,1087.0,,1,TESS,142276270.0,,0.021310654234621727,128.43795131139603,142276270.0,0.368
,6.2586065,3.201,813.0,2.51593,5729.0,0.98,,,1087.0,,1,TESS,142276270.0,,0.021310654234621727,128.43795131139603,142276270.0,0.368
,6.2586065,3.201,813.0,2.51593,5729.0,0.98,,,1087.0,,1,TESS,142276270.0,,0.021310654234621727,128.43795131139603,142276270.0,0.368
,6.2586065,3.201,813.0,2.51593,5729.0,0.98,,,1087.0,,1,TESS,142276270.0,,0.021310654234621727,128.43795131139603,142276270.0,0.247
,6.2586065,3.201,813.0,2.51593,5729.0,0.98,,,1087.0,,1,TESS,142276270.0,,0.021310654234621727,128.43795131139603,142276270.0,0.247
,6.2586065,3.201,813.0,2.51593,5729.0,0.98,,,1087.0,,1,TESS,142276270.0,,0.021310654234621727,128.43795131139603,142276270.0,0.247
,6.2586065,3.201,813.0,2.51593,5729.0,0.98,,,1087.0,,1,TESS,142276270.0,,0.021310654234621727,128.43795131139603,142276270.0,0.247
,6.2586065,3.201,813.0,2.51593,5729.0,0.98,,,1087.0,,1,TESS,142276270.0,,0.021310654234621727,128.43795131139603,142276270.0,0.223
,6.2586065,3.201,813.0,2.51593,5729.0,0.98,,,1087.0,,1,TESS,142276270.0,,0.021310654234621727,128.43795131139603,142276270.0,0.223
,6.2586065,3.201,813.0,2.51593,5729.0,0.98,,,1087.0,,1,TESS,142276270.0,,0.021310654234621727,128.43795131139603,142276270.0,0.223
,6.2586065,3.201,813.0,2.51593,5729.0,0.98,,,1087.0,,1,TESS,142276270.0,,0.021310654234621727,128.43795131139603,142276270.0,0.223
,6.2586065,3.201,813.0,2.51593,5729.0,0.98,,,1087.0,,1,TESS,142276270.0,,0.021310654234621727,128.43795131139603,142276270.0,0.127
,6.2586065,3.201,813.0,2.51593,5729.0,0.98,,,1087.0,,1,TESS,142276270.0,,0.021310654234621727,128.43795131139603,142276270.0,0.127
,6.2586065,3.201,813.0,2.51593,5729.0,0.98,,,1087.0,,1,TESS,142276270.0,,0.021310654234621727,128.43795131139603,142276270.0,0.127
,6.2586065,3.201,813.0,2.51593,5729.0,0.98,,,1087.0,,1,TESS,142276270.0,,0.021310654234621727,128.43795131139603,142276270.0,0.127
,6.2586065,3.201,813.0,2.51593,5729.0,0.98,,,1087.0,,1,TESS,142276270.0,,0.021310654234621727,128.43795131139603,142276270.0,0.927
,6.2586065,3.201,813.0,2.51593,5729.0,0.98,,,1087.0,,1,TESS,142276270.0,,0.021310654234621727,128.43795131139603,142276270.0,0.927
,6.2586065,3.201,813.0,2.51593,5729.0,0.98,,,1087.0,,1,TESS,142276270.0,,0.021310654234621727,128.43795131139603,142276270.0,0.927
,6.2586065,3.201,813.0,2.51593,5729.0,0.98,,,1087.0,,1,TESS,142276270.0,,0.021310654234621727,128.43795131139603,142276270.0,0.927
,6.2586065,3.201,813.0,2.51593,5729.0,0.98,,,1087.0,,1,TESS,142276270.0,,0.021310654234621727,128.43795131139603,142276270.0,0.368
,6.2586065,3.201,813.0,2.51593,5729.0,0.98,,,1087.0,,1,TESS,142276270.0,,0.021310654234621727,128.43795131139603,142276270.0,0.368
,6.2586065,3.201,813.0,2.51593,5729.0,0.98,,,1087.0,,1,TESS,142276270.0,,0.021310654234621727,128.43795131139603,142276270.0,0.368
,6.2586065,3.201,813.0,2.51593,5729.0,0.98,,,1087.0,,1,TESS,142276270.0,,0.021310654234621727,128.43795131139603,142276270.0,0.368
,6.2586065,3.201,813.0,2.51593,5729.0,0.98,,,1087.0,,1,TESS,142276270.0,,0.021310654234621727,128.43795131139603,142276270.0,0.247
,6.2586065,3.201,813.0,2.51593,5729.0,0.98,,,1087.0,,1,TESS,142276270.0,,0.021310654234621727,128.43795131139603,142276270.0,0.247
,6.2586065,3.201,813.0,2.51593,5729.0,0.98,,,1087.0,,1,TESS,142276270.0,,0.021310654234621727,128.43795131139603,142276270.0,0.247
,6.2586065,3.201,813.0,2.51593,5729.0,0.98,,,1087.0,,1,TESS,142276270.0,,0.021310654234621727,128.43795131139603,142276270.0,0.247
,6.2586065,3.201,813.0,2.51593,5729.0,0.98,,,1087.0,,1,TESS,142276270.0,,0.021310654234621727,128.43795131139603,142276270.0,0.223
,6.2586065,3.201,813.0,2.51593,5729.0,0.98,,,1087.0,,1,TESS,142276270.0,,0.021310654234621727,128.43795131139603,142276270.0,0.223
,6.2586065,3.201,813.0,2.51593,5729.0,0.98,,,1087.0,,1,TESS,142276270.0,,0.021310654234621727,128.43795131139603,142276270.0,0.223
,6.2586065,3.201,813.0,2.51593,5729.0,0.98,,,1087.0,,1,TESS,142276270.0,,0.021310654234621727,128.43795131139603,142276270.0,0.223
,6.2586065,3.201,813.0,2.51593,5729.0,0.98,,,1087.0,,1,TESS,142276270.0,,0.021310654234621727,128.43795131139603,142276270.0,0.127
,6.2586065,3.201,813.0,2.51593,5729.0,0.98,,,1087.0,,1,TESS,142276270.0,,0.021310654234621727,128.43795131139603,142276270.0,0.127
,6.2586065,3.201,813.0,2.51593,5729.0,0.98,,,1087.0,,1,TESS,142276270.0,,0.021310654234621727,128.43795131139603,142276270.0,0.127
,6.2586065,3.201,813.0,2.51593,5729.0,0.98,,,1087.0,,1,TESS,142276270.0,,0.021310654234621727,128.43795131139603,142276270.0,0.127
,6.2586065,3.201,813.0,2.51593,5729.0,0.98,,,1087.0,,1,TESS,142276270.0,,0.021310654234621727,128.43795131139603,142276270.0,0.927
,6.2586065,3.201,813.0,2.51593,5729.0,0.98,,,1087.0,,1,TESS,142276270.0,,0.021310654234621727,128.43795131139603,142276270.0,0.927
,6.2586065,3.201,813.0,2.51593,5729.0,0.98,,,1087.0,,1,TESS,142276270.0,,0.021310654234621727,128.43795131139603,142276270.0,0.927
,6.2586065,3.201,813.0,2.51593,5729.0,0.98,,,1087.0,,1,TESS,142276270.0,,0.021310654234621727,128.43795131139603,142276270.0,0.927
,6.2586065,3.201,813.0,2.51593,5729.0,0.98,,,1087.0,,1,TESS,142276270.0,,0.021310654234621727,128.43795131139603,142276270.0,0.368
,6.2586065,3.201,813.0,2.51593,5729.0,0.98,,,1087.0,,1,TESS,142276270.0,,0.021310654234621727,128.43795131139603,142276270.0,0.368
,6.2586065,3.201,813.0,2.51593,5729.0,0.98,,,1087.0,,1,TESS,142276270.0,,0.021310654234621727,128.43795131139603,142276270.0,0.368
,6.2586065,3.201,813.0,2.51593,5729.0,0.98,,,1087.0,,1,TESS,142276270.0,,0.021310654234621727,128.43795131139603,142276270.0,0.368
,6.2586065,3.201,813.0,2.51593,5729.0,0.98,,,1087.0,,1,TESS,142276270.0,,0.021310654234621727,128.43795131139603,142276270.0,0.247
,6.2586065,3.201,813.0,2.51593,5729.0,0.98,,,1087.0,,1,TESS,142276270.0,,0.021310654234621727,128.43795131139603,142276270.0,0.247
,6.2586065,3.201,813.0,2.51593,5729.0,0.98,,,1087.0,,1,TESS,142276270.0,,0.021310654234621727,128.43795131139603,142276270.0,0.247
,6.2586065,3.201,813.0,2.51593,5729.0,0.98,,,1087.0,,1,TESS,142276270.0,,0.021310654234621727,128.43795131139603,142276270.0,0.247
,6.2586065,3.201,813.0,2.51593,5729.0,0.98,,,1087.0,,1,TESS,142276270.0,,0.021310654234621727,128.43795131139603,142276270.0,0.223
,6.2586065,3.201,813.0,2.51593,5729.0,0.98,,,1087.0,,1,TESS,142276270.0,,0.021310654234621727,128.43795131139603,142276270.0,0.223
,6.2586065,3.201,813.0,2.51593,5729.0,0.98,,,1087.0,,1,TESS,142276270.0,,0.021310654234621727,128.43795131139603,142276270.0,0.223
,6.2586065,3.201,813.0,2.51593,5729.0,0.98,,,1087.0,,1,TESS,142276270.0,,0.021310654234621727,128.43795131139603,142276270.0,0.223
,6.2586065,3.201,813.0,2.51593,5729.0,0.98,,,1087.0,,1,TESS,142276270.0,,0.021310654234621727,128.43795131139603,142276270.0,0.127
,6.2586065,3.201,813.0,2.51593,5729.0,0.98,,,1087.0,,1,TESS,142276270.0,,0.021310654234621727,128.43795131139603,142276270.0,0.127
,6.2586065,3.201,813.0,2.51593,5729.0,0.98,,,1087.0,,1,TESS,142276270.0,,0.021310654234621727,128.43795131139603,142276270.0,0.127
,6.2586065,3.201,813.0,2.51593,5729.0,0.98,,,1087.0,,1,TESS,142276270.0,,0.021310654234621727,128.43795131139603,142276270.0,0.127
,6.2586065,3.201,813.0,2.51593,5729.0,0.98,,,1087.0,,1,TESS,142276270.0,,0.021310654234621727,128.43795131139603,142276270.0,0.927
,6.2586065,3.201,813.0,2.51593,5729.0,0.98,,,1087.0,,1,TESS,142276270.0,,0.021310654234621727,128.43795131139603,142276270.0,0.927
,6.2586065,3.201,813.0,2.51593,5729.0,0.98,,,1087.0,,1,TESS,142276270.0,,0.021310654234621727,128.43795131139603,142276270.0,0.927
,6.2586065,3.201,813.0,2.51593,5729.0,0.98,,,1087.0,,1,TESS,142276270.0,,0.021310654234621727,128.43795131139603,142276270.0,0.927
,6.2586065,3.201,813.0,2.51593,5729.0,0.98,,,1087.0,,1,TESS,142276270.0,,0.021310654234621727,128.43795131139603,142276270.0,0.368
,6.2586065,3.201,813.0,2.51593,5729.0,0.98,,,1087.0,,1,TESS,142276270.0,,0.021310654234621727,128.43795131139603,142276270.0,0.368
,6.2586065,3.201,813.0,2.51593,5729.0,0.98,,,1087.0,,1,TESS,142276270.0,,0.021310654234621727,128.43795131139603,142276270.0,0.368
,6.2586065,3.201,813.0,2.51593,5729.0,0.98,,,1087.0,,1,TESS,142276270.0,,0.021310654234621727,128.43795131139603,142276270.0,0.368
,6.2586065,3.201,813.0,2.51593,5729.0,0.98,,,1087.0,,1,TESS,142276270.0,,0.021310654234621727,128.43795131139603,142276270.0,0.247
,6.2586065,3.201,813.0,2.51593,5729.0,0.98,,,1087.0,,1,TESS,142276270.0,,0.021310654234621727,128.43795131139603,142276270.0,0.247
,6.2586065,3.201,813.0,2.51593,5729.0,0.98,,,1087.0,,1,TESS,142276270.0,,0.021310654234621727,128.43795131139603,142276270.0,0.247
,6.2586065,3.201,813.0,2.51593,5729.0,0.98,,,1087.0,,1,TESS,142276270.0,,0.021310654234621727,128.43795131139603,142276270.0,0.247
,6.2586065,3.201,813.0,2.51593,5729.0,0.98,,,1087.0,,1,TESS,142276270.0,,0.021310654234621727,128.43795131139603,142276270.0,0.223
,6.2586065,3.201,813.0,2.51593,5729.0,0.98,,,1087.0,,1,TESS,142276270.0,,0.021310654234621727,128.43795131139603,142276270.0,0.223
,6.2586065,3.201,813.0,2.51593,5729.0,0.98,,,1087.0,,1,TESS,142276270.0,,0.021310654234621727,128.43795131139603,142276270.0,0.223
,6.2586065,3.201,813.0,2.51593,5729.0,0.98,,,1087.0,,1,TESS,142276270.0,,0.021310654234621727,128.43795131139603,142276270.0,0.223
,6.2586065,3.201,813.0,2.51593,5729.0,0.98,,,1087.0,,1,TESS,142276270.0,,0.021310654234621727,128.43795131139603,142276270.0,0.127
,6.2586065,3.201,813.0,2.51593,5729.0,0.98,,,1087.0,,1,TESS,142276270.0,,0.021310654234621727,128.43795131139603,142276270.0,0.127
,6.2586065,3.201,813.0,2.51593,5729.0,0.98,,,1087.0,,1,TESS,142276270.0,,0.021310654234621727,128.43795131139603,142276270.0,0.127
,6.2586065,3.201,813.0,2.51593,5729.0,0.98,,,1087.0,,1,TESS,142276270.0,,0.021310654234621727,128.43795131139603,142276270.0,0.127
,26.3208756,4.414,800.0,2.71349,5729.0,0.98,,,631.0,,1,TESS,142276270.0,,0.006987482831897944,108.65093729254001,142276270.0,0.927
,26.3208756,4.414,800.0,2.71349,5729.0,0.98,,,631.0,,1,TESS,142276270.0,,0.006987482831897944,108.65093729254001,142276270.0,0.927
,26.3208756,4.414,800.0,2.71349,5729.0,0.98,,,631.0,,1,TESS,142276270.0,,0.006987482831897944,108.65093729254001,142276270.0,0.927
,26.3208756,4.414,800.0,2.71349,5729.0,0.98,,,631.0,,1,TESS,142276270.0,,0.006987482831897944,108.65093729254001,142276270.0,0.927
,26.3208756,4.414,800.0,2.71349,5729.0,0.98,,,631.0,,1,TESS,142276270.0,,0.006987482831897944,108.65093729254001,142276270.0,0.368
,26.3208756,4.414,800.0,2.71349,5729.0,0.98,,,631.0,,1,TESS,142276270.0,,0.006987482831897944,108.65093729254001,142276270.0,0.368
,26.3208756,4.414,800.0,2.71349,5729.0,0.98,,,631.0,,1,TESS,142276270.0,,0.006987482831897944,108.65093729254001,142276270.0,0.368
,26.3208756,4.414,800.0,2.71349,5729.0,0.98,,,631.0,,1,TESS,142276270.0,,0.006987482831897944,108.65093729254001,142276270.0,0.368
,26.3208756,4.414,800.0,2.71349,5729.0,0.98,,,631.0,,1,TESS,142276270.0,,0.006987482831897944,108.65093729254001,142276270.0,0.247
,26.3208756,4.414,800.0,2.71349,5729.0,0.98,,,631.0,,1,TESS,142276270.0,,0.006987482831897944,108.65093729254001,142276270.0,0.247
,26.3208756,4.414,800.0,2.71349,5729.0,0.98,,,631.0,,1,TESS,142276270.0,,0.006987482831897944,108.65093729254001,142276270.0,0.247
,26.3208756,4.414,800.0,2.71349,5729.0,0.98,,,631.0,,1,TESS,142276270.0,,0.006987482831897944,108.65093729254001,142276270.0,0.247
,26.3208756,4.414,800.0,2.71349,5729.0,0.98,,,631.0,,1,TESS,142276270.0,,0.006987482831897944,108.65093729254001,142276270.0,0.223
,26.3208756,4.414,800.0,2.71349,5729.0,0.98,,,631.0,,1,TESS,142276270.0,,0.006987482831897944,108.65093729254001,142276270.0,0.223
,26.3208756,4.414,800.0,2.71349,5729.0,0.98,,,631.0,,1,TESS,142276270.0,,0.006987482831897944,108.65093729254001,142276270.0,0.223
,26.3208756,4.414,800.0,2.71349,5729.0,0.98,,,631.0,,1,TESS,142276270.0,,0.006987482831897944,108.65093729254001,142276270.0,0.223
,26.3208756,4.414,800.0,2.71349,5729.0,0.98,,,631.0,,1,TESS,142276270.0,,0.006987482831897944,108.65093729254001,142276270.0,0.127
,26.3208756,4.414,800.0,2.71349,5729.0,0.98,,,631.0,,1,TESS,142276270.0,,0.006987482831897944,108.65093729254001,142276270.0,0.127
,26.3208756,4.414,800.0,2.71349,5729.0,0.98,,,631.0,,1,TESS,142276270.0,,0.006987482831897944,108.65093729254001,142276270.0,0.127
,26.3208756,4.414,800.0,2.71349,5729.0,0.98,,,631.0,,1,TESS,142276270.0,,0.006987482831897944,108.65093729254001,142276270.0,0.127
,26.3208756,4.414,800.0,2.71349,5729.0,0.98,,,631.0,,1,TESS,142276270.0,,0.006987482831897944,108.65093729254001,142276270.0,0.927
,26.3208756,4.414,800.0,2.71349,5729.0,0.98,,,631.0,,1,TESS,142276270.0,,0.006987482831897944,108.65093729254001,142276270.0,0.927
,26.3208756,4.414,800.0,2.71349,5729.0,0.98,,,631.0,,1,TESS,142276270.0,,0.006987482831897944,108.65093729254001,142276270.0,0.927
,26.3208756,4.414,800.0,2.71349,5729.0,0.98,,,631.0,,1,TESS,142276270.0,,0.006987482831897944,108.65093729254001,142276270.0,0.927
,26.3208756,4.414,800.0,2.71349,5729.0,0.98,,,631.0,,1,TESS,142276270.0,,0.006987482831897944,108.65093729254001,142276270.0,0.368
,26.3208756,4.414,800.0,2.71349,5729.0,0.98,,,631.0,,1,TESS,142276270.0,,0.006987482831897944,108.65093729254001,142276270.0,0.368
,26.3208756,4.414,800.0,2.71349,5729.0,0.98,,,631.0,,1,TESS,142276270.0,,0.006987482831897944,108.65093729254001,142276270.0,0.368
,26.3208756,4.414,800.0,2.71349,5729.0,0.98,,,631.0,,1,TESS,142276270.0,,0.006987482831897944,108.65093729254001,142276270.0,0.368
,26.3208756,4.414,800.0,2.71349,5729.0,0.98,,,631.0,,1,TESS,142276270.0,,0.006987482831897944,108.65093729254001,142276270.0,0.247
,26.3208756,4.414,800.0,2.71349,5729.0,0.98,,,631.0,,1,TESS,142276270.0,,0.006987482831897944,108.65093729254001,142276270.0,0.247
,26.3208756,4.414,800.0,2.71349,5729.0,0.98,,,631.0,,1,TESS,142276270.0,,0.006987482831897944,108.65093729254001,142276270.0,0.247
,26.3208756,4.414,800.0,2.71349,5729.0,0.98,,,631.0,,1,TESS,142276270.0,,0.006987482831897944,108.65093729254001,142276270.0,0.247
,26.3208756,4.414,800.0,2.71349,5729.0,0.98,,,631.0,,1,TESS,142276270.0,,0.006987482831897944,108.65093729254001,142276270.0,0.223
,26.3208756,4.414,800.0,2.71349,5729.0,0.98,,,631.0,,1,TESS,142276270.0,,0.006987482831897944,108.65093729254001,142276270.0,0.223
,26.3208756,4.414,800.0,2.71349,5729.0,0.98,,,631.0,,1,TESS,142276270.0,,0.006987482831897944,108.65093729254001,142276270.0,0.223
,26.3208756,4.414,800.0,2.71349,5729.0,0.98,,,631.0,,1,TESS,142276270.0,,0.006987482831897944,108.65093729254001,142276270.0,0.223
,26.3208756,4.414,800.0,2.71349,5729.0,0.98,,,631.0,,1,TESS,142276270.0,,0.006987482831897944,108.65093729254001,142276270.0,0.127
,26.3208756,4.414,800.0,2.71349,5729.0,0.98,,,631.0,,1,TESS,142276270.0,,0.006987482831897944,108.65093729254001,142276270.0,0.127
,26.3208756,4.414,800.0,2.71349,5729.0,0.98,,,631.0,,1,TESS,142276270.0,,0.006987482831897944,108.65093729254001,142276270.0,0.127
,26.3208756,4.414,800.0,2.71349,5729.0,0.98,,,631.0,,1,TESS,142276270.0,,0.006987482831897944,108.65093729254001,142276270.0,0.127
,26.3208756,4.414,800.0,2.71349,5729.0,0.98,,,631.0,,1,TESS,142276270.0,,0.006987482831897944,108.65093729254001,142276270.0,0.927
,26.3208756,4.414,800.0,2.71349,5729.0,0.98,,,631.0,,1,TESS,142276270.0,,0.006987482831897944,108.65093729254001,142276270.0,0.927
,26.3208756,4.414,800.0,2.71349,5729.0,0.98,,,631.0,,1,TESS,142276270.0,,0.006987482831897944,108.65093729254001,142276270.0,0.927
,26.3208756,4.414,800.0,2.71349,5729.0,0.98,,,631.0,,1,TESS,142276270.0,,0.006987482831897944,108.65093729254001,142276270.0,0.927
,26.3208756,4.414,800.0,2.71349,5729.0,0.98,,,631.0,,1,TESS,142276270.0,,0.006987482831897944,108.65093729254001,142276270.0,0.368
,26.3208756,4.414,800.0,2.71349,5729.0,0.98,,,631.0,,1,TESS,142276270.0,,0.006987482831897944,108.65093729254001,142276270.0,0.368
,26.3208756,4.414,800.0,2.71349,5729.0,0.98,,,631.0,,1,TESS,142276270.0,,0.006987482831897944,108.65093729254001,142276270.0,0.368
,26.3208756,4.414,800.0,2.71349,5729.0,0.98,,,631.0,,1,TESS,142276270.0,,0.006987482831897944,108.65093729254001,142276270.0,0.368
,26.3208756,4.414,800.0,2.71349,5729.0,0.98,,,631.0,,1,TESS,142276270.0,,0.006987482831897944,108.65093729254001,142276270.0,0.247
,26.3208756,4.414,800.0,2.71349,5729.0,0.98,,,631.0,,1,TESS,142276270.0,,0.006987482831897944,108.65093729254001,142276270.0,0.247
,26.3208756,4.414,800.0,2.71349,5729.0,0.98,,,631.0,,1,TESS,142276270.0,,0.006987482831897944,108.65093729254001,142276270.0,0.247
,26.3208756,4.414,800.0,2.71349,5729.0,0.98,,,631.0,,1,TESS,142276270.0,,0.006987482831897944,108.65093729254001,142276270.0,0.247
,26.3208756,4.414,800.0,2.71349,5729.0,0.98,,,631.0,,1,TESS,142276270.0,,0.006987482831897944,108.65093729254001,142276270.0,0.223
,26.3208756,4.414,800.0,2.71349,5729.0,0.98,,,631.0,,1,TESS,142276270.0,,0.006987482831897944,108.65093729254001,142276270.0,0.223
,26.3208756,4.414,800.0,2.71349,5729.0,0.98,,,631.0,,1,TESS,142276270.0,,0.006987482831897944,108.65093729254001,142276270.0,0.223
,26.3208756,4.414,800.0,2.71349,5729.0,0.98,,,631.0,,1,TESS,142276270.0,,0.006987482831897944,108.65093729254001,142276270.0,0.223
,26.3208756,4.414,800.0,2.71349,5729.0,0.98,,,631.0,,1,TESS,142276270.0,,0.006987482831897944,108.65093729254001,142276270.0,0.127
,26.3208756,4.414,800.0,2.71349,5729.0,0.98,,,631.0,,1,TESS,142276270.0,,0.006987482831897944,108.65093729254001,142276270.0,0.127
,26.3208756,4.414,800.0,2.71349,5729.0,0.98,,,631.0,,1,TESS,142276270.0,,0.006987482831897944,108.65093729254001,142276270.0,0.127
,26.3208756,4.414,800.0,2.71349,5729.0,0.98,,,631.0,,1,TESS,142276270.0,,0.006987482831897944,108.65093729254001,142276270.0,0.127
,26.3208756,4.414,800.0,2.71349,5729.0,0.98,,,631.0,,1,TESS,142276270.0,,0.006987482831897944,108.65093729254001,142276270.0,0.927
,26.3208756,4.414,800.0,2.71349,5729.0,0.98,,,631.0,,1,TESS,142276270.0,,0.006987482831897944,108.65093729254001,142276270.0,0.927
,26.3208756,4.414,800.0,2.71349,5729.0,0.98,,,631.0,,1,TESS,142276270.0,,0.006987482831897944,108.65093729254001,142276270.0,0.927
,26.3208756,4.414,800.0,2.71349,5729.0,0.98,,,631.0,,1,TESS,142276270.0,,0.006987482831897944,108.65093729254001,142276270.0,0.927
,26.3208756,4.414,800.0,2.71349,5729.0,0.98,,,631.0,,1,TESS,142276270.0,,0.006987482831897944,108.65093729254001,142276270.0,0.368
,26.3208756,4.414,800.0,2.71349,5729.0,0.98,,,631.0,,1,TESS,142276270.0,,0.006987482831897944,108.65093729254001,142276270.0,0.368
,26.3208756,4.414,800.0,2.71349,5729.0,0.98,,,631.0,,1,TESS,142276270.0,,0.006987482831897944,108.65093729254001,142276270.0,0.368
,26.3208756,4.414,800.0,2.71349,5729.0,0.98,,,631.0,,1,TESS,142276270.0,,0.006987482831897944,108.65093729254001,142276270.0,0.368
,26.3208756,4.414,800.0,2.71349,5729.0,0.98,,,631.0,,1,TESS,142276270.0,,0.006987482831897944,108.65093729254001,142276270.0,0.247
,26.3208756,4.414,800.0,2.71349,5729.0,0.98,,,631.0,,1,TESS,142276270.0,,0.006987482831897944,108.65093729254001,142276270.0,0.247
,26.3208756,4.414,800.0,2.71349,5729.0,0.98,,,631.0,,1,TESS,142276270.0,,0.006987482831897944,108.65093729254001,142276270.0,0.247
,26.3208756,4.414,800.0,2.71349,5729.0,0.98,,,631.0,,1,TESS,142276270.0,,0.006987482831897944,108.65093729254001,142276270.0,0.247
,26.3208756,4.414,800.0,2.71349,5729.0,0.98,,,631.0,,1,TESS,142276270.0,,0.006987482831897944,108.65093729254001,142276270.0,0.223
,26.3208756,4.414,800.0,2.71349,5729.0,0.98,,,631.0,,1,TESS,142276270.0,,0.006987482831897944,108.65093729254001,142276270.0,0.223
,26.3208756,4.414,800.0,2.71349,5729.0,0.98,,,631.0,,1,TESS,142276270.0,,0.006987482831897944,108.65093729254001,142276270.0,0.223
,26.3208756,4.414,800.0,2.71349,5729.0,0.98,,,631.0,,1,TESS,142276270.0,,0.006987482831897944,108.65093729254001,142276270.0,0.223
,26.3208756,4.414,800.0,2.71349,5729.0,0.98,,,631.0,,1,TESS,142276270.0,,0.006987482831897944,108.65093729254001,142276270.0,0.127
,26.3208756,4.414,800.0,2.71349,5729.0,0.98,,,631.0,,1,TESS,142276270.0,,0.006987482831897944,108.65093729254001,142276270.0,0.127
,26.3208756,4.414,800.0,2.71349,5729.0,0.98,,,631.0,,1,TESS,142276270.0,,0.006987482831897944,108.65093729254001,142276270.0,0.127
,26.3208756,4.414,800.0,2.71349,5729.0,0.98,,,631.0,,1,TESS,142276270.0,,0.006987482831897944,108.65093729254001,142276270.0,0.127
,18.795547,4.3425576,470.6731965,2.1597669,5729.0,0.977727,,,672.9826313,,1,TESS,142276270.0,,0.009626742951342982,100.90335626425959,142276270.0,0.927
,18.795547,4.3425576,470.6731965,2.1597669,5729.0,0.977727,,,672.9826313,,1,TESS,142276270.0,,0.009626742951342982,100.90335626425959,142276270.0,0.927
,18.795547,4.3425576,470.6731965,2.1597669,5729.0,0.977727,,,672.9826313,,1,TESS,142276270.0,,0.009626742951342982,100.90335626425959,142276270.0,0.927
,18.795547,4.3425576,470.6731965,2.1597669,5729.0,0.977727,,,672.9826313,,1,TESS,142276270.0,,0.009626742951342982,100.90335626425959,142276270.0,0.927
,18.795547,4.3425576,470.6731965,2.1597669,5729.0,0.977727,,,672.9826313,,1,TESS,142276270.0,,0.009626742951342982,100.90335626425959,142276270.0,0.368
,18.795547,4.3425576,470.6731965,2.1597669,5729.0,0.977727,,,672.9826313,,1,TESS,142276270.0,,0.009626742951342982,100.90335626425959,142276270.0,0.368
,18.795547,4.3425576,470.6731965,2.1597669,5729.0,0.977727,,,672.9826313,,1,TESS,142276270.0,,0.009626742951342982,100.90335626425959,142276270.0,0.368
,18.795547,4.3425576,470.6731965,2.1597669,5729.0,0.977727,,,672.9826313,,1,TESS,142276270.0,,0.009626742951342982,100.90335626425959,142276270.0,0.368
,18.795547,4.3425576,470.6731965,2.1597669,5729.0,0.977727,,,672.9826313,,1,TESS,142276270.0,,0.009626742951342982,100.90335626425959,142276270.0,0.247
,18.795547,4.3425576,470.6731965,2.1597669,5729.0,0.977727,,,672.9826313,,1,TESS,142276270.0,,0.009626742951342982,100.90335626425959,142276270.0,0.247
,18.795547,4.3425576,470.6731965,2.1597669,5729.0,0.977727,,,672.9826313,,1,TESS,142276270.0,,0.009626742951342982,100.90335626425959,142276270.0,0.247
,18.795547,4.3425576,470.6731965,2.1597669,5729.0,0.977727,,,672.9826313,,1,TESS,142276270.0,,0.009626742951342982,100.90335626425959,142276270.0,0.247
,18.795547,4.3425576,470.6731965,2.1597669,5729.0,0.977727,,,672.9826313,,1,TESS,142276270.0,,0.009626742951342982,100.90335626425959,142276270.0,0.223
,18.795547,4.3425576,470.6731965,2.1597669,5729.0,0.977727,,,672.9826313,,1,TESS,142276270.0,,0.009626742951342982,100.90335626425959,142276270.0,0.223
,18.795547,4.3425576,470.6731965,2.1597669,5729.0,0.977727,,,672.9826313,,1,TESS,142276270.0,,0.009626742951342982,100.90335626425959,142276270.0,0.223
,18.795547,4.3425576,470.6731965,2.1597669,5729.0,0.977727,,,672.9826313,,1,TESS,142276270.0,,0.009626742951342982,100.90335626425959,142276270.0,0.223
,18.795547,4.3425576,470.6731965,2.1597669,5729.0,0.977727,,,672.9826313,,1,TESS,142276270.0,,0.009626742951342982,100.90335626425959,142276270.0,0.127
,18.795547,4.3425576,470.6731965,2.1597669,5729.0,0.977727,,,672.9826313,,1,TESS,142276270.0,,0.009626742951342982,100.90335626425959,142276270.0,0.127
,18.795547,4.3425576,470.6731965,2.1597669,5729.0,0.977727,,,672.9826313,,1,TESS,142276270.0,,0.009626742951342982,100.90335626425959,142276270.0,0.127
,18.795547,4.3425576,470.6731965,2.1597669,5729.0,0.977727,,,672.9826313,,1,TESS,142276270.0,,0.009626742951342982,100.90335626425959,142276270.0,0.127
,18.795547,4.3425576,470.6731965,2.1597669,5729.0,0.977727,,,672.9826313,,1,TESS,142276270.0,,0.009626742951342982,100.90335626425959,142276270.0,0.927
,18.795547,4.3425576,470.6731965,2.1597669,5729.0,0.977727,,,672.9826313,,1,TESS,142276270.0,,0.009626742951342982,100.90335626425959,142276270.0,0.927
,18.795547,4.3425576,470.6731965,2.1597669,5729.0,0.977727,,,672.9826313,,1,TESS,142276270.0,,0.009626742951342982,100.90335626425959,142276270.0,0.927
,18.795547,4.3425576,470.6731965,2.1597669,5729.0,0.977727,,,672.9826313,,1,TESS,142276270.0,,0.009626742951342982,100.90335626425959,142276270.0,0.927
,18.795547,4.3425576,470.6731965,2.1597669,5729.0,0.977727,,,672.9826313,,1,TESS,142276270.0,,0.009626742951342982,100.90335626425959,142276270.0,0.368
,18.795547,4.3425576,470.6731965,2.1597669,5729.0,0.977727,,,672.9826313,,1,TESS,142276270.0,,0.009626742951342982,100.90335626425959,142276270.0,0.368
,18.795547,4.3425576,470.6731965,2.1597669,5729.0,0.977727,,,672.9826313,,1,TESS,142276270.0,,0.009626742951342982,100.90335626425959,142276270.0,0.368
,18.795547,4.3425576,470.6731965,2.1597669,5729.0,0.977727,,,672.9826313,,1,TESS,142276270.0,,0.009626742951342982,100.90335626425959,142276270.0,0.368
,18.795547,4.3425576,470.6731965,2.1597669,5729.0,0.977727,,,672.9826313,,1,TESS,142276270.0,,0.009626742951342982,100.90335626425959,142276270.0,0.247
,18.795547,4.3425576,470.6731965,2.1597669,5729.0,0.977727,,,672.9826313,,1,TESS,142276270.0,,0.009626742951342982,100.90335626425959,142276270.0,0.247
,18.795547,4.3425576,470.6731965,2.1597669,5729.0,0.977727,,,672.9826313,,1,TESS,142276270.0,,0.009626742951342982,100.90335626425959,142276270.0,0.247
,18.795547,4.3425576,470.6731965,2.1597669,5729.0,0.977727,,,672.9826313,,1,TESS,142276270.0,,0.009626742951342982,100.90335626425959,142276270.0,0.247
,18.795547,4.3425576,470.6731965,2.1597669,5729.0,0.977727,,,672.9826313,,1,TESS,142276270.0,,0.009626742951342982,100.90335626425959,142276270.0,0.223
,18.795547,4.3425576,470.6731965,2.1597669,5729.0,0.977727,,,672.9826313,,1,TESS,142276270.0,,0.009626742951342982,100.90335626425959,142276270.0,0.223
,18.795547,4.3425576,470.6731965,2.1597669,5729.0,0.977727,,,672.9826313,,1,TESS,142276270.0,,0.009626742951342982,100.90335626425959,142276270.0,0.223
,18.795547,4.3425576,470.6731965,2.1597669,5729.0,0.977727,,,672.9826313,,1,TESS,142276270.0,,0.009626742951342982,100.90335626425959,142276270.0,0.223
,18.795547,4.3425576,470.6731965,2.1597669,5729.0,0.977727,,,672.9826313,,1,TESS,142276270.0,,0.009626742951342982,100.90335626425959,142276270.0,0.127
,18.795547,4.3425576,470.6731965,2.1597669,5729.0,0.977727,,,672.9826313,,1,TESS,142276270.0,,0.009626742951342982,100.90335626425959,142276270.0,0.127
,18.795547,4.3425576,470.6731965,2.1597669,5729.0,0.977727,,,672.9826313,,1,TESS,142276270.0,,0.009626742951342982,100.90335626425959,142276270.0,0.127
,18.795547,4.3425576,470.6731965,2.1597669,5729.0,0.977727,,,672.9826313,,1,TESS,142276270.0,,0.009626742951342982,100.90335626425959,142276270.0,0.127
,18.795547,4.3425576,470.6731965,2.1597669,5729.0,0.977727,,,672.9826313,,1,TESS,142276270.0,,0.009626742951342982,100.90335626425959,142276270.0,0.927
,18.795547,4.3425576,470.6731965,2.1597669,5729.0,0.977727,,,672.9826313,,1,TESS,142276270.0,,0.009626742951342982,100.90335626425959,142276270.0,0.927
,18.795547,4.3425576,470.6731965,2.1597669,5729.0,0.977727,,,672.9826313,,1,TESS,142276270.0,,0.009626742951342982,100.90335626425959,142276270.0,0.927
,18.795547,4.3425576,470.6731965,2.1597669,5729.0,0.977727,,,672.9826313,,1,TESS,142276270.0,,0.009626742951342982,100.90335626425959,142276270.0,0.927
,18.795547,4.3425576,470.6731965,2.1597669,5729.0,0.977727,,,672.9826313,,1,TESS,142276270.0,,0.009626742951342982,100.90335626425959,142276270.0,0.368
,18.795547,4.3425576,470.6731965,2.1597669,5729.0,0.977727,,,672.9826313,,1,TESS,142276270.0,,0.009626742951342982,100.90335626425959,142276270.0,0.368
,18.795547,4.3425576,470.6731965,2.1597669,5729.0,0.977727,,,672.9826313,,1,TESS,142276270.0,,0.009626742951342982,100.90335626425959,142276270.0,0.368
,18.795547,4.3425576,470.6731965,2.1597669,5729.0,0.977727,,,672.9826313,,1,TESS,142276270.0,,0.009626742951342982,100.90335626425959,142276270.0,0.368
,18.795547,4.3425576,470.6731965,2.1597669,5729.0,0.977727,,,672.9826313,,1,TESS,142276270.0,,0.009626742951342982,100.90335626425959,142276270.0,0.247
,18.795547,4.3425576,470.6731965,2.1597669,5729.0,0.977727,,,672.9826313,,1,TESS,142276270.0,,0.009626742951342982,100.90335626425959,142276270.0,0.247
,18.795547,4.3425576,470.6731965,2.1597669,5729.0,0.977727,,,672.9826313,,1,TESS,142276270.0,,0.009626742951342982,100.90335626425959,142276270.0,0.247
,18.795547,4.3425576,470.6731965,2.1597669,5729.0,0.977727,,,672.9826313,,1,TESS,142276270.0,,0.009626742951342982,100.90335626425959,142276270.0,0.247
,18.795547,4.3425576,470.6731965,2.1597669,5729.0,0.977727,,,672.9826313,,1,TESS,142276270.0,,0.009626742951342982,100.90335626425959,142276270.0,0.223
,18.795547,4.3425576,470.6731965,2.1597669,5729.0,0.977727,,,672.9826313,,1,TESS,142276270.0,,0.009626742951342982,100.90335626425959,142276270.0,0.223
,18.795547,4.3425576,470.6731965,2.1597669,5729.0,0.977727,,,672.9826313,,1,TESS,142276270.0,,0.009626742951342982,100.90335626425959,142276270.0,0.223
,18.795547,4.3425576,470.6731965,2.1597669,5729.0,0.977727,,,672.9826313,,1,TESS,142276270.0,,0.009626742951342982,100.90335626425959,142276270.0,0.223
,18.795547,4.3425576,470.6731965,2.1597669,5729.0,0.977727,,,672.9826313,,1,TESS,142276270.0,,0.009626742951342982,100.90335626425959,142276270.0,0.127
,18.795547,4.3425576,470.6731965,2.1597669,5729.0,0.977727,,,672.9826313,,1,TESS,142276270.0,,0.009626742951342982,100.90335626425959,142276270.0,0.127
,18.795547,4.3425576,470.6731965,2.1597669,5729.0,0.977727,,,672.9826313,,1,TESS,142276270.0,,0.009626742951342982,100.90335626425959,142276270.0,0.127
,18.795547,4.3425576,470.6731965,2.1597669,5729.0,0.977727,,,672.9826313,,1,TESS,142276270.0,,0.009626742951342982,100.90335626425959,142276270.0,0.127
,18.795547,4.3425576,470.6731965,2.1597669,5729.0,0.977727,,,672.9826313,,1,TESS,142276270.0,,0.009626742951342982,100.90335626425959,142276270.0,0.927
,18.795547,4.3425576,470.6731965,2.1597669,5729.0,0.977727,,,672.9826313,,1,TESS,142276270.0,,0.009626742951342982,100.90335626425959,142276270.0,0.927
,18.795547,4.3425576,470.6731965,2.1597669,5729.0,0.977727,,,672.9826313,,1,TESS,142276270.0,,0.009626742951342982,100.90335626425959,142276270.0,0.927
,18.795547,4.3425576,470.6731965,2.1597669,5729.0,0.977727,,,672.9826313,,1,TESS,142276270.0,,0.009626742951342982,100.90335626425959,142276270.0,0.927
,18.795547,4.3425576,470.6731965,2.1597669,5729.0,0.977727,,,672.9826313,,1,TESS,142276270.0,,0.009626742951342982,100.90335626425959,142276270.0,0.368
,18.795547,4.3425576,470.6731965,2.1597669,5729.0,0.977727,,,672.9826313,,1,TESS,142276270.0,,0.009626742951342982,100.90335626425959,142276270.0,0.368
,18.795547,4.3425576,470.6731965,2.1597669,5729.0,0.977727,,,672.9826313,,1,TESS,142276270.0,,0.009626742951342982,100.90335626425959,142276270.0,0.368
,18.795547,4.3425576,470.6731965,2.1597669,5729.0,0.977727,,,672.9826313,,1,TESS,142276270.0,,0.009626742951342982,100.90335626425959,142276270.0,0.368
,18.795547,4.3425576,470.6731965,2.1597669,5729.0,0.977727,,,672.9826313,,1,TESS,142276270.0,,0.009626742951342982,100.90335626425959,142276270.0,0.247
,18.795547,4.3425576,470.6731965,2.1597669,5729.0,0.977727,,,672.9826313,,1,TESS,142276270.0,,0.009626742951342982,100.90335626425959,142276270.0,0.247
,18.795547,4.3425576,470.6731965,2.1597669,5729.0,0.977727,,,672.9826313,,1,TESS,142276270.0,,0.009626742951342982,100.90335626425959,142276270.0,0.247
,18.795547,4.3425576,470.6731965,2.1597669,5729.0,0.977727,,,672.9826313,,1,TESS,142276270.0,,0.009626742951342982,100.90335626425959,142276270.0,0.247
,18.795547,4.3425576,470.6731965,2.1597669,5729.0,0.977727,,,672.9826313,,1,TESS,142276270.0,,0.009626742951342982,100.90335626425959,142276270.0,0.223
,18.795547,4.3425576,470.6731965,2.1597669,5729.0,0.977727,,,672.9826313,,1,TESS,142276270.0,,0.009626742951342982,100.90335626425959,142276270.0,0.223
,18.795547,4.3425576,470.6731965,2.1597669,5729.0,0.977727,,,672.9826313,,1,TESS,142276270.0,,0.009626742951342982,100.90335626425959,142276270.0,0.223
,18.795547,4.3425576,470.6731965,2.1597669,5729.0,0.977727,,,672.9826313,,1,TESS,142276270.0,,0.009626742951342982,100.90335626425959,142276270.0,0.223
,18.795547,4.3425576,470.6731965,2.1597669,5729.0,0.977727,,,672.9826313,,1,TESS,142276270.0,,0.009626742951342982,100.90335626425959,142276270.0,0.127
,18.795547,4.3425576,470.6731965,2.1597669,5729.0,0.977727,,,672.9826313,,1,TESS,142276270.0,,0.009626742951342982,100.90335626425959,142276270.0,0.127
,18.795547,4.3425576,470.6731965,2.1597669,5729.0,0.977727,,,672.9826313,,1,TESS,142276270.0,,0.009626742951342982,100.90335626425959,142276270.0,0.127
,18.795547,4.3425576,470.6731965,2.1597669,5729.0,0.977727,,,672.9826313,,1,TESS,142276270.0,,0.009626742951342982,100.90335626425959,142276270.0,0.127
,3.1743504,2.751086,15457.3247576,14.9172256,5943.0,1.15706,,,1320.6518234,,1,TESS,281459670.0,,0.03611087856863987,69.46374823415047,281459670.0,0.609
,20.0731588,3.8449215,1152.9645461,4.0506906,6033.0,1.14849,,,736.1368293,,0,TESS,318608749.0,,0.007981058873875688,70.26803065344926,318608749.0,0.306
,20.0731588,3.8449215,1152.9645461,4.0506906,6033.0,1.14849,,,736.1368293,,0,TESS,318608749.0,,0.007981058873875688,70.26803065344926,318608749.0,0.226
,2.3106428,1.294,6911.0,8.76741,5339.9,0.99,,,1052.0,,1,TESS,147950620.0,,0.023334054789608497,89.90798293620306,147950620.0,0.997
,2.3106428,1.294,6911.0,8.76741,5339.9,0.99,,,1052.0,,1,TESS,147950620.0,,0.023334054789608497,89.90798293620306,147950620.0,0.997
,2.3106428,1.294,6911.0,8.76741,5339.9,0.99,,,1052.0,,1,TESS,147950620.0,,0.023334054789608497,89.90798293620306,147950620.0,0.996
,2.3106428,1.294,6911.0,8.76741,5339.9,0.99,,,1052.0,,1,TESS,147950620.0,,0.023334054789608497,89.90798293620306,147950620.0,0.996
,2.3106428,1.294,6911.0,8.76741,5339.9,0.99,,,1052.0,,1,TESS,147950620.0,,0.023334054789608497,89.90798293620306,147950620.0,0.996
,2.3106428,1.294,6911.0,8.76741,5339.9,0.99,,,1052.0,,1,TESS,147950620.0,,0.023334054789608497,89.90798293620306,147950620.0,0.996
,2.3106428,1.294,6911.0,8.76741,5339.9,0.99,,,1052.0,,1,TESS,147950620.0,,0.023334054789608497,89.90798293620306,147950620.0,0.996
,2.3106428,1.294,6911.0,8.76741,5339.9,0.99,,,1052.0,,1,TESS,147950620.0,,0.023334054789608497,89.90798293620306,147950620.0,0.995
,2.3106428,1.294,6911.0,8.76741,5339.9,0.99,,,1052.0,,1,TESS,147950620.0,,0.023334054789608497,89.90798293620306,147950620.0,0.995
,2.3106428,1.294,6911.0,8.76741,5339.9,0.99,,,1052.0,,1,TESS,147950620.0,,0.023334054789608497,89.90798293620306,147950620.0,0.992
,3.6714717,2.149,4340.0,10.678,5618.0,1.54,,,1182.0,,1,TESS,99869022.0,,0.024388494033735685,38.063602789290286,99869022.0,0.991
,3.6714717,2.149,4340.0,10.678,5618.0,1.54,,,1182.0,,1,TESS,99869022.0,,0.024388494033735685,38.063602789290286,99869022.0,0.985
,3.6714717,2.149,4340.0,10.678,5618.0,1.54,,,1182.0,,1,TESS,99869022.0,,0.024388494033735685,38.063602789290286,99869022.0,0.933
,0.8352406,1.043,2065.0,6.4875,6105.0,1.24,,,2345.0,,0,TESS,288185138.0,,0.052030913206779716,49.064265747412215,288185138.0,0.283
,0.8352406,1.043,2065.0,6.4875,6105.0,1.24,,,2345.0,,0,TESS,288185138.0,,0.052030913206779716,49.064265747412215,288185138.0,0.274
,0.8352406,1.043,2065.0,6.4875,6105.0,1.24,,,2345.0,,0,TESS,288185138.0,,0.052030913206779716,49.064265747412215,288185138.0,0.199
,0.8352406,1.043,2065.0,6.4875,6105.0,1.24,,,2345.0,,0,TESS,288185138.0,,0.052030913206779716,49.064265747412215,288185138.0,0.175
,0.8352406,1.043,2065.0,6.4875,6105.0,1.24,,,2345.0,,0,TESS,288185138.0,,0.052030913206779716,49.064265747412215,288185138.0,0.173
,0.8352406,1.043,2065.0,6.4875,6105.0,1.24,,,2345.0,,0,TESS,288185138.0,,0.052030913206779716,49.064265747412215,288185138.0,0.153
,0.8352406,1.043,2065.0,6.4875,6105.0,1.24,,,2345.0,,0,TESS,288185138.0,,0.052030913206779716,49.064265747412215,288185138.0,0.105
,25.5195307,6.6877451,558.3758637,2.9641461,5742.22,1.17321,,,662.8890748,,1,TESS,23434737.0,,0.01091932483610921,63.55172982887926,23434737.0,0.996
,3.2887898,3.4367717,7005.7247902,10.5135877,5800.0,1.24175,,,1338.8392647,,1,TESS,25155310.0,,0.04354149329309658,63.37984682123127,25155310.0,0.871
,13.7431084,2.285,5688.0,12.05,5941.5,1.34,,,844.0,,0,TESS,320525204.0,,0.006927714624202379,39.17287898505274,320525204.0,0.671
,13.7431084,2.285,5688.0,12.05,5941.5,1.34,,,844.0,,0,TESS,320525204.0,,0.006927714624202379,39.17287898505274,320525204.0,0.509
,13.7431084,2.285,5688.0,12.05,5941.5,1.34,,,844.0,,0,TESS,320525204.0,,0.006927714624202379,39.17287898505274,320525204.0,0.353
,13.7431084,2.285,5688.0,12.05,5941.5,1.34,,,844.0,,0,TESS,320525204.0,,0.006927714624202379,39.17287898505274,320525204.0,0.343
,13.7431084,2.285,5688.0,12.05,5941.5,1.34,,,844.0,,0,TESS,320525204.0,,0.006927714624202379,39.17287898505274,320525204.0,0.305
,13.7431084,2.285,5688.0,12.05,5941.5,1.34,,,844.0,,0,TESS,320525204.0,,0.006927714624202379,39.17287898505274,320525204.0,0.305
,13.7431084,2.285,5688.0,12.05,5941.5,1.34,,,844.0,,0,TESS,320525204.0,,0.006927714624202379,39.17287898505274,320525204.0,0.296
,13.7431084,2.285,5688.0,12.05,5941.5,1.34,,,844.0,,0,TESS,320525204.0,,0.006927714624202379,39.17287898505274,320525204.0,0.294
,13.7431084,2.285,5688.0,12.05,5941.5,1.34,,,844.0,,0,TESS,320525204.0,,0.006927714624202379,39.17287898505274,320525204.0,0.232
,13.7431084,2.285,5688.0,12.05,5941.5,1.34,,,844.0,,0,TESS,320525204.0,,0.006927714624202379,39.17287898505274,320525204.0,0.185
,13.7431084,2.285,5688.0,12.05,5941.5,1.34,,,844.0,,0,TESS,320525204.0,,0.006927714624202379,39.17287898505274,320525204.0,0.144
,13.7431084,2.285,5688.0,12.05,5941.5,1.34,,,844.0,,0,TESS,320525204.0,,0.006927714624202379,39.17287898505274,320525204.0,0.143
,2.3664127,2.591,300.0,,,,,,,,0,TESS,89510024.0,,0.04562109197286445,,89510024.0,0.336
,15.196,1.792,1970.0,4.96345,5807.0,1.14,,,,,0,TESS,232967666.0,,0.004913573734004635,79.96480930591353,232967666.0,0.87
,15.196,1.792,1970.0,4.96345,5807.0,1.14,,,,,0,TESS,232967666.0,,0.004913573734004635,79.96480930591353,232967666.0,0.653
,15.196,1.792,1970.0,4.96345,5807.0,1.14,,,,,0,TESS,232967666.0,,0.004913573734004635,79.96480930591353,232967666.0,0.55
,15.196,1.792,1970.0,4.96345,5807.0,1.14,,,,,0,TESS,232967666.0,,0.004913573734004635,79.96480930591353,232967666.0,0.447
,15.196,1.792,1970.0,4.96345,5807.0,1.14,,,,,0,TESS,232967666.0,,0.004913573734004635,79.96480930591353,232967666.0,0.238
,15.196,1.792,1970.0,4.96345,5807.0,1.14,,,,,0,TESS,232967666.0,,0.004913573734004635,79.96480930591353,232967666.0,0.209
,15.196,1.792,1970.0,4.96345,5807.0,1.14,,,,,0,TESS,232967666.0,,0.004913573734004635,79.96480930591353,232967666.0,0.159
,15.196,1.792,1970.0,4.96345,5807.0,1.14,,,,,0,TESS,232967666.0,,0.004913573734004635,79.96480930591353,232967666.0,0.151
,7.0643978,2.424,8268.0,9.39131,5429.6,0.96,,,890.0,,1,TESS,232967440.0,,0.014297043040850542,93.74499926457801,232967440.0,0.997
,7.0643978,2.424,8268.0,9.39131,5429.6,0.96,,,890.0,,1,TESS,232967440.0,,0.014297043040850542,93.74499926457801,232967440.0,0.997
,7.0643978,2.424,8268.0,9.39131,5429.6,0.96,,,890.0,,1,TESS,232967440.0,,0.014297043040850542,93.74499926457801,232967440.0,0.995
,7.0643978,2.424,8268.0,9.39131,5429.6,0.96,,,890.0,,1,TESS,232967440.0,,0.014297043040850542,93.74499926457801,232967440.0,0.994
,7.0643978,2.424,8268.0,9.39131,5429.6,0.96,,,890.0,,1,TESS,232967440.0,,0.014297043040850542,93.74499926457801,232967440.0,0.994
,7.0643978,2.424,8268.0,9.39131,5429.6,0.96,,,890.0,,1,TESS,232967440.0,,0.014297043040850542,93.74499926457801,232967440.0,0.994
,7.0643978,2.424,8268.0,9.39131,5429.6,0.96,,,890.0,,1,TESS,232967440.0,,0.014297043040850542,93.74499926457801,232967440.0,0.992
,7.0643978,2.424,8268.0,9.39131,5429.6,0.96,,,890.0,,1,TESS,232967440.0,,0.014297043040850542,93.74499926457801,232967440.0,0.973
,7.0643978,2.424,8268.0,9.39131,5429.6,0.96,,,890.0,,1,TESS,232967440.0,,0.014297043040850542,93.74499926457801,232967440.0,0.96
,7.0643978,2.424,8268.0,9.39131,5429.6,0.96,,,890.0,,1,TESS,232967440.0,,0.014297043040850542,93.74499926457801,232967440.0,0.931
,8.9534775,2.696,1136.0,2.35888,5029.5,0.76,,,723.0,,1,TESS,154089169.0,,0.012546335522769712,204.158072569102,154089169.0,0.995
,8.9534775,2.696,1136.0,2.35888,5029.5,0.76,,,723.0,,1,TESS,154089169.0,,0.012546335522769712,204.158072569102,154089169.0,0.994
,8.9534775,2.696,1136.0,2.35888,5029.5,0.76,,,723.0,,1,TESS,154089169.0,,0.012546335522769712,204.158072569102,154089169.0,0.992
,8.9534775,2.696,1136.0,2.35888,5029.5,0.76,,,723.0,,1,TESS,154089169.0,,0.012546335522769712,204.158072569102,154089169.0,0.989
,8.9534775,2.696,1136.0,2.35888,5029.5,0.76,,,723.0,,1,TESS,154089169.0,,0.012546335522769712,204.158072569102,154089169.0,0.989
,8.9534775,2.696,1136.0,2.35888,5029.5,0.76,,,723.0,,1,TESS,154089169.0,,0.012546335522769712,204.158072569102,154089169.0,0.978
,8.9534775,2.696,1136.0,2.35888,5029.5,0.76,,,723.0,,1,TESS,154089169.0,,0.012546335522769712,204.158072569102,154089169.0,0.7
,8.9534775,2.696,1136.0,2.35888,5029.5,0.76,,,723.0,,1,TESS,154089169.0,,0.012546335522769712,204.158072569102,154089169.0,0.687
,8.9534775,2.696,1136.0,2.35888,5029.5,0.76,,,723.0,,1,TESS,154089169.0,,0.012546335522769712,204.158072569102,154089169.0,0.616
,9.6867516,2.512,1669.0,3.00336,4738.1,0.73,,,707.0,,1,TESS,158002130.0,,0.010805135770845273,185.02972519985119,158002130.0,0.998
,9.6867516,2.512,1669.0,3.00336,4738.1,0.73,,,707.0,,1,TESS,158002130.0,,0.010805135770845273,185.02972519985119,158002130.0,0.998
,9.6867516,2.512,1669.0,3.00336,4738.1,0.73,,,707.0,,1,TESS,158002130.0,,0.010805135770845273,185.02972519985119,158002130.0,0.997
,9.6867516,2.512,1669.0,3.00336,4738.1,0.73,,,707.0,,1,TESS,158002130.0,,0.010805135770845273,185.02972519985119,158002130.0,0.997
,9.6867516,2.512,1669.0,3.00336,4738.1,0.73,,,707.0,,1,TESS,158002130.0,,0.010805135770845273,185.02972519985119,158002130.0,0.995
,9.6867516,2.512,1669.0,3.00336,4738.1,0.73,,,707.0,,1,TESS,158002130.0,,0.010805135770845273,185.02972519985119,158002130.0,0.994
,9.6867516,2.512,1669.0,3.00336,4738.1,0.73,,,707.0,,1,TESS,158002130.0,,0.010805135770845273,185.02972519985119,158002130.0,0.992
,9.6867516,2.512,1669.0,3.00336,4738.1,0.73,,,707.0,,1,TESS,158002130.0,,0.010805135770845273,185.02972519985119,158002130.0,0.99
,9.6867516,2.512,1669.0,3.00336,4738.1,0.73,,,707.0,,1,TESS,158002130.0,,0.010805135770845273,185.02972519985119,158002130.0,0.99
,9.6867516,2.512,1669.0,3.00336,4738.1,0.73,,,707.0,,1,TESS,158002130.0,,0.010805135770845273,185.02972519985119,158002130.0,0.987
,9.6867516,2.512,1669.0,3.00336,4738.1,0.73,,,707.0,,1,TESS,158002130.0,,0.010805135770845273,185.02972519985119,158002130.0,0.986
,9.6867516,2.512,1669.0,3.00336,4738.1,0.73,,,707.0,,1,TESS,158002130.0,,0.010805135770845273,185.02972519985119,158002130.0,0.984
,9.6867516,2.512,1669.0,3.00336,4738.1,0.73,,,707.0,,1,TESS,158002130.0,,0.010805135770845273,185.02972519985119,158002130.0,0.983
,9.6867516,2.512,1669.0,3.00336,4738.1,0.73,,,707.0,,1,TESS,158002130.0,,0.010805135770845273,185.02972519985119,158002130.0,0.983
,9.6867516,2.512,1669.0,3.00336,4738.1,0.73,,,707.0,,1,TESS,158002130.0,,0.010805135770845273,185.02972519985119,158002130.0,0.973
,9.6867516,2.512,1669.0,3.00336,4738.1,0.73,,,707.0,,1,TESS,158002130.0,,0.010805135770845273,185.02972519985119,158002130.0,0.972
,9.6867516,2.512,1669.0,3.00336,4738.1,0.73,,,707.0,,1,TESS,158002130.0,,0.010805135770845273,185.02972519985119,158002130.0,0.969
,7.6416041,2.654,6025.0,27.538,6496.7,2.05,,,1303.0,,0,TESS,341544930.0,,0.014471219822859685,7.944969960068581,341544930.0,0.524
,5.7484439,1.76,1041.0,2.35215,4534.0,0.69,,,820.0,,1,TESS,233087860.0,,0.012757075493385004,188.15710539369337,233087860.0,0.997
,5.7484439,1.76,1041.0,2.35215,4534.0,0.69,,,820.0,,1,TESS,233087860.0,,0.012757075493385004,188.15710539369337,233087860.0,0.997
,5.7484439,1.76,1041.0,2.35215,4534.0,0.69,,,820.0,,1,TESS,233087860.0,,0.012757075493385004,188.15710539369337,233087860.0,0.997
,5.7484439,1.76,1041.0,2.35215,4534.0,0.69,,,820.0,,1,TESS,233087860.0,,0.012757075493385004,188.15710539369337,233087860.0,0.996
,5.7484439,1.76,1041.0,2.35215,4534.0,0.69,,,820.0,,1,TESS,233087860.0,,0.012757075493385004,188.15710539369337,233087860.0,0.996
,5.7484439,1.76,1041.0,2.35215,4534.0,0.69,,,820.0,,1,TESS,233087860.0,,0.012757075493385004,188.15710539369337,233087860.0,0.996
,5.7484439,1.76,1041.0,2.35215,4534.0,0.69,,,820.0,,1,TESS,233087860.0,,0.012757075493385004,188.15710539369337,233087860.0,0.996
,5.7484439,1.76,1041.0,2.35215,4534.0,0.69,,,820.0,,1,TESS,233087860.0,,0.012757075493385004,188.15710539369337,233087860.0,0.994
,5.7484439,1.76,1041.0,2.35215,4534.0,0.69,,,820.0,,1,TESS,233087860.0,,0.012757075493385004,188.15710539369337,233087860.0,0.994
,5.7484439,1.76,1041.0,2.35215,4534.0,0.69,,,820.0,,1,TESS,233087860.0,,0.012757075493385004,188.15710539369337,233087860.0,0.991
,5.7484439,1.76,1041.0,2.35215,4534.0,0.69,,,820.0,,1,TESS,233087860.0,,0.012757075493385004,188.15710539369337,233087860.0,0.988
,5.7484439,1.76,1041.0,2.35215,4534.0,0.69,,,820.0,,1,TESS,233087860.0,,0.012757075493385004,188.15710539369337,233087860.0,0.984
,5.7484439,1.76,1041.0,2.35215,4534.0,0.69,,,820.0,,1,TESS,233087860.0,,0.012757075493385004,188.15710539369337,233087860.0,0.983
,5.7484439,1.76,1041.0,2.35215,4534.0,0.69,,,820.0,,1,TESS,233087860.0,,0.012757075493385004,188.15710539369337,233087860.0,0.983
,5.7484439,1.76,1041.0,2.35215,4534.0,0.69,,,820.0,,1,TESS,233087860.0,,0.012757075493385004,188.15710539369337,233087860.0,0.982
,5.7484439,1.76,1041.0,2.35215,4534.0,0.69,,,820.0,,1,TESS,233087860.0,,0.012757075493385004,188.15710539369337,233087860.0,0.982
,5.7484439,1.76,1041.0,2.35215,4534.0,0.69,,,820.0,,1,TESS,233087860.0,,0.012757075493385004,188.15710539369337,233087860.0,0.98
,5.7484439,1.76,1041.0,2.35215,4534.0,0.69,,,820.0,,1,TESS,233087860.0,,0.012757075493385004,188.15710539369337,233087860.0,0.979
,5.7484439,1.76,1041.0,2.35215,4534.0,0.69,,,820.0,,1,TESS,233087860.0,,0.012757075493385004,188.15710539369337,233087860.0,0.972
,5.7484439,1.76,1041.0,2.35215,4534.0,0.69,,,820.0,,1,TESS,233087860.0,,0.012757075493385004,188.15710539369337,233087860.0,0.969
,5.7484439,1.76,1041.0,2.35215,4534.0,0.69,,,820.0,,1,TESS,233087860.0,,0.012757075493385004,188.15710539369337,233087860.0,0.956
,5.7484439,1.76,1041.0,2.35215,4534.0,0.69,,,820.0,,1,TESS,233087860.0,,0.012757075493385004,188.15710539369337,233087860.0,0.944
,5.7484439,1.76,1041.0,2.35215,4534.0,0.69,,,820.0,,1,TESS,233087860.0,,0.012757075493385004,188.15710539369337,233087860.0,0.918
,5.7484439,1.76,1041.0,2.35215,4534.0,0.69,,,820.0,,1,TESS,233087860.0,,0.012757075493385004,188.15710539369337,233087860.0,0.917
,5.7484439,1.76,1041.0,2.35215,4534.0,0.69,,,820.0,,1,TESS,233087860.0,,0.012757075493385004,188.15710539369337,233087860.0,0.901
,5.7484439,1.76,1041.0,2.35215,4534.0,0.69,,,820.0,,1,TESS,233087860.0,,0.012757075493385004,188.15710539369337,233087860.0,0.899
,5.7484439,1.76,1041.0,2.35215,4534.0,0.69,,,820.0,,1,TESS,233087860.0,,0.012757075493385004,188.15710539369337,233087860.0,0.893
,5.7484439,1.76,1041.0,2.35215,4534.0,0.69,,,820.0,,1,TESS,233087860.0,,0.012757075493385004,188.15710539369337,233087860.0,0.876
,5.7484439,1.76,1041.0,2.35215,4534.0,0.69,,,820.0,,1,TESS,233087860.0,,0.012757075493385004,188.15710539369337,233087860.0,0.865
,5.7484439,1.76,1041.0,2.35215,4534.0,0.69,,,820.0,,1,TESS,233087860.0,,0.012757075493385004,188.15710539369337,233087860.0,0.858
,5.7484439,1.76,1041.0,2.35215,4534.0,0.69,,,820.0,,1,TESS,233087860.0,,0.012757075493385004,188.15710539369337,233087860.0,0.842
,5.7484439,1.76,1041.0,2.35215,4534.0,0.69,,,820.0,,1,TESS,233087860.0,,0.012757075493385004,188.15710539369337,233087860.0,0.509
,11.2464616,7.391,7576.0,17.6677,6115.7,2.01,,,1218.0,,0,TESS,289539327.0,,0.027382686496914558,24.270567547108847,289539327.0,0.839
,11.2464616,7.391,7576.0,17.6677,6115.7,2.01,,,1218.0,,0,TESS,289539327.0,,0.027382686496914558,24.270567547108847,289539327.0,0.781
,11.2464616,7.391,7576.0,17.6677,6115.7,2.01,,,1218.0,,0,TESS,289539327.0,,0.027382686496914558,24.270567547108847,289539327.0,0.616
,11.2464616,7.391,7576.0,17.6677,6115.7,2.01,,,1218.0,,0,TESS,289539327.0,,0.027382686496914558,24.270567547108847,289539327.0,0.589
,11.2464616,7.391,7576.0,17.6677,6115.7,2.01,,,1218.0,,0,TESS,289539327.0,,0.027382686496914558,24.270567547108847,289539327.0,0.58
,11.2464616,7.391,7576.0,17.6677,6115.7,2.01,,,1218.0,,0,TESS,289539327.0,,0.027382686496914558,24.270567547108847,289539327.0,0.543
,11.2464616,7.391,7576.0,17.6677,6115.7,2.01,,,1218.0,,0,TESS,289539327.0,,0.027382686496914558,24.270567547108847,289539327.0,0.494
,11.2464616,7.391,7576.0,17.6677,6115.7,2.01,,,1218.0,,0,TESS,289539327.0,,0.027382686496914558,24.270567547108847,289539327.0,0.474
,11.2464616,7.391,7576.0,17.6677,6115.7,2.01,,,1218.0,,0,TESS,289539327.0,,0.027382686496914558,24.270567547108847,289539327.0,0.432
,11.2464616,7.391,7576.0,17.6677,6115.7,2.01,,,1218.0,,0,TESS,289539327.0,,0.027382686496914558,24.270567547108847,289539327.0,0.417
,11.2464616,7.391,7576.0,17.6677,6115.7,2.01,,,1218.0,,0,TESS,289539327.0,,0.027382686496914558,24.270567547108847,289539327.0,0.241
,11.2464616,7.391,7576.0,17.6677,6115.7,2.01,,,1218.0,,0,TESS,289539327.0,,0.027382686496914558,24.270567547108847,289539327.0,0.228
,11.2464616,7.391,7576.0,17.6677,6115.7,2.01,,,1218.0,,0,TESS,289539327.0,,0.027382686496914558,24.270567547108847,289539327.0,0.175
,11.2464616,7.391,7576.0,17.6677,6115.7,2.01,,,1218.0,,0,TESS,289539327.0,,0.027382686496914558,24.270567547108847,289539327.0,0.174
,24.2454967,3.3725583,6260.6703602,3.878568,3535.0,0.465271,,,122.2177444,,1,TESS,447061717.0,,0.005795850008653618,416.1769171591558,447061717.0,0.901
,24.2454967,3.3725583,6260.6703602,3.878568,3535.0,0.465271,,,122.2177444,,1,TESS,447061717.0,,0.005795850008653618,416.1769171591558,447061717.0,0.872
,24.2454967,3.3725583,6260.6703602,3.878568,3535.0,0.465271,,,122.2177444,,1,TESS,447061717.0,,0.005795850008653618,416.1769171591558,447061717.0,0.621
,14.1758947,3.7543827,907.1324529,2.6231641,5723.87,0.864173,,,690.9961983,,1,TESS,260647166.0,,0.011035113857060717,131.83166010137353,260647166.0,0.123
,14.1758947,3.7543827,907.1324529,2.6231641,5723.87,0.864173,,,690.9961983,,1,TESS,260647166.0,,0.011035113857060717,131.83166010137353,260647166.0,0.123
,14.1758947,3.7543827,907.1324529,2.6231641,5723.87,0.864173,,,690.9961983,,1,TESS,260647166.0,,0.011035113857060717,131.83166010137353,260647166.0,0.123
,14.1758947,3.7543827,907.1324529,2.6231641,5723.87,0.864173,,,690.9961983,,1,TESS,260647166.0,,0.011035113857060717,131.83166010137353,260647166.0,0.123
,14.1758947,3.7543827,907.1324529,2.6231641,5723.87,0.864173,,,690.9961983,,1,TESS,260647166.0,,0.011035113857060717,131.83166010137353,260647166.0,0.123
,14.1758947,3.7543827,907.1324529,2.6231641,5723.87,0.864173,,,690.9961983,,1,TESS,260647166.0,,0.011035113857060717,131.83166010137353,260647166.0,0.123
,14.1758947,3.7543827,907.1324529,2.6231641,5723.87,0.864173,,,690.9961983,,1,TESS,260647166.0,,0.011035113857060717,131.83166010137353,260647166.0,0.123
,14.1758947,3.7543827,907.1324529,2.6231641,5723.87,0.864173,,,690.9961983,,1,TESS,260647166.0,,0.011035113857060717,131.83166010137353,260647166.0,0.123
,14.1758947,3.7543827,907.1324529,2.6231641,5723.87,0.864173,,,690.9961983,,1,TESS,260647166.0,,0.011035113857060717,131.83166010137353,260647166.0,0.123
,14.1758947,3.7543827,907.1324529,2.6231641,5723.87,0.864173,,,690.9961983,,1,TESS,260647166.0,,0.011035113857060717,131.83166010137353,260647166.0,0.123
,14.1758947,3.7543827,907.1324529,2.6231641,5723.87,0.864173,,,690.9961983,,1,TESS,260647166.0,,0.011035113857060717,131.83166010137353,260647166.0,0.123
,14.1758947,3.7543827,907.1324529,2.6231641,5723.87,0.864173,,,690.9961983,,1,TESS,260647166.0,,0.011035113857060717,131.83166010137353,260647166.0,0.123
,14.1758947,3.7543827,907.1324529,2.6231641,5723.87,0.864173,,,690.9961983,,1,TESS,260647166.0,,0.011035113857060717,131.83166010137353,260647166.0,0.123
,14.1758947,3.7543827,907.1324529,2.6231641,5723.87,0.864173,,,690.9961983,,1,TESS,260647166.0,,0.011035113857060717,131.83166010137353,260647166.0,0.123
,14.1758947,3.7543827,907.1324529,2.6231641,5723.87,0.864173,,,690.9961983,,1,TESS,260647166.0,,0.011035113857060717,131.83166010137353,260647166.0,0.123
,14.1758947,3.7543827,907.1324529,2.6231641,5723.87,0.864173,,,690.9961983,,1,TESS,260647166.0,,0.011035113857060717,131.83166010137353,260647166.0,0.123
,19.5901578,4.002861,1182.6678641,3.0026428,5723.87,0.864173,,,620.3638839,,1,TESS,260647166.0,,0.008513758610217017,131.17630891574828,260647166.0,0.123
,19.5901578,4.002861,1182.6678641,3.0026428,5723.87,0.864173,,,620.3638839,,1,TESS,260647166.0,,0.008513758610217017,131.17630891574828,260647166.0,0.123
,19.5901578,4.002861,1182.6678641,3.0026428,5723.87,0.864173,,,620.3638839,,1,TESS,260647166.0,,0.008513758610217017,131.17630891574828,260647166.0,0.123
,19.5901578,4.002861,1182.6678641,3.0026428,5723.87,0.864173,,,620.3638839,,1,TESS,260647166.0,,0.008513758610217017,131.17630891574828,260647166.0,0.123
,19.5901578,4.002861,1182.6678641,3.0026428,5723.87,0.864173,,,620.3638839,,1,TESS,260647166.0,,0.008513758610217017,131.17630891574828,260647166.0,0.123
,19.5901578,4.002861,1182.6678641,3.0026428,5723.87,0.864173,,,620.3638839,,1,TESS,260647166.0,,0.008513758610217017,131.17630891574828,260647166.0,0.123
,19.5901578,4.002861,1182.6678641,3.0026428,5723.87,0.864173,,,620.3638839,,1,TESS,260647166.0,,0.008513758610217017,131.17630891574828,260647166.0,0.123
,19.5901578,4.002861,1182.6678641,3.0026428,5723.87,0.864173,,,620.3638839,,1,TESS,260647166.0,,0.008513758610217017,131.17630891574828,260647166.0,0.123
,19.5901578,4.002861,1182.6678641,3.0026428,5723.87,0.864173,,,620.3638839,,1,TESS,260647166.0,,0.008513758610217017,131.17630891574828,260647166.0,0.123
,19.5901578,4.002861,1182.6678641,3.0026428,5723.87,0.864173,,,620.3638839,,1,TESS,260647166.0,,0.008513758610217017,131.17630891574828,260647166.0,0.123
,19.5901578,4.002861,1182.6678641,3.0026428,5723.87,0.864173,,,620.3638839,,1,TESS,260647166.0,,0.008513758610217017,131.17630891574828,260647166.0,0.123
,19.5901578,4.002861,1182.6678641,3.0026428,5723.87,0.864173,,,620.3638839,,1,TESS,260647166.0,,0.008513758610217017,131.17630891574828,260647166.0,0.123
,19.5901578,4.002861,1182.6678641,3.0026428,5723.87,0.864173,,,620.3638839,,1,TESS,260647166.0,,0.008513758610217017,131.17630891574828,260647166.0,0.123
,19.5901578,4.002861,1182.6678641,3.0026428,5723.87,0.864173,,,620.3638839,,1,TESS,260647166.0,,0.008513758610217017,131.17630891574828,260647166.0,0.123
,19.5901578,4.002861,1182.6678641,3.0026428,5723.87,0.864173,,,620.3638839,,1,TESS,260647166.0,,0.008513758610217017,131.17630891574828,260647166.0,0.123
,19.5901578,4.002861,1182.6678641,3.0026428,5723.87,0.864173,,,620.3638839,,1,TESS,260647166.0,,0.008513758610217017,131.17630891574828,260647166.0,0.123
,6.2036219,3.01098,548.9044399,2.056748,5723.87,0.864173,,,910.1452592,,1,TESS,260647166.0,,0.02022326653359772,129.7580987921031,260647166.0,0.123
,6.2036219,3.01098,548.9044399,2.056748,5723.87,0.864173,,,910.1452592,,1,TESS,260647166.0,,0.02022326653359772,129.7580987921031,260647166.0,0.123
,6.2036219,3.01098,548.9044399,2.056748,5723.87,0.864173,,,910.1452592,,1,TESS,260647166.0,,0.02022326653359772,129.7580987921031,260647166.0,0.123
,6.2036219,3.01098,548.9044399,2.056748,5723.87,0.864173,,,910.1452592,,1,TESS,260647166.0,,0.02022326653359772,129.7580987921031,260647166.0,0.123
,6.2036219,3.01098,548.9044399,2.056748,5723.87,0.864173,,,910.1452592,,1,TESS,260647166.0,,0.02022326653359772,129.7580987921031,260647166.0,0.123
,6.2036219,3.01098,548.9044399,2.056748,5723.87,0.864173,,,910.1452592,,1,TESS,260647166.0,,0.02022326653359772,129.7580987921031,260647166.0,0.123
,6.2036219,3.01098,548.9044399,2.056748,5723.87,0.864173,,,910.1452592,,1,TESS,260647166.0,,0.02022326653359772,129.7580987921031,260647166.0,0.123
,6.2036219,3.01098,548.9044399,2.056748,5723.87,0.864173,,,910.1452592,,1,TESS,260647166.0,,0.02022326653359772,129.7580987921031,260647166.0,0.123
,6.2036219,3.01098,548.9044399,2.056748,5723.87,0.864173,,,910.1452592,,1,TESS,260647166.0,,0.02022326653359772,129.7580987921031,260647166.0,0.123
,6.2036219,3.01098,548.9044399,2.056748,5723.87,0.864173,,,910.1452592,,1,TESS,260647166.0,,0.02022326653359772,129.7580987921031,260647166.0,0.123
,6.2036219,3.01098,548.9044399,2.056748,5723.87,0.864173,,,910.1452592,,1,TESS,260647166.0,,0.02022326653359772,129.7580987921031,260647166.0,0.123
,6.2036219,3.01098,548.9044399,2.056748,5723.87,0.864173,,,910.1452592,,1,TESS,260647166.0,,0.02022326653359772,129.7580987921031,260647166.0,0.123
,6.2036219,3.01098,548.9044399,2.056748,5723.87,0.864173,,,910.1452592,,1,TESS,260647166.0,,0.02022326653359772,129.7580987921031,260647166.0,0.123
,6.2036219,3.01098,548.9044399,2.056748,5723.87,0.864173,,,910.1452592,,1,TESS,260647166.0,,0.02022326653359772,129.7580987921031,260647166.0,0.123
,6.2036219,3.01098,548.9044399,2.056748,5723.87,0.864173,,,910.1452592,,1,TESS,260647166.0,,0.02022326653359772,129.7580987921031,260647166.0,0.123
,6.2036219,3.01098,548.9044399,2.056748,5723.87,0.864173,,,910.1452592,,1,TESS,260647166.0,,0.02022326653359772,129.7580987921031,260647166.0,0.123
,3.79589,2.4602856,317.5272928,1.553135,5723.87,0.864173,,,1072.0653989,,1,TESS,260647166.0,,0.02700602464105888,131.6322992530927,260647166.0,0.123
,3.79589,2.4602856,317.5272928,1.553135,5723.87,0.864173,,,1072.0653989,,1,TESS,260647166.0,,0.02700602464105888,131.6322992530927,260647166.0,0.123
,3.79589,2.4602856,317.5272928,1.553135,5723.87,0.864173,,,1072.0653989,,1,TESS,260647166.0,,0.02700602464105888,131.6322992530927,260647166.0,0.123
,3.79589,2.4602856,317.5272928,1.553135,5723.87,0.864173,,,1072.0653989,,1,TESS,260647166.0,,0.02700602464105888,131.6322992530927,260647166.0,0.123
,3.79589,2.4602856,317.5272928,1.553135,5723.87,0.864173,,,1072.0653989,,1,TESS,260647166.0,,0.02700602464105888,131.6322992530927,260647166.0,0.123
,3.79589,2.4602856,317.5272928,1.553135,5723.87,0.864173,,,1072.0653989,,1,TESS,260647166.0,,0.02700602464105888,131.6322992530927,260647166.0,0.123
,3.79589,2.4602856,317.5272928,1.553135,5723.87,0.864173,,,1072.0653989,,1,TESS,260647166.0,,0.02700602464105888,131.6322992530927,260647166.0,0.123
,3.79589,2.4602856,317.5272928,1.553135,5723.87,0.864173,,,1072.0653989,,1,TESS,260647166.0,,0.02700602464105888,131.6322992530927,260647166.0,0.123
,3.79589,2.4602856,317.5272928,1.553135,5723.87,0.864173,,,1072.0653989,,1,TESS,260647166.0,,0.02700602464105888,131.6322992530927,260647166.0,0.123
,3.79589,2.4602856,317.5272928,1.553135,5723.87,0.864173,,,1072.0653989,,1,TESS,260647166.0,,0.02700602464105888,131.6322992530927,260647166.0,0.123
,3.79589,2.4602856,317.5272928,1.553135,5723.87,0.864173,,,1072.0653989,,1,TESS,260647166.0,,0.02700602464105888,131.6322992530927,260647166.0,0.123
,3.79589,2.4602856,317.5272928,1.553135,5723.87,0.864173,,,1072.0653989,,1,TESS,260647166.0,,0.02700602464105888,131.6322992530927,260647166.0,0.123
,3.79589,2.4602856,317.5272928,1.553135,5723.87,0.864173,,,1072.0653989,,1,TESS,260647166.0,,0.02700602464105888,131.6322992530927,260647166.0,0.123
,3.79589,2.4602856,317.5272928,1.553135,5723.87,0.864173,,,1072.0653989,,1,TESS,260647166.0,,0.02700602464105888,131.6322992530927,260647166.0,0.123
,3.79589,2.4602856,317.5272928,1.553135,5723.87,0.864173,,,1072.0653989,,1,TESS,260647166.0,,0.02700602464105888,131.6322992530927,260647166.0,0.123
,3.79589,2.4602856,317.5272928,1.553135,5723.87,0.864173,,,1072.0653989,,1,TESS,260647166.0,,0.02700602464105888,131.6322992530927,260647166.0,0.123
,2.2645386,3.8193701,15019.9420903,5.1936764,3443.0,0.411471,,,616.7174475,,0,TESS,90504905.0,,0.07027498577644424,556.8246703648687,90504905.0,0.417
,3.4447015,1.912,796.0,2.00495,3912.0,0.63,,,1086.0,,1,TESS,103633434.0,,0.023127306009832472,198.01854570676107,103633434.0,0.975
,3.4447015,1.912,796.0,2.00495,3912.0,0.63,,,1086.0,,1,TESS,103633434.0,,0.023127306009832472,198.01854570676107,103633434.0,0.393
,3.2947689,1.7483103,1324.0402774,2.5248559,3853.0,0.62326,,,700.5995436,,1,TESS,153951307.0,,0.022109672571804247,207.6959053802809,153951307.0,0.998
,3.2947689,1.7483103,1324.0402774,2.5248559,3853.0,0.62326,,,700.5995436,,1,TESS,153951307.0,,0.022109672571804247,207.6959053802809,153951307.0,0.998
,3.2947689,1.7483103,1324.0402774,2.5248559,3853.0,0.62326,,,700.5995436,,1,TESS,153951307.0,,0.022109672571804247,207.6959053802809,153951307.0,0.998
,3.2947689,1.7483103,1324.0402774,2.5248559,3853.0,0.62326,,,700.5995436,,1,TESS,153951307.0,,0.022109672571804247,207.6959053802809,153951307.0,0.998
,3.2947689,1.7483103,1324.0402774,2.5248559,3853.0,0.62326,,,700.5995436,,1,TESS,153951307.0,,0.022109672571804247,207.6959053802809,153951307.0,0.996
,3.2947689,1.7483103,1324.0402774,2.5248559,3853.0,0.62326,,,700.5995436,,1,TESS,153951307.0,,0.022109672571804247,207.6959053802809,153951307.0,0.996
,3.2947689,1.7483103,1324.0402774,2.5248559,3853.0,0.62326,,,700.5995436,,1,TESS,153951307.0,,0.022109672571804247,207.6959053802809,153951307.0,0.996
,3.2947689,1.7483103,1324.0402774,2.5248559,3853.0,0.62326,,,700.5995436,,1,TESS,153951307.0,,0.022109672571804247,207.6959053802809,153951307.0,0.996
,3.2947689,1.7483103,1324.0402774,2.5248559,3853.0,0.62326,,,700.5995436,,1,TESS,153951307.0,,0.022109672571804247,207.6959053802809,153951307.0,0.995
,3.2947689,1.7483103,1324.0402774,2.5248559,3853.0,0.62326,,,700.5995436,,1,TESS,153951307.0,,0.022109672571804247,207.6959053802809,153951307.0,0.995
,3.2947689,1.7483103,1324.0402774,2.5248559,3853.0,0.62326,,,700.5995436,,1,TESS,153951307.0,,0.022109672571804247,207.6959053802809,153951307.0,0.992
,3.2947689,1.7483103,1324.0402774,2.5248559,3853.0,0.62326,,,700.5995436,,1,TESS,153951307.0,,0.022109672571804247,207.6959053802809,153951307.0,0.992
,3.2947689,1.7483103,1324.0402774,2.5248559,3853.0,0.62326,,,700.5995436,,1,TESS,153951307.0,,0.022109672571804247,207.6959053802809,153951307.0,0.99
,3.2947689,1.7483103,1324.0402774,2.5248559,3853.0,0.62326,,,700.5995436,,1,TESS,153951307.0,,0.022109672571804247,207.6959053802809,153951307.0,0.99
,3.2947689,1.7483103,1324.0402774,2.5248559,3853.0,0.62326,,,700.5995436,,1,TESS,153951307.0,,0.022109672571804247,207.6959053802809,153951307.0,0.982
,3.2947689,1.7483103,1324.0402774,2.5248559,3853.0,0.62326,,,700.5995436,,1,TESS,153951307.0,,0.022109672571804247,207.6959053802809,153951307.0,0.982
,3.2947689,1.7483103,1324.0402774,2.5248559,3853.0,0.62326,,,700.5995436,,1,TESS,153951307.0,,0.022109672571804247,207.6959053802809,153951307.0,0.937
,3.2947689,1.7483103,1324.0402774,2.5248559,3853.0,0.62326,,,700.5995436,,1,TESS,153951307.0,,0.022109672571804247,207.6959053802809,153951307.0,0.937
,3.2947689,1.7483103,1324.0402774,2.5248559,3853.0,0.62326,,,700.5995436,,1,TESS,153951307.0,,0.022109672571804247,207.6959053802809,153951307.0,0.91
,3.2947689,1.7483103,1324.0402774,2.5248559,3853.0,0.62326,,,700.5995436,,1,TESS,153951307.0,,0.022109672571804247,207.6959053802809,153951307.0,0.91
,3.2947689,1.7483103,1324.0402774,2.5248559,3853.0,0.62326,,,700.5995436,,1,TESS,153951307.0,,0.022109672571804247,207.6959053802809,153951307.0,0.794
,3.2947689,1.7483103,1324.0402774,2.5248559,3853.0,0.62326,,,700.5995436,,1,TESS,153951307.0,,0.022109672571804247,207.6959053802809,153951307.0,0.794
,3.2947689,1.7483103,1324.0402774,2.5248559,3853.0,0.62326,,,700.5995436,,1,TESS,153951307.0,,0.022109672571804247,207.6959053802809,153951307.0,0.771
,3.2947689,1.7483103,1324.0402774,2.5248559,3853.0,0.62326,,,700.5995436,,1,TESS,153951307.0,,0.022109672571804247,207.6959053802809,153951307.0,0.771
,3.2947689,1.7483103,1324.0402774,2.5248559,3853.0,0.62326,,,700.5995436,,1,TESS,153951307.0,,0.022109672571804247,207.6959053802809,153951307.0,0.698
,3.2947689,1.7483103,1324.0402774,2.5248559,3853.0,0.62326,,,700.5995436,,1,TESS,153951307.0,,0.022109672571804247,207.6959053802809,153951307.0,0.698
,3.2947689,1.7483103,1324.0402774,2.5248559,3853.0,0.62326,,,700.5995436,,1,TESS,153951307.0,,0.022109672571804247,207.6959053802809,153951307.0,0.381
,3.2947689,1.7483103,1324.0402774,2.5248559,3853.0,0.62326,,,700.5995436,,1,TESS,153951307.0,,0.022109672571804247,207.6959053802809,153951307.0,0.381
,3.2947689,1.7483103,1324.0402774,2.5248559,3853.0,0.62326,,,700.5995436,,1,TESS,153951307.0,,0.022109672571804247,207.6959053802809,153951307.0,0.998
,3.2947689,1.7483103,1324.0402774,2.5248559,3853.0,0.62326,,,700.5995436,,1,TESS,153951307.0,,0.022109672571804247,207.6959053802809,153951307.0,0.998
,3.2947689,1.7483103,1324.0402774,2.5248559,3853.0,0.62326,,,700.5995436,,1,TESS,153951307.0,,0.022109672571804247,207.6959053802809,153951307.0,0.998
,3.2947689,1.7483103,1324.0402774,2.5248559,3853.0,0.62326,,,700.5995436,,1,TESS,153951307.0,,0.022109672571804247,207.6959053802809,153951307.0,0.998
,3.2947689,1.7483103,1324.0402774,2.5248559,3853.0,0.62326,,,700.5995436,,1,TESS,153951307.0,,0.022109672571804247,207.6959053802809,153951307.0,0.996
,3.2947689,1.7483103,1324.0402774,2.5248559,3853.0,0.62326,,,700.5995436,,1,TESS,153951307.0,,0.022109672571804247,207.6959053802809,153951307.0,0.996
,3.2947689,1.7483103,1324.0402774,2.5248559,3853.0,0.62326,,,700.5995436,,1,TESS,153951307.0,,0.022109672571804247,207.6959053802809,153951307.0,0.996
,3.2947689,1.7483103,1324.0402774,2.5248559,3853.0,0.62326,,,700.5995436,,1,TESS,153951307.0,,0.022109672571804247,207.6959053802809,153951307.0,0.996
,3.2947689,1.7483103,1324.0402774,2.5248559,3853.0,0.62326,,,700.5995436,,1,TESS,153951307.0,,0.022109672571804247,207.6959053802809,153951307.0,0.995
,3.2947689,1.7483103,1324.0402774,2.5248559,3853.0,0.62326,,,700.5995436,,1,TESS,153951307.0,,0.022109672571804247,207.6959053802809,153951307.0,0.995
,3.2947689,1.7483103,1324.0402774,2.5248559,3853.0,0.62326,,,700.5995436,,1,TESS,153951307.0,,0.022109672571804247,207.6959053802809,153951307.0,0.992
,3.2947689,1.7483103,1324.0402774,2.5248559,3853.0,0.62326,,,700.5995436,,1,TESS,153951307.0,,0.022109672571804247,207.6959053802809,153951307.0,0.992
,3.2947689,1.7483103,1324.0402774,2.5248559,3853.0,0.62326,,,700.5995436,,1,TESS,153951307.0,,0.022109672571804247,207.6959053802809,153951307.0,0.99
,3.2947689,1.7483103,1324.0402774,2.5248559,3853.0,0.62326,,,700.5995436,,1,TESS,153951307.0,,0.022109672571804247,207.6959053802809,153951307.0,0.99
,3.2947689,1.7483103,1324.0402774,2.5248559,3853.0,0.62326,,,700.5995436,,1,TESS,153951307.0,,0.022109672571804247,207.6959053802809,153951307.0,0.982
,3.2947689,1.7483103,1324.0402774,2.5248559,3853.0,0.62326,,,700.5995436,,1,TESS,153951307.0,,0.022109672571804247,207.6959053802809,153951307.0,0.982
,3.2947689,1.7483103,1324.0402774,2.5248559,3853.0,0.62326,,,700.5995436,,1,TESS,153951307.0,,0.022109672571804247,207.6959053802809,153951307.0,0.937
,3.2947689,1.7483103,1324.0402774,2.5248559,3853.0,0.62326,,,700.5995436,,1,TESS,153951307.0,,0.022109672571804247,207.6959053802809,153951307.0,0.937
,3.2947689,1.7483103,1324.0402774,2.5248559,3853.0,0.62326,,,700.5995436,,1,TESS,153951307.0,,0.022109672571804247,207.6959053802809,153951307.0,0.91
,3.2947689,1.7483103,1324.0402774,2.5248559,3853.0,0.62326,,,700.5995436,,1,TESS,153951307.0,,0.022109672571804247,207.6959053802809,153951307.0,0.91
,3.2947689,1.7483103,1324.0402774,2.5248559,3853.0,0.62326,,,700.5995436,,1,TESS,153951307.0,,0.022109672571804247,207.6959053802809,153951307.0,0.794
,3.2947689,1.7483103,1324.0402774,2.5248559,3853.0,0.62326,,,700.5995436,,1,TESS,153951307.0,,0.022109672571804247,207.6959053802809,153951307.0,0.794
,3.2947689,1.7483103,1324.0402774,2.5248559,3853.0,0.62326,,,700.5995436,,1,TESS,153951307.0,,0.022109672571804247,207.6959053802809,153951307.0,0.771
,3.2947689,1.7483103,1324.0402774,2.5248559,3853.0,0.62326,,,700.5995436,,1,TESS,153951307.0,,0.022109672571804247,207.6959053802809,153951307.0,0.771
,3.2947689,1.7483103,1324.0402774,2.5248559,3853.0,0.62326,,,700.5995436,,1,TESS,153951307.0,,0.022109672571804247,207.6959053802809,153951307.0,0.698
,3.2947689,1.7483103,1324.0402774,2.5248559,3853.0,0.62326,,,700.5995436,,1,TESS,153951307.0,,0.022109672571804247,207.6959053802809,153951307.0,0.698
,3.2947689,1.7483103,1324.0402774,2.5248559,3853.0,0.62326,,,700.5995436,,1,TESS,153951307.0,,0.022109672571804247,207.6959053802809,153951307.0,0.381
,3.2947689,1.7483103,1324.0402774,2.5248559,3853.0,0.62326,,,700.5995436,,1,TESS,153951307.0,,0.022109672571804247,207.6959053802809,153951307.0,0.381
,0.7645807,1.07057,394.9832006,1.2407226,3853.0,0.62326,,,1140.0845694,,1,TESS,153951307.0,,0.05834188713162831,256.583636737756,153951307.0,0.998
,0.7645807,1.07057,394.9832006,1.2407226,3853.0,0.62326,,,1140.0845694,,1,TESS,153951307.0,,0.05834188713162831,256.583636737756,153951307.0,0.998
,0.7645807,1.07057,394.9832006,1.2407226,3853.0,0.62326,,,1140.0845694,,1,TESS,153951307.0,,0.05834188713162831,256.583636737756,153951307.0,0.998
,0.7645807,1.07057,394.9832006,1.2407226,3853.0,0.62326,,,1140.0845694,,1,TESS,153951307.0,,0.05834188713162831,256.583636737756,153951307.0,0.998
,0.7645807,1.07057,394.9832006,1.2407226,3853.0,0.62326,,,1140.0845694,,1,TESS,153951307.0,,0.05834188713162831,256.583636737756,153951307.0,0.996
,0.7645807,1.07057,394.9832006,1.2407226,3853.0,0.62326,,,1140.0845694,,1,TESS,153951307.0,,0.05834188713162831,256.583636737756,153951307.0,0.996
,0.7645807,1.07057,394.9832006,1.2407226,3853.0,0.62326,,,1140.0845694,,1,TESS,153951307.0,,0.05834188713162831,256.583636737756,153951307.0,0.996
,0.7645807,1.07057,394.9832006,1.2407226,3853.0,0.62326,,,1140.0845694,,1,TESS,153951307.0,,0.05834188713162831,256.583636737756,153951307.0,0.996
,0.7645807,1.07057,394.9832006,1.2407226,3853.0,0.62326,,,1140.0845694,,1,TESS,153951307.0,,0.05834188713162831,256.583636737756,153951307.0,0.995
,0.7645807,1.07057,394.9832006,1.2407226,3853.0,0.62326,,,1140.0845694,,1,TESS,153951307.0,,0.05834188713162831,256.583636737756,153951307.0,0.995
,0.7645807,1.07057,394.9832006,1.2407226,3853.0,0.62326,,,1140.0845694,,1,TESS,153951307.0,,0.05834188713162831,256.583636737756,153951307.0,0.992
,0.7645807,1.07057,394.9832006,1.2407226,3853.0,0.62326,,,1140.0845694,,1,TESS,153951307.0,,0.05834188713162831,256.583636737756,153951307.0,0.992
,0.7645807,1.07057,394.9832006,1.2407226,3853.0,0.62326,,,1140.0845694,,1,TESS,153951307.0,,0.05834188713162831,256.583636737756,153951307.0,0.99
,0.7645807,1.07057,394.9832006,1.2407226,3853.0,0.62326,,,1140.0845694,,1,TESS,153951307.0,,0.05834188713162831,256.583636737756,153951307.0,0.99
,0.7645807,1.07057,394.9832006,1.2407226,3853.0,0.62326,,,1140.0845694,,1,TESS,153951307.0,,0.05834188713162831,256.583636737756,153951307.0,0.982
,0.7645807,1.07057,394.9832006,1.2407226,3853.0,0.62326,,,1140.0845694,,1,TESS,153951307.0,,0.05834188713162831,256.583636737756,153951307.0,0.982
,0.7645807,1.07057,394.9832006,1.2407226,3853.0,0.62326,,,1140.0845694,,1,TESS,153951307.0,,0.05834188713162831,256.583636737756,153951307.0,0.937
,0.7645807,1.07057,394.9832006,1.2407226,3853.0,0.62326,,,1140.0845694,,1,TESS,153951307.0,,0.05834188713162831,256.583636737756,153951307.0,0.937
,0.7645807,1.07057,394.9832006,1.2407226,3853.0,0.62326,,,1140.0845694,,1,TESS,153951307.0,,0.05834188713162831,256.583636737756,153951307.0,0.91
,0.7645807,1.07057,394.9832006,1.2407226,3853.0,0.62326,,,1140.0845694,,1,TESS,153951307.0,,0.05834188713162831,256.583636737756,153951307.0,0.91
,0.7645807,1.07057,394.9832006,1.2407226,3853.0,0.62326,,,1140.0845694,,1,TESS,153951307.0,,0.05834188713162831,256.583636737756,153951307.0,0.794
,0.7645807,1.07057,394.9832006,1.2407226,3853.0,0.62326,,,1140.0845694,,1,TESS,153951307.0,,0.05834188713162831,256.583636737756,153951307.0,0.794
,0.7645807,1.07057,394.9832006,1.2407226,3853.0,0.62326,,,1140.0845694,,1,TESS,153951307.0,,0.05834188713162831,256.583636737756,153951307.0,0.771
,0.7645807,1.07057,394.9832006,1.2407226,3853.0,0.62326,,,1140.0845694,,1,TESS,153951307.0,,0.05834188713162831,256.583636737756,153951307.0,0.771
,0.7645807,1.07057,394.9832006,1.2407226,3853.0,0.62326,,,1140.0845694,,1,TESS,153951307.0,,0.05834188713162831,256.583636737756,153951307.0,0.698
,0.7645807,1.07057,394.9832006,1.2407226,3853.0,0.62326,,,1140.0845694,,1,TESS,153951307.0,,0.05834188713162831,256.583636737756,153951307.0,0.698
,0.7645807,1.07057,394.9832006,1.2407226,3853.0,0.62326,,,1140.0845694,,1,TESS,153951307.0,,0.05834188713162831,256.583636737756,153951307.0,0.381
,0.7645807,1.07057,394.9832006,1.2407226,3853.0,0.62326,,,1140.0845694,,1,TESS,153951307.0,,0.05834188713162831,256.583636737756,153951307.0,0.381
,0.7645807,1.07057,394.9832006,1.2407226,3853.0,0.62326,,,1140.0845694,,1,TESS,153951307.0,,0.05834188713162831,256.583636737756,153951307.0,0.998
,0.7645807,1.07057,394.9832006,1.2407226,3853.0,0.62326,,,1140.0845694,,1,TESS,153951307.0,,0.05834188713162831,256.583636737756,153951307.0,0.998
,0.7645807,1.07057,394.9832006,1.2407226,3853.0,0.62326,,,1140.0845694,,1,TESS,153951307.0,,0.05834188713162831,256.583636737756,153951307.0,0.998
,0.7645807,1.07057,394.9832006,1.2407226,3853.0,0.62326,,,1140.0845694,,1,TESS,153951307.0,,0.05834188713162831,256.583636737756,153951307.0,0.998
,0.7645807,1.07057,394.9832006,1.2407226,3853.0,0.62326,,,1140.0845694,,1,TESS,153951307.0,,0.05834188713162831,256.583636737756,153951307.0,0.996
,0.7645807,1.07057,394.9832006,1.2407226,3853.0,0.62326,,,1140.0845694,,1,TESS,153951307.0,,0.05834188713162831,256.583636737756,153951307.0,0.996
,0.7645807,1.07057,394.9832006,1.2407226,3853.0,0.62326,,,1140.0845694,,1,TESS,153951307.0,,0.05834188713162831,256.583636737756,153951307.0,0.996
,0.7645807,1.07057,394.9832006,1.2407226,3853.0,0.62326,,,1140.0845694,,1,TESS,153951307.0,,0.05834188713162831,256.583636737756,153951307.0,0.996
,0.7645807,1.07057,394.9832006,1.2407226,3853.0,0.62326,,,1140.0845694,,1,TESS,153951307.0,,0.05834188713162831,256.583636737756,153951307.0,0.995
,0.7645807,1.07057,394.9832006,1.2407226,3853.0,0.62326,,,1140.0845694,,1,TESS,153951307.0,,0.05834188713162831,256.583636737756,153951307.0,0.995
,0.7645807,1.07057,394.9832006,1.2407226,3853.0,0.62326,,,1140.0845694,,1,TESS,153951307.0,,0.05834188713162831,256.583636737756,153951307.0,0.992
,0.7645807,1.07057,394.9832006,1.2407226,3853.0,0.62326,,,1140.0845694,,1,TESS,153951307.0,,0.05834188713162831,256.583636737756,153951307.0,0.992
,0.7645807,1.07057,394.9832006,1.2407226,3853.0,0.62326,,,1140.0845694,,1,TESS,153951307.0,,0.05834188713162831,256.583636737756,153951307.0,0.99
,0.7645807,1.07057,394.9832006,1.2407226,3853.0,0.62326,,,1140.0845694,,1,TESS,153951307.0,,0.05834188713162831,256.583636737756,153951307.0,0.99
,0.7645807,1.07057,394.9832006,1.2407226,3853.0,0.62326,,,1140.0845694,,1,TESS,153951307.0,,0.05834188713162831,256.583636737756,153951307.0,0.982
,0.7645807,1.07057,394.9832006,1.2407226,3853.0,0.62326,,,1140.0845694,,1,TESS,153951307.0,,0.05834188713162831,256.583636737756,153951307.0,0.982
,0.7645807,1.07057,394.9832006,1.2407226,3853.0,0.62326,,,1140.0845694,,1,TESS,153951307.0,,0.05834188713162831,256.583636737756,153951307.0,0.937
,0.7645807,1.07057,394.9832006,1.2407226,3853.0,0.62326,,,1140.0845694,,1,TESS,153951307.0,,0.05834188713162831,256.583636737756,153951307.0,0.937
,0.7645807,1.07057,394.9832006,1.2407226,3853.0,0.62326,,,1140.0845694,,1,TESS,153951307.0,,0.05834188713162831,256.583636737756,153951307.0,0.91
,0.7645807,1.07057,394.9832006,1.2407226,3853.0,0.62326,,,1140.0845694,,1,TESS,153951307.0,,0.05834188713162831,256.583636737756,153951307.0,0.91
,0.7645807,1.07057,394.9832006,1.2407226,3853.0,0.62326,,,1140.0845694,,1,TESS,153951307.0,,0.05834188713162831,256.583636737756,153951307.0,0.794
,0.7645807,1.07057,394.9832006,1.2407226,3853.0,0.62326,,,1140.0845694,,1,TESS,153951307.0,,0.05834188713162831,256.583636737756,153951307.0,0.794
,0.7645807,1.07057,394.9832006,1.2407226,3853.0,0.62326,,,1140.0845694,,1,TESS,153951307.0,,0.05834188713162831,256.583636737756,153951307.0,0.771
,0.7645807,1.07057,394.9832006,1.2407226,3853.0,0.62326,,,1140.0845694,,1,TESS,153951307.0,,0.05834188713162831,256.583636737756,153951307.0,0.771
,0.7645807,1.07057,394.9832006,1.2407226,3853.0,0.62326,,,1140.0845694,,1,TESS,153951307.0,,0.05834188713162831,256.583636737756,153951307.0,0.698
,0.7645807,1.07057,394.9832006,1.2407226,3853.0,0.62326,,,1140.0845694,,1,TESS,153951307.0,,0.05834188713162831,256.583636737756,153951307.0,0.698
,0.7645807,1.07057,394.9832006,1.2407226,3853.0,0.62326,,,1140.0845694,,1,TESS,153951307.0,,0.05834188713162831,256.583636737756,153951307.0,0.381
,0.7645807,1.07057,394.9832006,1.2407226,3853.0,0.62326,,,1140.0845694,,1,TESS,153951307.0,,0.05834188713162831,256.583636737756,153951307.0,0.381
,12.6396982,3.3830702,3292.6812864,4.6025162,5217.0,0.789425,,,640.0266601,,1,TESS,154716798.0,,0.011152264527064075,155.43865270554898,154716798.0,0.177
,27.2149622,3.7190483,4731.4046225,8.3475973,6270.0,0.989667,,,573.0537137,,0,TESS,399144800.0,,0.005693939402057515,67.8995824802084,399144800.0,0.194
,4.1782656,1.675904,2537.6781602,2.1023854,3442.0,0.404403,,,492.7241583,,1,TESS,299798795.0,,0.01671251646543927,574.1320349307289,299798795.0,0.994
,4.1782656,1.675904,2537.6781602,2.1023854,3442.0,0.404403,,,492.7241583,,1,TESS,299798795.0,,0.01671251646543927,574.1320349307289,299798795.0,0.994
,4.1782656,1.675904,2537.6781602,2.1023854,3442.0,0.404403,,,492.7241583,,1,TESS,299798795.0,,0.01671251646543927,574.1320349307289,299798795.0,0.926
,4.1782656,1.675904,2537.6781602,2.1023854,3442.0,0.404403,,,492.7241583,,1,TESS,299798795.0,,0.01671251646543927,574.1320349307289,299798795.0,0.926
,4.1782656,1.675904,2537.6781602,2.1023854,3442.0,0.404403,,,492.7241583,,1,TESS,299798795.0,,0.01671251646543927,574.1320349307289,299798795.0,0.793
,4.1782656,1.675904,2537.6781602,2.1023854,3442.0,0.404403,,,492.7241583,,1,TESS,299798795.0,,0.01671251646543927,574.1320349307289,299798795.0,0.793
,4.1782656,1.675904,2537.6781602,2.1023854,3442.0,0.404403,,,492.7241583,,1,TESS,299798795.0,,0.01671251646543927,574.1320349307289,299798795.0,0.555
,4.1782656,1.675904,2537.6781602,2.1023854,3442.0,0.404403,,,492.7241583,,1,TESS,299798795.0,,0.01671251646543927,574.1320349307289,299798795.0,0.555
,4.1782656,1.675904,2537.6781602,2.1023854,3442.0,0.404403,,,492.7241583,,1,TESS,299798795.0,,0.01671251646543927,574.1320349307289,299798795.0,0.994
,4.1782656,1.675904,2537.6781602,2.1023854,3442.0,0.404403,,,492.7241583,,1,TESS,299798795.0,,0.01671251646543927,574.1320349307289,299798795.0,0.994
,4.1782656,1.675904,2537.6781602,2.1023854,3442.0,0.404403,,,492.7241583,,1,TESS,299798795.0,,0.01671251646543927,574.1320349307289,299798795.0,0.926
,4.1782656,1.675904,2537.6781602,2.1023854,3442.0,0.404403,,,492.7241583,,1,TESS,299798795.0,,0.01671251646543927,574.1320349307289,299798795.0,0.926
,4.1782656,1.675904,2537.6781602,2.1023854,3442.0,0.404403,,,492.7241583,,1,TESS,299798795.0,,0.01671251646543927,574.1320349307289,299798795.0,0.793
,4.1782656,1.675904,2537.6781602,2.1023854,3442.0,0.404403,,,492.7241583,,1,TESS,299798795.0,,0.01671251646543927,574.1320349307289,299798795.0,0.793
,4.1782656,1.675904,2537.6781602,2.1023854,3442.0,0.404403,,,492.7241583,,1,TESS,299798795.0,,0.01671251646543927,574.1320349307289,299798795.0,0.555
,4.1782656,1.675904,2537.6781602,2.1023854,3442.0,0.404403,,,492.7241583,,1,TESS,299798795.0,,0.01671251646543927,574.1320349307289,299798795.0,0.555
,17.9453645,3.0740072,5480.684864,3.3839124,3442.0,0.404403,,,303.1226876,,1,TESS,299798795.0,,0.007137421646461445,478.6263116355566,299798795.0,0.994
,17.9453645,3.0740072,5480.684864,3.3839124,3442.0,0.404403,,,303.1226876,,1,TESS,299798795.0,,0.007137421646461445,478.6263116355566,299798795.0,0.994
,17.9453645,3.0740072,5480.684864,3.3839124,3442.0,0.404403,,,303.1226876,,1,TESS,299798795.0,,0.007137421646461445,478.6263116355566,299798795.0,0.926
,17.9453645,3.0740072,5480.684864,3.3839124,3442.0,0.404403,,,303.1226876,,1,TESS,299798795.0,,0.007137421646461445,478.6263116355566,299798795.0,0.926
,17.9453645,3.0740072,5480.684864,3.3839124,3442.0,0.404403,,,303.1226876,,1,TESS,299798795.0,,0.007137421646461445,478.6263116355566,299798795.0,0.793
,17.9453645,3.0740072,5480.684864,3.3839124,3442.0,0.404403,,,303.1226876,,1,TESS,299798795.0,,0.007137421646461445,478.6263116355566,299798795.0,0.793
,17.9453645,3.0740072,5480.684864,3.3839124,3442.0,0.404403,,,303.1226876,,1,TESS,299798795.0,,0.007137421646461445,478.6263116355566,299798795.0,0.555
,17.9453645,3.0740072,5480.684864,3.3839124,3442.0,0.404403,,,303.1226876,,1,TESS,299798795.0,,0.007137421646461445,478.6263116355566,299798795.0,0.555
,17.9453645,3.0740072,5480.684864,3.3839124,3442.0,0.404403,,,303.1226876,,1,TESS,299798795.0,,0.007137421646461445,478.6263116355566,299798795.0,0.994
,17.9453645,3.0740072,5480.684864,3.3839124,3442.0,0.404403,,,303.1226876,,1,TESS,299798795.0,,0.007137421646461445,478.6263116355566,299798795.0,0.994
,17.9453645,3.0740072,5480.684864,3.3839124,3442.0,0.404403,,,303.1226876,,1,TESS,299798795.0,,0.007137421646461445,478.6263116355566,299798795.0,0.926
,17.9453645,3.0740072,5480.684864,3.3839124,3442.0,0.404403,,,303.1226876,,1,TESS,299798795.0,,0.007137421646461445,478.6263116355566,299798795.0,0.926
,17.9453645,3.0740072,5480.684864,3.3839124,3442.0,0.404403,,,303.1226876,,1,TESS,299798795.0,,0.007137421646461445,478.6263116355566,299798795.0,0.793
,17.9453645,3.0740072,5480.684864,3.3839124,3442.0,0.404403,,,303.1226876,,1,TESS,299798795.0,,0.007137421646461445,478.6263116355566,299798795.0,0.793
,17.9453645,3.0740072,5480.684864,3.3839124,3442.0,0.404403,,,303.1226876,,1,TESS,299798795.0,,0.007137421646461445,478.6263116355566,299798795.0,0.555
,17.9453645,3.0740072,5480.684864,3.3839124,3442.0,0.404403,,,303.1226876,,1,TESS,299798795.0,,0.007137421646461445,478.6263116355566,299798795.0,0.555
,27.3613778,4.0586418,20690.6684294,6.4522449,3050.0,0.44128,,,243.7718547,,1,TESS,360156606.0,,0.006180612540004272,496.995921362886,360156606.0,0.207
,9.6141636,3.4271882,933.6532689,3.2264735,5477.0,0.840608,,,749.8978043,,1,TESS,224297258.0,,0.014853034923855141,89.68697484516672,224297258.0,0.993
,9.6141636,3.4271882,933.6532689,3.2264735,5477.0,0.840608,,,749.8978043,,1,TESS,224297258.0,,0.014853034923855141,89.68697484516672,224297258.0,0.993
,9.6141636,3.4271882,933.6532689,3.2264735,5477.0,0.840608,,,749.8978043,,1,TESS,224297258.0,,0.014853034923855141,89.68697484516672,224297258.0,0.987
,9.6141636,3.4271882,933.6532689,3.2264735,5477.0,0.840608,,,749.8978043,,1,TESS,224297258.0,,0.014853034923855141,89.68697484516672,224297258.0,0.97
,9.6141636,3.4271882,933.6532689,3.2264735,5477.0,0.840608,,,749.8978043,,1,TESS,224297258.0,,0.014853034923855141,89.68697484516672,224297258.0,0.964
,9.6141636,3.4271882,933.6532689,3.2264735,5477.0,0.840608,,,749.8978043,,1,TESS,224297258.0,,0.014853034923855141,89.68697484516672,224297258.0,0.942
,9.6141636,3.4271882,933.6532689,3.2264735,5477.0,0.840608,,,749.8978043,,1,TESS,224297258.0,,0.014853034923855141,89.68697484516672,224297258.0,0.842
,9.6141636,3.4271882,933.6532689,3.2264735,5477.0,0.840608,,,749.8978043,,1,TESS,224297258.0,,0.014853034923855141,89.68697484516672,224297258.0,0.715
,4.9404714,1.954,455.0,2.3216,6086.0,1.13,,,1178.0,,1,TESS,391949880.0,,0.016479533912496572,84.4182851742292,391949880.0,0.995
,4.9404714,1.954,455.0,2.3216,6086.0,1.13,,,1178.0,,1,TESS,391949880.0,,0.016479533912496572,84.4182851742292,391949880.0,0.993
,4.9404714,1.954,455.0,2.3216,6086.0,1.13,,,1178.0,,1,TESS,391949880.0,,0.016479533912496572,84.4182851742292,391949880.0,0.992
,4.9404714,1.954,455.0,2.3216,6086.0,1.13,,,1178.0,,1,TESS,391949880.0,,0.016479533912496572,84.4182851742292,391949880.0,0.984
,4.9404714,1.954,455.0,2.3216,6086.0,1.13,,,1178.0,,1,TESS,391949880.0,,0.016479533912496572,84.4182851742292,391949880.0,0.977
,4.9404714,1.954,455.0,2.3216,6086.0,1.13,,,1178.0,,1,TESS,391949880.0,,0.016479533912496572,84.4182851742292,391949880.0,0.939
,4.9404714,1.954,455.0,2.3216,6086.0,1.13,,,1178.0,,1,TESS,391949880.0,,0.016479533912496572,84.4182851742292,391949880.0,0.934
,4.9404714,1.954,455.0,2.3216,6086.0,1.13,,,1178.0,,1,TESS,391949880.0,,0.016479533912496572,84.4182851742292,391949880.0,0.933
,4.9404714,1.954,455.0,2.3216,6086.0,1.13,,,1178.0,,1,TESS,391949880.0,,0.016479533912496572,84.4182851742292,391949880.0,0.922
,4.9404714,1.954,455.0,2.3216,6086.0,1.13,,,1178.0,,1,TESS,391949880.0,,0.016479533912496572,84.4182851742292,391949880.0,0.913
,4.9404714,1.954,455.0,2.3216,6086.0,1.13,,,1178.0,,1,TESS,391949880.0,,0.016479533912496572,84.4182851742292,391949880.0,0.898
,4.9404714,1.954,455.0,2.3216,6086.0,1.13,,,1178.0,,1,TESS,391949880.0,,0.016479533912496572,84.4182851742292,391949880.0,0.847
,4.9404714,1.954,455.0,2.3216,6086.0,1.13,,,1178.0,,1,TESS,391949880.0,,0.016479533912496572,84.4182851742292,391949880.0,0.799
,4.9404714,1.954,455.0,2.3216,6086.0,1.13,,,1178.0,,1,TESS,391949880.0,,0.016479533912496572,84.4182851742292,391949880.0,0.769
,4.9404714,1.954,455.0,2.3216,6086.0,1.13,,,1178.0,,1,TESS,391949880.0,,0.016479533912496572,84.4182851742292,391949880.0,0.369
,4.9404714,1.954,455.0,2.3216,6086.0,1.13,,,1178.0,,1,TESS,391949880.0,,0.016479533912496572,84.4182851742292,391949880.0,0.114
,1.2284388,1.9190118,1229.4965125,1.866263,3526.0,0.53023,,,841.1003116,,0,TESS,274662200.0,,0.06508978899716084,353.0055102709605,274662200.0,0.149
,6.4002807,2.1559875,1026.6018729,2.2730301,4599.0,0.720551,,,699.0536347,,1,TESS,219850915.0,,0.014035761262029746,198.69713019718196,219850915.0,0.998
,6.4002807,2.1559875,1026.6018729,2.2730301,4599.0,0.720551,,,699.0536347,,1,TESS,219850915.0,,0.014035761262029746,198.69713019718196,219850915.0,0.997
,6.4002807,2.1559875,1026.6018729,2.2730301,4599.0,0.720551,,,699.0536347,,1,TESS,219850915.0,,0.014035761262029746,198.69713019718196,219850915.0,0.995
,6.4002807,2.1559875,1026.6018729,2.2730301,4599.0,0.720551,,,699.0536347,,1,TESS,219850915.0,,0.014035761262029746,198.69713019718196,219850915.0,0.995
,6.4002807,2.1559875,1026.6018729,2.2730301,4599.0,0.720551,,,699.0536347,,1,TESS,219850915.0,,0.014035761262029746,198.69713019718196,219850915.0,0.994
,6.4002807,2.1559875,1026.6018729,2.2730301,4599.0,0.720551,,,699.0536347,,1,TESS,219850915.0,,0.014035761262029746,198.69713019718196,219850915.0,0.993
,6.4002807,2.1559875,1026.6018729,2.2730301,4599.0,0.720551,,,699.0536347,,1,TESS,219850915.0,,0.014035761262029746,198.69713019718196,219850915.0,0.993
,6.4002807,2.1559875,1026.6018729,2.2730301,4599.0,0.720551,,,699.0536347,,1,TESS,219850915.0,,0.014035761262029746,198.69713019718196,219850915.0,0.987
,6.4002807,2.1559875,1026.6018729,2.2730301,4599.0,0.720551,,,699.0536347,,1,TESS,219850915.0,,0.014035761262029746,198.69713019718196,219850915.0,0.984
,6.4002807,2.1559875,1026.6018729,2.2730301,4599.0,0.720551,,,699.0536347,,1,TESS,219850915.0,,0.014035761262029746,198.69713019718196,219850915.0,0.978
,6.4002807,2.1559875,1026.6018729,2.2730301,4599.0,0.720551,,,699.0536347,,1,TESS,219850915.0,,0.014035761262029746,198.69713019718196,219850915.0,0.969
,6.4002807,2.1559875,1026.6018729,2.2730301,4599.0,0.720551,,,699.0536347,,1,TESS,219850915.0,,0.014035761262029746,198.69713019718196,219850915.0,0.927
,6.4002807,2.1559875,1026.6018729,2.2730301,4599.0,0.720551,,,699.0536347,,1,TESS,219850915.0,,0.014035761262029746,198.69713019718196,219850915.0,0.917
,6.4002807,2.1559875,1026.6018729,2.2730301,4599.0,0.720551,,,699.0536347,,1,TESS,219850915.0,,0.014035761262029746,198.69713019718196,219850915.0,0.909
,6.4002807,2.1559875,1026.6018729,2.2730301,4599.0,0.720551,,,699.0536347,,1,TESS,219850915.0,,0.014035761262029746,198.69713019718196,219850915.0,0.893
,6.4002807,2.1559875,1026.6018729,2.2730301,4599.0,0.720551,,,699.0536347,,1,TESS,219850915.0,,0.014035761262029746,198.69713019718196,219850915.0,0.886
,6.4002807,2.1559875,1026.6018729,2.2730301,4599.0,0.720551,,,699.0536347,,1,TESS,219850915.0,,0.014035761262029746,198.69713019718196,219850915.0,0.875
,18.6548829,5.4431451,1495.4449473,4.3869878,5141.0,0.876154,,,585.8091542,,1,TESS,230127302.0,,0.012157552165252956,77.70295835555892,230127302.0,0.905
,18.6548829,5.4431451,1495.4449473,4.3869878,5141.0,0.876154,,,585.8091542,,1,TESS,230127302.0,,0.012157552165252956,77.70295835555892,230127302.0,0.905
,18.6548829,5.4431451,1495.4449473,4.3869878,5141.0,0.876154,,,585.8091542,,1,TESS,230127302.0,,0.012157552165252956,77.70295835555892,230127302.0,0.905
,18.6548829,5.4431451,1495.4449473,4.3869878,5141.0,0.876154,,,585.8091542,,1,TESS,230127302.0,,0.012157552165252956,77.70295835555892,230127302.0,0.905
,18.6548829,5.4431451,1495.4449473,4.3869878,5141.0,0.876154,,,585.8091542,,1,TESS,230127302.0,,0.012157552165252956,77.70295835555892,230127302.0,0.848
,18.6548829,5.4431451,1495.4449473,4.3869878,5141.0,0.876154,,,585.8091542,,1,TESS,230127302.0,,0.012157552165252956,77.70295835555892,230127302.0,0.848
,18.6548829,5.4431451,1495.4449473,4.3869878,5141.0,0.876154,,,585.8091542,,1,TESS,230127302.0,,0.012157552165252956,77.70295835555892,230127302.0,0.848
,18.6548829,5.4431451,1495.4449473,4.3869878,5141.0,0.876154,,,585.8091542,,1,TESS,230127302.0,,0.012157552165252956,77.70295835555892,230127302.0,0.848
,18.6548829,5.4431451,1495.4449473,4.3869878,5141.0,0.876154,,,585.8091542,,1,TESS,230127302.0,,0.012157552165252956,77.70295835555892,230127302.0,0.84
,18.6548829,5.4431451,1495.4449473,4.3869878,5141.0,0.876154,,,585.8091542,,1,TESS,230127302.0,,0.012157552165252956,77.70295835555892,230127302.0,0.84
,18.6548829,5.4431451,1495.4449473,4.3869878,5141.0,0.876154,,,585.8091542,,1,TESS,230127302.0,,0.012157552165252956,77.70295835555892,230127302.0,0.84
,18.6548829,5.4431451,1495.4449473,4.3869878,5141.0,0.876154,,,585.8091542,,1,TESS,230127302.0,,0.012157552165252956,77.70295835555892,230127302.0,0.84
,18.6548829,5.4431451,1495.4449473,4.3869878,5141.0,0.876154,,,585.8091542,,1,TESS,230127302.0,,0.012157552165252956,77.70295835555892,230127302.0,0.812
,18.6548829,5.4431451,1495.4449473,4.3869878,5141.0,0.876154,,,585.8091542,,1,TESS,230127302.0,,0.012157552165252956,77.70295835555892,230127302.0,0.812
,18.6548829,5.4431451,1495.4449473,4.3869878,5141.0,0.876154,,,585.8091542,,1,TESS,230127302.0,,0.012157552165252956,77.70295835555892,230127302.0,0.812
,18.6548829,5.4431451,1495.4449473,4.3869878,5141.0,0.876154,,,585.8091542,,1,TESS,230127302.0,,0.012157552165252956,77.70295835555892,230127302.0,0.812
,18.6548829,5.4431451,1495.4449473,4.3869878,5141.0,0.876154,,,585.8091542,,1,TESS,230127302.0,,0.012157552165252956,77.70295835555892,230127302.0,0.768
,18.6548829,5.4431451,1495.4449473,4.3869878,5141.0,0.876154,,,585.8091542,,1,TESS,230127302.0,,0.012157552165252956,77.70295835555892,230127302.0,0.768
,18.6548829,5.4431451,1495.4449473,4.3869878,5141.0,0.876154,,,585.8091542,,1,TESS,230127302.0,,0.012157552165252956,77.70295835555892,230127302.0,0.768
,18.6548829,5.4431451,1495.4449473,4.3869878,5141.0,0.876154,,,585.8091542,,1,TESS,230127302.0,,0.012157552165252956,77.70295835555892,230127302.0,0.768
,18.6548829,5.4431451,1495.4449473,4.3869878,5141.0,0.876154,,,585.8091542,,1,TESS,230127302.0,,0.012157552165252956,77.70295835555892,230127302.0,0.67
,18.6548829,5.4431451,1495.4449473,4.3869878,5141.0,0.876154,,,585.8091542,,1,TESS,230127302.0,,0.012157552165252956,77.70295835555892,230127302.0,0.67
,18.6548829,5.4431451,1495.4449473,4.3869878,5141.0,0.876154,,,585.8091542,,1,TESS,230127302.0,,0.012157552165252956,77.70295835555892,230127302.0,0.67
,18.6548829,5.4431451,1495.4449473,4.3869878,5141.0,0.876154,,,585.8091542,,1,TESS,230127302.0,,0.012157552165252956,77.70295835555892,230127302.0,0.67
,18.6548829,5.4431451,1495.4449473,4.3869878,5141.0,0.876154,,,585.8091542,,1,TESS,230127302.0,,0.012157552165252956,77.70295835555892,230127302.0,0.668
,18.6548829,5.4431451,1495.4449473,4.3869878,5141.0,0.876154,,,585.8091542,,1,TESS,230127302.0,,0.012157552165252956,77.70295835555892,230127302.0,0.668
,18.6548829,5.4431451,1495.4449473,4.3869878,5141.0,0.876154,,,585.8091542,,1,TESS,230127302.0,,0.012157552165252956,77.70295835555892,230127302.0,0.668
,18.6548829,5.4431451,1495.4449473,4.3869878,5141.0,0.876154,,,585.8091542,,1,TESS,230127302.0,,0.012157552165252956,77.70295835555892,230127302.0,0.668
,18.6548829,5.4431451,1495.4449473,4.3869878,5141.0,0.876154,,,585.8091542,,1,TESS,230127302.0,,0.012157552165252956,77.70295835555892,230127302.0,0.579
,18.6548829,5.4431451,1495.4449473,4.3869878,5141.0,0.876154,,,585.8091542,,1,TESS,230127302.0,,0.012157552165252956,77.70295835555892,230127302.0,0.579
,18.6548829,5.4431451,1495.4449473,4.3869878,5141.0,0.876154,,,585.8091542,,1,TESS,230127302.0,,0.012157552165252956,77.70295835555892,230127302.0,0.579
,18.6548829,5.4431451,1495.4449473,4.3869878,5141.0,0.876154,,,585.8091542,,1,TESS,230127302.0,,0.012157552165252956,77.70295835555892,230127302.0,0.579
,18.6548829,5.4431451,1495.4449473,4.3869878,5141.0,0.876154,,,585.8091542,,1,TESS,230127302.0,,0.012157552165252956,77.70295835555892,230127302.0,0.185
,18.6548829,5.4431451,1495.4449473,4.3869878,5141.0,0.876154,,,585.8091542,,1,TESS,230127302.0,,0.012157552165252956,77.70295835555892,230127302.0,0.185
,18.6548829,5.4431451,1495.4449473,4.3869878,5141.0,0.876154,,,585.8091542,,1,TESS,230127302.0,,0.012157552165252956,77.70295835555892,230127302.0,0.185
,18.6548829,5.4431451,1495.4449473,4.3869878,5141.0,0.876154,,,585.8091542,,1,TESS,230127302.0,,0.012157552165252956,77.70295835555892,230127302.0,0.185
,18.6548829,5.4431451,1495.4449473,4.3869878,5141.0,0.876154,,,585.8091542,,1,TESS,230127302.0,,0.012157552165252956,77.70295835555892,230127302.0,0.905
,18.6548829,5.4431451,1495.4449473,4.3869878,5141.0,0.876154,,,585.8091542,,1,TESS,230127302.0,,0.012157552165252956,77.70295835555892,230127302.0,0.905
,18.6548829,5.4431451,1495.4449473,4.3869878,5141.0,0.876154,,,585.8091542,,1,TESS,230127302.0,,0.012157552165252956,77.70295835555892,230127302.0,0.905
,18.6548829,5.4431451,1495.4449473,4.3869878,5141.0,0.876154,,,585.8091542,,1,TESS,230127302.0,,0.012157552165252956,77.70295835555892,230127302.0,0.905
,18.6548829,5.4431451,1495.4449473,4.3869878,5141.0,0.876154,,,585.8091542,,1,TESS,230127302.0,,0.012157552165252956,77.70295835555892,230127302.0,0.848
,18.6548829,5.4431451,1495.4449473,4.3869878,5141.0,0.876154,,,585.8091542,,1,TESS,230127302.0,,0.012157552165252956,77.70295835555892,230127302.0,0.848
,18.6548829,5.4431451,1495.4449473,4.3869878,5141.0,0.876154,,,585.8091542,,1,TESS,230127302.0,,0.012157552165252956,77.70295835555892,230127302.0,0.848
,18.6548829,5.4431451,1495.4449473,4.3869878,5141.0,0.876154,,,585.8091542,,1,TESS,230127302.0,,0.012157552165252956,77.70295835555892,230127302.0,0.848
,18.6548829,5.4431451,1495.4449473,4.3869878,5141.0,0.876154,,,585.8091542,,1,TESS,230127302.0,,0.012157552165252956,77.70295835555892,230127302.0,0.84
,18.6548829,5.4431451,1495.4449473,4.3869878,5141.0,0.876154,,,585.8091542,,1,TESS,230127302.0,,0.012157552165252956,77.70295835555892,230127302.0,0.84
,18.6548829,5.4431451,1495.4449473,4.3869878,5141.0,0.876154,,,585.8091542,,1,TESS,230127302.0,,0.012157552165252956,77.70295835555892,230127302.0,0.84
,18.6548829,5.4431451,1495.4449473,4.3869878,5141.0,0.876154,,,585.8091542,,1,TESS,230127302.0,,0.012157552165252956,77.70295835555892,230127302.0,0.84
,18.6548829,5.4431451,1495.4449473,4.3869878,5141.0,0.876154,,,585.8091542,,1,TESS,230127302.0,,0.012157552165252956,77.70295835555892,230127302.0,0.812
,18.6548829,5.4431451,1495.4449473,4.3869878,5141.0,0.876154,,,585.8091542,,1,TESS,230127302.0,,0.012157552165252956,77.70295835555892,230127302.0,0.812
,18.6548829,5.4431451,1495.4449473,4.3869878,5141.0,0.876154,,,585.8091542,,1,TESS,230127302.0,,0.012157552165252956,77.70295835555892,230127302.0,0.812
,18.6548829,5.4431451,1495.4449473,4.3869878,5141.0,0.876154,,,585.8091542,,1,TESS,230127302.0,,0.012157552165252956,77.70295835555892,230127302.0,0.812
,18.6548829,5.4431451,1495.4449473,4.3869878,5141.0,0.876154,,,585.8091542,,1,TESS,230127302.0,,0.012157552165252956,77.70295835555892,230127302.0,0.768
,18.6548829,5.4431451,1495.4449473,4.3869878,5141.0,0.876154,,,585.8091542,,1,TESS,230127302.0,,0.012157552165252956,77.70295835555892,230127302.0,0.768
,18.6548829,5.4431451,1495.4449473,4.3869878,5141.0,0.876154,,,585.8091542,,1,TESS,230127302.0,,0.012157552165252956,77.70295835555892,230127302.0,0.768
,18.6548829,5.4431451,1495.4449473,4.3869878,5141.0,0.876154,,,585.8091542,,1,TESS,230127302.0,,0.012157552165252956,77.70295835555892,230127302.0,0.768
,18.6548829,5.4431451,1495.4449473,4.3869878,5141.0,0.876154,,,585.8091542,,1,TESS,230127302.0,,0.012157552165252956,77.70295835555892,230127302.0,0.67
,18.6548829,5.4431451,1495.4449473,4.3869878,5141.0,0.876154,,,585.8091542,,1,TESS,230127302.0,,0.012157552165252956,77.70295835555892,230127302.0,0.67
,18.6548829,5.4431451,1495.4449473,4.3869878,5141.0,0.876154,,,585.8091542,,1,TESS,230127302.0,,0.012157552165252956,77.70295835555892,230127302.0,0.67
,18.6548829,5.4431451,1495.4449473,4.3869878,5141.0,0.876154,,,585.8091542,,1,TESS,230127302.0,,0.012157552165252956,77.70295835555892,230127302.0,0.67
,18.6548829,5.4431451,1495.4449473,4.3869878,5141.0,0.876154,,,585.8091542,,1,TESS,230127302.0,,0.012157552165252956,77.70295835555892,230127302.0,0.668
,18.6548829,5.4431451,1495.4449473,4.3869878,5141.0,0.876154,,,585.8091542,,1,TESS,230127302.0,,0.012157552165252956,77.70295835555892,230127302.0,0.668
,18.6548829,5.4431451,1495.4449473,4.3869878,5141.0,0.876154,,,585.8091542,,1,TESS,230127302.0,,0.012157552165252956,77.70295835555892,230127302.0,0.668
,18.6548829,5.4431451,1495.4449473,4.3869878,5141.0,0.876154,,,585.8091542,,1,TESS,230127302.0,,0.012157552165252956,77.70295835555892,230127302.0,0.668
,18.6548829,5.4431451,1495.4449473,4.3869878,5141.0,0.876154,,,585.8091542,,1,TESS,230127302.0,,0.012157552165252956,77.70295835555892,230127302.0,0.579
,18.6548829,5.4431451,1495.4449473,4.3869878,5141.0,0.876154,,,585.8091542,,1,TESS,230127302.0,,0.012157552165252956,77.70295835555892,230127302.0,0.579
,18.6548829,5.4431451,1495.4449473,4.3869878,5141.0,0.876154,,,585.8091542,,1,TESS,230127302.0,,0.012157552165252956,77.70295835555892,230127302.0,0.579
,18.6548829,5.4431451,1495.4449473,4.3869878,5141.0,0.876154,,,585.8091542,,1,TESS,230127302.0,,0.012157552165252956,77.70295835555892,230127302.0,0.579
,18.6548829,5.4431451,1495.4449473,4.3869878,5141.0,0.876154,,,585.8091542,,1,TESS,230127302.0,,0.012157552165252956,77.70295835555892,230127302.0,0.185
,18.6548829,5.4431451,1495.4449473,4.3869878,5141.0,0.876154,,,585.8091542,,1,TESS,230127302.0,,0.012157552165252956,77.70295835555892,230127302.0,0.185
,18.6548829,5.4431451,1495.4449473,4.3869878,5141.0,0.876154,,,585.8091542,,1,TESS,230127302.0,,0.012157552165252956,77.70295835555892,230127302.0,0.185
,18.6548829,5.4431451,1495.4449473,4.3869878,5141.0,0.876154,,,585.8091542,,1,TESS,230127302.0,,0.012157552165252956,77.70295835555892,230127302.0,0.185
,18.6548829,5.4431451,1495.4449473,4.3869878,5141.0,0.876154,,,585.8091542,,1,TESS,230127302.0,,0.012157552165252956,77.70295835555892,230127302.0,0.905
,18.6548829,5.4431451,1495.4449473,4.3869878,5141.0,0.876154,,,585.8091542,,1,TESS,230127302.0,,0.012157552165252956,77.70295835555892,230127302.0,0.905
,18.6548829,5.4431451,1495.4449473,4.3869878,5141.0,0.876154,,,585.8091542,,1,TESS,230127302.0,,0.012157552165252956,77.70295835555892,230127302.0,0.905
,18.6548829,5.4431451,1495.4449473,4.3869878,5141.0,0.876154,,,585.8091542,,1,TESS,230127302.0,,0.012157552165252956,77.70295835555892,230127302.0,0.905
,18.6548829,5.4431451,1495.4449473,4.3869878,5141.0,0.876154,,,585.8091542,,1,TESS,230127302.0,,0.012157552165252956,77.70295835555892,230127302.0,0.848
,18.6548829,5.4431451,1495.4449473,4.3869878,5141.0,0.876154,,,585.8091542,,1,TESS,230127302.0,,0.012157552165252956,77.70295835555892,230127302.0,0.848
,18.6548829,5.4431451,1495.4449473,4.3869878,5141.0,0.876154,,,585.8091542,,1,TESS,230127302.0,,0.012157552165252956,77.70295835555892,230127302.0,0.848
,18.6548829,5.4431451,1495.4449473,4.3869878,5141.0,0.876154,,,585.8091542,,1,TESS,230127302.0,,0.012157552165252956,77.70295835555892,230127302.0,0.848
,18.6548829,5.4431451,1495.4449473,4.3869878,5141.0,0.876154,,,585.8091542,,1,TESS,230127302.0,,0.012157552165252956,77.70295835555892,230127302.0,0.84
,18.6548829,5.4431451,1495.4449473,4.3869878,5141.0,0.876154,,,585.8091542,,1,TESS,230127302.0,,0.012157552165252956,77.70295835555892,230127302.0,0.84
,18.6548829,5.4431451,1495.4449473,4.3869878,5141.0,0.876154,,,585.8091542,,1,TESS,230127302.0,,0.012157552165252956,77.70295835555892,230127302.0,0.84
,18.6548829,5.4431451,1495.4449473,4.3869878,5141.0,0.876154,,,585.8091542,,1,TESS,230127302.0,,0.012157552165252956,77.70295835555892,230127302.0,0.84
,18.6548829,5.4431451,1495.4449473,4.3869878,5141.0,0.876154,,,585.8091542,,1,TESS,230127302.0,,0.012157552165252956,77.70295835555892,230127302.0,0.812
,18.6548829,5.4431451,1495.4449473,4.3869878,5141.0,0.876154,,,585.8091542,,1,TESS,230127302.0,,0.012157552165252956,77.70295835555892,230127302.0,0.812
,18.6548829,5.4431451,1495.4449473,4.3869878,5141.0,0.876154,,,585.8091542,,1,TESS,230127302.0,,0.012157552165252956,77.70295835555892,230127302.0,0.812
,18.6548829,5.4431451,1495.4449473,4.3869878,5141.0,0.876154,,,585.8091542,,1,TESS,230127302.0,,0.012157552165252956,77.70295835555892,230127302.0,0.812
,18.6548829,5.4431451,1495.4449473,4.3869878,5141.0,0.876154,,,585.8091542,,1,TESS,230127302.0,,0.012157552165252956,77.70295835555892,230127302.0,0.768
,18.6548829,5.4431451,1495.4449473,4.3869878,5141.0,0.876154,,,585.8091542,,1,TESS,230127302.0,,0.012157552165252956,77.70295835555892,230127302.0,0.768
,18.6548829,5.4431451,1495.4449473,4.3869878,5141.0,0.876154,,,585.8091542,,1,TESS,230127302.0,,0.012157552165252956,77.70295835555892,230127302.0,0.768
,18.6548829,5.4431451,1495.4449473,4.3869878,5141.0,0.876154,,,585.8091542,,1,TESS,230127302.0,,0.012157552165252956,77.70295835555892,230127302.0,0.768
,18.6548829,5.4431451,1495.4449473,4.3869878,5141.0,0.876154,,,585.8091542,,1,TESS,230127302.0,,0.012157552165252956,77.70295835555892,230127302.0,0.67
,18.6548829,5.4431451,1495.4449473,4.3869878,5141.0,0.876154,,,585.8091542,,1,TESS,230127302.0,,0.012157552165252956,77.70295835555892,230127302.0,0.67
,18.6548829,5.4431451,1495.4449473,4.3869878,5141.0,0.876154,,,585.8091542,,1,TESS,230127302.0,,0.012157552165252956,77.70295835555892,230127302.0,0.67
,18.6548829,5.4431451,1495.4449473,4.3869878,5141.0,0.876154,,,585.8091542,,1,TESS,230127302.0,,0.012157552165252956,77.70295835555892,230127302.0,0.67
,18.6548829,5.4431451,1495.4449473,4.3869878,5141.0,0.876154,,,585.8091542,,1,TESS,230127302.0,,0.012157552165252956,77.70295835555892,230127302.0,0.668
,18.6548829,5.4431451,1495.4449473,4.3869878,5141.0,0.876154,,,585.8091542,,1,TESS,230127302.0,,0.012157552165252956,77.70295835555892,230127302.0,0.668
,18.6548829,5.4431451,1495.4449473,4.3869878,5141.0,0.876154,,,585.8091542,,1,TESS,230127302.0,,0.012157552165252956,77.70295835555892,230127302.0,0.668
,18.6548829,5.4431451,1495.4449473,4.3869878,5141.0,0.876154,,,585.8091542,,1,TESS,230127302.0,,0.012157552165252956,77.70295835555892,230127302.0,0.668
,18.6548829,5.4431451,1495.4449473,4.3869878,5141.0,0.876154,,,585.8091542,,1,TESS,230127302.0,,0.012157552165252956,77.70295835555892,230127302.0,0.579
,18.6548829,5.4431451,1495.4449473,4.3869878,5141.0,0.876154,,,585.8091542,,1,TESS,230127302.0,,0.012157552165252956,77.70295835555892,230127302.0,0.579
,18.6548829,5.4431451,1495.4449473,4.3869878,5141.0,0.876154,,,585.8091542,,1,TESS,230127302.0,,0.012157552165252956,77.70295835555892,230127302.0,0.579
,18.6548829,5.4431451,1495.4449473,4.3869878,5141.0,0.876154,,,585.8091542,,1,TESS,230127302.0,,0.012157552165252956,77.70295835555892,230127302.0,0.579
,18.6548829,5.4431451,1495.4449473,4.3869878,5141.0,0.876154,,,585.8091542,,1,TESS,230127302.0,,0.012157552165252956,77.70295835555892,230127302.0,0.185
,18.6548829,5.4431451,1495.4449473,4.3869878,5141.0,0.876154,,,585.8091542,,1,TESS,230127302.0,,0.012157552165252956,77.70295835555892,230127302.0,0.185
,18.6548829,5.4431451,1495.4449473,4.3869878,5141.0,0.876154,,,585.8091542,,1,TESS,230127302.0,,0.012157552165252956,77.70295835555892,230127302.0,0.185
,18.6548829,5.4431451,1495.4449473,4.3869878,5141.0,0.876154,,,585.8091542,,1,TESS,230127302.0,,0.012157552165252956,77.70295835555892,230127302.0,0.185
,18.6548829,5.4431451,1495.4449473,4.3869878,5141.0,0.876154,,,585.8091542,,1,TESS,230127302.0,,0.012157552165252956,77.70295835555892,230127302.0,0.905
,18.6548829,5.4431451,1495.4449473,4.3869878,5141.0,0.876154,,,585.8091542,,1,TESS,230127302.0,,0.012157552165252956,77.70295835555892,230127302.0,0.905
,18.6548829,5.4431451,1495.4449473,4.3869878,5141.0,0.876154,,,585.8091542,,1,TESS,230127302.0,,0.012157552165252956,77.70295835555892,230127302.0,0.905
,18.6548829,5.4431451,1495.4449473,4.3869878,5141.0,0.876154,,,585.8091542,,1,TESS,230127302.0,,0.012157552165252956,77.70295835555892,230127302.0,0.905
,18.6548829,5.4431451,1495.4449473,4.3869878,5141.0,0.876154,,,585.8091542,,1,TESS,230127302.0,,0.012157552165252956,77.70295835555892,230127302.0,0.848
,18.6548829,5.4431451,1495.4449473,4.3869878,5141.0,0.876154,,,585.8091542,,1,TESS,230127302.0,,0.012157552165252956,77.70295835555892,230127302.0,0.848
,18.6548829,5.4431451,1495.4449473,4.3869878,5141.0,0.876154,,,585.8091542,,1,TESS,230127302.0,,0.012157552165252956,77.70295835555892,230127302.0,0.848
,18.6548829,5.4431451,1495.4449473,4.3869878,5141.0,0.876154,,,585.8091542,,1,TESS,230127302.0,,0.012157552165252956,77.70295835555892,230127302.0,0.848
,18.6548829,5.4431451,1495.4449473,4.3869878,5141.0,0.876154,,,585.8091542,,1,TESS,230127302.0,,0.012157552165252956,77.70295835555892,230127302.0,0.84
,18.6548829,5.4431451,1495.4449473,4.3869878,5141.0,0.876154,,,585.8091542,,1,TESS,230127302.0,,0.012157552165252956,77.70295835555892,230127302.0,0.84
,18.6548829,5.4431451,1495.4449473,4.3869878,5141.0,0.876154,,,585.8091542,,1,TESS,230127302.0,,0.012157552165252956,77.70295835555892,230127302.0,0.84
,18.6548829,5.4431451,1495.4449473,4.3869878,5141.0,0.876154,,,585.8091542,,1,TESS,230127302.0,,0.012157552165252956,77.70295835555892,230127302.0,0.84
,18.6548829,5.4431451,1495.4449473,4.3869878,5141.0,0.876154,,,585.8091542,,1,TESS,230127302.0,,0.012157552165252956,77.70295835555892,230127302.0,0.812
,18.6548829,5.4431451,1495.4449473,4.3869878,5141.0,0.876154,,,585.8091542,,1,TESS,230127302.0,,0.012157552165252956,77.70295835555892,230127302.0,0.812
,18.6548829,5.4431451,1495.4449473,4.3869878,5141.0,0.876154,,,585.8091542,,1,TESS,230127302.0,,0.012157552165252956,77.70295835555892,230127302.0,0.812
,18.6548829,5.4431451,1495.4449473,4.3869878,5141.0,0.876154,,,585.8091542,,1,TESS,230127302.0,,0.012157552165252956,77.70295835555892,230127302.0,0.812
,18.6548829,5.4431451,1495.4449473,4.3869878,5141.0,0.876154,,,585.8091542,,1,TESS,230127302.0,,0.012157552165252956,77.70295835555892,230127302.0,0.768
,18.6548829,5.4431451,1495.4449473,4.3869878,5141.0,0.876154,,,585.8091542,,1,TESS,230127302.0,,0.012157552165252956,77.70295835555892,230127302.0,0.768
,18.6548829,5.4431451,1495.4449473,4.3869878,5141.0,0.876154,,,585.8091542,,1,TESS,230127302.0,,0.012157552165252956,77.70295835555892,230127302.0,0.768
,18.6548829,5.4431451,1495.4449473,4.3869878,5141.0,0.876154,,,585.8091542,,1,TESS,230127302.0,,0.012157552165252956,77.70295835555892,230127302.0,0.768
,18.6548829,5.4431451,1495.4449473,4.3869878,5141.0,0.876154,,,585.8091542,,1,TESS,230127302.0,,0.012157552165252956,77.70295835555892,230127302.0,0.67
,18.6548829,5.4431451,1495.4449473,4.3869878,5141.0,0.876154,,,585.8091542,,1,TESS,230127302.0,,0.012157552165252956,77.70295835555892,230127302.0,0.67
,18.6548829,5.4431451,1495.4449473,4.3869878,5141.0,0.876154,,,585.8091542,,1,TESS,230127302.0,,0.012157552165252956,77.70295835555892,230127302.0,0.67
,18.6548829,5.4431451,1495.4449473,4.3869878,5141.0,0.876154,,,585.8091542,,1,TESS,230127302.0,,0.012157552165252956,77.70295835555892,230127302.0,0.67
,18.6548829,5.4431451,1495.4449473,4.3869878,5141.0,0.876154,,,585.8091542,,1,TESS,230127302.0,,0.012157552165252956,77.70295835555892,230127302.0,0.668
,18.6548829,5.4431451,1495.4449473,4.3869878,5141.0,0.876154,,,585.8091542,,1,TESS,230127302.0,,0.012157552165252956,77.70295835555892,230127302.0,0.668
,18.6548829,5.4431451,1495.4449473,4.3869878,5141.0,0.876154,,,585.8091542,,1,TESS,230127302.0,,0.012157552165252956,77.70295835555892,230127302.0,0.668
,18.6548829,5.4431451,1495.4449473,4.3869878,5141.0,0.876154,,,585.8091542,,1,TESS,230127302.0,,0.012157552165252956,77.70295835555892,230127302.0,0.668
,18.6548829,5.4431451,1495.4449473,4.3869878,5141.0,0.876154,,,585.8091542,,1,TESS,230127302.0,,0.012157552165252956,77.70295835555892,230127302.0,0.579
,18.6548829,5.4431451,1495.4449473,4.3869878,5141.0,0.876154,,,585.8091542,,1,TESS,230127302.0,,0.012157552165252956,77.70295835555892,230127302.0,0.579
,18.6548829,5.4431451,1495.4449473,4.3869878,5141.0,0.876154,,,585.8091542,,1,TESS,230127302.0,,0.012157552165252956,77.70295835555892,230127302.0,0.579
,18.6548829,5.4431451,1495.4449473,4.3869878,5141.0,0.876154,,,585.8091542,,1,TESS,230127302.0,,0.012157552165252956,77.70295835555892,230127302.0,0.579
,18.6548829,5.4431451,1495.4449473,4.3869878,5141.0,0.876154,,,585.8091542,,1,TESS,230127302.0,,0.012157552165252956,77.70295835555892,230127302.0,0.185
,18.6548829,5.4431451,1495.4449473,4.3869878,5141.0,0.876154,,,585.8091542,,1,TESS,230127302.0,,0.012157552165252956,77.70295835555892,230127302.0,0.185
,18.6548829,5.4431451,1495.4449473,4.3869878,5141.0,0.876154,,,585.8091542,,1,TESS,230127302.0,,0.012157552165252956,77.70295835555892,230127302.0,0.185
,18.6548829,5.4431451,1495.4449473,4.3869878,5141.0,0.876154,,,585.8091542,,1,TESS,230127302.0,,0.012157552165252956,77.70295835555892,230127302.0,0.185
,4.3074513,2.3379196,1094.8419495,3.2819879,5141.0,0.876154,,,954.8757629,,1,TESS,230127302.0,,0.022615070708837046,101.6429913516165,230127302.0,0.905
,4.3074513,2.3379196,1094.8419495,3.2819879,5141.0,0.876154,,,954.8757629,,1,TESS,230127302.0,,0.022615070708837046,101.6429913516165,230127302.0,0.905
,4.3074513,2.3379196,1094.8419495,3.2819879,5141.0,0.876154,,,954.8757629,,1,TESS,230127302.0,,0.022615070708837046,101.6429913516165,230127302.0,0.905
,4.3074513,2.3379196,1094.8419495,3.2819879,5141.0,0.876154,,,954.8757629,,1,TESS,230127302.0,,0.022615070708837046,101.6429913516165,230127302.0,0.905
,4.3074513,2.3379196,1094.8419495,3.2819879,5141.0,0.876154,,,954.8757629,,1,TESS,230127302.0,,0.022615070708837046,101.6429913516165,230127302.0,0.848
,4.3074513,2.3379196,1094.8419495,3.2819879,5141.0,0.876154,,,954.8757629,,1,TESS,230127302.0,,0.022615070708837046,101.6429913516165,230127302.0,0.848
,4.3074513,2.3379196,1094.8419495,3.2819879,5141.0,0.876154,,,954.8757629,,1,TESS,230127302.0,,0.022615070708837046,101.6429913516165,230127302.0,0.848
,4.3074513,2.3379196,1094.8419495,3.2819879,5141.0,0.876154,,,954.8757629,,1,TESS,230127302.0,,0.022615070708837046,101.6429913516165,230127302.0,0.848
,4.3074513,2.3379196,1094.8419495,3.2819879,5141.0,0.876154,,,954.8757629,,1,TESS,230127302.0,,0.022615070708837046,101.6429913516165,230127302.0,0.84
,4.3074513,2.3379196,1094.8419495,3.2819879,5141.0,0.876154,,,954.8757629,,1,TESS,230127302.0,,0.022615070708837046,101.6429913516165,230127302.0,0.84
,4.3074513,2.3379196,1094.8419495,3.2819879,5141.0,0.876154,,,954.8757629,,1,TESS,230127302.0,,0.022615070708837046,101.6429913516165,230127302.0,0.84
,4.3074513,2.3379196,1094.8419495,3.2819879,5141.0,0.876154,,,954.8757629,,1,TESS,230127302.0,,0.022615070708837046,101.6429913516165,230127302.0,0.84
,4.3074513,2.3379196,1094.8419495,3.2819879,5141.0,0.876154,,,954.8757629,,1,TESS,230127302.0,,0.022615070708837046,101.6429913516165,230127302.0,0.812
,4.3074513,2.3379196,1094.8419495,3.2819879,5141.0,0.876154,,,954.8757629,,1,TESS,230127302.0,,0.022615070708837046,101.6429913516165,230127302.0,0.812
,4.3074513,2.3379196,1094.8419495,3.2819879,5141.0,0.876154,,,954.8757629,,1,TESS,230127302.0,,0.022615070708837046,101.6429913516165,230127302.0,0.812
,4.3074513,2.3379196,1094.8419495,3.2819879,5141.0,0.876154,,,954.8757629,,1,TESS,230127302.0,,0.022615070708837046,101.6429913516165,230127302.0,0.812
,4.3074513,2.3379196,1094.8419495,3.2819879,5141.0,0.876154,,,954.8757629,,1,TESS,230127302.0,,0.022615070708837046,101.6429913516165,230127302.0,0.768
,4.3074513,2.3379196,1094.8419495,3.2819879,5141.0,0.876154,,,954.8757629,,1,TESS,230127302.0,,0.022615070708837046,101.6429913516165,230127302.0,0.768
,4.3074513,2.3379196,1094.8419495,3.2819879,5141.0,0.876154,,,954.8757629,,1,TESS,230127302.0,,0.022615070708837046,101.6429913516165,230127302.0,0.768
,4.3074513,2.3379196,1094.8419495,3.2819879,5141.0,0.876154,,,954.8757629,,1,TESS,230127302.0,,0.022615070708837046,101.6429913516165,230127302.0,0.768
,4.3074513,2.3379196,1094.8419495,3.2819879,5141.0,0.876154,,,954.8757629,,1,TESS,230127302.0,,0.022615070708837046,101.6429913516165,230127302.0,0.67
,4.3074513,2.3379196,1094.8419495,3.2819879,5141.0,0.876154,,,954.8757629,,1,TESS,230127302.0,,0.022615070708837046,101.6429913516165,230127302.0,0.67
,4.3074513,2.3379196,1094.8419495,3.2819879,5141.0,0.876154,,,954.8757629,,1,TESS,230127302.0,,0.022615070708837046,101.6429913516165,230127302.0,0.67
,4.3074513,2.3379196,1094.8419495,3.2819879,5141.0,0.876154,,,954.8757629,,1,TESS,230127302.0,,0.022615070708837046,101.6429913516165,230127302.0,0.67
,4.3074513,2.3379196,1094.8419495,3.2819879,5141.0,0.876154,,,954.8757629,,1,TESS,230127302.0,,0.022615070708837046,101.6429913516165,230127302.0,0.668
,4.3074513,2.3379196,1094.8419495,3.2819879,5141.0,0.876154,,,954.8757629,,1,TESS,230127302.0,,0.022615070708837046,101.6429913516165,230127302.0,0.668
,4.3074513,2.3379196,1094.8419495,3.2819879,5141.0,0.876154,,,954.8757629,,1,TESS,230127302.0,,0.022615070708837046,101.6429913516165,230127302.0,0.668
,4.3074513,2.3379196,1094.8419495,3.2819879,5141.0,0.876154,,,954.8757629,,1,TESS,230127302.0,,0.022615070708837046,101.6429913516165,230127302.0,0.668
,4.3074513,2.3379196,1094.8419495,3.2819879,5141.0,0.876154,,,954.8757629,,1,TESS,230127302.0,,0.022615070708837046,101.6429913516165,230127302.0,0.579
,4.3074513,2.3379196,1094.8419495,3.2819879,5141.0,0.876154,,,954.8757629,,1,TESS,230127302.0,,0.022615070708837046,101.6429913516165,230127302.0,0.579
,4.3074513,2.3379196,1094.8419495,3.2819879,5141.0,0.876154,,,954.8757629,,1,TESS,230127302.0,,0.022615070708837046,101.6429913516165,230127302.0,0.579
,4.3074513,2.3379196,1094.8419495,3.2819879,5141.0,0.876154,,,954.8757629,,1,TESS,230127302.0,,0.022615070708837046,101.6429913516165,230127302.0,0.579
,4.3074513,2.3379196,1094.8419495,3.2819879,5141.0,0.876154,,,954.8757629,,1,TESS,230127302.0,,0.022615070708837046,101.6429913516165,230127302.0,0.185
,4.3074513,2.3379196,1094.8419495,3.2819879,5141.0,0.876154,,,954.8757629,,1,TESS,230127302.0,,0.022615070708837046,101.6429913516165,230127302.0,0.185
,4.3074513,2.3379196,1094.8419495,3.2819879,5141.0,0.876154,,,954.8757629,,1,TESS,230127302.0,,0.022615070708837046,101.6429913516165,230127302.0,0.185
,4.3074513,2.3379196,1094.8419495,3.2819879,5141.0,0.876154,,,954.8757629,,1,TESS,230127302.0,,0.022615070708837046,101.6429913516165,230127302.0,0.185
,4.3074513,2.3379196,1094.8419495,3.2819879,5141.0,0.876154,,,954.8757629,,1,TESS,230127302.0,,0.022615070708837046,101.6429913516165,230127302.0,0.905
,4.3074513,2.3379196,1094.8419495,3.2819879,5141.0,0.876154,,,954.8757629,,1,TESS,230127302.0,,0.022615070708837046,101.6429913516165,230127302.0,0.905
,4.3074513,2.3379196,1094.8419495,3.2819879,5141.0,0.876154,,,954.8757629,,1,TESS,230127302.0,,0.022615070708837046,101.6429913516165,230127302.0,0.905
,4.3074513,2.3379196,1094.8419495,3.2819879,5141.0,0.876154,,,954.8757629,,1,TESS,230127302.0,,0.022615070708837046,101.6429913516165,230127302.0,0.905
,4.3074513,2.3379196,1094.8419495,3.2819879,5141.0,0.876154,,,954.8757629,,1,TESS,230127302.0,,0.022615070708837046,101.6429913516165,230127302.0,0.848
,4.3074513,2.3379196,1094.8419495,3.2819879,5141.0,0.876154,,,954.8757629,,1,TESS,230127302.0,,0.022615070708837046,101.6429913516165,230127302.0,0.848
,4.3074513,2.3379196,1094.8419495,3.2819879,5141.0,0.876154,,,954.8757629,,1,TESS,230127302.0,,0.022615070708837046,101.6429913516165,230127302.0,0.848
,4.3074513,2.3379196,1094.8419495,3.2819879,5141.0,0.876154,,,954.8757629,,1,TESS,230127302.0,,0.022615070708837046,101.6429913516165,230127302.0,0.848
,4.3074513,2.3379196,1094.8419495,3.2819879,5141.0,0.876154,,,954.8757629,,1,TESS,230127302.0,,0.022615070708837046,101.6429913516165,230127302.0,0.84
,4.3074513,2.3379196,1094.8419495,3.2819879,5141.0,0.876154,,,954.8757629,,1,TESS,230127302.0,,0.022615070708837046,101.6429913516165,230127302.0,0.84
,4.3074513,2.3379196,1094.8419495,3.2819879,5141.0,0.876154,,,954.8757629,,1,TESS,230127302.0,,0.022615070708837046,101.6429913516165,230127302.0,0.84
,4.3074513,2.3379196,1094.8419495,3.2819879,5141.0,0.876154,,,954.8757629,,1,TESS,230127302.0,,0.022615070708837046,101.6429913516165,230127302.0,0.84
,4.3074513,2.3379196,1094.8419495,3.2819879,5141.0,0.876154,,,954.8757629,,1,TESS,230127302.0,,0.022615070708837046,101.6429913516165,230127302.0,0.812
,4.3074513,2.3379196,1094.8419495,3.2819879,5141.0,0.876154,,,954.8757629,,1,TESS,230127302.0,,0.022615070708837046,101.6429913516165,230127302.0,0.812
,4.3074513,2.3379196,1094.8419495,3.2819879,5141.0,0.876154,,,954.8757629,,1,TESS,230127302.0,,0.022615070708837046,101.6429913516165,230127302.0,0.812
,4.3074513,2.3379196,1094.8419495,3.2819879,5141.0,0.876154,,,954.8757629,,1,TESS,230127302.0,,0.022615070708837046,101.6429913516165,230127302.0,0.812
,4.3074513,2.3379196,1094.8419495,3.2819879,5141.0,0.876154,,,954.8757629,,1,TESS,230127302.0,,0.022615070708837046,101.6429913516165,230127302.0,0.768
,4.3074513,2.3379196,1094.8419495,3.2819879,5141.0,0.876154,,,954.8757629,,1,TESS,230127302.0,,0.022615070708837046,101.6429913516165,230127302.0,0.768
,4.3074513,2.3379196,1094.8419495,3.2819879,5141.0,0.876154,,,954.8757629,,1,TESS,230127302.0,,0.022615070708837046,101.6429913516165,230127302.0,0.768
,4.3074513,2.3379196,1094.8419495,3.2819879,5141.0,0.876154,,,954.8757629,,1,TESS,230127302.0,,0.022615070708837046,101.6429913516165,230127302.0,0.768
,4.3074513,2.3379196,1094.8419495,3.2819879,5141.0,0.876154,,,954.8757629,,1,TESS,230127302.0,,0.022615070708837046,101.6429913516165,230127302.0,0.67
,4.3074513,2.3379196,1094.8419495,3.2819879,5141.0,0.876154,,,954.8757629,,1,TESS,230127302.0,,0.022615070708837046,101.6429913516165,230127302.0,0.67
,4.3074513,2.3379196,1094.8419495,3.2819879,5141.0,0.876154,,,954.8757629,,1,TESS,230127302.0,,0.022615070708837046,101.6429913516165,230127302.0,0.67
,4.3074513,2.3379196,1094.8419495,3.2819879,5141.0,0.876154,,,954.8757629,,1,TESS,230127302.0,,0.022615070708837046,101.6429913516165,230127302.0,0.67
,4.3074513,2.3379196,1094.8419495,3.2819879,5141.0,0.876154,,,954.8757629,,1,TESS,230127302.0,,0.022615070708837046,101.6429913516165,230127302.0,0.668
,4.3074513,2.3379196,1094.8419495,3.2819879,5141.0,0.876154,,,954.8757629,,1,TESS,230127302.0,,0.022615070708837046,101.6429913516165,230127302.0,0.668
,4.3074513,2.3379196,1094.8419495,3.2819879,5141.0,0.876154,,,954.8757629,,1,TESS,230127302.0,,0.022615070708837046,101.6429913516165,230127302.0,0.668
,4.3074513,2.3379196,1094.8419495,3.2819879,5141.0,0.876154,,,954.8757629,,1,TESS,230127302.0,,0.022615070708837046,101.6429913516165,230127302.0,0.668
,4.3074513,2.3379196,1094.8419495,3.2819879,5141.0,0.876154,,,954.8757629,,1,TESS,230127302.0,,0.022615070708837046,101.6429913516165,230127302.0,0.579
,4.3074513,2.3379196,1094.8419495,3.2819879,5141.0,0.876154,,,954.8757629,,1,TESS,230127302.0,,0.022615070708837046,101.6429913516165,230127302.0,0.579
,4.3074513,2.3379196,1094.8419495,3.2819879,5141.0,0.876154,,,954.8757629,,1,TESS,230127302.0,,0.022615070708837046,101.6429913516165,230127302.0,0.579
,4.3074513,2.3379196,1094.8419495,3.2819879,5141.0,0.876154,,,954.8757629,,1,TESS,230127302.0,,0.022615070708837046,101.6429913516165,230127302.0,0.579
,4.3074513,2.3379196,1094.8419495,3.2819879,5141.0,0.876154,,,954.8757629,,1,TESS,230127302.0,,0.022615070708837046,101.6429913516165,230127302.0,0.185
,4.3074513,2.3379196,1094.8419495,3.2819879,5141.0,0.876154,,,954.8757629,,1,TESS,230127302.0,,0.022615070708837046,101.6429913516165,230127302.0,0.185
,4.3074513,2.3379196,1094.8419495,3.2819879,5141.0,0.876154,,,954.8757629,,1,TESS,230127302.0,,0.022615070708837046,101.6429913516165,230127302.0,0.185
,4.3074513,2.3379196,1094.8419495,3.2819879,5141.0,0.876154,,,954.8757629,,1,TESS,230127302.0,,0.022615070708837046,101.6429913516165,230127302.0,0.185
,4.3074513,2.3379196,1094.8419495,3.2819879,5141.0,0.876154,,,954.8757629,,1,TESS,230127302.0,,0.022615070708837046,101.6429913516165,230127302.0,0.905
,4.3074513,2.3379196,1094.8419495,3.2819879,5141.0,0.876154,,,954.8757629,,1,TESS,230127302.0,,0.022615070708837046,101.6429913516165,230127302.0,0.905
,4.3074513,2.3379196,1094.8419495,3.2819879,5141.0,0.876154,,,954.8757629,,1,TESS,230127302.0,,0.022615070708837046,101.6429913516165,230127302.0,0.905
,4.3074513,2.3379196,1094.8419495,3.2819879,5141.0,0.876154,,,954.8757629,,1,TESS,230127302.0,,0.022615070708837046,101.6429913516165,230127302.0,0.905
,4.3074513,2.3379196,1094.8419495,3.2819879,5141.0,0.876154,,,954.8757629,,1,TESS,230127302.0,,0.022615070708837046,101.6429913516165,230127302.0,0.848
,4.3074513,2.3379196,1094.8419495,3.2819879,5141.0,0.876154,,,954.8757629,,1,TESS,230127302.0,,0.022615070708837046,101.6429913516165,230127302.0,0.848
,4.3074513,2.3379196,1094.8419495,3.2819879,5141.0,0.876154,,,954.8757629,,1,TESS,230127302.0,,0.022615070708837046,101.6429913516165,230127302.0,0.848
,4.3074513,2.3379196,1094.8419495,3.2819879,5141.0,0.876154,,,954.8757629,,1,TESS,230127302.0,,0.022615070708837046,101.6429913516165,230127302.0,0.848
,4.3074513,2.3379196,1094.8419495,3.2819879,5141.0,0.876154,,,954.8757629,,1,TESS,230127302.0,,0.022615070708837046,101.6429913516165,230127302.0,0.84
,4.3074513,2.3379196,1094.8419495,3.2819879,5141.0,0.876154,,,954.8757629,,1,TESS,230127302.0,,0.022615070708837046,101.6429913516165,230127302.0,0.84
,4.3074513,2.3379196,1094.8419495,3.2819879,5141.0,0.876154,,,954.8757629,,1,TESS,230127302.0,,0.022615070708837046,101.6429913516165,230127302.0,0.84
,4.3074513,2.3379196,1094.8419495,3.2819879,5141.0,0.876154,,,954.8757629,,1,TESS,230127302.0,,0.022615070708837046,101.6429913516165,230127302.0,0.84
,4.3074513,2.3379196,1094.8419495,3.2819879,5141.0,0.876154,,,954.8757629,,1,TESS,230127302.0,,0.022615070708837046,101.6429913516165,230127302.0,0.812
,4.3074513,2.3379196,1094.8419495,3.2819879,5141.0,0.876154,,,954.8757629,,1,TESS,230127302.0,,0.022615070708837046,101.6429913516165,230127302.0,0.812
,4.3074513,2.3379196,1094.8419495,3.2819879,5141.0,0.876154,,,954.8757629,,1,TESS,230127302.0,,0.022615070708837046,101.6429913516165,230127302.0,0.812
,4.3074513,2.3379196,1094.8419495,3.2819879,5141.0,0.876154,,,954.8757629,,1,TESS,230127302.0,,0.022615070708837046,101.6429913516165,230127302.0,0.812
,4.3074513,2.3379196,1094.8419495,3.2819879,5141.0,0.876154,,,954.8757629,,1,TESS,230127302.0,,0.022615070708837046,101.6429913516165,230127302.0,0.768
,4.3074513,2.3379196,1094.8419495,3.2819879,5141.0,0.876154,,,954.8757629,,1,TESS,230127302.0,,0.022615070708837046,101.6429913516165,230127302.0,0.768
,4.3074513,2.3379196,1094.8419495,3.2819879,5141.0,0.876154,,,954.8757629,,1,TESS,230127302.0,,0.022615070708837046,101.6429913516165,230127302.0,0.768
,4.3074513,2.3379196,1094.8419495,3.2819879,5141.0,0.876154,,,954.8757629,,1,TESS,230127302.0,,0.022615070708837046,101.6429913516165,230127302.0,0.768
,4.3074513,2.3379196,1094.8419495,3.2819879,5141.0,0.876154,,,954.8757629,,1,TESS,230127302.0,,0.022615070708837046,101.6429913516165,230127302.0,0.67
,4.3074513,2.3379196,1094.8419495,3.2819879,5141.0,0.876154,,,954.8757629,,1,TESS,230127302.0,,0.022615070708837046,101.6429913516165,230127302.0,0.67
,4.3074513,2.3379196,1094.8419495,3.2819879,5141.0,0.876154,,,954.8757629,,1,TESS,230127302.0,,0.022615070708837046,101.6429913516165,230127302.0,0.67
,4.3074513,2.3379196,1094.8419495,3.2819879,5141.0,0.876154,,,954.8757629,,1,TESS,230127302.0,,0.022615070708837046,101.6429913516165,230127302.0,0.67
,4.3074513,2.3379196,1094.8419495,3.2819879,5141.0,0.876154,,,954.8757629,,1,TESS,230127302.0,,0.022615070708837046,101.6429913516165,230127302.0,0.668
,4.3074513,2.3379196,1094.8419495,3.2819879,5141.0,0.876154,,,954.8757629,,1,TESS,230127302.0,,0.022615070708837046,101.6429913516165,230127302.0,0.668
,4.3074513,2.3379196,1094.8419495,3.2819879,5141.0,0.876154,,,954.8757629,,1,TESS,230127302.0,,0.022615070708837046,101.6429913516165,230127302.0,0.668
,4.3074513,2.3379196,1094.8419495,3.2819879,5141.0,0.876154,,,954.8757629,,1,TESS,230127302.0,,0.022615070708837046,101.6429913516165,230127302.0,0.668
,4.3074513,2.3379196,1094.8419495,3.2819879,5141.0,0.876154,,,954.8757629,,1,TESS,230127302.0,,0.022615070708837046,101.6429913516165,230127302.0,0.579
,4.3074513,2.3379196,1094.8419495,3.2819879,5141.0,0.876154,,,954.8757629,,1,TESS,230127302.0,,0.022615070708837046,101.6429913516165,230127302.0,0.579
,4.3074513,2.3379196,1094.8419495,3.2819879,5141.0,0.876154,,,954.8757629,,1,TESS,230127302.0,,0.022615070708837046,101.6429913516165,230127302.0,0.579
,4.3074513,2.3379196,1094.8419495,3.2819879,5141.0,0.876154,,,954.8757629,,1,TESS,230127302.0,,0.022615070708837046,101.6429913516165,230127302.0,0.579
,4.3074513,2.3379196,1094.8419495,3.2819879,5141.0,0.876154,,,954.8757629,,1,TESS,230127302.0,,0.022615070708837046,101.6429913516165,230127302.0,0.185
,4.3074513,2.3379196,1094.8419495,3.2819879,5141.0,0.876154,,,954.8757629,,1,TESS,230127302.0,,0.022615070708837046,101.6429913516165,230127302.0,0.185
,4.3074513,2.3379196,1094.8419495,3.2819879,5141.0,0.876154,,,954.8757629,,1,TESS,230127302.0,,0.022615070708837046,101.6429913516165,230127302.0,0.185
,4.3074513,2.3379196,1094.8419495,3.2819879,5141.0,0.876154,,,954.8757629,,1,TESS,230127302.0,,0.022615070708837046,101.6429913516165,230127302.0,0.185
,4.3074513,2.3379196,1094.8419495,3.2819879,5141.0,0.876154,,,954.8757629,,1,TESS,230127302.0,,0.022615070708837046,101.6429913516165,230127302.0,0.905
,4.3074513,2.3379196,1094.8419495,3.2819879,5141.0,0.876154,,,954.8757629,,1,TESS,230127302.0,,0.022615070708837046,101.6429913516165,230127302.0,0.905
,4.3074513,2.3379196,1094.8419495,3.2819879,5141.0,0.876154,,,954.8757629,,1,TESS,230127302.0,,0.022615070708837046,101.6429913516165,230127302.0,0.905
,4.3074513,2.3379196,1094.8419495,3.2819879,5141.0,0.876154,,,954.8757629,,1,TESS,230127302.0,,0.022615070708837046,101.6429913516165,230127302.0,0.905
,4.3074513,2.3379196,1094.8419495,3.2819879,5141.0,0.876154,,,954.8757629,,1,TESS,230127302.0,,0.022615070708837046,101.6429913516165,230127302.0,0.848
,4.3074513,2.3379196,1094.8419495,3.2819879,5141.0,0.876154,,,954.8757629,,1,TESS,230127302.0,,0.022615070708837046,101.6429913516165,230127302.0,0.848
,4.3074513,2.3379196,1094.8419495,3.2819879,5141.0,0.876154,,,954.8757629,,1,TESS,230127302.0,,0.022615070708837046,101.6429913516165,230127302.0,0.848
,4.3074513,2.3379196,1094.8419495,3.2819879,5141.0,0.876154,,,954.8757629,,1,TESS,230127302.0,,0.022615070708837046,101.6429913516165,230127302.0,0.848
,4.3074513,2.3379196,1094.8419495,3.2819879,5141.0,0.876154,,,954.8757629,,1,TESS,230127302.0,,0.022615070708837046,101.6429913516165,230127302.0,0.84
,4.3074513,2.3379196,1094.8419495,3.2819879,5141.0,0.876154,,,954.8757629,,1,TESS,230127302.0,,0.022615070708837046,101.6429913516165,230127302.0,0.84
,4.3074513,2.3379196,1094.8419495,3.2819879,5141.0,0.876154,,,954.8757629,,1,TESS,230127302.0,,0.022615070708837046,101.6429913516165,230127302.0,0.84
,4.3074513,2.3379196,1094.8419495,3.2819879,5141.0,0.876154,,,954.8757629,,1,TESS,230127302.0,,0.022615070708837046,101.6429913516165,230127302.0,0.84
,4.3074513,2.3379196,1094.8419495,3.2819879,5141.0,0.876154,,,954.8757629,,1,TESS,230127302.0,,0.022615070708837046,101.6429913516165,230127302.0,0.812
,4.3074513,2.3379196,1094.8419495,3.2819879,5141.0,0.876154,,,954.8757629,,1,TESS,230127302.0,,0.022615070708837046,101.6429913516165,230127302.0,0.812
,4.3074513,2.3379196,1094.8419495,3.2819879,5141.0,0.876154,,,954.8757629,,1,TESS,230127302.0,,0.022615070708837046,101.6429913516165,230127302.0,0.812
,4.3074513,2.3379196,1094.8419495,3.2819879,5141.0,0.876154,,,954.8757629,,1,TESS,230127302.0,,0.022615070708837046,101.6429913516165,230127302.0,0.812
,4.3074513,2.3379196,1094.8419495,3.2819879,5141.0,0.876154,,,954.8757629,,1,TESS,230127302.0,,0.022615070708837046,101.6429913516165,230127302.0,0.768
,4.3074513,2.3379196,1094.8419495,3.2819879,5141.0,0.876154,,,954.8757629,,1,TESS,230127302.0,,0.022615070708837046,101.6429913516165,230127302.0,0.768
,4.3074513,2.3379196,1094.8419495,3.2819879,5141.0,0.876154,,,954.8757629,,1,TESS,230127302.0,,0.022615070708837046,101.6429913516165,230127302.0,0.768
,4.3074513,2.3379196,1094.8419495,3.2819879,5141.0,0.876154,,,954.8757629,,1,TESS,230127302.0,,0.022615070708837046,101.6429913516165,230127302.0,0.768
,4.3074513,2.3379196,1094.8419495,3.2819879,5141.0,0.876154,,,954.8757629,,1,TESS,230127302.0,,0.022615070708837046,101.6429913516165,230127302.0,0.67
,4.3074513,2.3379196,1094.8419495,3.2819879,5141.0,0.876154,,,954.8757629,,1,TESS,230127302.0,,0.022615070708837046,101.6429913516165,230127302.0,0.67
,4.3074513,2.3379196,1094.8419495,3.2819879,5141.0,0.876154,,,954.8757629,,1,TESS,230127302.0,,0.022615070708837046,101.6429913516165,230127302.0,0.67
,4.3074513,2.3379196,1094.8419495,3.2819879,5141.0,0.876154,,,954.8757629,,1,TESS,230127302.0,,0.022615070708837046,101.6429913516165,230127302.0,0.67
,4.3074513,2.3379196,1094.8419495,3.2819879,5141.0,0.876154,,,954.8757629,,1,TESS,230127302.0,,0.022615070708837046,101.6429913516165,230127302.0,0.668
,4.3074513,2.3379196,1094.8419495,3.2819879,5141.0,0.876154,,,954.8757629,,1,TESS,230127302.0,,0.022615070708837046,101.6429913516165,230127302.0,0.668
,4.3074513,2.3379196,1094.8419495,3.2819879,5141.0,0.876154,,,954.8757629,,1,TESS,230127302.0,,0.022615070708837046,101.6429913516165,230127302.0,0.668
,4.3074513,2.3379196,1094.8419495,3.2819879,5141.0,0.876154,,,954.8757629,,1,TESS,230127302.0,,0.022615070708837046,101.6429913516165,230127302.0,0.668
,4.3074513,2.3379196,1094.8419495,3.2819879,5141.0,0.876154,,,954.8757629,,1,TESS,230127302.0,,0.022615070708837046,101.6429913516165,230127302.0,0.579
,4.3074513,2.3379196,1094.8419495,3.2819879,5141.0,0.876154,,,954.8757629,,1,TESS,230127302.0,,0.022615070708837046,101.6429913516165,230127302.0,0.579
,4.3074513,2.3379196,1094.8419495,3.2819879,5141.0,0.876154,,,954.8757629,,1,TESS,230127302.0,,0.022615070708837046,101.6429913516165,230127302.0,0.579
,4.3074513,2.3379196,1094.8419495,3.2819879,5141.0,0.876154,,,954.8757629,,1,TESS,230127302.0,,0.022615070708837046,101.6429913516165,230127302.0,0.579
,4.3074513,2.3379196,1094.8419495,3.2819879,5141.0,0.876154,,,954.8757629,,1,TESS,230127302.0,,0.022615070708837046,101.6429913516165,230127302.0,0.185
,4.3074513,2.3379196,1094.8419495,3.2819879,5141.0,0.876154,,,954.8757629,,1,TESS,230127302.0,,0.022615070708837046,101.6429913516165,230127302.0,0.185
,4.3074513,2.3379196,1094.8419495,3.2819879,5141.0,0.876154,,,954.8757629,,1,TESS,230127302.0,,0.022615070708837046,101.6429913516165,230127302.0,0.185
,4.3074513,2.3379196,1094.8419495,3.2819879,5141.0,0.876154,,,954.8757629,,1,TESS,230127302.0,,0.022615070708837046,101.6429913516165,230127302.0,0.185
,5.9041278,2.7678313,773.9266468,2.4489454,5141.0,0.876154,,,859.6105665,,1,TESS,230127302.0,,0.019533165144695004,129.04510120043744,230127302.0,0.905
,5.9041278,2.7678313,773.9266468,2.4489454,5141.0,0.876154,,,859.6105665,,1,TESS,230127302.0,,0.019533165144695004,129.04510120043744,230127302.0,0.905
,5.9041278,2.7678313,773.9266468,2.4489454,5141.0,0.876154,,,859.6105665,,1,TESS,230127302.0,,0.019533165144695004,129.04510120043744,230127302.0,0.905
,5.9041278,2.7678313,773.9266468,2.4489454,5141.0,0.876154,,,859.6105665,,1,TESS,230127302.0,,0.019533165144695004,129.04510120043744,230127302.0,0.905
,5.9041278,2.7678313,773.9266468,2.4489454,5141.0,0.876154,,,859.6105665,,1,TESS,230127302.0,,0.019533165144695004,129.04510120043744,230127302.0,0.848
,5.9041278,2.7678313,773.9266468,2.4489454,5141.0,0.876154,,,859.6105665,,1,TESS,230127302.0,,0.019533165144695004,129.04510120043744,230127302.0,0.848
,5.9041278,2.7678313,773.9266468,2.4489454,5141.0,0.876154,,,859.6105665,,1,TESS,230127302.0,,0.019533165144695004,129.04510120043744,230127302.0,0.848
,5.9041278,2.7678313,773.9266468,2.4489454,5141.0,0.876154,,,859.6105665,,1,TESS,230127302.0,,0.019533165144695004,129.04510120043744,230127302.0,0.848
,5.9041278,2.7678313,773.9266468,2.4489454,5141.0,0.876154,,,859.6105665,,1,TESS,230127302.0,,0.019533165144695004,129.04510120043744,230127302.0,0.84
,5.9041278,2.7678313,773.9266468,2.4489454,5141.0,0.876154,,,859.6105665,,1,TESS,230127302.0,,0.019533165144695004,129.04510120043744,230127302.0,0.84
,5.9041278,2.7678313,773.9266468,2.4489454,5141.0,0.876154,,,859.6105665,,1,TESS,230127302.0,,0.019533165144695004,129.04510120043744,230127302.0,0.84
,5.9041278,2.7678313,773.9266468,2.4489454,5141.0,0.876154,,,859.6105665,,1,TESS,230127302.0,,0.019533165144695004,129.04510120043744,230127302.0,0.84
,5.9041278,2.7678313,773.9266468,2.4489454,5141.0,0.876154,,,859.6105665,,1,TESS,230127302.0,,0.019533165144695004,129.04510120043744,230127302.0,0.812
,5.9041278,2.7678313,773.9266468,2.4489454,5141.0,0.876154,,,859.6105665,,1,TESS,230127302.0,,0.019533165144695004,129.04510120043744,230127302.0,0.812
,5.9041278,2.7678313,773.9266468,2.4489454,5141.0,0.876154,,,859.6105665,,1,TESS,230127302.0,,0.019533165144695004,129.04510120043744,230127302.0,0.812
,5.9041278,2.7678313,773.9266468,2.4489454,5141.0,0.876154,,,859.6105665,,1,TESS,230127302.0,,0.019533165144695004,129.04510120043744,230127302.0,0.812
,5.9041278,2.7678313,773.9266468,2.4489454,5141.0,0.876154,,,859.6105665,,1,TESS,230127302.0,,0.019533165144695004,129.04510120043744,230127302.0,0.768
,5.9041278,2.7678313,773.9266468,2.4489454,5141.0,0.876154,,,859.6105665,,1,TESS,230127302.0,,0.019533165144695004,129.04510120043744,230127302.0,0.768
,5.9041278,2.7678313,773.9266468,2.4489454,5141.0,0.876154,,,859.6105665,,1,TESS,230127302.0,,0.019533165144695004,129.04510120043744,230127302.0,0.768
,5.9041278,2.7678313,773.9266468,2.4489454,5141.0,0.876154,,,859.6105665,,1,TESS,230127302.0,,0.019533165144695004,129.04510120043744,230127302.0,0.768
,5.9041278,2.7678313,773.9266468,2.4489454,5141.0,0.876154,,,859.6105665,,1,TESS,230127302.0,,0.019533165144695004,129.04510120043744,230127302.0,0.67
,5.9041278,2.7678313,773.9266468,2.4489454,5141.0,0.876154,,,859.6105665,,1,TESS,230127302.0,,0.019533165144695004,129.04510120043744,230127302.0,0.67
,5.9041278,2.7678313,773.9266468,2.4489454,5141.0,0.876154,,,859.6105665,,1,TESS,230127302.0,,0.019533165144695004,129.04510120043744,230127302.0,0.67
,5.9041278,2.7678313,773.9266468,2.4489454,5141.0,0.876154,,,859.6105665,,1,TESS,230127302.0,,0.019533165144695004,129.04510120043744,230127302.0,0.67
,5.9041278,2.7678313,773.9266468,2.4489454,5141.0,0.876154,,,859.6105665,,1,TESS,230127302.0,,0.019533165144695004,129.04510120043744,230127302.0,0.668
,5.9041278,2.7678313,773.9266468,2.4489454,5141.0,0.876154,,,859.6105665,,1,TESS,230127302.0,,0.019533165144695004,129.04510120043744,230127302.0,0.668
,5.9041278,2.7678313,773.9266468,2.4489454,5141.0,0.876154,,,859.6105665,,1,TESS,230127302.0,,0.019533165144695004,129.04510120043744,230127302.0,0.668
,5.9041278,2.7678313,773.9266468,2.4489454,5141.0,0.876154,,,859.6105665,,1,TESS,230127302.0,,0.019533165144695004,129.04510120043744,230127302.0,0.668
,5.9041278,2.7678313,773.9266468,2.4489454,5141.0,0.876154,,,859.6105665,,1,TESS,230127302.0,,0.019533165144695004,129.04510120043744,230127302.0,0.579
,5.9041278,2.7678313,773.9266468,2.4489454,5141.0,0.876154,,,859.6105665,,1,TESS,230127302.0,,0.019533165144695004,129.04510120043744,230127302.0,0.579
,5.9041278,2.7678313,773.9266468,2.4489454,5141.0,0.876154,,,859.6105665,,1,TESS,230127302.0,,0.019533165144695004,129.04510120043744,230127302.0,0.579
,5.9041278,2.7678313,773.9266468,2.4489454,5141.0,0.876154,,,859.6105665,,1,TESS,230127302.0,,0.019533165144695004,129.04510120043744,230127302.0,0.579
,5.9041278,2.7678313,773.9266468,2.4489454,5141.0,0.876154,,,859.6105665,,1,TESS,230127302.0,,0.019533165144695004,129.04510120043744,230127302.0,0.185
,5.9041278,2.7678313,773.9266468,2.4489454,5141.0,0.876154,,,859.6105665,,1,TESS,230127302.0,,0.019533165144695004,129.04510120043744,230127302.0,0.185
,5.9041278,2.7678313,773.9266468,2.4489454,5141.0,0.876154,,,859.6105665,,1,TESS,230127302.0,,0.019533165144695004,129.04510120043744,230127302.0,0.185
,5.9041278,2.7678313,773.9266468,2.4489454,5141.0,0.876154,,,859.6105665,,1,TESS,230127302.0,,0.019533165144695004,129.04510120043744,230127302.0,0.185
,5.9041278,2.7678313,773.9266468,2.4489454,5141.0,0.876154,,,859.6105665,,1,TESS,230127302.0,,0.019533165144695004,129.04510120043744,230127302.0,0.905
,5.9041278,2.7678313,773.9266468,2.4489454,5141.0,0.876154,,,859.6105665,,1,TESS,230127302.0,,0.019533165144695004,129.04510120043744,230127302.0,0.905
,5.9041278,2.7678313,773.9266468,2.4489454,5141.0,0.876154,,,859.6105665,,1,TESS,230127302.0,,0.019533165144695004,129.04510120043744,230127302.0,0.905
,5.9041278,2.7678313,773.9266468,2.4489454,5141.0,0.876154,,,859.6105665,,1,TESS,230127302.0,,0.019533165144695004,129.04510120043744,230127302.0,0.905
,5.9041278,2.7678313,773.9266468,2.4489454,5141.0,0.876154,,,859.6105665,,1,TESS,230127302.0,,0.019533165144695004,129.04510120043744,230127302.0,0.848
,5.9041278,2.7678313,773.9266468,2.4489454,5141.0,0.876154,,,859.6105665,,1,TESS,230127302.0,,0.019533165144695004,129.04510120043744,230127302.0,0.848
,5.9041278,2.7678313,773.9266468,2.4489454,5141.0,0.876154,,,859.6105665,,1,TESS,230127302.0,,0.019533165144695004,129.04510120043744,230127302.0,0.848
,5.9041278,2.7678313,773.9266468,2.4489454,5141.0,0.876154,,,859.6105665,,1,TESS,230127302.0,,0.019533165144695004,129.04510120043744,230127302.0,0.848
,5.9041278,2.7678313,773.9266468,2.4489454,5141.0,0.876154,,,859.6105665,,1,TESS,230127302.0,,0.019533165144695004,129.04510120043744,230127302.0,0.84
,5.9041278,2.7678313,773.9266468,2.4489454,5141.0,0.876154,,,859.6105665,,1,TESS,230127302.0,,0.019533165144695004,129.04510120043744,230127302.0,0.84
,5.9041278,2.7678313,773.9266468,2.4489454,5141.0,0.876154,,,859.6105665,,1,TESS,230127302.0,,0.019533165144695004,129.04510120043744,230127302.0,0.84
,5.9041278,2.7678313,773.9266468,2.4489454,5141.0,0.876154,,,859.6105665,,1,TESS,230127302.0,,0.019533165144695004,129.04510120043744,230127302.0,0.84
,5.9041278,2.7678313,773.9266468,2.4489454,5141.0,0.876154,,,859.6105665,,1,TESS,230127302.0,,0.019533165144695004,129.04510120043744,230127302.0,0.812
,5.9041278,2.7678313,773.9266468,2.4489454,5141.0,0.876154,,,859.6105665,,1,TESS,230127302.0,,0.019533165144695004,129.04510120043744,230127302.0,0.812
,5.9041278,2.7678313,773.9266468,2.4489454,5141.0,0.876154,,,859.6105665,,1,TESS,230127302.0,,0.019533165144695004,129.04510120043744,230127302.0,0.812
,5.9041278,2.7678313,773.9266468,2.4489454,5141.0,0.876154,,,859.6105665,,1,TESS,230127302.0,,0.019533165144695004,129.04510120043744,230127302.0,0.812
,5.9041278,2.7678313,773.9266468,2.4489454,5141.0,0.876154,,,859.6105665,,1,TESS,230127302.0,,0.019533165144695004,129.04510120043744,230127302.0,0.768
,5.9041278,2.7678313,773.9266468,2.4489454,5141.0,0.876154,,,859.6105665,,1,TESS,230127302.0,,0.019533165144695004,129.04510120043744,230127302.0,0.768
,5.9041278,2.7678313,773.9266468,2.4489454,5141.0,0.876154,,,859.6105665,,1,TESS,230127302.0,,0.019533165144695004,129.04510120043744,230127302.0,0.768
,5.9041278,2.7678313,773.9266468,2.4489454,5141.0,0.876154,,,859.6105665,,1,TESS,230127302.0,,0.019533165144695004,129.04510120043744,230127302.0,0.768
,5.9041278,2.7678313,773.9266468,2.4489454,5141.0,0.876154,,,859.6105665,,1,TESS,230127302.0,,0.019533165144695004,129.04510120043744,230127302.0,0.67
,5.9041278,2.7678313,773.9266468,2.4489454,5141.0,0.876154,,,859.6105665,,1,TESS,230127302.0,,0.019533165144695004,129.04510120043744,230127302.0,0.67
,5.9041278,2.7678313,773.9266468,2.4489454,5141.0,0.876154,,,859.6105665,,1,TESS,230127302.0,,0.019533165144695004,129.04510120043744,230127302.0,0.67
,5.9041278,2.7678313,773.9266468,2.4489454,5141.0,0.876154,,,859.6105665,,1,TESS,230127302.0,,0.019533165144695004,129.04510120043744,230127302.0,0.67
,5.9041278,2.7678313,773.9266468,2.4489454,5141.0,0.876154,,,859.6105665,,1,TESS,230127302.0,,0.019533165144695004,129.04510120043744,230127302.0,0.668
,5.9041278,2.7678313,773.9266468,2.4489454,5141.0,0.876154,,,859.6105665,,1,TESS,230127302.0,,0.019533165144695004,129.04510120043744,230127302.0,0.668
,5.9041278,2.7678313,773.9266468,2.4489454,5141.0,0.876154,,,859.6105665,,1,TESS,230127302.0,,0.019533165144695004,129.04510120043744,230127302.0,0.668
,5.9041278,2.7678313,773.9266468,2.4489454,5141.0,0.876154,,,859.6105665,,1,TESS,230127302.0,,0.019533165144695004,129.04510120043744,230127302.0,0.668
,5.9041278,2.7678313,773.9266468,2.4489454,5141.0,0.876154,,,859.6105665,,1,TESS,230127302.0,,0.019533165144695004,129.04510120043744,230127302.0,0.579
,5.9041278,2.7678313,773.9266468,2.4489454,5141.0,0.876154,,,859.6105665,,1,TESS,230127302.0,,0.019533165144695004,129.04510120043744,230127302.0,0.579
,5.9041278,2.7678313,773.9266468,2.4489454,5141.0,0.876154,,,859.6105665,,1,TESS,230127302.0,,0.019533165144695004,129.04510120043744,230127302.0,0.579
,5.9041278,2.7678313,773.9266468,2.4489454,5141.0,0.876154,,,859.6105665,,1,TESS,230127302.0,,0.019533165144695004,129.04510120043744,230127302.0,0.579
,5.9041278,2.7678313,773.9266468,2.4489454,5141.0,0.876154,,,859.6105665,,1,TESS,230127302.0,,0.019533165144695004,129.04510120043744,230127302.0,0.185
,5.9041278,2.7678313,773.9266468,2.4489454,5141.0,0.876154,,,859.6105665,,1,TESS,230127302.0,,0.019533165144695004,129.04510120043744,230127302.0,0.185
,5.9041278,2.7678313,773.9266468,2.4489454,5141.0,0.876154,,,859.6105665,,1,TESS,230127302.0,,0.019533165144695004,129.04510120043744,230127302.0,0.185
,5.9041278,2.7678313,773.9266468,2.4489454,5141.0,0.876154,,,859.6105665,,1,TESS,230127302.0,,0.019533165144695004,129.04510120043744,230127302.0,0.185
,5.9041278,2.7678313,773.9266468,2.4489454,5141.0,0.876154,,,859.6105665,,1,TESS,230127302.0,,0.019533165144695004,129.04510120043744,230127302.0,0.905
,5.9041278,2.7678313,773.9266468,2.4489454,5141.0,0.876154,,,859.6105665,,1,TESS,230127302.0,,0.019533165144695004,129.04510120043744,230127302.0,0.905
,5.9041278,2.7678313,773.9266468,2.4489454,5141.0,0.876154,,,859.6105665,,1,TESS,230127302.0,,0.019533165144695004,129.04510120043744,230127302.0,0.905
,5.9041278,2.7678313,773.9266468,2.4489454,5141.0,0.876154,,,859.6105665,,1,TESS,230127302.0,,0.019533165144695004,129.04510120043744,230127302.0,0.905
,5.9041278,2.7678313,773.9266468,2.4489454,5141.0,0.876154,,,859.6105665,,1,TESS,230127302.0,,0.019533165144695004,129.04510120043744,230127302.0,0.848
,5.9041278,2.7678313,773.9266468,2.4489454,5141.0,0.876154,,,859.6105665,,1,TESS,230127302.0,,0.019533165144695004,129.04510120043744,230127302.0,0.848
,5.9041278,2.7678313,773.9266468,2.4489454,5141.0,0.876154,,,859.6105665,,1,TESS,230127302.0,,0.019533165144695004,129.04510120043744,230127302.0,0.848
,5.9041278,2.7678313,773.9266468,2.4489454,5141.0,0.876154,,,859.6105665,,1,TESS,230127302.0,,0.019533165144695004,129.04510120043744,230127302.0,0.848
,5.9041278,2.7678313,773.9266468,2.4489454,5141.0,0.876154,,,859.6105665,,1,TESS,230127302.0,,0.019533165144695004,129.04510120043744,230127302.0,0.84
,5.9041278,2.7678313,773.9266468,2.4489454,5141.0,0.876154,,,859.6105665,,1,TESS,230127302.0,,0.019533165144695004,129.04510120043744,230127302.0,0.84
,5.9041278,2.7678313,773.9266468,2.4489454,5141.0,0.876154,,,859.6105665,,1,TESS,230127302.0,,0.019533165144695004,129.04510120043744,230127302.0,0.84
,5.9041278,2.7678313,773.9266468,2.4489454,5141.0,0.876154,,,859.6105665,,1,TESS,230127302.0,,0.019533165144695004,129.04510120043744,230127302.0,0.84
,5.9041278,2.7678313,773.9266468,2.4489454,5141.0,0.876154,,,859.6105665,,1,TESS,230127302.0,,0.019533165144695004,129.04510120043744,230127302.0,0.812
,5.9041278,2.7678313,773.9266468,2.4489454,5141.0,0.876154,,,859.6105665,,1,TESS,230127302.0,,0.019533165144695004,129.04510120043744,230127302.0,0.812
,5.9041278,2.7678313,773.9266468,2.4489454,5141.0,0.876154,,,859.6105665,,1,TESS,230127302.0,,0.019533165144695004,129.04510120043744,230127302.0,0.812
,5.9041278,2.7678313,773.9266468,2.4489454,5141.0,0.876154,,,859.6105665,,1,TESS,230127302.0,,0.019533165144695004,129.04510120043744,230127302.0,0.812
,5.9041278,2.7678313,773.9266468,2.4489454,5141.0,0.876154,,,859.6105665,,1,TESS,230127302.0,,0.019533165144695004,129.04510120043744,230127302.0,0.768
,5.9041278,2.7678313,773.9266468,2.4489454,5141.0,0.876154,,,859.6105665,,1,TESS,230127302.0,,0.019533165144695004,129.04510120043744,230127302.0,0.768
,5.9041278,2.7678313,773.9266468,2.4489454,5141.0,0.876154,,,859.6105665,,1,TESS,230127302.0,,0.019533165144695004,129.04510120043744,230127302.0,0.768
,5.9041278,2.7678313,773.9266468,2.4489454,5141.0,0.876154,,,859.6105665,,1,TESS,230127302.0,,0.019533165144695004,129.04510120043744,230127302.0,0.768
,5.9041278,2.7678313,773.9266468,2.4489454,5141.0,0.876154,,,859.6105665,,1,TESS,230127302.0,,0.019533165144695004,129.04510120043744,230127302.0,0.67
,5.9041278,2.7678313,773.9266468,2.4489454,5141.0,0.876154,,,859.6105665,,1,TESS,230127302.0,,0.019533165144695004,129.04510120043744,230127302.0,0.67
,5.9041278,2.7678313,773.9266468,2.4489454,5141.0,0.876154,,,859.6105665,,1,TESS,230127302.0,,0.019533165144695004,129.04510120043744,230127302.0,0.67
,5.9041278,2.7678313,773.9266468,2.4489454,5141.0,0.876154,,,859.6105665,,1,TESS,230127302.0,,0.019533165144695004,129.04510120043744,230127302.0,0.67
,5.9041278,2.7678313,773.9266468,2.4489454,5141.0,0.876154,,,859.6105665,,1,TESS,230127302.0,,0.019533165144695004,129.04510120043744,230127302.0,0.668
,5.9041278,2.7678313,773.9266468,2.4489454,5141.0,0.876154,,,859.6105665,,1,TESS,230127302.0,,0.019533165144695004,129.04510120043744,230127302.0,0.668
,5.9041278,2.7678313,773.9266468,2.4489454,5141.0,0.876154,,,859.6105665,,1,TESS,230127302.0,,0.019533165144695004,129.04510120043744,230127302.0,0.668
,5.9041278,2.7678313,773.9266468,2.4489454,5141.0,0.876154,,,859.6105665,,1,TESS,230127302.0,,0.019533165144695004,129.04510120043744,230127302.0,0.668
,5.9041278,2.7678313,773.9266468,2.4489454,5141.0,0.876154,,,859.6105665,,1,TESS,230127302.0,,0.019533165144695004,129.04510120043744,230127302.0,0.579
,5.9041278,2.7678313,773.9266468,2.4489454,5141.0,0.876154,,,859.6105665,,1,TESS,230127302.0,,0.019533165144695004,129.04510120043744,230127302.0,0.579
,5.9041278,2.7678313,773.9266468,2.4489454,5141.0,0.876154,,,859.6105665,,1,TESS,230127302.0,,0.019533165144695004,129.04510120043744,230127302.0,0.579
,5.9041278,2.7678313,773.9266468,2.4489454,5141.0,0.876154,,,859.6105665,,1,TESS,230127302.0,,0.019533165144695004,129.04510120043744,230127302.0,0.579
,5.9041278,2.7678313,773.9266468,2.4489454,5141.0,0.876154,,,859.6105665,,1,TESS,230127302.0,,0.019533165144695004,129.04510120043744,230127302.0,0.185
,5.9041278,2.7678313,773.9266468,2.4489454,5141.0,0.876154,,,859.6105665,,1,TESS,230127302.0,,0.019533165144695004,129.04510120043744,230127302.0,0.185
,5.9041278,2.7678313,773.9266468,2.4489454,5141.0,0.876154,,,859.6105665,,1,TESS,230127302.0,,0.019533165144695004,129.04510120043744,230127302.0,0.185
,5.9041278,2.7678313,773.9266468,2.4489454,5141.0,0.876154,,,859.6105665,,1,TESS,230127302.0,,0.019533165144695004,129.04510120043744,230127302.0,0.185
,5.9041278,2.7678313,773.9266468,2.4489454,5141.0,0.876154,,,859.6105665,,1,TESS,230127302.0,,0.019533165144695004,129.04510120043744,230127302.0,0.905
,5.9041278,2.7678313,773.9266468,2.4489454,5141.0,0.876154,,,859.6105665,,1,TESS,230127302.0,,0.019533165144695004,129.04510120043744,230127302.0,0.905
,5.9041278,2.7678313,773.9266468,2.4489454,5141.0,0.876154,,,859.6105665,,1,TESS,230127302.0,,0.019533165144695004,129.04510120043744,230127302.0,0.905
,5.9041278,2.7678313,773.9266468,2.4489454,5141.0,0.876154,,,859.6105665,,1,TESS,230127302.0,,0.019533165144695004,129.04510120043744,230127302.0,0.905
,5.9041278,2.7678313,773.9266468,2.4489454,5141.0,0.876154,,,859.6105665,,1,TESS,230127302.0,,0.019533165144695004,129.04510120043744,230127302.0,0.848
,5.9041278,2.7678313,773.9266468,2.4489454,5141.0,0.876154,,,859.6105665,,1,TESS,230127302.0,,0.019533165144695004,129.04510120043744,230127302.0,0.848
,5.9041278,2.7678313,773.9266468,2.4489454,5141.0,0.876154,,,859.6105665,,1,TESS,230127302.0,,0.019533165144695004,129.04510120043744,230127302.0,0.848
,5.9041278,2.7678313,773.9266468,2.4489454,5141.0,0.876154,,,859.6105665,,1,TESS,230127302.0,,0.019533165144695004,129.04510120043744,230127302.0,0.848
,5.9041278,2.7678313,773.9266468,2.4489454,5141.0,0.876154,,,859.6105665,,1,TESS,230127302.0,,0.019533165144695004,129.04510120043744,230127302.0,0.84
,5.9041278,2.7678313,773.9266468,2.4489454,5141.0,0.876154,,,859.6105665,,1,TESS,230127302.0,,0.019533165144695004,129.04510120043744,230127302.0,0.84
,5.9041278,2.7678313,773.9266468,2.4489454,5141.0,0.876154,,,859.6105665,,1,TESS,230127302.0,,0.019533165144695004,129.04510120043744,230127302.0,0.84
,5.9041278,2.7678313,773.9266468,2.4489454,5141.0,0.876154,,,859.6105665,,1,TESS,230127302.0,,0.019533165144695004,129.04510120043744,230127302.0,0.84
,5.9041278,2.7678313,773.9266468,2.4489454,5141.0,0.876154,,,859.6105665,,1,TESS,230127302.0,,0.019533165144695004,129.04510120043744,230127302.0,0.812
,5.9041278,2.7678313,773.9266468,2.4489454,5141.0,0.876154,,,859.6105665,,1,TESS,230127302.0,,0.019533165144695004,129.04510120043744,230127302.0,0.812
,5.9041278,2.7678313,773.9266468,2.4489454,5141.0,0.876154,,,859.6105665,,1,TESS,230127302.0,,0.019533165144695004,129.04510120043744,230127302.0,0.812
,5.9041278,2.7678313,773.9266468,2.4489454,5141.0,0.876154,,,859.6105665,,1,TESS,230127302.0,,0.019533165144695004,129.04510120043744,230127302.0,0.812
,5.9041278,2.7678313,773.9266468,2.4489454,5141.0,0.876154,,,859.6105665,,1,TESS,230127302.0,,0.019533165144695004,129.04510120043744,230127302.0,0.768
,5.9041278,2.7678313,773.9266468,2.4489454,5141.0,0.876154,,,859.6105665,,1,TESS,230127302.0,,0.019533165144695004,129.04510120043744,230127302.0,0.768
,5.9041278,2.7678313,773.9266468,2.4489454,5141.0,0.876154,,,859.6105665,,1,TESS,230127302.0,,0.019533165144695004,129.04510120043744,230127302.0,0.768
,5.9041278,2.7678313,773.9266468,2.4489454,5141.0,0.876154,,,859.6105665,,1,TESS,230127302.0,,0.019533165144695004,129.04510120043744,230127302.0,0.768
,5.9041278,2.7678313,773.9266468,2.4489454,5141.0,0.876154,,,859.6105665,,1,TESS,230127302.0,,0.019533165144695004,129.04510120043744,230127302.0,0.67
,5.9041278,2.7678313,773.9266468,2.4489454,5141.0,0.876154,,,859.6105665,,1,TESS,230127302.0,,0.019533165144695004,129.04510120043744,230127302.0,0.67
,5.9041278,2.7678313,773.9266468,2.4489454,5141.0,0.876154,,,859.6105665,,1,TESS,230127302.0,,0.019533165144695004,129.04510120043744,230127302.0,0.67
,5.9041278,2.7678313,773.9266468,2.4489454,5141.0,0.876154,,,859.6105665,,1,TESS,230127302.0,,0.019533165144695004,129.04510120043744,230127302.0,0.67
,5.9041278,2.7678313,773.9266468,2.4489454,5141.0,0.876154,,,859.6105665,,1,TESS,230127302.0,,0.019533165144695004,129.04510120043744,230127302.0,0.668
,5.9041278,2.7678313,773.9266468,2.4489454,5141.0,0.876154,,,859.6105665,,1,TESS,230127302.0,,0.019533165144695004,129.04510120043744,230127302.0,0.668
,5.9041278,2.7678313,773.9266468,2.4489454,5141.0,0.876154,,,859.6105665,,1,TESS,230127302.0,,0.019533165144695004,129.04510120043744,230127302.0,0.668
,5.9041278,2.7678313,773.9266468,2.4489454,5141.0,0.876154,,,859.6105665,,1,TESS,230127302.0,,0.019533165144695004,129.04510120043744,230127302.0,0.668
,5.9041278,2.7678313,773.9266468,2.4489454,5141.0,0.876154,,,859.6105665,,1,TESS,230127302.0,,0.019533165144695004,129.04510120043744,230127302.0,0.579
,5.9041278,2.7678313,773.9266468,2.4489454,5141.0,0.876154,,,859.6105665,,1,TESS,230127302.0,,0.019533165144695004,129.04510120043744,230127302.0,0.579
,5.9041278,2.7678313,773.9266468,2.4489454,5141.0,0.876154,,,859.6105665,,1,TESS,230127302.0,,0.019533165144695004,129.04510120043744,230127302.0,0.579
,5.9041278,2.7678313,773.9266468,2.4489454,5141.0,0.876154,,,859.6105665,,1,TESS,230127302.0,,0.019533165144695004,129.04510120043744,230127302.0,0.579
,5.9041278,2.7678313,773.9266468,2.4489454,5141.0,0.876154,,,859.6105665,,1,TESS,230127302.0,,0.019533165144695004,129.04510120043744,230127302.0,0.185
,5.9041278,2.7678313,773.9266468,2.4489454,5141.0,0.876154,,,859.6105665,,1,TESS,230127302.0,,0.019533165144695004,129.04510120043744,230127302.0,0.185
,5.9041278,2.7678313,773.9266468,2.4489454,5141.0,0.876154,,,859.6105665,,1,TESS,230127302.0,,0.019533165144695004,129.04510120043744,230127302.0,0.185
,5.9041278,2.7678313,773.9266468,2.4489454,5141.0,0.876154,,,859.6105665,,1,TESS,230127302.0,,0.019533165144695004,129.04510120043744,230127302.0,0.185
,37.9251983,3.5345219,1370.7888539,3.241643,5141.0,0.876154,,,462.4282696,,1,TESS,230127302.0,,0.003883216232821456,130.4488197006427,230127302.0,0.905
,37.9251983,3.5345219,1370.7888539,3.241643,5141.0,0.876154,,,462.4282696,,1,TESS,230127302.0,,0.003883216232821456,130.4488197006427,230127302.0,0.905
,37.9251983,3.5345219,1370.7888539,3.241643,5141.0,0.876154,,,462.4282696,,1,TESS,230127302.0,,0.003883216232821456,130.4488197006427,230127302.0,0.905
,37.9251983,3.5345219,1370.7888539,3.241643,5141.0,0.876154,,,462.4282696,,1,TESS,230127302.0,,0.003883216232821456,130.4488197006427,230127302.0,0.905
,37.9251983,3.5345219,1370.7888539,3.241643,5141.0,0.876154,,,462.4282696,,1,TESS,230127302.0,,0.003883216232821456,130.4488197006427,230127302.0,0.848
,37.9251983,3.5345219,1370.7888539,3.241643,5141.0,0.876154,,,462.4282696,,1,TESS,230127302.0,,0.003883216232821456,130.4488197006427,230127302.0,0.848
,37.9251983,3.5345219,1370.7888539,3.241643,5141.0,0.876154,,,462.4282696,,1,TESS,230127302.0,,0.003883216232821456,130.4488197006427,230127302.0,0.848
,37.9251983,3.5345219,1370.7888539,3.241643,5141.0,0.876154,,,462.4282696,,1,TESS,230127302.0,,0.003883216232821456,130.4488197006427,230127302.0,0.848
,37.9251983,3.5345219,1370.7888539,3.241643,5141.0,0.876154,,,462.4282696,,1,TESS,230127302.0,,0.003883216232821456,130.4488197006427,230127302.0,0.84
,37.9251983,3.5345219,1370.7888539,3.241643,5141.0,0.876154,,,462.4282696,,1,TESS,230127302.0,,0.003883216232821456,130.4488197006427,230127302.0,0.84
,37.9251983,3.5345219,1370.7888539,3.241643,5141.0,0.876154,,,462.4282696,,1,TESS,230127302.0,,0.003883216232821456,130.4488197006427,230127302.0,0.84
,37.9251983,3.5345219,1370.7888539,3.241643,5141.0,0.876154,,,462.4282696,,1,TESS,230127302.0,,0.003883216232821456,130.4488197006427,230127302.0,0.84
,37.9251983,3.5345219,1370.7888539,3.241643,5141.0,0.876154,,,462.4282696,,1,TESS,230127302.0,,0.003883216232821456,130.4488197006427,230127302.0,0.812
,37.9251983,3.5345219,1370.7888539,3.241643,5141.0,0.876154,,,462.4282696,,1,TESS,230127302.0,,0.003883216232821456,130.4488197006427,230127302.0,0.812
,37.9251983,3.5345219,1370.7888539,3.241643,5141.0,0.876154,,,462.4282696,,1,TESS,230127302.0,,0.003883216232821456,130.4488197006427,230127302.0,0.812
,37.9251983,3.5345219,1370.7888539,3.241643,5141.0,0.876154,,,462.4282696,,1,TESS,230127302.0,,0.003883216232821456,130.4488197006427,230127302.0,0.812
,37.9251983,3.5345219,1370.7888539,3.241643,5141.0,0.876154,,,462.4282696,,1,TESS,230127302.0,,0.003883216232821456,130.4488197006427,230127302.0,0.768
,37.9251983,3.5345219,1370.7888539,3.241643,5141.0,0.876154,,,462.4282696,,1,TESS,230127302.0,,0.003883216232821456,130.4488197006427,230127302.0,0.768
,37.9251983,3.5345219,1370.7888539,3.241643,5141.0,0.876154,,,462.4282696,,1,TESS,230127302.0,,0.003883216232821456,130.4488197006427,230127302.0,0.768
,37.9251983,3.5345219,1370.7888539,3.241643,5141.0,0.876154,,,462.4282696,,1,TESS,230127302.0,,0.003883216232821456,130.4488197006427,230127302.0,0.768
,37.9251983,3.5345219,1370.7888539,3.241643,5141.0,0.876154,,,462.4282696,,1,TESS,230127302.0,,0.003883216232821456,130.4488197006427,230127302.0,0.67
,37.9251983,3.5345219,1370.7888539,3.241643,5141.0,0.876154,,,462.4282696,,1,TESS,230127302.0,,0.003883216232821456,130.4488197006427,230127302.0,0.67
,37.9251983,3.5345219,1370.7888539,3.241643,5141.0,0.876154,,,462.4282696,,1,TESS,230127302.0,,0.003883216232821456,130.4488197006427,230127302.0,0.67
,37.9251983,3.5345219,1370.7888539,3.241643,5141.0,0.876154,,,462.4282696,,1,TESS,230127302.0,,0.003883216232821456,130.4488197006427,230127302.0,0.67
,37.9251983,3.5345219,1370.7888539,3.241643,5141.0,0.876154,,,462.4282696,,1,TESS,230127302.0,,0.003883216232821456,130.4488197006427,230127302.0,0.668
,37.9251983,3.5345219,1370.7888539,3.241643,5141.0,0.876154,,,462.4282696,,1,TESS,230127302.0,,0.003883216232821456,130.4488197006427,230127302.0,0.668
,37.9251983,3.5345219,1370.7888539,3.241643,5141.0,0.876154,,,462.4282696,,1,TESS,230127302.0,,0.003883216232821456,130.4488197006427,230127302.0,0.668
,37.9251983,3.5345219,1370.7888539,3.241643,5141.0,0.876154,,,462.4282696,,1,TESS,230127302.0,,0.003883216232821456,130.4488197006427,230127302.0,0.668
,37.9251983,3.5345219,1370.7888539,3.241643,5141.0,0.876154,,,462.4282696,,1,TESS,230127302.0,,0.003883216232821456,130.4488197006427,230127302.0,0.579
,37.9251983,3.5345219,1370.7888539,3.241643,5141.0,0.876154,,,462.4282696,,1,TESS,230127302.0,,0.003883216232821456,130.4488197006427,230127302.0,0.579
,37.9251983,3.5345219,1370.7888539,3.241643,5141.0,0.876154,,,462.4282696,,1,TESS,230127302.0,,0.003883216232821456,130.4488197006427,230127302.0,0.579
,37.9251983,3.5345219,1370.7888539,3.241643,5141.0,0.876154,,,462.4282696,,1,TESS,230127302.0,,0.003883216232821456,130.4488197006427,230127302.0,0.579
,37.9251983,3.5345219,1370.7888539,3.241643,5141.0,0.876154,,,462.4282696,,1,TESS,230127302.0,,0.003883216232821456,130.4488197006427,230127302.0,0.185
,37.9251983,3.5345219,1370.7888539,3.241643,5141.0,0.876154,,,462.4282696,,1,TESS,230127302.0,,0.003883216232821456,130.4488197006427,230127302.0,0.185
,37.9251983,3.5345219,1370.7888539,3.241643,5141.0,0.876154,,,462.4282696,,1,TESS,230127302.0,,0.003883216232821456,130.4488197006427,230127302.0,0.185
,37.9251983,3.5345219,1370.7888539,3.241643,5141.0,0.876154,,,462.4282696,,1,TESS,230127302.0,,0.003883216232821456,130.4488197006427,230127302.0,0.185
,37.9251983,3.5345219,1370.7888539,3.241643,5141.0,0.876154,,,462.4282696,,1,TESS,230127302.0,,0.003883216232821456,130.4488197006427,230127302.0,0.905
,37.9251983,3.5345219,1370.7888539,3.241643,5141.0,0.876154,,,462.4282696,,1,TESS,230127302.0,,0.003883216232821456,130.4488197006427,230127302.0,0.905
,37.9251983,3.5345219,1370.7888539,3.241643,5141.0,0.876154,,,462.4282696,,1,TESS,230127302.0,,0.003883216232821456,130.4488197006427,230127302.0,0.905
,37.9251983,3.5345219,1370.7888539,3.241643,5141.0,0.876154,,,462.4282696,,1,TESS,230127302.0,,0.003883216232821456,130.4488197006427,230127302.0,0.905
,37.9251983,3.5345219,1370.7888539,3.241643,5141.0,0.876154,,,462.4282696,,1,TESS,230127302.0,,0.003883216232821456,130.4488197006427,230127302.0,0.848
,37.9251983,3.5345219,1370.7888539,3.241643,5141.0,0.876154,,,462.4282696,,1,TESS,230127302.0,,0.003883216232821456,130.4488197006427,230127302.0,0.848
,37.9251983,3.5345219,1370.7888539,3.241643,5141.0,0.876154,,,462.4282696,,1,TESS,230127302.0,,0.003883216232821456,130.4488197006427,230127302.0,0.848
,37.9251983,3.5345219,1370.7888539,3.241643,5141.0,0.876154,,,462.4282696,,1,TESS,230127302.0,,0.003883216232821456,130.4488197006427,230127302.0,0.848
,37.9251983,3.5345219,1370.7888539,3.241643,5141.0,0.876154,,,462.4282696,,1,TESS,230127302.0,,0.003883216232821456,130.4488197006427,230127302.0,0.84
,37.9251983,3.5345219,1370.7888539,3.241643,5141.0,0.876154,,,462.4282696,,1,TESS,230127302.0,,0.003883216232821456,130.4488197006427,230127302.0,0.84
,37.9251983,3.5345219,1370.7888539,3.241643,5141.0,0.876154,,,462.4282696,,1,TESS,230127302.0,,0.003883216232821456,130.4488197006427,230127302.0,0.84
,37.9251983,3.5345219,1370.7888539,3.241643,5141.0,0.876154,,,462.4282696,,1,TESS,230127302.0,,0.003883216232821456,130.4488197006427,230127302.0,0.84
,37.9251983,3.5345219,1370.7888539,3.241643,5141.0,0.876154,,,462.4282696,,1,TESS,230127302.0,,0.003883216232821456,130.4488197006427,230127302.0,0.812
,37.9251983,3.5345219,1370.7888539,3.241643,5141.0,0.876154,,,462.4282696,,1,TESS,230127302.0,,0.003883216232821456,130.4488197006427,230127302.0,0.812
,37.9251983,3.5345219,1370.7888539,3.241643,5141.0,0.876154,,,462.4282696,,1,TESS,230127302.0,,0.003883216232821456,130.4488197006427,230127302.0,0.812
,37.9251983,3.5345219,1370.7888539,3.241643,5141.0,0.876154,,,462.4282696,,1,TESS,230127302.0,,0.003883216232821456,130.4488197006427,230127302.0,0.812
,37.9251983,3.5345219,1370.7888539,3.241643,5141.0,0.876154,,,462.4282696,,1,TESS,230127302.0,,0.003883216232821456,130.4488197006427,230127302.0,0.768
,37.9251983,3.5345219,1370.7888539,3.241643,5141.0,0.876154,,,462.4282696,,1,TESS,230127302.0,,0.003883216232821456,130.4488197006427,230127302.0,0.768
,37.9251983,3.5345219,1370.7888539,3.241643,5141.0,0.876154,,,462.4282696,,1,TESS,230127302.0,,0.003883216232821456,130.4488197006427,230127302.0,0.768
,37.9251983,3.5345219,1370.7888539,3.241643,5141.0,0.876154,,,462.4282696,,1,TESS,230127302.0,,0.003883216232821456,130.4488197006427,230127302.0,0.768
,37.9251983,3.5345219,1370.7888539,3.241643,5141.0,0.876154,,,462.4282696,,1,TESS,230127302.0,,0.003883216232821456,130.4488197006427,230127302.0,0.67
,37.9251983,3.5345219,1370.7888539,3.241643,5141.0,0.876154,,,462.4282696,,1,TESS,230127302.0,,0.003883216232821456,130.4488197006427,230127302.0,0.67
,37.9251983,3.5345219,1370.7888539,3.241643,5141.0,0.876154,,,462.4282696,,1,TESS,230127302.0,,0.003883216232821456,130.4488197006427,230127302.0,0.67
,37.9251983,3.5345219,1370.7888539,3.241643,5141.0,0.876154,,,462.4282696,,1,TESS,230127302.0,,0.003883216232821456,130.4488197006427,230127302.0,0.67
,37.9251983,3.5345219,1370.7888539,3.241643,5141.0,0.876154,,,462.4282696,,1,TESS,230127302.0,,0.003883216232821456,130.4488197006427,230127302.0,0.668
,37.9251983,3.5345219,1370.7888539,3.241643,5141.0,0.876154,,,462.4282696,,1,TESS,230127302.0,,0.003883216232821456,130.4488197006427,230127302.0,0.668
,37.9251983,3.5345219,1370.7888539,3.241643,5141.0,0.876154,,,462.4282696,,1,TESS,230127302.0,,0.003883216232821456,130.4488197006427,230127302.0,0.668
,37.9251983,3.5345219,1370.7888539,3.241643,5141.0,0.876154,,,462.4282696,,1,TESS,230127302.0,,0.003883216232821456,130.4488197006427,230127302.0,0.668
,37.9251983,3.5345219,1370.7888539,3.241643,5141.0,0.876154,,,462.4282696,,1,TESS,230127302.0,,0.003883216232821456,130.4488197006427,230127302.0,0.579
,37.9251983,3.5345219,1370.7888539,3.241643,5141.0,0.876154,,,462.4282696,,1,TESS,230127302.0,,0.003883216232821456,130.4488197006427,230127302.0,0.579
,37.9251983,3.5345219,1370.7888539,3.241643,5141.0,0.876154,,,462.4282696,,1,TESS,230127302.0,,0.003883216232821456,130.4488197006427,230127302.0,0.579
,37.9251983,3.5345219,1370.7888539,3.241643,5141.0,0.876154,,,462.4282696,,1,TESS,230127302.0,,0.003883216232821456,130.4488197006427,230127302.0,0.579
,37.9251983,3.5345219,1370.7888539,3.241643,5141.0,0.876154,,,462.4282696,,1,TESS,230127302.0,,0.003883216232821456,130.4488197006427,230127302.0,0.185
,37.9251983,3.5345219,1370.7888539,3.241643,5141.0,0.876154,,,462.4282696,,1,TESS,230127302.0,,0.003883216232821456,130.4488197006427,230127302.0,0.185
,37.9251983,3.5345219,1370.7888539,3.241643,5141.0,0.876154,,,462.4282696,,1,TESS,230127302.0,,0.003883216232821456,130.4488197006427,230127302.0,0.185
,37.9251983,3.5345219,1370.7888539,3.241643,5141.0,0.876154,,,462.4282696,,1,TESS,230127302.0,,0.003883216232821456,130.4488197006427,230127302.0,0.185
,37.9251983,3.5345219,1370.7888539,3.241643,5141.0,0.876154,,,462.4282696,,1,TESS,230127302.0,,0.003883216232821456,130.4488197006427,230127302.0,0.905
,37.9251983,3.5345219,1370.7888539,3.241643,5141.0,0.876154,,,462.4282696,,1,TESS,230127302.0,,0.003883216232821456,130.4488197006427,230127302.0,0.905
,37.9251983,3.5345219,1370.7888539,3.241643,5141.0,0.876154,,,462.4282696,,1,TESS,230127302.0,,0.003883216232821456,130.4488197006427,230127302.0,0.905
,37.9251983,3.5345219,1370.7888539,3.241643,5141.0,0.876154,,,462.4282696,,1,TESS,230127302.0,,0.003883216232821456,130.4488197006427,230127302.0,0.905
,37.9251983,3.5345219,1370.7888539,3.241643,5141.0,0.876154,,,462.4282696,,1,TESS,230127302.0,,0.003883216232821456,130.4488197006427,230127302.0,0.848
,37.9251983,3.5345219,1370.7888539,3.241643,5141.0,0.876154,,,462.4282696,,1,TESS,230127302.0,,0.003883216232821456,130.4488197006427,230127302.0,0.848
,37.9251983,3.5345219,1370.7888539,3.241643,5141.0,0.876154,,,462.4282696,,1,TESS,230127302.0,,0.003883216232821456,130.4488197006427,230127302.0,0.848
,37.9251983,3.5345219,1370.7888539,3.241643,5141.0,0.876154,,,462.4282696,,1,TESS,230127302.0,,0.003883216232821456,130.4488197006427,230127302.0,0.848
,37.9251983,3.5345219,1370.7888539,3.241643,5141.0,0.876154,,,462.4282696,,1,TESS,230127302.0,,0.003883216232821456,130.4488197006427,230127302.0,0.84
,37.9251983,3.5345219,1370.7888539,3.241643,5141.0,0.876154,,,462.4282696,,1,TESS,230127302.0,,0.003883216232821456,130.4488197006427,230127302.0,0.84
,37.9251983,3.5345219,1370.7888539,3.241643,5141.0,0.876154,,,462.4282696,,1,TESS,230127302.0,,0.003883216232821456,130.4488197006427,230127302.0,0.84
,37.9251983,3.5345219,1370.7888539,3.241643,5141.0,0.876154,,,462.4282696,,1,TESS,230127302.0,,0.003883216232821456,130.4488197006427,230127302.0,0.84
,37.9251983,3.5345219,1370.7888539,3.241643,5141.0,0.876154,,,462.4282696,,1,TESS,230127302.0,,0.003883216232821456,130.4488197006427,230127302.0,0.812
,37.9251983,3.5345219,1370.7888539,3.241643,5141.0,0.876154,,,462.4282696,,1,TESS,230127302.0,,0.003883216232821456,130.4488197006427,230127302.0,0.812
,37.9251983,3.5345219,1370.7888539,3.241643,5141.0,0.876154,,,462.4282696,,1,TESS,230127302.0,,0.003883216232821456,130.4488197006427,230127302.0,0.812
,37.9251983,3.5345219,1370.7888539,3.241643,5141.0,0.876154,,,462.4282696,,1,TESS,230127302.0,,0.003883216232821456,130.4488197006427,230127302.0,0.812
,37.9251983,3.5345219,1370.7888539,3.241643,5141.0,0.876154,,,462.4282696,,1,TESS,230127302.0,,0.003883216232821456,130.4488197006427,230127302.0,0.768
,37.9251983,3.5345219,1370.7888539,3.241643,5141.0,0.876154,,,462.4282696,,1,TESS,230127302.0,,0.003883216232821456,130.4488197006427,230127302.0,0.768
,37.9251983,3.5345219,1370.7888539,3.241643,5141.0,0.876154,,,462.4282696,,1,TESS,230127302.0,,0.003883216232821456,130.4488197006427,230127302.0,0.768
,37.9251983,3.5345219,1370.7888539,3.241643,5141.0,0.876154,,,462.4282696,,1,TESS,230127302.0,,0.003883216232821456,130.4488197006427,230127302.0,0.768
,37.9251983,3.5345219,1370.7888539,3.241643,5141.0,0.876154,,,462.4282696,,1,TESS,230127302.0,,0.003883216232821456,130.4488197006427,230127302.0,0.67
,37.9251983,3.5345219,1370.7888539,3.241643,5141.0,0.876154,,,462.4282696,,1,TESS,230127302.0,,0.003883216232821456,130.4488197006427,230127302.0,0.67
,37.9251983,3.5345219,1370.7888539,3.241643,5141.0,0.876154,,,462.4282696,,1,TESS,230127302.0,,0.003883216232821456,130.4488197006427,230127302.0,0.67
,37.9251983,3.5345219,1370.7888539,3.241643,5141.0,0.876154,,,462.4282696,,1,TESS,230127302.0,,0.003883216232821456,130.4488197006427,230127302.0,0.67
,37.9251983,3.5345219,1370.7888539,3.241643,5141.0,0.876154,,,462.4282696,,1,TESS,230127302.0,,0.003883216232821456,130.4488197006427,230127302.0,0.668
,37.9251983,3.5345219,1370.7888539,3.241643,5141.0,0.876154,,,462.4282696,,1,TESS,230127302.0,,0.003883216232821456,130.4488197006427,230127302.0,0.668
,37.9251983,3.5345219,1370.7888539,3.241643,5141.0,0.876154,,,462.4282696,,1,TESS,230127302.0,,0.003883216232821456,130.4488197006427,230127302.0,0.668
,37.9251983,3.5345219,1370.7888539,3.241643,5141.0,0.876154,,,462.4282696,,1,TESS,230127302.0,,0.003883216232821456,130.4488197006427,230127302.0,0.668
,37.9251983,3.5345219,1370.7888539,3.241643,5141.0,0.876154,,,462.4282696,,1,TESS,230127302.0,,0.003883216232821456,130.4488197006427,230127302.0,0.579
,37.9251983,3.5345219,1370.7888539,3.241643,5141.0,0.876154,,,462.4282696,,1,TESS,230127302.0,,0.003883216232821456,130.4488197006427,230127302.0,0.579
,37.9251983,3.5345219,1370.7888539,3.241643,5141.0,0.876154,,,462.4282696,,1,TESS,230127302.0,,0.003883216232821456,130.4488197006427,230127302.0,0.579
,37.9251983,3.5345219,1370.7888539,3.241643,5141.0,0.876154,,,462.4282696,,1,TESS,230127302.0,,0.003883216232821456,130.4488197006427,230127302.0,0.579
,37.9251983,3.5345219,1370.7888539,3.241643,5141.0,0.876154,,,462.4282696,,1,TESS,230127302.0,,0.003883216232821456,130.4488197006427,230127302.0,0.185
,37.9251983,3.5345219,1370.7888539,3.241643,5141.0,0.876154,,,462.4282696,,1,TESS,230127302.0,,0.003883216232821456,130.4488197006427,230127302.0,0.185
,37.9251983,3.5345219,1370.7888539,3.241643,5141.0,0.876154,,,462.4282696,,1,TESS,230127302.0,,0.003883216232821456,130.4488197006427,230127302.0,0.185
,37.9251983,3.5345219,1370.7888539,3.241643,5141.0,0.876154,,,462.4282696,,1,TESS,230127302.0,,0.003883216232821456,130.4488197006427,230127302.0,0.185
,37.9251983,3.5345219,1370.7888539,3.241643,5141.0,0.876154,,,462.4282696,,1,TESS,230127302.0,,0.003883216232821456,130.4488197006427,230127302.0,0.905
,37.9251983,3.5345219,1370.7888539,3.241643,5141.0,0.876154,,,462.4282696,,1,TESS,230127302.0,,0.003883216232821456,130.4488197006427,230127302.0,0.905
,37.9251983,3.5345219,1370.7888539,3.241643,5141.0,0.876154,,,462.4282696,,1,TESS,230127302.0,,0.003883216232821456,130.4488197006427,230127302.0,0.905
,37.9251983,3.5345219,1370.7888539,3.241643,5141.0,0.876154,,,462.4282696,,1,TESS,230127302.0,,0.003883216232821456,130.4488197006427,230127302.0,0.905
,37.9251983,3.5345219,1370.7888539,3.241643,5141.0,0.876154,,,462.4282696,,1,TESS,230127302.0,,0.003883216232821456,130.4488197006427,230127302.0,0.848
,37.9251983,3.5345219,1370.7888539,3.241643,5141.0,0.876154,,,462.4282696,,1,TESS,230127302.0,,0.003883216232821456,130.4488197006427,230127302.0,0.848
,37.9251983,3.5345219,1370.7888539,3.241643,5141.0,0.876154,,,462.4282696,,1,TESS,230127302.0,,0.003883216232821456,130.4488197006427,230127302.0,0.848
,37.9251983,3.5345219,1370.7888539,3.241643,5141.0,0.876154,,,462.4282696,,1,TESS,230127302.0,,0.003883216232821456,130.4488197006427,230127302.0,0.848
,37.9251983,3.5345219,1370.7888539,3.241643,5141.0,0.876154,,,462.4282696,,1,TESS,230127302.0,,0.003883216232821456,130.4488197006427,230127302.0,0.84
,37.9251983,3.5345219,1370.7888539,3.241643,5141.0,0.876154,,,462.4282696,,1,TESS,230127302.0,,0.003883216232821456,130.4488197006427,230127302.0,0.84
,37.9251983,3.5345219,1370.7888539,3.241643,5141.0,0.876154,,,462.4282696,,1,TESS,230127302.0,,0.003883216232821456,130.4488197006427,230127302.0,0.84
,37.9251983,3.5345219,1370.7888539,3.241643,5141.0,0.876154,,,462.4282696,,1,TESS,230127302.0,,0.003883216232821456,130.4488197006427,230127302.0,0.84
,37.9251983,3.5345219,1370.7888539,3.241643,5141.0,0.876154,,,462.4282696,,1,TESS,230127302.0,,0.003883216232821456,130.4488197006427,230127302.0,0.812
,37.9251983,3.5345219,1370.7888539,3.241643,5141.0,0.876154,,,462.4282696,,1,TESS,230127302.0,,0.003883216232821456,130.4488197006427,230127302.0,0.812
,37.9251983,3.5345219,1370.7888539,3.241643,5141.0,0.876154,,,462.4282696,,1,TESS,230127302.0,,0.003883216232821456,130.4488197006427,230127302.0,0.812
,37.9251983,3.5345219,1370.7888539,3.241643,5141.0,0.876154,,,462.4282696,,1,TESS,230127302.0,,0.003883216232821456,130.4488197006427,230127302.0,0.812
,37.9251983,3.5345219,1370.7888539,3.241643,5141.0,0.876154,,,462.4282696,,1,TESS,230127302.0,,0.003883216232821456,130.4488197006427,230127302.0,0.768
,37.9251983,3.5345219,1370.7888539,3.241643,5141.0,0.876154,,,462.4282696,,1,TESS,230127302.0,,0.003883216232821456,130.4488197006427,230127302.0,0.768
,37.9251983,3.5345219,1370.7888539,3.241643,5141.0,0.876154,,,462.4282696,,1,TESS,230127302.0,,0.003883216232821456,130.4488197006427,230127302.0,0.768
,37.9251983,3.5345219,1370.7888539,3.241643,5141.0,0.876154,,,462.4282696,,1,TESS,230127302.0,,0.003883216232821456,130.4488197006427,230127302.0,0.768
,37.9251983,3.5345219,1370.7888539,3.241643,5141.0,0.876154,,,462.4282696,,1,TESS,230127302.0,,0.003883216232821456,130.4488197006427,230127302.0,0.67
,37.9251983,3.5345219,1370.7888539,3.241643,5141.0,0.876154,,,462.4282696,,1,TESS,230127302.0,,0.003883216232821456,130.4488197006427,230127302.0,0.67
,37.9251983,3.5345219,1370.7888539,3.241643,5141.0,0.876154,,,462.4282696,,1,TESS,230127302.0,,0.003883216232821456,130.4488197006427,230127302.0,0.67
,37.9251983,3.5345219,1370.7888539,3.241643,5141.0,0.876154,,,462.4282696,,1,TESS,230127302.0,,0.003883216232821456,130.4488197006427,230127302.0,0.67
,37.9251983,3.5345219,1370.7888539,3.241643,5141.0,0.876154,,,462.4282696,,1,TESS,230127302.0,,0.003883216232821456,130.4488197006427,230127302.0,0.668
,37.9251983,3.5345219,1370.7888539,3.241643,5141.0,0.876154,,,462.4282696,,1,TESS,230127302.0,,0.003883216232821456,130.4488197006427,230127302.0,0.668
,37.9251983,3.5345219,1370.7888539,3.241643,5141.0,0.876154,,,462.4282696,,1,TESS,230127302.0,,0.003883216232821456,130.4488197006427,230127302.0,0.668
,37.9251983,3.5345219,1370.7888539,3.241643,5141.0,0.876154,,,462.4282696,,1,TESS,230127302.0,,0.003883216232821456,130.4488197006427,230127302.0,0.668
,37.9251983,3.5345219,1370.7888539,3.241643,5141.0,0.876154,,,462.4282696,,1,TESS,230127302.0,,0.003883216232821456,130.4488197006427,230127302.0,0.579
,37.9251983,3.5345219,1370.7888539,3.241643,5141.0,0.876154,,,462.4282696,,1,TESS,230127302.0,,0.003883216232821456,130.4488197006427,230127302.0,0.579
,37.9251983,3.5345219,1370.7888539,3.241643,5141.0,0.876154,,,462.4282696,,1,TESS,230127302.0,,0.003883216232821456,130.4488197006427,230127302.0,0.579
,37.9251983,3.5345219,1370.7888539,3.241643,5141.0,0.876154,,,462.4282696,,1,TESS,230127302.0,,0.003883216232821456,130.4488197006427,230127302.0,0.579
,37.9251983,3.5345219,1370.7888539,3.241643,5141.0,0.876154,,,462.4282696,,1,TESS,230127302.0,,0.003883216232821456,130.4488197006427,230127302.0,0.185
,37.9251983,3.5345219,1370.7888539,3.241643,5141.0,0.876154,,,462.4282696,,1,TESS,230127302.0,,0.003883216232821456,130.4488197006427,230127302.0,0.185
,37.9251983,3.5345219,1370.7888539,3.241643,5141.0,0.876154,,,462.4282696,,1,TESS,230127302.0,,0.003883216232821456,130.4488197006427,230127302.0,0.185
,37.9251983,3.5345219,1370.7888539,3.241643,5141.0,0.876154,,,462.4282696,,1,TESS,230127302.0,,0.003883216232821456,130.4488197006427,230127302.0,0.185
,15.9234883,4.021,493.0,2.18203,5711.85,1.08,,,735.0,,1,TESS,232540264.0,,0.010521668561044115,103.54410856932265,232540264.0,0.997
,15.9234883,4.021,493.0,2.18203,5711.85,1.08,,,735.0,,1,TESS,232540264.0,,0.010521668561044115,103.54410856932265,232540264.0,0.996
,15.9234883,4.021,493.0,2.18203,5711.85,1.08,,,735.0,,1,TESS,232540264.0,,0.010521668561044115,103.54410856932265,232540264.0,0.996
,15.9234883,4.021,493.0,2.18203,5711.85,1.08,,,735.0,,1,TESS,232540264.0,,0.010521668561044115,103.54410856932265,232540264.0,0.995
,15.9234883,4.021,493.0,2.18203,5711.85,1.08,,,735.0,,1,TESS,232540264.0,,0.010521668561044115,103.54410856932265,232540264.0,0.994
,15.9234883,4.021,493.0,2.18203,5711.85,1.08,,,735.0,,1,TESS,232540264.0,,0.010521668561044115,103.54410856932265,232540264.0,0.994
,15.9234883,4.021,493.0,2.18203,5711.85,1.08,,,735.0,,1,TESS,232540264.0,,0.010521668561044115,103.54410856932265,232540264.0,0.993
,15.9234883,4.021,493.0,2.18203,5711.85,1.08,,,735.0,,1,TESS,232540264.0,,0.010521668561044115,103.54410856932265,232540264.0,0.989
,15.9234883,4.021,493.0,2.18203,5711.85,1.08,,,735.0,,1,TESS,232540264.0,,0.010521668561044115,103.54410856932265,232540264.0,0.989
,15.9234883,4.021,493.0,2.18203,5711.85,1.08,,,735.0,,1,TESS,232540264.0,,0.010521668561044115,103.54410856932265,232540264.0,0.979
,15.9234883,4.021,493.0,2.18203,5711.85,1.08,,,735.0,,1,TESS,232540264.0,,0.010521668561044115,103.54410856932265,232540264.0,0.978
,15.9234883,4.021,493.0,2.18203,5711.85,1.08,,,735.0,,1,TESS,232540264.0,,0.010521668561044115,103.54410856932265,232540264.0,0.974
,15.9234883,4.021,493.0,2.18203,5711.85,1.08,,,735.0,,1,TESS,232540264.0,,0.010521668561044115,103.54410856932265,232540264.0,0.899
,15.9234883,4.021,493.0,2.18203,5711.85,1.08,,,735.0,,1,TESS,232540264.0,,0.010521668561044115,103.54410856932265,232540264.0,0.896
,4.3601536,2.3408909,5592.2909183,6.9564258,5227.0,0.874131,,,961.6063113,,1,TESS,232612416.0,,0.022370110975275134,115.56263415031671,232612416.0,0.998
,4.3601536,2.3408909,5592.2909183,6.9564258,5227.0,0.874131,,,961.6063113,,1,TESS,232612416.0,,0.022370110975275134,115.56263415031671,232612416.0,0.998
,4.3601536,2.3408909,5592.2909183,6.9564258,5227.0,0.874131,,,961.6063113,,1,TESS,232612416.0,,0.022370110975275134,115.56263415031671,232612416.0,0.998
,4.3601536,2.3408909,5592.2909183,6.9564258,5227.0,0.874131,,,961.6063113,,1,TESS,232612416.0,,0.022370110975275134,115.56263415031671,232612416.0,0.997
,4.3601536,2.3408909,5592.2909183,6.9564258,5227.0,0.874131,,,961.6063113,,1,TESS,232612416.0,,0.022370110975275134,115.56263415031671,232612416.0,0.997
,4.3601536,2.3408909,5592.2909183,6.9564258,5227.0,0.874131,,,961.6063113,,1,TESS,232612416.0,,0.022370110975275134,115.56263415031671,232612416.0,0.997
,4.3601536,2.3408909,5592.2909183,6.9564258,5227.0,0.874131,,,961.6063113,,1,TESS,232612416.0,,0.022370110975275134,115.56263415031671,232612416.0,0.997
,4.3601536,2.3408909,5592.2909183,6.9564258,5227.0,0.874131,,,961.6063113,,1,TESS,232612416.0,,0.022370110975275134,115.56263415031671,232612416.0,0.997
,4.3601536,2.3408909,5592.2909183,6.9564258,5227.0,0.874131,,,961.6063113,,1,TESS,232612416.0,,0.022370110975275134,115.56263415031671,232612416.0,0.997
,4.3601536,2.3408909,5592.2909183,6.9564258,5227.0,0.874131,,,961.6063113,,1,TESS,232612416.0,,0.022370110975275134,115.56263415031671,232612416.0,0.997
,4.3601536,2.3408909,5592.2909183,6.9564258,5227.0,0.874131,,,961.6063113,,1,TESS,232612416.0,,0.022370110975275134,115.56263415031671,232612416.0,0.997
,4.3601536,2.3408909,5592.2909183,6.9564258,5227.0,0.874131,,,961.6063113,,1,TESS,232612416.0,,0.022370110975275134,115.56263415031671,232612416.0,0.997
,4.3601536,2.3408909,5592.2909183,6.9564258,5227.0,0.874131,,,961.6063113,,1,TESS,232612416.0,,0.022370110975275134,115.56263415031671,232612416.0,0.997
,4.3601536,2.3408909,5592.2909183,6.9564258,5227.0,0.874131,,,961.6063113,,1,TESS,232612416.0,,0.022370110975275134,115.56263415031671,232612416.0,0.997
,4.3601536,2.3408909,5592.2909183,6.9564258,5227.0,0.874131,,,961.6063113,,1,TESS,232612416.0,,0.022370110975275134,115.56263415031671,232612416.0,0.997
,4.3601536,2.3408909,5592.2909183,6.9564258,5227.0,0.874131,,,961.6063113,,1,TESS,232612416.0,,0.022370110975275134,115.56263415031671,232612416.0,0.997
,4.3601536,2.3408909,5592.2909183,6.9564258,5227.0,0.874131,,,961.6063113,,1,TESS,232612416.0,,0.022370110975275134,115.56263415031671,232612416.0,0.997
,4.3601536,2.3408909,5592.2909183,6.9564258,5227.0,0.874131,,,961.6063113,,1,TESS,232612416.0,,0.022370110975275134,115.56263415031671,232612416.0,0.997
,4.3601536,2.3408909,5592.2909183,6.9564258,5227.0,0.874131,,,961.6063113,,1,TESS,232612416.0,,0.022370110975275134,115.56263415031671,232612416.0,0.996
,4.3601536,2.3408909,5592.2909183,6.9564258,5227.0,0.874131,,,961.6063113,,1,TESS,232612416.0,,0.022370110975275134,115.56263415031671,232612416.0,0.996
,4.3601536,2.3408909,5592.2909183,6.9564258,5227.0,0.874131,,,961.6063113,,1,TESS,232612416.0,,0.022370110975275134,115.56263415031671,232612416.0,0.996
,4.3601536,2.3408909,5592.2909183,6.9564258,5227.0,0.874131,,,961.6063113,,1,TESS,232612416.0,,0.022370110975275134,115.56263415031671,232612416.0,0.996
,4.3601536,2.3408909,5592.2909183,6.9564258,5227.0,0.874131,,,961.6063113,,1,TESS,232612416.0,,0.022370110975275134,115.56263415031671,232612416.0,0.996
,4.3601536,2.3408909,5592.2909183,6.9564258,5227.0,0.874131,,,961.6063113,,1,TESS,232612416.0,,0.022370110975275134,115.56263415031671,232612416.0,0.996
,4.3601536,2.3408909,5592.2909183,6.9564258,5227.0,0.874131,,,961.6063113,,1,TESS,232612416.0,,0.022370110975275134,115.56263415031671,232612416.0,0.995
,4.3601536,2.3408909,5592.2909183,6.9564258,5227.0,0.874131,,,961.6063113,,1,TESS,232612416.0,,0.022370110975275134,115.56263415031671,232612416.0,0.995
,4.3601536,2.3408909,5592.2909183,6.9564258,5227.0,0.874131,,,961.6063113,,1,TESS,232612416.0,,0.022370110975275134,115.56263415031671,232612416.0,0.995
,4.3601536,2.3408909,5592.2909183,6.9564258,5227.0,0.874131,,,961.6063113,,1,TESS,232612416.0,,0.022370110975275134,115.56263415031671,232612416.0,0.995
,4.3601536,2.3408909,5592.2909183,6.9564258,5227.0,0.874131,,,961.6063113,,1,TESS,232612416.0,,0.022370110975275134,115.56263415031671,232612416.0,0.994
,4.3601536,2.3408909,5592.2909183,6.9564258,5227.0,0.874131,,,961.6063113,,1,TESS,232612416.0,,0.022370110975275134,115.56263415031671,232612416.0,0.994
,4.3601536,2.3408909,5592.2909183,6.9564258,5227.0,0.874131,,,961.6063113,,1,TESS,232612416.0,,0.022370110975275134,115.56263415031671,232612416.0,0.994
,4.3601536,2.3408909,5592.2909183,6.9564258,5227.0,0.874131,,,961.6063113,,1,TESS,232612416.0,,0.022370110975275134,115.56263415031671,232612416.0,0.993
,4.3601536,2.3408909,5592.2909183,6.9564258,5227.0,0.874131,,,961.6063113,,1,TESS,232612416.0,,0.022370110975275134,115.56263415031671,232612416.0,0.992
,13.0791581,2.97,1143.0,3.25485,5453.0,1.0,,,735.0,,1,TESS,232976128.0,,0.009461618145419154,107.89075485936311,232976128.0,0.994
,13.0791581,2.97,1143.0,3.25485,5453.0,1.0,,,735.0,,1,TESS,232976128.0,,0.009461618145419154,107.89075485936311,232976128.0,0.994
,13.0791581,2.97,1143.0,3.25485,5453.0,1.0,,,735.0,,1,TESS,232976128.0,,0.009461618145419154,107.89075485936311,232976128.0,0.991
,13.0791581,2.97,1143.0,3.25485,5453.0,1.0,,,735.0,,1,TESS,232976128.0,,0.009461618145419154,107.89075485936311,232976128.0,0.968
,13.0791581,2.97,1143.0,3.25485,5453.0,1.0,,,735.0,,1,TESS,232976128.0,,0.009461618145419154,107.89075485936311,232976128.0,0.925
,13.0791581,2.97,1143.0,3.25485,5453.0,1.0,,,735.0,,1,TESS,232976128.0,,0.009461618145419154,107.89075485936311,232976128.0,0.907
,13.0791581,2.97,1143.0,3.25485,5453.0,1.0,,,735.0,,1,TESS,232976128.0,,0.009461618145419154,107.89075485936311,232976128.0,0.897
,13.0791581,2.97,1143.0,3.25485,5453.0,1.0,,,735.0,,1,TESS,232976128.0,,0.009461618145419154,107.89075485936311,232976128.0,0.853
,4.6517186,2.709,978.0,2.66889,5154.0,0.85,,,1343.0,,1,TESS,52368076.0,,0.024265225112488308,137.3021838561888,52368076.0,0.501
,4.6517186,2.709,978.0,2.66889,5154.0,0.85,,,1343.0,,1,TESS,52368076.0,,0.024265225112488308,137.3021838561888,52368076.0,0.501
,4.6517186,2.709,978.0,2.66889,5154.0,0.85,,,1343.0,,1,TESS,52368076.0,,0.024265225112488308,137.3021838561888,52368076.0,0.501
,4.6517186,2.709,978.0,2.66889,5154.0,0.85,,,1343.0,,1,TESS,52368076.0,,0.024265225112488308,137.3021838561888,52368076.0,0.501
,4.6517186,2.709,978.0,2.66889,5154.0,0.85,,,1343.0,,1,TESS,52368076.0,,0.024265225112488308,137.3021838561888,52368076.0,0.501
,4.6517186,2.709,978.0,2.66889,5154.0,0.85,,,1343.0,,1,TESS,52368076.0,,0.024265225112488308,137.3021838561888,52368076.0,0.501
,4.6517186,2.709,978.0,2.66889,5154.0,0.85,,,1343.0,,1,TESS,52368076.0,,0.024265225112488308,137.3021838561888,52368076.0,0.501
,4.6517186,2.709,978.0,2.66889,5154.0,0.85,,,1343.0,,1,TESS,52368076.0,,0.024265225112488308,137.3021838561888,52368076.0,0.501
,4.6517186,2.709,978.0,2.66889,5154.0,0.85,,,1343.0,,1,TESS,52368076.0,,0.024265225112488308,137.3021838561888,52368076.0,0.501
,9.1549418,2.457,1101.0,2.62011,5154.0,0.85,,,710.0,,1,TESS,52368076.0,,0.011182485019627665,160.3792603977707,52368076.0,0.501
,9.1549418,2.457,1101.0,2.62011,5154.0,0.85,,,710.0,,1,TESS,52368076.0,,0.011182485019627665,160.3792603977707,52368076.0,0.501
,9.1549418,2.457,1101.0,2.62011,5154.0,0.85,,,710.0,,1,TESS,52368076.0,,0.011182485019627665,160.3792603977707,52368076.0,0.501
,9.1549418,2.457,1101.0,2.62011,5154.0,0.85,,,710.0,,1,TESS,52368076.0,,0.011182485019627665,160.3792603977707,52368076.0,0.501
,9.1549418,2.457,1101.0,2.62011,5154.0,0.85,,,710.0,,1,TESS,52368076.0,,0.011182485019627665,160.3792603977707,52368076.0,0.501
,9.1549418,2.457,1101.0,2.62011,5154.0,0.85,,,710.0,,1,TESS,52368076.0,,0.011182485019627665,160.3792603977707,52368076.0,0.501
,9.1549418,2.457,1101.0,2.62011,5154.0,0.85,,,710.0,,1,TESS,52368076.0,,0.011182485019627665,160.3792603977707,52368076.0,0.501
,9.1549418,2.457,1101.0,2.62011,5154.0,0.85,,,710.0,,1,TESS,52368076.0,,0.011182485019627665,160.3792603977707,52368076.0,0.501
,9.1549418,2.457,1101.0,2.62011,5154.0,0.85,,,710.0,,1,TESS,52368076.0,,0.011182485019627665,160.3792603977707,52368076.0,0.501
,19.9815709,2.724,909.0,2.54717,5154.0,0.85,,,562.0,,1,TESS,52368076.0,,0.005680234068249538,140.1031675265644,52368076.0,0.501
,19.9815709,2.724,909.0,2.54717,5154.0,0.85,,,562.0,,1,TESS,52368076.0,,0.005680234068249538,140.1031675265644,52368076.0,0.501
,19.9815709,2.724,909.0,2.54717,5154.0,0.85,,,562.0,,1,TESS,52368076.0,,0.005680234068249538,140.1031675265644,52368076.0,0.501
,19.9815709,2.724,909.0,2.54717,5154.0,0.85,,,562.0,,1,TESS,52368076.0,,0.005680234068249538,140.1031675265644,52368076.0,0.501
,19.9815709,2.724,909.0,2.54717,5154.0,0.85,,,562.0,,1,TESS,52368076.0,,0.005680234068249538,140.1031675265644,52368076.0,0.501
,19.9815709,2.724,909.0,2.54717,5154.0,0.85,,,562.0,,1,TESS,52368076.0,,0.005680234068249538,140.1031675265644,52368076.0,0.501
,19.9815709,2.724,909.0,2.54717,5154.0,0.85,,,562.0,,1,TESS,52368076.0,,0.005680234068249538,140.1031675265644,52368076.0,0.501
,19.9815709,2.724,909.0,2.54717,5154.0,0.85,,,562.0,,1,TESS,52368076.0,,0.005680234068249538,140.1031675265644,52368076.0,0.501
,19.9815709,2.724,909.0,2.54717,5154.0,0.85,,,562.0,,1,TESS,52368076.0,,0.005680234068249538,140.1031675265644,52368076.0,0.501
,4.6756655,1.914,738.0,4.03134,5779.0,1.45,,,1085.0,,0,TESS,233684822.0,,0.017056395349350134,45.410625035276716,233684822.0,0.141
,10.288886,1.391,854.0,2.63881,5126.0,0.87,,,483.0,,1,TESS,237222864.0,,0.005633100910887806,122.64266127932972,237222864.0,0.975
,10.288886,1.391,854.0,2.63881,5126.0,0.87,,,483.0,,1,TESS,237222864.0,,0.005633100910887806,122.64266127932972,237222864.0,0.379
,1.0332441,3.8017836,26111.5081972,4.087988,2972.0,0.156193,,,516.1833775,,0,TESS,274762761.0,,0.1533109587676749,1562.473667135983,274762761.0,0.545
,1.0332441,3.8017836,26111.5081972,4.087988,2972.0,0.156193,,,516.1833775,,0,TESS,274762761.0,,0.1533109587676749,1562.473667135983,274762761.0,0.483
,1.0332441,3.8017836,26111.5081972,4.087988,2972.0,0.156193,,,516.1833775,,0,TESS,274762761.0,,0.1533109587676749,1562.473667135983,274762761.0,0.236
,3.1274634,1.9812695,1331.83693,2.5802896,4225.0,0.693431,,,813.0378617,,1,TESS,355867695.0,,0.026396118571202165,200.03872785769488,355867695.0,0.601
,3.1274634,1.9812695,1331.83693,2.5802896,4225.0,0.693431,,,813.0378617,,1,TESS,355867695.0,,0.026396118571202165,200.03872785769488,355867695.0,0.601
,3.1274634,1.9812695,1331.83693,2.5802896,4225.0,0.693431,,,813.0378617,,1,TESS,355867695.0,,0.026396118571202165,200.03872785769488,355867695.0,0.601
,3.1274634,1.9812695,1331.83693,2.5802896,4225.0,0.693431,,,813.0378617,,1,TESS,355867695.0,,0.026396118571202165,200.03872785769488,355867695.0,0.2
,3.1274634,1.9812695,1331.83693,2.5802896,4225.0,0.693431,,,813.0378617,,1,TESS,355867695.0,,0.026396118571202165,200.03872785769488,355867695.0,0.2
,3.1274634,1.9812695,1331.83693,2.5802896,4225.0,0.693431,,,813.0378617,,1,TESS,355867695.0,,0.026396118571202165,200.03872785769488,355867695.0,0.2
,3.1274634,1.9812695,1331.83693,2.5802896,4225.0,0.693431,,,813.0378617,,1,TESS,355867695.0,,0.026396118571202165,200.03872785769488,355867695.0,0.601
,3.1274634,1.9812695,1331.83693,2.5802896,4225.0,0.693431,,,813.0378617,,1,TESS,355867695.0,,0.026396118571202165,200.03872785769488,355867695.0,0.601
,3.1274634,1.9812695,1331.83693,2.5802896,4225.0,0.693431,,,813.0378617,,1,TESS,355867695.0,,0.026396118571202165,200.03872785769488,355867695.0,0.601
,3.1274634,1.9812695,1331.83693,2.5802896,4225.0,0.693431,,,813.0378617,,1,TESS,355867695.0,,0.026396118571202165,200.03872785769488,355867695.0,0.2
,3.1274634,1.9812695,1331.83693,2.5802896,4225.0,0.693431,,,813.0378617,,1,TESS,355867695.0,,0.026396118571202165,200.03872785769488,355867695.0,0.2
,3.1274634,1.9812695,1331.83693,2.5802896,4225.0,0.693431,,,813.0378617,,1,TESS,355867695.0,,0.026396118571202165,200.03872785769488,355867695.0,0.2
,3.1274634,1.9812695,1331.83693,2.5802896,4225.0,0.693431,,,813.0378617,,1,TESS,355867695.0,,0.026396118571202165,200.03872785769488,355867695.0,0.601
,3.1274634,1.9812695,1331.83693,2.5802896,4225.0,0.693431,,,813.0378617,,1,TESS,355867695.0,,0.026396118571202165,200.03872785769488,355867695.0,0.601
,3.1274634,1.9812695,1331.83693,2.5802896,4225.0,0.693431,,,813.0378617,,1,TESS,355867695.0,,0.026396118571202165,200.03872785769488,355867695.0,0.601
,3.1274634,1.9812695,1331.83693,2.5802896,4225.0,0.693431,,,813.0378617,,1,TESS,355867695.0,,0.026396118571202165,200.03872785769488,355867695.0,0.2
,3.1274634,1.9812695,1331.83693,2.5802896,4225.0,0.693431,,,813.0378617,,1,TESS,355867695.0,,0.026396118571202165,200.03872785769488,355867695.0,0.2
,3.1274634,1.9812695,1331.83693,2.5802896,4225.0,0.693431,,,813.0378617,,1,TESS,355867695.0,,0.026396118571202165,200.03872785769488,355867695.0,0.2
,7.4931613,1.9339295,1650.6470497,2.7733674,4225.0,0.693431,,,607.6028794,,1,TESS,355867695.0,,0.01075385837286806,214.6047602371999,355867695.0,0.601
,7.4931613,1.9339295,1650.6470497,2.7733674,4225.0,0.693431,,,607.6028794,,1,TESS,355867695.0,,0.01075385837286806,214.6047602371999,355867695.0,0.601
,7.4931613,1.9339295,1650.6470497,2.7733674,4225.0,0.693431,,,607.6028794,,1,TESS,355867695.0,,0.01075385837286806,214.6047602371999,355867695.0,0.601
,7.4931613,1.9339295,1650.6470497,2.7733674,4225.0,0.693431,,,607.6028794,,1,TESS,355867695.0,,0.01075385837286806,214.6047602371999,355867695.0,0.2
,7.4931613,1.9339295,1650.6470497,2.7733674,4225.0,0.693431,,,607.6028794,,1,TESS,355867695.0,,0.01075385837286806,214.6047602371999,355867695.0,0.2
,7.4931613,1.9339295,1650.6470497,2.7733674,4225.0,0.693431,,,607.6028794,,1,TESS,355867695.0,,0.01075385837286806,214.6047602371999,355867695.0,0.2
,7.4931613,1.9339295,1650.6470497,2.7733674,4225.0,0.693431,,,607.6028794,,1,TESS,355867695.0,,0.01075385837286806,214.6047602371999,355867695.0,0.601
,7.4931613,1.9339295,1650.6470497,2.7733674,4225.0,0.693431,,,607.6028794,,1,TESS,355867695.0,,0.01075385837286806,214.6047602371999,355867695.0,0.601
,7.4931613,1.9339295,1650.6470497,2.7733674,4225.0,0.693431,,,607.6028794,,1,TESS,355867695.0,,0.01075385837286806,214.6047602371999,355867695.0,0.601
,7.4931613,1.9339295,1650.6470497,2.7733674,4225.0,0.693431,,,607.6028794,,1,TESS,355867695.0,,0.01075385837286806,214.6047602371999,355867695.0,0.2
,7.4931613,1.9339295,1650.6470497,2.7733674,4225.0,0.693431,,,607.6028794,,1,TESS,355867695.0,,0.01075385837286806,214.6047602371999,355867695.0,0.2
,7.4931613,1.9339295,1650.6470497,2.7733674,4225.0,0.693431,,,607.6028794,,1,TESS,355867695.0,,0.01075385837286806,214.6047602371999,355867695.0,0.2
,7.4931613,1.9339295,1650.6470497,2.7733674,4225.0,0.693431,,,607.6028794,,1,TESS,355867695.0,,0.01075385837286806,214.6047602371999,355867695.0,0.601
,7.4931613,1.9339295,1650.6470497,2.7733674,4225.0,0.693431,,,607.6028794,,1,TESS,355867695.0,,0.01075385837286806,214.6047602371999,355867695.0,0.601
,7.4931613,1.9339295,1650.6470497,2.7733674,4225.0,0.693431,,,607.6028794,,1,TESS,355867695.0,,0.01075385837286806,214.6047602371999,355867695.0,0.601
,7.4931613,1.9339295,1650.6470497,2.7733674,4225.0,0.693431,,,607.6028794,,1,TESS,355867695.0,,0.01075385837286806,214.6047602371999,355867695.0,0.2
,7.4931613,1.9339295,1650.6470497,2.7733674,4225.0,0.693431,,,607.6028794,,1,TESS,355867695.0,,0.01075385837286806,214.6047602371999,355867695.0,0.2
,7.4931613,1.9339295,1650.6470497,2.7733674,4225.0,0.693431,,,607.6028794,,1,TESS,355867695.0,,0.01075385837286806,214.6047602371999,355867695.0,0.2
,49.825166,3.8714976,2059.4069037,3.8319135,4225.0,0.693431,,,323.1161011,,1,TESS,355867695.0,,0.0032375687391608746,140.2525418338161,355867695.0,0.601
,49.825166,3.8714976,2059.4069037,3.8319135,4225.0,0.693431,,,323.1161011,,1,TESS,355867695.0,,0.0032375687391608746,140.2525418338161,355867695.0,0.601
,49.825166,3.8714976,2059.4069037,3.8319135,4225.0,0.693431,,,323.1161011,,1,TESS,355867695.0,,0.0032375687391608746,140.2525418338161,355867695.0,0.601
,49.825166,3.8714976,2059.4069037,3.8319135,4225.0,0.693431,,,323.1161011,,1,TESS,355867695.0,,0.0032375687391608746,140.2525418338161,355867695.0,0.2
,49.825166,3.8714976,2059.4069037,3.8319135,4225.0,0.693431,,,323.1161011,,1,TESS,355867695.0,,0.0032375687391608746,140.2525418338161,355867695.0,0.2
,49.825166,3.8714976,2059.4069037,3.8319135,4225.0,0.693431,,,323.1161011,,1,TESS,355867695.0,,0.0032375687391608746,140.2525418338161,355867695.0,0.2
,49.825166,3.8714976,2059.4069037,3.8319135,4225.0,0.693431,,,323.1161011,,1,TESS,355867695.0,,0.0032375687391608746,140.2525418338161,355867695.0,0.601
,49.825166,3.8714976,2059.4069037,3.8319135,4225.0,0.693431,,,323.1161011,,1,TESS,355867695.0,,0.0032375687391608746,140.2525418338161,355867695.0,0.601
,49.825166,3.8714976,2059.4069037,3.8319135,4225.0,0.693431,,,323.1161011,,1,TESS,355867695.0,,0.0032375687391608746,140.2525418338161,355867695.0,0.601
,49.825166,3.8714976,2059.4069037,3.8319135,4225.0,0.693431,,,323.1161011,,1,TESS,355867695.0,,0.0032375687391608746,140.2525418338161,355867695.0,0.2
,49.825166,3.8714976,2059.4069037,3.8319135,4225.0,0.693431,,,323.1161011,,1,TESS,355867695.0,,0.0032375687391608746,140.2525418338161,355867695.0,0.2
,49.825166,3.8714976,2059.4069037,3.8319135,4225.0,0.693431,,,323.1161011,,1,TESS,355867695.0,,0.0032375687391608746,140.2525418338161,355867695.0,0.2
,49.825166,3.8714976,2059.4069037,3.8319135,4225.0,0.693431,,,323.1161011,,1,TESS,355867695.0,,0.0032375687391608746,140.2525418338161,355867695.0,0.601
,49.825166,3.8714976,2059.4069037,3.8319135,4225.0,0.693431,,,323.1161011,,1,TESS,355867695.0,,0.0032375687391608746,140.2525418338161,355867695.0,0.601
,49.825166,3.8714976,2059.4069037,3.8319135,4225.0,0.693431,,,323.1161011,,1,TESS,355867695.0,,0.0032375687391608746,140.2525418338161,355867695.0,0.601
,49.825166,3.8714976,2059.4069037,3.8319135,4225.0,0.693431,,,323.1161011,,1,TESS,355867695.0,,0.0032375687391608746,140.2525418338161,355867695.0,0.2
,49.825166,3.8714976,2059.4069037,3.8319135,4225.0,0.693431,,,323.1161011,,1,TESS,355867695.0,,0.0032375687391608746,140.2525418338161,355867695.0,0.2
,49.825166,3.8714976,2059.4069037,3.8319135,4225.0,0.693431,,,323.1161011,,1,TESS,355867695.0,,0.0032375687391608746,140.2525418338161,355867695.0,0.2
,4.2529641,2.5733867,758.584999,2.3483383,5591.0,0.848906,,,994.5309519,,1,TESS,198241702.0,,0.025211697597646295,137.55704858086463,198241702.0,0.997
,4.2529641,2.5733867,758.584999,2.3483383,5591.0,0.848906,,,994.5309519,,1,TESS,198241702.0,,0.025211697597646295,137.55704858086463,198241702.0,0.996
,4.2529641,2.5733867,758.584999,2.3483383,5591.0,0.848906,,,994.5309519,,1,TESS,198241702.0,,0.025211697597646295,137.55704858086463,198241702.0,0.994
,4.2529641,2.5733867,758.584999,2.3483383,5591.0,0.848906,,,994.5309519,,1,TESS,198241702.0,,0.025211697597646295,137.55704858086463,198241702.0,0.994
,4.2529641,2.5733867,758.584999,2.3483383,5591.0,0.848906,,,994.5309519,,1,TESS,198241702.0,,0.025211697597646295,137.55704858086463,198241702.0,0.992
,4.2529641,2.5733867,758.584999,2.3483383,5591.0,0.848906,,,994.5309519,,1,TESS,198241702.0,,0.025211697597646295,137.55704858086463,198241702.0,0.991
,4.2529641,2.5733867,758.584999,2.3483383,5591.0,0.848906,,,994.5309519,,1,TESS,198241702.0,,0.025211697597646295,137.55704858086463,198241702.0,0.991
,4.2529641,2.5733867,758.584999,2.3483383,5591.0,0.848906,,,994.5309519,,1,TESS,198241702.0,,0.025211697597646295,137.55704858086463,198241702.0,0.991
,4.2529641,2.5733867,758.584999,2.3483383,5591.0,0.848906,,,994.5309519,,1,TESS,198241702.0,,0.025211697597646295,137.55704858086463,198241702.0,0.99
,4.2529641,2.5733867,758.584999,2.3483383,5591.0,0.848906,,,994.5309519,,1,TESS,198241702.0,,0.025211697597646295,137.55704858086463,198241702.0,0.986
,4.2529641,2.5733867,758.584999,2.3483383,5591.0,0.848906,,,994.5309519,,1,TESS,198241702.0,,0.025211697597646295,137.55704858086463,198241702.0,0.982
,4.2529641,2.5733867,758.584999,2.3483383,5591.0,0.848906,,,994.5309519,,1,TESS,198241702.0,,0.025211697597646295,137.55704858086463,198241702.0,0.981
,4.2529641,2.5733867,758.584999,2.3483383,5591.0,0.848906,,,994.5309519,,1,TESS,198241702.0,,0.025211697597646295,137.55704858086463,198241702.0,0.978
,4.2529641,2.5733867,758.584999,2.3483383,5591.0,0.848906,,,994.5309519,,1,TESS,198241702.0,,0.025211697597646295,137.55704858086463,198241702.0,0.977
,4.2529641,2.5733867,758.584999,2.3483383,5591.0,0.848906,,,994.5309519,,1,TESS,198241702.0,,0.025211697597646295,137.55704858086463,198241702.0,0.975
,4.2529641,2.5733867,758.584999,2.3483383,5591.0,0.848906,,,994.5309519,,1,TESS,198241702.0,,0.025211697597646295,137.55704858086463,198241702.0,0.973
,4.2529641,2.5733867,758.584999,2.3483383,5591.0,0.848906,,,994.5309519,,1,TESS,198241702.0,,0.025211697597646295,137.55704858086463,198241702.0,0.955
,4.2529641,2.5733867,758.584999,2.3483383,5591.0,0.848906,,,994.5309519,,1,TESS,198241702.0,,0.025211697597646295,137.55704858086463,198241702.0,0.939
,4.2529641,2.5733867,758.584999,2.3483383,5591.0,0.848906,,,994.5309519,,1,TESS,198241702.0,,0.025211697597646295,137.55704858086463,198241702.0,0.929
,4.2529641,2.5733867,758.584999,2.3483383,5591.0,0.848906,,,994.5309519,,1,TESS,198241702.0,,0.025211697597646295,137.55704858086463,198241702.0,0.909
,4.2529641,2.5733867,758.584999,2.3483383,5591.0,0.848906,,,994.5309519,,1,TESS,198241702.0,,0.025211697597646295,137.55704858086463,198241702.0,0.853
,4.2529641,2.5733867,758.584999,2.3483383,5591.0,0.848906,,,994.5309519,,1,TESS,198241702.0,,0.025211697597646295,137.55704858086463,198241702.0,0.816
,4.2529641,2.5733867,758.584999,2.3483383,5591.0,0.848906,,,994.5309519,,1,TESS,198241702.0,,0.025211697597646295,137.55704858086463,198241702.0,0.634
,4.2529641,2.5733867,758.584999,2.3483383,5591.0,0.848906,,,994.5309519,,1,TESS,198241702.0,,0.025211697597646295,137.55704858086463,198241702.0,0.53
,4.2529641,2.5733867,758.584999,2.3483383,5591.0,0.848906,,,994.5309519,,1,TESS,198241702.0,,0.025211697597646295,137.55704858086463,198241702.0,0.153
,14.3034613,3.135,48840.0,18.4949,5056.6,0.83,,,551.0,,0,TESS,237200747.0,,0.00913240486898672,142.7814141601929,237200747.0,0.774
,14.3034613,3.135,48840.0,18.4949,5056.6,0.83,,,551.0,,0,TESS,237200747.0,,0.00913240486898672,142.7814141601929,237200747.0,0.317
,14.3034613,3.135,48840.0,18.4949,5056.6,0.83,,,551.0,,0,TESS,237200747.0,,0.00913240486898672,142.7814141601929,237200747.0,0.216
,14.3034613,3.135,48840.0,18.4949,5056.6,0.83,,,551.0,,0,TESS,237200747.0,,0.00913240486898672,142.7814141601929,237200747.0,0.193
,14.3034613,3.135,48840.0,18.4949,5056.6,0.83,,,551.0,,0,TESS,237200747.0,,0.00913240486898672,142.7814141601929,237200747.0,0.189
,14.3034613,3.135,48840.0,18.4949,5056.6,0.83,,,551.0,,0,TESS,237200747.0,,0.00913240486898672,142.7814141601929,237200747.0,0.128
,14.3034613,3.135,48840.0,18.4949,5056.6,0.83,,,551.0,,0,TESS,237200747.0,,0.00913240486898672,142.7814141601929,237200747.0,0.11
,14.3034613,3.135,48840.0,18.4949,5056.6,0.83,,,551.0,,0,TESS,237200747.0,,0.00913240486898672,142.7814141601929,237200747.0,0.103
,4.6313014,1.435,4860.0,9.34848,5736.0,1.07,,,1078.0,,1,TESS,445859771.0,,0.0129103379297957,55.61017449178224,445859771.0,0.958
,4.6313014,1.435,4860.0,9.34848,5736.0,1.07,,,1078.0,,1,TESS,445859771.0,,0.0129103379297957,55.61017449178224,445859771.0,0.911
,4.6313014,1.435,4860.0,9.34848,5736.0,1.07,,,1078.0,,1,TESS,445859771.0,,0.0129103379297957,55.61017449178224,445859771.0,0.896
,4.6313014,1.435,4860.0,9.34848,5736.0,1.07,,,1078.0,,1,TESS,445859771.0,,0.0129103379297957,55.61017449178224,445859771.0,0.895
,4.6313014,1.435,4860.0,9.34848,5736.0,1.07,,,1078.0,,1,TESS,445859771.0,,0.0129103379297957,55.61017449178224,445859771.0,0.888
,4.6313014,1.435,4860.0,9.34848,5736.0,1.07,,,1078.0,,1,TESS,445859771.0,,0.0129103379297957,55.61017449178224,445859771.0,0.865
,4.6313014,1.435,4860.0,9.34848,5736.0,1.07,,,1078.0,,1,TESS,445859771.0,,0.0129103379297957,55.61017449178224,445859771.0,0.854
,8.5874668,5.1458902,1904.8131484,5.3744721,5929.0,0.987583,,,895.5943008,,0,TESS,233681149.0,,0.024968025567951226,65.94482798592034,233681149.0,0.191
,13.7432169,2.73,5046.0,25.7481,5941.5,1.4,,,1015.0,,0,TESS,1400770435.0,,0.00827681033362232,7.611265494943155,1400770435.0,0.329
,13.7432169,2.73,5046.0,25.7481,5941.5,1.4,,,1015.0,,0,TESS,1400770435.0,,0.00827681033362232,7.611265494943155,1400770435.0,0.269
,13.7432169,2.73,5046.0,25.7481,5941.5,1.4,,,1015.0,,0,TESS,1400770435.0,,0.00827681033362232,7.611265494943155,1400770435.0,0.141
,5.5025577,3.1711008,844.7022676,2.7049797,4965.0,0.784109,,,811.847988,,1,TESS,219852882.0,,0.024012324123286615,115.44512020072936,219852882.0,0.991
,5.5025577,3.1711008,844.7022676,2.7049797,4965.0,0.784109,,,811.847988,,1,TESS,219852882.0,,0.024012324123286615,115.44512020072936,219852882.0,0.991
,5.5025577,3.1711008,844.7022676,2.7049797,4965.0,0.784109,,,811.847988,,1,TESS,219852882.0,,0.024012324123286615,115.44512020072936,219852882.0,0.989
,5.5025577,3.1711008,844.7022676,2.7049797,4965.0,0.784109,,,811.847988,,1,TESS,219852882.0,,0.024012324123286615,115.44512020072936,219852882.0,0.989
,5.5025577,3.1711008,844.7022676,2.7049797,4965.0,0.784109,,,811.847988,,1,TESS,219852882.0,,0.024012324123286615,115.44512020072936,219852882.0,0.989
,5.5025577,3.1711008,844.7022676,2.7049797,4965.0,0.784109,,,811.847988,,1,TESS,219852882.0,,0.024012324123286615,115.44512020072936,219852882.0,0.989
,5.5025577,3.1711008,844.7022676,2.7049797,4965.0,0.784109,,,811.847988,,1,TESS,219852882.0,,0.024012324123286615,115.44512020072936,219852882.0,0.989
,5.5025577,3.1711008,844.7022676,2.7049797,4965.0,0.784109,,,811.847988,,1,TESS,219852882.0,,0.024012324123286615,115.44512020072936,219852882.0,0.989
,5.5025577,3.1711008,844.7022676,2.7049797,4965.0,0.784109,,,811.847988,,1,TESS,219852882.0,,0.024012324123286615,115.44512020072936,219852882.0,0.985
,5.5025577,3.1711008,844.7022676,2.7049797,4965.0,0.784109,,,811.847988,,1,TESS,219852882.0,,0.024012324123286615,115.44512020072936,219852882.0,0.985
,5.5025577,3.1711008,844.7022676,2.7049797,4965.0,0.784109,,,811.847988,,1,TESS,219852882.0,,0.024012324123286615,115.44512020072936,219852882.0,0.979
,5.5025577,3.1711008,844.7022676,2.7049797,4965.0,0.784109,,,811.847988,,1,TESS,219852882.0,,0.024012324123286615,115.44512020072936,219852882.0,0.979
,5.5025577,3.1711008,844.7022676,2.7049797,4965.0,0.784109,,,811.847988,,1,TESS,219852882.0,,0.024012324123286615,115.44512020072936,219852882.0,0.967
,5.5025577,3.1711008,844.7022676,2.7049797,4965.0,0.784109,,,811.847988,,1,TESS,219852882.0,,0.024012324123286615,115.44512020072936,219852882.0,0.967
,5.5025577,3.1711008,844.7022676,2.7049797,4965.0,0.784109,,,811.847988,,1,TESS,219852882.0,,0.024012324123286615,115.44512020072936,219852882.0,0.965
,5.5025577,3.1711008,844.7022676,2.7049797,4965.0,0.784109,,,811.847988,,1,TESS,219852882.0,,0.024012324123286615,115.44512020072936,219852882.0,0.965
,5.5025577,3.1711008,844.7022676,2.7049797,4965.0,0.784109,,,811.847988,,1,TESS,219852882.0,,0.024012324123286615,115.44512020072936,219852882.0,0.965
,5.5025577,3.1711008,844.7022676,2.7049797,4965.0,0.784109,,,811.847988,,1,TESS,219852882.0,,0.024012324123286615,115.44512020072936,219852882.0,0.965
,5.5025577,3.1711008,844.7022676,2.7049797,4965.0,0.784109,,,811.847988,,1,TESS,219852882.0,,0.024012324123286615,115.44512020072936,219852882.0,0.961
,5.5025577,3.1711008,844.7022676,2.7049797,4965.0,0.784109,,,811.847988,,1,TESS,219852882.0,,0.024012324123286615,115.44512020072936,219852882.0,0.961
,5.5025577,3.1711008,844.7022676,2.7049797,4965.0,0.784109,,,811.847988,,1,TESS,219852882.0,,0.024012324123286615,115.44512020072936,219852882.0,0.934
,5.5025577,3.1711008,844.7022676,2.7049797,4965.0,0.784109,,,811.847988,,1,TESS,219852882.0,,0.024012324123286615,115.44512020072936,219852882.0,0.934
,5.5025577,3.1711008,844.7022676,2.7049797,4965.0,0.784109,,,811.847988,,1,TESS,219852882.0,,0.024012324123286615,115.44512020072936,219852882.0,0.918
,5.5025577,3.1711008,844.7022676,2.7049797,4965.0,0.784109,,,811.847988,,1,TESS,219852882.0,,0.024012324123286615,115.44512020072936,219852882.0,0.918
,5.5025577,3.1711008,844.7022676,2.7049797,4965.0,0.784109,,,811.847988,,1,TESS,219852882.0,,0.024012324123286615,115.44512020072936,219852882.0,0.551
,5.5025577,3.1711008,844.7022676,2.7049797,4965.0,0.784109,,,811.847988,,1,TESS,219852882.0,,0.024012324123286615,115.44512020072936,219852882.0,0.551
,5.5025577,3.1711008,844.7022676,2.7049797,4965.0,0.784109,,,811.847988,,1,TESS,219852882.0,,0.024012324123286615,115.44512020072936,219852882.0,0.225
,5.5025577,3.1711008,844.7022676,2.7049797,4965.0,0.784109,,,811.847988,,1,TESS,219852882.0,,0.024012324123286615,115.44512020072936,219852882.0,0.225
,5.5025577,3.1711008,844.7022676,2.7049797,4965.0,0.784109,,,811.847988,,1,TESS,219852882.0,,0.024012324123286615,115.44512020072936,219852882.0,0.991
,5.5025577,3.1711008,844.7022676,2.7049797,4965.0,0.784109,,,811.847988,,1,TESS,219852882.0,,0.024012324123286615,115.44512020072936,219852882.0,0.991
,5.5025577,3.1711008,844.7022676,2.7049797,4965.0,0.784109,,,811.847988,,1,TESS,219852882.0,,0.024012324123286615,115.44512020072936,219852882.0,0.989
,5.5025577,3.1711008,844.7022676,2.7049797,4965.0,0.784109,,,811.847988,,1,TESS,219852882.0,,0.024012324123286615,115.44512020072936,219852882.0,0.989
,5.5025577,3.1711008,844.7022676,2.7049797,4965.0,0.784109,,,811.847988,,1,TESS,219852882.0,,0.024012324123286615,115.44512020072936,219852882.0,0.989
,5.5025577,3.1711008,844.7022676,2.7049797,4965.0,0.784109,,,811.847988,,1,TESS,219852882.0,,0.024012324123286615,115.44512020072936,219852882.0,0.989
,5.5025577,3.1711008,844.7022676,2.7049797,4965.0,0.784109,,,811.847988,,1,TESS,219852882.0,,0.024012324123286615,115.44512020072936,219852882.0,0.989
,5.5025577,3.1711008,844.7022676,2.7049797,4965.0,0.784109,,,811.847988,,1,TESS,219852882.0,,0.024012324123286615,115.44512020072936,219852882.0,0.989
,5.5025577,3.1711008,844.7022676,2.7049797,4965.0,0.784109,,,811.847988,,1,TESS,219852882.0,,0.024012324123286615,115.44512020072936,219852882.0,0.985
,5.5025577,3.1711008,844.7022676,2.7049797,4965.0,0.784109,,,811.847988,,1,TESS,219852882.0,,0.024012324123286615,115.44512020072936,219852882.0,0.985
,5.5025577,3.1711008,844.7022676,2.7049797,4965.0,0.784109,,,811.847988,,1,TESS,219852882.0,,0.024012324123286615,115.44512020072936,219852882.0,0.979
,5.5025577,3.1711008,844.7022676,2.7049797,4965.0,0.784109,,,811.847988,,1,TESS,219852882.0,,0.024012324123286615,115.44512020072936,219852882.0,0.979
,5.5025577,3.1711008,844.7022676,2.7049797,4965.0,0.784109,,,811.847988,,1,TESS,219852882.0,,0.024012324123286615,115.44512020072936,219852882.0,0.967
,5.5025577,3.1711008,844.7022676,2.7049797,4965.0,0.784109,,,811.847988,,1,TESS,219852882.0,,0.024012324123286615,115.44512020072936,219852882.0,0.967
,5.5025577,3.1711008,844.7022676,2.7049797,4965.0,0.784109,,,811.847988,,1,TESS,219852882.0,,0.024012324123286615,115.44512020072936,219852882.0,0.965
,5.5025577,3.1711008,844.7022676,2.7049797,4965.0,0.784109,,,811.847988,,1,TESS,219852882.0,,0.024012324123286615,115.44512020072936,219852882.0,0.965
,5.5025577,3.1711008,844.7022676,2.7049797,4965.0,0.784109,,,811.847988,,1,TESS,219852882.0,,0.024012324123286615,115.44512020072936,219852882.0,0.965
,5.5025577,3.1711008,844.7022676,2.7049797,4965.0,0.784109,,,811.847988,,1,TESS,219852882.0,,0.024012324123286615,115.44512020072936,219852882.0,0.965
,5.5025577,3.1711008,844.7022676,2.7049797,4965.0,0.784109,,,811.847988,,1,TESS,219852882.0,,0.024012324123286615,115.44512020072936,219852882.0,0.961
,5.5025577,3.1711008,844.7022676,2.7049797,4965.0,0.784109,,,811.847988,,1,TESS,219852882.0,,0.024012324123286615,115.44512020072936,219852882.0,0.961
,5.5025577,3.1711008,844.7022676,2.7049797,4965.0,0.784109,,,811.847988,,1,TESS,219852882.0,,0.024012324123286615,115.44512020072936,219852882.0,0.934
,5.5025577,3.1711008,844.7022676,2.7049797,4965.0,0.784109,,,811.847988,,1,TESS,219852882.0,,0.024012324123286615,115.44512020072936,219852882.0,0.934
,5.5025577,3.1711008,844.7022676,2.7049797,4965.0,0.784109,,,811.847988,,1,TESS,219852882.0,,0.024012324123286615,115.44512020072936,219852882.0,0.918
,5.5025577,3.1711008,844.7022676,2.7049797,4965.0,0.784109,,,811.847988,,1,TESS,219852882.0,,0.024012324123286615,115.44512020072936,219852882.0,0.918
,5.5025577,3.1711008,844.7022676,2.7049797,4965.0,0.784109,,,811.847988,,1,TESS,219852882.0,,0.024012324123286615,115.44512020072936,219852882.0,0.551
,5.5025577,3.1711008,844.7022676,2.7049797,4965.0,0.784109,,,811.847988,,1,TESS,219852882.0,,0.024012324123286615,115.44512020072936,219852882.0,0.551
,5.5025577,3.1711008,844.7022676,2.7049797,4965.0,0.784109,,,811.847988,,1,TESS,219852882.0,,0.024012324123286615,115.44512020072936,219852882.0,0.225
,5.5025577,3.1711008,844.7022676,2.7049797,4965.0,0.784109,,,811.847988,,1,TESS,219852882.0,,0.024012324123286615,115.44512020072936,219852882.0,0.225
,1.7622537,0.8779711,733.5550822,2.5235818,4965.0,0.784109,,,1186.6066429,,1,TESS,219852882.0,,0.020758718396630446,115.18552042716657,219852882.0,0.991
,1.7622537,0.8779711,733.5550822,2.5235818,4965.0,0.784109,,,1186.6066429,,1,TESS,219852882.0,,0.020758718396630446,115.18552042716657,219852882.0,0.991
,1.7622537,0.8779711,733.5550822,2.5235818,4965.0,0.784109,,,1186.6066429,,1,TESS,219852882.0,,0.020758718396630446,115.18552042716657,219852882.0,0.989
,1.7622537,0.8779711,733.5550822,2.5235818,4965.0,0.784109,,,1186.6066429,,1,TESS,219852882.0,,0.020758718396630446,115.18552042716657,219852882.0,0.989
,1.7622537,0.8779711,733.5550822,2.5235818,4965.0,0.784109,,,1186.6066429,,1,TESS,219852882.0,,0.020758718396630446,115.18552042716657,219852882.0,0.989
,1.7622537,0.8779711,733.5550822,2.5235818,4965.0,0.784109,,,1186.6066429,,1,TESS,219852882.0,,0.020758718396630446,115.18552042716657,219852882.0,0.989
,1.7622537,0.8779711,733.5550822,2.5235818,4965.0,0.784109,,,1186.6066429,,1,TESS,219852882.0,,0.020758718396630446,115.18552042716657,219852882.0,0.989
,1.7622537,0.8779711,733.5550822,2.5235818,4965.0,0.784109,,,1186.6066429,,1,TESS,219852882.0,,0.020758718396630446,115.18552042716657,219852882.0,0.989
,1.7622537,0.8779711,733.5550822,2.5235818,4965.0,0.784109,,,1186.6066429,,1,TESS,219852882.0,,0.020758718396630446,115.18552042716657,219852882.0,0.985
,1.7622537,0.8779711,733.5550822,2.5235818,4965.0,0.784109,,,1186.6066429,,1,TESS,219852882.0,,0.020758718396630446,115.18552042716657,219852882.0,0.985
,1.7622537,0.8779711,733.5550822,2.5235818,4965.0,0.784109,,,1186.6066429,,1,TESS,219852882.0,,0.020758718396630446,115.18552042716657,219852882.0,0.979
,1.7622537,0.8779711,733.5550822,2.5235818,4965.0,0.784109,,,1186.6066429,,1,TESS,219852882.0,,0.020758718396630446,115.18552042716657,219852882.0,0.979
,1.7622537,0.8779711,733.5550822,2.5235818,4965.0,0.784109,,,1186.6066429,,1,TESS,219852882.0,,0.020758718396630446,115.18552042716657,219852882.0,0.967
,1.7622537,0.8779711,733.5550822,2.5235818,4965.0,0.784109,,,1186.6066429,,1,TESS,219852882.0,,0.020758718396630446,115.18552042716657,219852882.0,0.967
,1.7622537,0.8779711,733.5550822,2.5235818,4965.0,0.784109,,,1186.6066429,,1,TESS,219852882.0,,0.020758718396630446,115.18552042716657,219852882.0,0.965
,1.7622537,0.8779711,733.5550822,2.5235818,4965.0,0.784109,,,1186.6066429,,1,TESS,219852882.0,,0.020758718396630446,115.18552042716657,219852882.0,0.965
,1.7622537,0.8779711,733.5550822,2.5235818,4965.0,0.784109,,,1186.6066429,,1,TESS,219852882.0,,0.020758718396630446,115.18552042716657,219852882.0,0.965
,1.7622537,0.8779711,733.5550822,2.5235818,4965.0,0.784109,,,1186.6066429,,1,TESS,219852882.0,,0.020758718396630446,115.18552042716657,219852882.0,0.965
,1.7622537,0.8779711,733.5550822,2.5235818,4965.0,0.784109,,,1186.6066429,,1,TESS,219852882.0,,0.020758718396630446,115.18552042716657,219852882.0,0.961
,1.7622537,0.8779711,733.5550822,2.5235818,4965.0,0.784109,,,1186.6066429,,1,TESS,219852882.0,,0.020758718396630446,115.18552042716657,219852882.0,0.961
,1.7622537,0.8779711,733.5550822,2.5235818,4965.0,0.784109,,,1186.6066429,,1,TESS,219852882.0,,0.020758718396630446,115.18552042716657,219852882.0,0.934
,1.7622537,0.8779711,733.5550822,2.5235818,4965.0,0.784109,,,1186.6066429,,1,TESS,219852882.0,,0.020758718396630446,115.18552042716657,219852882.0,0.934
,1.7622537,0.8779711,733.5550822,2.5235818,4965.0,0.784109,,,1186.6066429,,1,TESS,219852882.0,,0.020758718396630446,115.18552042716657,219852882.0,0.918
,1.7622537,0.8779711,733.5550822,2.5235818,4965.0,0.784109,,,1186.6066429,,1,TESS,219852882.0,,0.020758718396630446,115.18552042716657,219852882.0,0.918
,1.7622537,0.8779711,733.5550822,2.5235818,4965.0,0.784109,,,1186.6066429,,1,TESS,219852882.0,,0.020758718396630446,115.18552042716657,219852882.0,0.551
,1.7622537,0.8779711,733.5550822,2.5235818,4965.0,0.784109,,,1186.6066429,,1,TESS,219852882.0,,0.020758718396630446,115.18552042716657,219852882.0,0.551
,1.7622537,0.8779711,733.5550822,2.5235818,4965.0,0.784109,,,1186.6066429,,1,TESS,219852882.0,,0.020758718396630446,115.18552042716657,219852882.0,0.225
,1.7622537,0.8779711,733.5550822,2.5235818,4965.0,0.784109,,,1186.6066429,,1,TESS,219852882.0,,0.020758718396630446,115.18552042716657,219852882.0,0.225
,1.7622537,0.8779711,733.5550822,2.5235818,4965.0,0.784109,,,1186.6066429,,1,TESS,219852882.0,,0.020758718396630446,115.18552042716657,219852882.0,0.991
,1.7622537,0.8779711,733.5550822,2.5235818,4965.0,0.784109,,,1186.6066429,,1,TESS,219852882.0,,0.020758718396630446,115.18552042716657,219852882.0,0.991
,1.7622537,0.8779711,733.5550822,2.5235818,4965.0,0.784109,,,1186.6066429,,1,TESS,219852882.0,,0.020758718396630446,115.18552042716657,219852882.0,0.989
,1.7622537,0.8779711,733.5550822,2.5235818,4965.0,0.784109,,,1186.6066429,,1,TESS,219852882.0,,0.020758718396630446,115.18552042716657,219852882.0,0.989
,1.7622537,0.8779711,733.5550822,2.5235818,4965.0,0.784109,,,1186.6066429,,1,TESS,219852882.0,,0.020758718396630446,115.18552042716657,219852882.0,0.989
,1.7622537,0.8779711,733.5550822,2.5235818,4965.0,0.784109,,,1186.6066429,,1,TESS,219852882.0,,0.020758718396630446,115.18552042716657,219852882.0,0.989
,1.7622537,0.8779711,733.5550822,2.5235818,4965.0,0.784109,,,1186.6066429,,1,TESS,219852882.0,,0.020758718396630446,115.18552042716657,219852882.0,0.989
,1.7622537,0.8779711,733.5550822,2.5235818,4965.0,0.784109,,,1186.6066429,,1,TESS,219852882.0,,0.020758718396630446,115.18552042716657,219852882.0,0.989
,1.7622537,0.8779711,733.5550822,2.5235818,4965.0,0.784109,,,1186.6066429,,1,TESS,219852882.0,,0.020758718396630446,115.18552042716657,219852882.0,0.985
,1.7622537,0.8779711,733.5550822,2.5235818,4965.0,0.784109,,,1186.6066429,,1,TESS,219852882.0,,0.020758718396630446,115.18552042716657,219852882.0,0.985
,1.7622537,0.8779711,733.5550822,2.5235818,4965.0,0.784109,,,1186.6066429,,1,TESS,219852882.0,,0.020758718396630446,115.18552042716657,219852882.0,0.979
,1.7622537,0.8779711,733.5550822,2.5235818,4965.0,0.784109,,,1186.6066429,,1,TESS,219852882.0,,0.020758718396630446,115.18552042716657,219852882.0,0.979
,1.7622537,0.8779711,733.5550822,2.5235818,4965.0,0.784109,,,1186.6066429,,1,TESS,219852882.0,,0.020758718396630446,115.18552042716657,219852882.0,0.967
,1.7622537,0.8779711,733.5550822,2.5235818,4965.0,0.784109,,,1186.6066429,,1,TESS,219852882.0,,0.020758718396630446,115.18552042716657,219852882.0,0.967
,1.7622537,0.8779711,733.5550822,2.5235818,4965.0,0.784109,,,1186.6066429,,1,TESS,219852882.0,,0.020758718396630446,115.18552042716657,219852882.0,0.965
,1.7622537,0.8779711,733.5550822,2.5235818,4965.0,0.784109,,,1186.6066429,,1,TESS,219852882.0,,0.020758718396630446,115.18552042716657,219852882.0,0.965
,1.7622537,0.8779711,733.5550822,2.5235818,4965.0,0.784109,,,1186.6066429,,1,TESS,219852882.0,,0.020758718396630446,115.18552042716657,219852882.0,0.965
,1.7622537,0.8779711,733.5550822,2.5235818,4965.0,0.784109,,,1186.6066429,,1,TESS,219852882.0,,0.020758718396630446,115.18552042716657,219852882.0,0.965
,1.7622537,0.8779711,733.5550822,2.5235818,4965.0,0.784109,,,1186.6066429,,1,TESS,219852882.0,,0.020758718396630446,115.18552042716657,219852882.0,0.961
,1.7622537,0.8779711,733.5550822,2.5235818,4965.0,0.784109,,,1186.6066429,,1,TESS,219852882.0,,0.020758718396630446,115.18552042716657,219852882.0,0.961
,1.7622537,0.8779711,733.5550822,2.5235818,4965.0,0.784109,,,1186.6066429,,1,TESS,219852882.0,,0.020758718396630446,115.18552042716657,219852882.0,0.934
,1.7622537,0.8779711,733.5550822,2.5235818,4965.0,0.784109,,,1186.6066429,,1,TESS,219852882.0,,0.020758718396630446,115.18552042716657,219852882.0,0.934
,1.7622537,0.8779711,733.5550822,2.5235818,4965.0,0.784109,,,1186.6066429,,1,TESS,219852882.0,,0.020758718396630446,115.18552042716657,219852882.0,0.918
,1.7622537,0.8779711,733.5550822,2.5235818,4965.0,0.784109,,,1186.6066429,,1,TESS,219852882.0,,0.020758718396630446,115.18552042716657,219852882.0,0.918
,1.7622537,0.8779711,733.5550822,2.5235818,4965.0,0.784109,,,1186.6066429,,1,TESS,219852882.0,,0.020758718396630446,115.18552042716657,219852882.0,0.551
,1.7622537,0.8779711,733.5550822,2.5235818,4965.0,0.784109,,,1186.6066429,,1,TESS,219852882.0,,0.020758718396630446,115.18552042716657,219852882.0,0.551
,1.7622537,0.8779711,733.5550822,2.5235818,4965.0,0.784109,,,1186.6066429,,1,TESS,219852882.0,,0.020758718396630446,115.18552042716657,219852882.0,0.225
,1.7622537,0.8779711,733.5550822,2.5235818,4965.0,0.784109,,,1186.6066429,,1,TESS,219852882.0,,0.020758718396630446,115.18552042716657,219852882.0,0.225
,0.8474218,0.8758764,424.3932848,1.7536544,5300.0,0.846387,,,1678.5549814,,1,TESS,229747848.0,,0.04306574152988996,138.0003995245565,229747848.0,0.994
,0.8474218,0.8758764,424.3932848,1.7536544,5300.0,0.846387,,,1678.5549814,,1,TESS,229747848.0,,0.04306574152988996,138.0003995245565,229747848.0,0.994
,0.8474218,0.8758764,424.3932848,1.7536544,5300.0,0.846387,,,1678.5549814,,1,TESS,229747848.0,,0.04306574152988996,138.0003995245565,229747848.0,0.992
,0.8474218,0.8758764,424.3932848,1.7536544,5300.0,0.846387,,,1678.5549814,,1,TESS,229747848.0,,0.04306574152988996,138.0003995245565,229747848.0,0.992
,0.8474218,0.8758764,424.3932848,1.7536544,5300.0,0.846387,,,1678.5549814,,1,TESS,229747848.0,,0.04306574152988996,138.0003995245565,229747848.0,0.969
,0.8474218,0.8758764,424.3932848,1.7536544,5300.0,0.846387,,,1678.5549814,,1,TESS,229747848.0,,0.04306574152988996,138.0003995245565,229747848.0,0.969
,0.8474218,0.8758764,424.3932848,1.7536544,5300.0,0.846387,,,1678.5549814,,1,TESS,229747848.0,,0.04306574152988996,138.0003995245565,229747848.0,0.966
,0.8474218,0.8758764,424.3932848,1.7536544,5300.0,0.846387,,,1678.5549814,,1,TESS,229747848.0,,0.04306574152988996,138.0003995245565,229747848.0,0.966
,0.8474218,0.8758764,424.3932848,1.7536544,5300.0,0.846387,,,1678.5549814,,1,TESS,229747848.0,,0.04306574152988996,138.0003995245565,229747848.0,0.95
,0.8474218,0.8758764,424.3932848,1.7536544,5300.0,0.846387,,,1678.5549814,,1,TESS,229747848.0,,0.04306574152988996,138.0003995245565,229747848.0,0.95
,0.8474218,0.8758764,424.3932848,1.7536544,5300.0,0.846387,,,1678.5549814,,1,TESS,229747848.0,,0.04306574152988996,138.0003995245565,229747848.0,0.908
,0.8474218,0.8758764,424.3932848,1.7536544,5300.0,0.846387,,,1678.5549814,,1,TESS,229747848.0,,0.04306574152988996,138.0003995245565,229747848.0,0.908
,0.8474218,0.8758764,424.3932848,1.7536544,5300.0,0.846387,,,1678.5549814,,1,TESS,229747848.0,,0.04306574152988996,138.0003995245565,229747848.0,0.845
,0.8474218,0.8758764,424.3932848,1.7536544,5300.0,0.846387,,,1678.5549814,,1,TESS,229747848.0,,0.04306574152988996,138.0003995245565,229747848.0,0.845
,0.8474218,0.8758764,424.3932848,1.7536544,5300.0,0.846387,,,1678.5549814,,1,TESS,229747848.0,,0.04306574152988996,138.0003995245565,229747848.0,0.826
,0.8474218,0.8758764,424.3932848,1.7536544,5300.0,0.846387,,,1678.5549814,,1,TESS,229747848.0,,0.04306574152988996,138.0003995245565,229747848.0,0.826
,0.8474218,0.8758764,424.3932848,1.7536544,5300.0,0.846387,,,1678.5549814,,1,TESS,229747848.0,,0.04306574152988996,138.0003995245565,229747848.0,0.819
,0.8474218,0.8758764,424.3932848,1.7536544,5300.0,0.846387,,,1678.5549814,,1,TESS,229747848.0,,0.04306574152988996,138.0003995245565,229747848.0,0.819
,0.8474218,0.8758764,424.3932848,1.7536544,5300.0,0.846387,,,1678.5549814,,1,TESS,229747848.0,,0.04306574152988996,138.0003995245565,229747848.0,0.806
,0.8474218,0.8758764,424.3932848,1.7536544,5300.0,0.846387,,,1678.5549814,,1,TESS,229747848.0,,0.04306574152988996,138.0003995245565,229747848.0,0.806
,0.8474218,0.8758764,424.3932848,1.7536544,5300.0,0.846387,,,1678.5549814,,1,TESS,229747848.0,,0.04306574152988996,138.0003995245565,229747848.0,0.773
,0.8474218,0.8758764,424.3932848,1.7536544,5300.0,0.846387,,,1678.5549814,,1,TESS,229747848.0,,0.04306574152988996,138.0003995245565,229747848.0,0.773
,0.8474218,0.8758764,424.3932848,1.7536544,5300.0,0.846387,,,1678.5549814,,1,TESS,229747848.0,,0.04306574152988996,138.0003995245565,229747848.0,0.694
,0.8474218,0.8758764,424.3932848,1.7536544,5300.0,0.846387,,,1678.5549814,,1,TESS,229747848.0,,0.04306574152988996,138.0003995245565,229747848.0,0.694
,0.8474218,0.8758764,424.3932848,1.7536544,5300.0,0.846387,,,1678.5549814,,1,TESS,229747848.0,,0.04306574152988996,138.0003995245565,229747848.0,0.994
,0.8474218,0.8758764,424.3932848,1.7536544,5300.0,0.846387,,,1678.5549814,,1,TESS,229747848.0,,0.04306574152988996,138.0003995245565,229747848.0,0.994
,0.8474218,0.8758764,424.3932848,1.7536544,5300.0,0.846387,,,1678.5549814,,1,TESS,229747848.0,,0.04306574152988996,138.0003995245565,229747848.0,0.992
,0.8474218,0.8758764,424.3932848,1.7536544,5300.0,0.846387,,,1678.5549814,,1,TESS,229747848.0,,0.04306574152988996,138.0003995245565,229747848.0,0.992
,0.8474218,0.8758764,424.3932848,1.7536544,5300.0,0.846387,,,1678.5549814,,1,TESS,229747848.0,,0.04306574152988996,138.0003995245565,229747848.0,0.969
,0.8474218,0.8758764,424.3932848,1.7536544,5300.0,0.846387,,,1678.5549814,,1,TESS,229747848.0,,0.04306574152988996,138.0003995245565,229747848.0,0.969
,0.8474218,0.8758764,424.3932848,1.7536544,5300.0,0.846387,,,1678.5549814,,1,TESS,229747848.0,,0.04306574152988996,138.0003995245565,229747848.0,0.966
,0.8474218,0.8758764,424.3932848,1.7536544,5300.0,0.846387,,,1678.5549814,,1,TESS,229747848.0,,0.04306574152988996,138.0003995245565,229747848.0,0.966
,0.8474218,0.8758764,424.3932848,1.7536544,5300.0,0.846387,,,1678.5549814,,1,TESS,229747848.0,,0.04306574152988996,138.0003995245565,229747848.0,0.95
,0.8474218,0.8758764,424.3932848,1.7536544,5300.0,0.846387,,,1678.5549814,,1,TESS,229747848.0,,0.04306574152988996,138.0003995245565,229747848.0,0.95
,0.8474218,0.8758764,424.3932848,1.7536544,5300.0,0.846387,,,1678.5549814,,1,TESS,229747848.0,,0.04306574152988996,138.0003995245565,229747848.0,0.908
,0.8474218,0.8758764,424.3932848,1.7536544,5300.0,0.846387,,,1678.5549814,,1,TESS,229747848.0,,0.04306574152988996,138.0003995245565,229747848.0,0.908
,0.8474218,0.8758764,424.3932848,1.7536544,5300.0,0.846387,,,1678.5549814,,1,TESS,229747848.0,,0.04306574152988996,138.0003995245565,229747848.0,0.845
,0.8474218,0.8758764,424.3932848,1.7536544,5300.0,0.846387,,,1678.5549814,,1,TESS,229747848.0,,0.04306574152988996,138.0003995245565,229747848.0,0.845
,0.8474218,0.8758764,424.3932848,1.7536544,5300.0,0.846387,,,1678.5549814,,1,TESS,229747848.0,,0.04306574152988996,138.0003995245565,229747848.0,0.826
,0.8474218,0.8758764,424.3932848,1.7536544,5300.0,0.846387,,,1678.5549814,,1,TESS,229747848.0,,0.04306574152988996,138.0003995245565,229747848.0,0.826
,0.8474218,0.8758764,424.3932848,1.7536544,5300.0,0.846387,,,1678.5549814,,1,TESS,229747848.0,,0.04306574152988996,138.0003995245565,229747848.0,0.819
,0.8474218,0.8758764,424.3932848,1.7536544,5300.0,0.846387,,,1678.5549814,,1,TESS,229747848.0,,0.04306574152988996,138.0003995245565,229747848.0,0.819
,0.8474218,0.8758764,424.3932848,1.7536544,5300.0,0.846387,,,1678.5549814,,1,TESS,229747848.0,,0.04306574152988996,138.0003995245565,229747848.0,0.806
,0.8474218,0.8758764,424.3932848,1.7536544,5300.0,0.846387,,,1678.5549814,,1,TESS,229747848.0,,0.04306574152988996,138.0003995245565,229747848.0,0.806
,0.8474218,0.8758764,424.3932848,1.7536544,5300.0,0.846387,,,1678.5549814,,1,TESS,229747848.0,,0.04306574152988996,138.0003995245565,229747848.0,0.773
,0.8474218,0.8758764,424.3932848,1.7536544,5300.0,0.846387,,,1678.5549814,,1,TESS,229747848.0,,0.04306574152988996,138.0003995245565,229747848.0,0.773
,0.8474218,0.8758764,424.3932848,1.7536544,5300.0,0.846387,,,1678.5549814,,1,TESS,229747848.0,,0.04306574152988996,138.0003995245565,229747848.0,0.694
,0.8474218,0.8758764,424.3932848,1.7536544,5300.0,0.846387,,,1678.5549814,,1,TESS,229747848.0,,0.04306574152988996,138.0003995245565,229747848.0,0.694
,4.8420438,2.4105648,318.6638392,1.6177405,5300.0,0.846387,,,938.9141348,,1,TESS,229747848.0,,0.020743347909346427,121.76287724152446,229747848.0,0.994
,4.8420438,2.4105648,318.6638392,1.6177405,5300.0,0.846387,,,938.9141348,,1,TESS,229747848.0,,0.020743347909346427,121.76287724152446,229747848.0,0.994
,4.8420438,2.4105648,318.6638392,1.6177405,5300.0,0.846387,,,938.9141348,,1,TESS,229747848.0,,0.020743347909346427,121.76287724152446,229747848.0,0.992
,4.8420438,2.4105648,318.6638392,1.6177405,5300.0,0.846387,,,938.9141348,,1,TESS,229747848.0,,0.020743347909346427,121.76287724152446,229747848.0,0.992
,4.8420438,2.4105648,318.6638392,1.6177405,5300.0,0.846387,,,938.9141348,,1,TESS,229747848.0,,0.020743347909346427,121.76287724152446,229747848.0,0.969
,4.8420438,2.4105648,318.6638392,1.6177405,5300.0,0.846387,,,938.9141348,,1,TESS,229747848.0,,0.020743347909346427,121.76287724152446,229747848.0,0.969
,4.8420438,2.4105648,318.6638392,1.6177405,5300.0,0.846387,,,938.9141348,,1,TESS,229747848.0,,0.020743347909346427,121.76287724152446,229747848.0,0.966
,4.8420438,2.4105648,318.6638392,1.6177405,5300.0,0.846387,,,938.9141348,,1,TESS,229747848.0,,0.020743347909346427,121.76287724152446,229747848.0,0.966
,4.8420438,2.4105648,318.6638392,1.6177405,5300.0,0.846387,,,938.9141348,,1,TESS,229747848.0,,0.020743347909346427,121.76287724152446,229747848.0,0.95
,4.8420438,2.4105648,318.6638392,1.6177405,5300.0,0.846387,,,938.9141348,,1,TESS,229747848.0,,0.020743347909346427,121.76287724152446,229747848.0,0.95
,4.8420438,2.4105648,318.6638392,1.6177405,5300.0,0.846387,,,938.9141348,,1,TESS,229747848.0,,0.020743347909346427,121.76287724152446,229747848.0,0.908
,4.8420438,2.4105648,318.6638392,1.6177405,5300.0,0.846387,,,938.9141348,,1,TESS,229747848.0,,0.020743347909346427,121.76287724152446,229747848.0,0.908
,4.8420438,2.4105648,318.6638392,1.6177405,5300.0,0.846387,,,938.9141348,,1,TESS,229747848.0,,0.020743347909346427,121.76287724152446,229747848.0,0.845
,4.8420438,2.4105648,318.6638392,1.6177405,5300.0,0.846387,,,938.9141348,,1,TESS,229747848.0,,0.020743347909346427,121.76287724152446,229747848.0,0.845
,4.8420438,2.4105648,318.6638392,1.6177405,5300.0,0.846387,,,938.9141348,,1,TESS,229747848.0,,0.020743347909346427,121.76287724152446,229747848.0,0.826
,4.8420438,2.4105648,318.6638392,1.6177405,5300.0,0.846387,,,938.9141348,,1,TESS,229747848.0,,0.020743347909346427,121.76287724152446,229747848.0,0.826
,4.8420438,2.4105648,318.6638392,1.6177405,5300.0,0.846387,,,938.9141348,,1,TESS,229747848.0,,0.020743347909346427,121.76287724152446,229747848.0,0.819
,4.8420438,2.4105648,318.6638392,1.6177405,5300.0,0.846387,,,938.9141348,,1,TESS,229747848.0,,0.020743347909346427,121.76287724152446,229747848.0,0.819
,4.8420438,2.4105648,318.6638392,1.6177405,5300.0,0.846387,,,938.9141348,,1,TESS,229747848.0,,0.020743347909346427,121.76287724152446,229747848.0,0.806
,4.8420438,2.4105648,318.6638392,1.6177405,5300.0,0.846387,,,938.9141348,,1,TESS,229747848.0,,0.020743347909346427,121.76287724152446,229747848.0,0.806
,4.8420438,2.4105648,318.6638392,1.6177405,5300.0,0.846387,,,938.9141348,,1,TESS,229747848.0,,0.020743347909346427,121.76287724152446,229747848.0,0.773
,4.8420438,2.4105648,318.6638392,1.6177405,5300.0,0.846387,,,938.9141348,,1,TESS,229747848.0,,0.020743347909346427,121.76287724152446,229747848.0,0.773
,4.8420438,2.4105648,318.6638392,1.6177405,5300.0,0.846387,,,938.9141348,,1,TESS,229747848.0,,0.020743347909346427,121.76287724152446,229747848.0,0.694
,4.8420438,2.4105648,318.6638392,1.6177405,5300.0,0.846387,,,938.9141348,,1,TESS,229747848.0,,0.020743347909346427,121.76287724152446,229747848.0,0.694
,4.8420438,2.4105648,318.6638392,1.6177405,5300.0,0.846387,,,938.9141348,,1,TESS,229747848.0,,0.020743347909346427,121.76287724152446,229747848.0,0.994
,4.8420438,2.4105648,318.6638392,1.6177405,5300.0,0.846387,,,938.9141348,,1,TESS,229747848.0,,0.020743347909346427,121.76287724152446,229747848.0,0.994
,4.8420438,2.4105648,318.6638392,1.6177405,5300.0,0.846387,,,938.9141348,,1,TESS,229747848.0,,0.020743347909346427,121.76287724152446,229747848.0,0.992
,4.8420438,2.4105648,318.6638392,1.6177405,5300.0,0.846387,,,938.9141348,,1,TESS,229747848.0,,0.020743347909346427,121.76287724152446,229747848.0,0.992
,4.8420438,2.4105648,318.6638392,1.6177405,5300.0,0.846387,,,938.9141348,,1,TESS,229747848.0,,0.020743347909346427,121.76287724152446,229747848.0,0.969
,4.8420438,2.4105648,318.6638392,1.6177405,5300.0,0.846387,,,938.9141348,,1,TESS,229747848.0,,0.020743347909346427,121.76287724152446,229747848.0,0.969
,4.8420438,2.4105648,318.6638392,1.6177405,5300.0,0.846387,,,938.9141348,,1,TESS,229747848.0,,0.020743347909346427,121.76287724152446,229747848.0,0.966
,4.8420438,2.4105648,318.6638392,1.6177405,5300.0,0.846387,,,938.9141348,,1,TESS,229747848.0,,0.020743347909346427,121.76287724152446,229747848.0,0.966
,4.8420438,2.4105648,318.6638392,1.6177405,5300.0,0.846387,,,938.9141348,,1,TESS,229747848.0,,0.020743347909346427,121.76287724152446,229747848.0,0.95
,4.8420438,2.4105648,318.6638392,1.6177405,5300.0,0.846387,,,938.9141348,,1,TESS,229747848.0,,0.020743347909346427,121.76287724152446,229747848.0,0.95
,4.8420438,2.4105648,318.6638392,1.6177405,5300.0,0.846387,,,938.9141348,,1,TESS,229747848.0,,0.020743347909346427,121.76287724152446,229747848.0,0.908
,4.8420438,2.4105648,318.6638392,1.6177405,5300.0,0.846387,,,938.9141348,,1,TESS,229747848.0,,0.020743347909346427,121.76287724152446,229747848.0,0.908
,4.8420438,2.4105648,318.6638392,1.6177405,5300.0,0.846387,,,938.9141348,,1,TESS,229747848.0,,0.020743347909346427,121.76287724152446,229747848.0,0.845
,4.8420438,2.4105648,318.6638392,1.6177405,5300.0,0.846387,,,938.9141348,,1,TESS,229747848.0,,0.020743347909346427,121.76287724152446,229747848.0,0.845
,4.8420438,2.4105648,318.6638392,1.6177405,5300.0,0.846387,,,938.9141348,,1,TESS,229747848.0,,0.020743347909346427,121.76287724152446,229747848.0,0.826
,4.8420438,2.4105648,318.6638392,1.6177405,5300.0,0.846387,,,938.9141348,,1,TESS,229747848.0,,0.020743347909346427,121.76287724152446,229747848.0,0.826
,4.8420438,2.4105648,318.6638392,1.6177405,5300.0,0.846387,,,938.9141348,,1,TESS,229747848.0,,0.020743347909346427,121.76287724152446,229747848.0,0.819
,4.8420438,2.4105648,318.6638392,1.6177405,5300.0,0.846387,,,938.9141348,,1,TESS,229747848.0,,0.020743347909346427,121.76287724152446,229747848.0,0.819
,4.8420438,2.4105648,318.6638392,1.6177405,5300.0,0.846387,,,938.9141348,,1,TESS,229747848.0,,0.020743347909346427,121.76287724152446,229747848.0,0.806
,4.8420438,2.4105648,318.6638392,1.6177405,5300.0,0.846387,,,938.9141348,,1,TESS,229747848.0,,0.020743347909346427,121.76287724152446,229747848.0,0.806
,4.8420438,2.4105648,318.6638392,1.6177405,5300.0,0.846387,,,938.9141348,,1,TESS,229747848.0,,0.020743347909346427,121.76287724152446,229747848.0,0.773
,4.8420438,2.4105648,318.6638392,1.6177405,5300.0,0.846387,,,938.9141348,,1,TESS,229747848.0,,0.020743347909346427,121.76287724152446,229747848.0,0.773
,4.8420438,2.4105648,318.6638392,1.6177405,5300.0,0.846387,,,938.9141348,,1,TESS,229747848.0,,0.020743347909346427,121.76287724152446,229747848.0,0.694
,4.8420438,2.4105648,318.6638392,1.6177405,5300.0,0.846387,,,938.9141348,,1,TESS,229747848.0,,0.020743347909346427,121.76287724152446,229747848.0,0.694
,2.14056,2.029,355.8315803,1.83828,4567.0,0.84,,,1174.0,,0,TESS,229770036.0,,0.039495115773926844,105.29822161834683,229770036.0,0.467
,3.9152737,2.562,3350.0,9.43435,5714.0,1.58,,,1170.0,,1,TESS,219015370.0,,0.02726501569071855,37.637505710557924,219015370.0,0.993
,3.9152737,2.562,3350.0,9.43435,5714.0,1.58,,,1170.0,,1,TESS,219015370.0,,0.02726501569071855,37.637505710557924,219015370.0,0.993
,3.9152737,2.562,3350.0,9.43435,5714.0,1.58,,,1170.0,,1,TESS,219015370.0,,0.02726501569071855,37.637505710557924,219015370.0,0.993
,3.9152737,2.562,3350.0,9.43435,5714.0,1.58,,,1170.0,,1,TESS,219015370.0,,0.02726501569071855,37.637505710557924,219015370.0,0.992
,3.9152737,2.562,3350.0,9.43435,5714.0,1.58,,,1170.0,,1,TESS,219015370.0,,0.02726501569071855,37.637505710557924,219015370.0,0.991
,3.9152737,2.562,3350.0,9.43435,5714.0,1.58,,,1170.0,,1,TESS,219015370.0,,0.02726501569071855,37.637505710557924,219015370.0,0.991
,3.9152737,2.562,3350.0,9.43435,5714.0,1.58,,,1170.0,,1,TESS,219015370.0,,0.02726501569071855,37.637505710557924,219015370.0,0.962
,3.1968838,3.7533697,7958.980656,14.9685779,6470.0,1.59715,,,1671.1249287,,1,TESS,219852584.0,,0.04891963922127803,35.521914410568264,219852584.0,0.997
,3.1968838,3.7533697,7958.980656,14.9685779,6470.0,1.59715,,,1671.1249287,,1,TESS,219852584.0,,0.04891963922127803,35.521914410568264,219852584.0,0.997
,3.1968838,3.7533697,7958.980656,14.9685779,6470.0,1.59715,,,1671.1249287,,1,TESS,219852584.0,,0.04891963922127803,35.521914410568264,219852584.0,0.997
,3.1968838,3.7533697,7958.980656,14.9685779,6470.0,1.59715,,,1671.1249287,,1,TESS,219852584.0,,0.04891963922127803,35.521914410568264,219852584.0,0.997
,3.1968838,3.7533697,7958.980656,14.9685779,6470.0,1.59715,,,1671.1249287,,1,TESS,219852584.0,,0.04891963922127803,35.521914410568264,219852584.0,0.997
,3.1968838,3.7533697,7958.980656,14.9685779,6470.0,1.59715,,,1671.1249287,,1,TESS,219852584.0,,0.04891963922127803,35.521914410568264,219852584.0,0.996
,3.1968838,3.7533697,7958.980656,14.9685779,6470.0,1.59715,,,1671.1249287,,1,TESS,219852584.0,,0.04891963922127803,35.521914410568264,219852584.0,0.996
,3.1968838,3.7533697,7958.980656,14.9685779,6470.0,1.59715,,,1671.1249287,,1,TESS,219852584.0,,0.04891963922127803,35.521914410568264,219852584.0,0.996
,3.1968838,3.7533697,7958.980656,14.9685779,6470.0,1.59715,,,1671.1249287,,1,TESS,219852584.0,,0.04891963922127803,35.521914410568264,219852584.0,0.996
,3.1968838,3.7533697,7958.980656,14.9685779,6470.0,1.59715,,,1671.1249287,,1,TESS,219852584.0,,0.04891963922127803,35.521914410568264,219852584.0,0.996
,3.1968838,3.7533697,7958.980656,14.9685779,6470.0,1.59715,,,1671.1249287,,1,TESS,219852584.0,,0.04891963922127803,35.521914410568264,219852584.0,0.996
,3.1968838,3.7533697,7958.980656,14.9685779,6470.0,1.59715,,,1671.1249287,,1,TESS,219852584.0,,0.04891963922127803,35.521914410568264,219852584.0,0.995
,3.1968838,3.7533697,7958.980656,14.9685779,6470.0,1.59715,,,1671.1249287,,1,TESS,219852584.0,,0.04891963922127803,35.521914410568264,219852584.0,0.995
,3.1968838,3.7533697,7958.980656,14.9685779,6470.0,1.59715,,,1671.1249287,,1,TESS,219852584.0,,0.04891963922127803,35.521914410568264,219852584.0,0.994
,3.1968838,3.7533697,7958.980656,14.9685779,6470.0,1.59715,,,1671.1249287,,1,TESS,219852584.0,,0.04891963922127803,35.521914410568264,219852584.0,0.994
,3.1968838,3.7533697,7958.980656,14.9685779,6470.0,1.59715,,,1671.1249287,,1,TESS,219852584.0,,0.04891963922127803,35.521914410568264,219852584.0,0.993
,3.1968838,3.7533697,7958.980656,14.9685779,6470.0,1.59715,,,1671.1249287,,1,TESS,219852584.0,,0.04891963922127803,35.521914410568264,219852584.0,0.993
,3.1968838,3.7533697,7958.980656,14.9685779,6470.0,1.59715,,,1671.1249287,,1,TESS,219852584.0,,0.04891963922127803,35.521914410568264,219852584.0,0.992
,3.1968838,3.7533697,7958.980656,14.9685779,6470.0,1.59715,,,1671.1249287,,1,TESS,219852584.0,,0.04891963922127803,35.521914410568264,219852584.0,0.992
,3.1968838,3.7533697,7958.980656,14.9685779,6470.0,1.59715,,,1671.1249287,,1,TESS,219852584.0,,0.04891963922127803,35.521914410568264,219852584.0,0.991
,3.1968838,3.7533697,7958.980656,14.9685779,6470.0,1.59715,,,1671.1249287,,1,TESS,219852584.0,,0.04891963922127803,35.521914410568264,219852584.0,0.99
,3.1968838,3.7533697,7958.980656,14.9685779,6470.0,1.59715,,,1671.1249287,,1,TESS,219852584.0,,0.04891963922127803,35.521914410568264,219852584.0,0.986
,3.1968838,3.7533697,7958.980656,14.9685779,6470.0,1.59715,,,1671.1249287,,1,TESS,219852584.0,,0.04891963922127803,35.521914410568264,219852584.0,0.985
,3.1968838,3.7533697,7958.980656,14.9685779,6470.0,1.59715,,,1671.1249287,,1,TESS,219852584.0,,0.04891963922127803,35.521914410568264,219852584.0,0.984
,6.0964074,2.3632965,1142.4891745,2.5856853,4820.4,0.731699,,,737.3642914,,1,TESS,356867115.0,,0.016152248425357802,170.88372243730717,356867115.0,0.994
,6.0964074,2.3632965,1142.4891745,2.5856853,4820.4,0.731699,,,737.3642914,,1,TESS,356867115.0,,0.016152248425357802,170.88372243730717,356867115.0,0.993
,6.0964074,2.3632965,1142.4891745,2.5856853,4820.4,0.731699,,,737.3642914,,1,TESS,356867115.0,,0.016152248425357802,170.88372243730717,356867115.0,0.992
,6.0964074,2.3632965,1142.4891745,2.5856853,4820.4,0.731699,,,737.3642914,,1,TESS,356867115.0,,0.016152248425357802,170.88372243730717,356867115.0,0.992
,6.0964074,2.3632965,1142.4891745,2.5856853,4820.4,0.731699,,,737.3642914,,1,TESS,356867115.0,,0.016152248425357802,170.88372243730717,356867115.0,0.991
,6.0964074,2.3632965,1142.4891745,2.5856853,4820.4,0.731699,,,737.3642914,,1,TESS,356867115.0,,0.016152248425357802,170.88372243730717,356867115.0,0.989
,6.0964074,2.3632965,1142.4891745,2.5856853,4820.4,0.731699,,,737.3642914,,1,TESS,356867115.0,,0.016152248425357802,170.88372243730717,356867115.0,0.98
,6.0964074,2.3632965,1142.4891745,2.5856853,4820.4,0.731699,,,737.3642914,,1,TESS,356867115.0,,0.016152248425357802,170.88372243730717,356867115.0,0.973
,6.0964074,2.3632965,1142.4891745,2.5856853,4820.4,0.731699,,,737.3642914,,1,TESS,356867115.0,,0.016152248425357802,170.88372243730717,356867115.0,0.966
,6.0964074,2.3632965,1142.4891745,2.5856853,4820.4,0.731699,,,737.3642914,,1,TESS,356867115.0,,0.016152248425357802,170.88372243730717,356867115.0,0.942
,6.0964074,2.3632965,1142.4891745,2.5856853,4820.4,0.731699,,,737.3642914,,1,TESS,356867115.0,,0.016152248425357802,170.88372243730717,356867115.0,0.906
,6.0964074,2.3632965,1142.4891745,2.5856853,4820.4,0.731699,,,737.3642914,,1,TESS,356867115.0,,0.016152248425357802,170.88372243730717,356867115.0,0.886
,6.0964074,2.3632965,1142.4891745,2.5856853,4820.4,0.731699,,,737.3642914,,1,TESS,356867115.0,,0.016152248425357802,170.88372243730717,356867115.0,0.865
,6.0964074,2.3632965,1142.4891745,2.5856853,4820.4,0.731699,,,737.3642914,,1,TESS,356867115.0,,0.016152248425357802,170.88372243730717,356867115.0,0.833
,6.0964074,2.3632965,1142.4891745,2.5856853,4820.4,0.731699,,,737.3642914,,1,TESS,356867115.0,,0.016152248425357802,170.88372243730717,356867115.0,0.769
,6.0964074,2.3632965,1142.4891745,2.5856853,4820.4,0.731699,,,737.3642914,,1,TESS,356867115.0,,0.016152248425357802,170.88372243730717,356867115.0,0.425
,6.0964074,2.3632965,1142.4891745,2.5856853,4820.4,0.731699,,,737.3642914,,1,TESS,356867115.0,,0.016152248425357802,170.88372243730717,356867115.0,0.412
,7.8513774,6.699,21571.0,,,,,,,,0,TESS,232679662.0,,0.035551086681771885,,232679662.0,0.13
,2.6796,2.771,7590.0,11.8862,5938.0,1.32,,,1492.0,,0,TESS,294179389.0,,0.043087898021348055,53.722437063808236,294179389.0,0.126
,11.0765063,4.692,4400.0,12.8076,6460.0,1.86,,,1033.0,,0,TESS,405904232.0,,0.017649969581526315,26.823606097671764,405904232.0,0.986
,11.0765063,4.692,4400.0,12.8076,6460.0,1.86,,,1033.0,,0,TESS,405904232.0,,0.017649969581526315,26.823606097671764,405904232.0,0.981
,11.0765063,4.692,4400.0,12.8076,6460.0,1.86,,,1033.0,,0,TESS,405904232.0,,0.017649969581526315,26.823606097671764,405904232.0,0.963
,11.0765063,4.692,4400.0,12.8076,6460.0,1.86,,,1033.0,,0,TESS,405904232.0,,0.017649969581526315,26.823606097671764,405904232.0,0.938
,11.0765063,4.692,4400.0,12.8076,6460.0,1.86,,,1033.0,,0,TESS,405904232.0,,0.017649969581526315,26.823606097671764,405904232.0,0.921
,11.0765063,4.692,4400.0,12.8076,6460.0,1.86,,,1033.0,,0,TESS,405904232.0,,0.017649969581526315,26.823606097671764,405904232.0,0.919
,0.890967,1.784,1100.0,2.89678,5159.2,0.87,,,2099.0,,0,TESS,167098530.0,,0.08342994730117448,131.08759830316973,167098530.0,0.126
,8.0428575,9.504,18730.0,,8286.0,,,,2522.0,,0,TESS,275111900.0,,0.0492362320168535,,275111900.0,0.152
,1.748054,2.122,670.0,,,,,,,,0,TESS,357457104.0,,0.05058005333883532,,357457104.0,0.186
,3.8615978,1.678,1020.0,13.8394,7396.0,2.45,,,1933.0,,0,TESS,92783821.0,,0.018105631278396046,5.325564459490459,92783821.0,0.204
,3.8615978,1.678,1020.0,13.8394,7396.0,2.45,,,1933.0,,0,TESS,92783821.0,,0.018105631278396046,5.325564459490459,92783821.0,0.184
,3.8615978,1.678,1020.0,13.8394,7396.0,2.45,,,1933.0,,0,TESS,92783821.0,,0.018105631278396046,5.325564459490459,92783821.0,0.112
,95.174,11.6316864,2600.061605,7.8498891,5723.2,1.51811,,,254.6525048,,1,TESS,260128333.0,,0.0050922899088807995,42.19457225075366,260128333.0,0.785
,95.174,11.6316864,2600.061605,7.8498891,5723.2,1.51811,,,254.6525048,,1,TESS,260128333.0,,0.0050922899088807995,42.19457225075366,260128333.0,0.58
,95.174,11.6316864,2600.061605,7.8498891,5723.2,1.51811,,,254.6525048,,1,TESS,260128333.0,,0.0050922899088807995,42.19457225075366,260128333.0,0.512
,95.174,11.6316864,2600.061605,7.8498891,5723.2,1.51811,,,254.6525048,,1,TESS,260128333.0,,0.0050922899088807995,42.19457225075366,260128333.0,0.106
,8.8803281,2.71,1238.0,3.20594,5555.7,0.92,,,777.0,,1,TESS,269701147.0,,0.012715370971131072,120.45083697184474,269701147.0,0.984
,8.8803281,2.71,1238.0,3.20594,5555.7,0.92,,,777.0,,1,TESS,269701147.0,,0.012715370971131072,120.45083697184474,269701147.0,0.984
,8.8803281,2.71,1238.0,3.20594,5555.7,0.92,,,777.0,,1,TESS,269701147.0,,0.012715370971131072,120.45083697184474,269701147.0,0.984
,8.8803281,2.71,1238.0,3.20594,5555.7,0.92,,,777.0,,1,TESS,269701147.0,,0.012715370971131072,120.45083697184474,269701147.0,0.96
,8.8803281,2.71,1238.0,3.20594,5555.7,0.92,,,777.0,,1,TESS,269701147.0,,0.012715370971131072,120.45083697184474,269701147.0,0.96
,8.8803281,2.71,1238.0,3.20594,5555.7,0.92,,,777.0,,1,TESS,269701147.0,,0.012715370971131072,120.45083697184474,269701147.0,0.96
,8.8803281,2.71,1238.0,3.20594,5555.7,0.92,,,777.0,,1,TESS,269701147.0,,0.012715370971131072,120.45083697184474,269701147.0,0.892
,8.8803281,2.71,1238.0,3.20594,5555.7,0.92,,,777.0,,1,TESS,269701147.0,,0.012715370971131072,120.45083697184474,269701147.0,0.892
,8.8803281,2.71,1238.0,3.20594,5555.7,0.92,,,777.0,,1,TESS,269701147.0,,0.012715370971131072,120.45083697184474,269701147.0,0.892
,8.8803281,2.71,1238.0,3.20594,5555.7,0.92,,,777.0,,1,TESS,269701147.0,,0.012715370971131072,120.45083697184474,269701147.0,0.811
,8.8803281,2.71,1238.0,3.20594,5555.7,0.92,,,777.0,,1,TESS,269701147.0,,0.012715370971131072,120.45083697184474,269701147.0,0.811
,8.8803281,2.71,1238.0,3.20594,5555.7,0.92,,,777.0,,1,TESS,269701147.0,,0.012715370971131072,120.45083697184474,269701147.0,0.811
,8.8803281,2.71,1238.0,3.20594,5555.7,0.92,,,777.0,,1,TESS,269701147.0,,0.012715370971131072,120.45083697184474,269701147.0,0.657
,8.8803281,2.71,1238.0,3.20594,5555.7,0.92,,,777.0,,1,TESS,269701147.0,,0.012715370971131072,120.45083697184474,269701147.0,0.657
,8.8803281,2.71,1238.0,3.20594,5555.7,0.92,,,777.0,,1,TESS,269701147.0,,0.012715370971131072,120.45083697184474,269701147.0,0.657
,8.8803281,2.71,1238.0,3.20594,5555.7,0.92,,,777.0,,1,TESS,269701147.0,,0.012715370971131072,120.45083697184474,269701147.0,0.272
,8.8803281,2.71,1238.0,3.20594,5555.7,0.92,,,777.0,,1,TESS,269701147.0,,0.012715370971131072,120.45083697184474,269701147.0,0.272
,8.8803281,2.71,1238.0,3.20594,5555.7,0.92,,,777.0,,1,TESS,269701147.0,,0.012715370971131072,120.45083697184474,269701147.0,0.272
,8.8803281,2.71,1238.0,3.20594,5555.7,0.92,,,777.0,,1,TESS,269701147.0,,0.012715370971131072,120.45083697184474,269701147.0,0.984
,8.8803281,2.71,1238.0,3.20594,5555.7,0.92,,,777.0,,1,TESS,269701147.0,,0.012715370971131072,120.45083697184474,269701147.0,0.984
,8.8803281,2.71,1238.0,3.20594,5555.7,0.92,,,777.0,,1,TESS,269701147.0,,0.012715370971131072,120.45083697184474,269701147.0,0.984
,8.8803281,2.71,1238.0,3.20594,5555.7,0.92,,,777.0,,1,TESS,269701147.0,,0.012715370971131072,120.45083697184474,269701147.0,0.96
,8.8803281,2.71,1238.0,3.20594,5555.7,0.92,,,777.0,,1,TESS,269701147.0,,0.012715370971131072,120.45083697184474,269701147.0,0.96
,8.8803281,2.71,1238.0,3.20594,5555.7,0.92,,,777.0,,1,TESS,269701147.0,,0.012715370971131072,120.45083697184474,269701147.0,0.96
,8.8803281,2.71,1238.0,3.20594,5555.7,0.92,,,777.0,,1,TESS,269701147.0,,0.012715370971131072,120.45083697184474,269701147.0,0.892
,8.8803281,2.71,1238.0,3.20594,5555.7,0.92,,,777.0,,1,TESS,269701147.0,,0.012715370971131072,120.45083697184474,269701147.0,0.892
,8.8803281,2.71,1238.0,3.20594,5555.7,0.92,,,777.0,,1,TESS,269701147.0,,0.012715370971131072,120.45083697184474,269701147.0,0.892
,8.8803281,2.71,1238.0,3.20594,5555.7,0.92,,,777.0,,1,TESS,269701147.0,,0.012715370971131072,120.45083697184474,269701147.0,0.811
,8.8803281,2.71,1238.0,3.20594,5555.7,0.92,,,777.0,,1,TESS,269701147.0,,0.012715370971131072,120.45083697184474,269701147.0,0.811
,8.8803281,2.71,1238.0,3.20594,5555.7,0.92,,,777.0,,1,TESS,269701147.0,,0.012715370971131072,120.45083697184474,269701147.0,0.811
,8.8803281,2.71,1238.0,3.20594,5555.7,0.92,,,777.0,,1,TESS,269701147.0,,0.012715370971131072,120.45083697184474,269701147.0,0.657
,8.8803281,2.71,1238.0,3.20594,5555.7,0.92,,,777.0,,1,TESS,269701147.0,,0.012715370971131072,120.45083697184474,269701147.0,0.657
,8.8803281,2.71,1238.0,3.20594,5555.7,0.92,,,777.0,,1,TESS,269701147.0,,0.012715370971131072,120.45083697184474,269701147.0,0.657
,8.8803281,2.71,1238.0,3.20594,5555.7,0.92,,,777.0,,1,TESS,269701147.0,,0.012715370971131072,120.45083697184474,269701147.0,0.272
,8.8803281,2.71,1238.0,3.20594,5555.7,0.92,,,777.0,,1,TESS,269701147.0,,0.012715370971131072,120.45083697184474,269701147.0,0.272
,8.8803281,2.71,1238.0,3.20594,5555.7,0.92,,,777.0,,1,TESS,269701147.0,,0.012715370971131072,120.45083697184474,269701147.0,0.272
,8.8803281,2.71,1238.0,3.20594,5555.7,0.92,,,777.0,,1,TESS,269701147.0,,0.012715370971131072,120.45083697184474,269701147.0,0.984
,8.8803281,2.71,1238.0,3.20594,5555.7,0.92,,,777.0,,1,TESS,269701147.0,,0.012715370971131072,120.45083697184474,269701147.0,0.984
,8.8803281,2.71,1238.0,3.20594,5555.7,0.92,,,777.0,,1,TESS,269701147.0,,0.012715370971131072,120.45083697184474,269701147.0,0.984
,8.8803281,2.71,1238.0,3.20594,5555.7,0.92,,,777.0,,1,TESS,269701147.0,,0.012715370971131072,120.45083697184474,269701147.0,0.96
,8.8803281,2.71,1238.0,3.20594,5555.7,0.92,,,777.0,,1,TESS,269701147.0,,0.012715370971131072,120.45083697184474,269701147.0,0.96
,8.8803281,2.71,1238.0,3.20594,5555.7,0.92,,,777.0,,1,TESS,269701147.0,,0.012715370971131072,120.45083697184474,269701147.0,0.96
,8.8803281,2.71,1238.0,3.20594,5555.7,0.92,,,777.0,,1,TESS,269701147.0,,0.012715370971131072,120.45083697184474,269701147.0,0.892
,8.8803281,2.71,1238.0,3.20594,5555.7,0.92,,,777.0,,1,TESS,269701147.0,,0.012715370971131072,120.45083697184474,269701147.0,0.892
,8.8803281,2.71,1238.0,3.20594,5555.7,0.92,,,777.0,,1,TESS,269701147.0,,0.012715370971131072,120.45083697184474,269701147.0,0.892
,8.8803281,2.71,1238.0,3.20594,5555.7,0.92,,,777.0,,1,TESS,269701147.0,,0.012715370971131072,120.45083697184474,269701147.0,0.811
,8.8803281,2.71,1238.0,3.20594,5555.7,0.92,,,777.0,,1,TESS,269701147.0,,0.012715370971131072,120.45083697184474,269701147.0,0.811
,8.8803281,2.71,1238.0,3.20594,5555.7,0.92,,,777.0,,1,TESS,269701147.0,,0.012715370971131072,120.45083697184474,269701147.0,0.811
,8.8803281,2.71,1238.0,3.20594,5555.7,0.92,,,777.0,,1,TESS,269701147.0,,0.012715370971131072,120.45083697184474,269701147.0,0.657
,8.8803281,2.71,1238.0,3.20594,5555.7,0.92,,,777.0,,1,TESS,269701147.0,,0.012715370971131072,120.45083697184474,269701147.0,0.657
,8.8803281,2.71,1238.0,3.20594,5555.7,0.92,,,777.0,,1,TESS,269701147.0,,0.012715370971131072,120.45083697184474,269701147.0,0.657
,8.8803281,2.71,1238.0,3.20594,5555.7,0.92,,,777.0,,1,TESS,269701147.0,,0.012715370971131072,120.45083697184474,269701147.0,0.272
,8.8803281,2.71,1238.0,3.20594,5555.7,0.92,,,777.0,,1,TESS,269701147.0,,0.012715370971131072,120.45083697184474,269701147.0,0.272
,8.8803281,2.71,1238.0,3.20594,5555.7,0.92,,,777.0,,1,TESS,269701147.0,,0.012715370971131072,120.45083697184474,269701147.0,0.272
,28.580474,4.5139977,1081.396943,3.1455035,5555.7,0.920435,,,545.0001759,,1,TESS,269701147.0,,0.0065808298779718895,109.29612083094122,269701147.0,0.984
,28.580474,4.5139977,1081.396943,3.1455035,5555.7,0.920435,,,545.0001759,,1,TESS,269701147.0,,0.0065808298779718895,109.29612083094122,269701147.0,0.984
,28.580474,4.5139977,1081.396943,3.1455035,5555.7,0.920435,,,545.0001759,,1,TESS,269701147.0,,0.0065808298779718895,109.29612083094122,269701147.0,0.984
,28.580474,4.5139977,1081.396943,3.1455035,5555.7,0.920435,,,545.0001759,,1,TESS,269701147.0,,0.0065808298779718895,109.29612083094122,269701147.0,0.96
,28.580474,4.5139977,1081.396943,3.1455035,5555.7,0.920435,,,545.0001759,,1,TESS,269701147.0,,0.0065808298779718895,109.29612083094122,269701147.0,0.96
,28.580474,4.5139977,1081.396943,3.1455035,5555.7,0.920435,,,545.0001759,,1,TESS,269701147.0,,0.0065808298779718895,109.29612083094122,269701147.0,0.96
,28.580474,4.5139977,1081.396943,3.1455035,5555.7,0.920435,,,545.0001759,,1,TESS,269701147.0,,0.0065808298779718895,109.29612083094122,269701147.0,0.892
,28.580474,4.5139977,1081.396943,3.1455035,5555.7,0.920435,,,545.0001759,,1,TESS,269701147.0,,0.0065808298779718895,109.29612083094122,269701147.0,0.892
,28.580474,4.5139977,1081.396943,3.1455035,5555.7,0.920435,,,545.0001759,,1,TESS,269701147.0,,0.0065808298779718895,109.29612083094122,269701147.0,0.892
,28.580474,4.5139977,1081.396943,3.1455035,5555.7,0.920435,,,545.0001759,,1,TESS,269701147.0,,0.0065808298779718895,109.29612083094122,269701147.0,0.811
,28.580474,4.5139977,1081.396943,3.1455035,5555.7,0.920435,,,545.0001759,,1,TESS,269701147.0,,0.0065808298779718895,109.29612083094122,269701147.0,0.811
,28.580474,4.5139977,1081.396943,3.1455035,5555.7,0.920435,,,545.0001759,,1,TESS,269701147.0,,0.0065808298779718895,109.29612083094122,269701147.0,0.811
,28.580474,4.5139977,1081.396943,3.1455035,5555.7,0.920435,,,545.0001759,,1,TESS,269701147.0,,0.0065808298779718895,109.29612083094122,269701147.0,0.657
,28.580474,4.5139977,1081.396943,3.1455035,5555.7,0.920435,,,545.0001759,,1,TESS,269701147.0,,0.0065808298779718895,109.29612083094122,269701147.0,0.657
,28.580474,4.5139977,1081.396943,3.1455035,5555.7,0.920435,,,545.0001759,,1,TESS,269701147.0,,0.0065808298779718895,109.29612083094122,269701147.0,0.657
,28.580474,4.5139977,1081.396943,3.1455035,5555.7,0.920435,,,545.0001759,,1,TESS,269701147.0,,0.0065808298779718895,109.29612083094122,269701147.0,0.272
,28.580474,4.5139977,1081.396943,3.1455035,5555.7,0.920435,,,545.0001759,,1,TESS,269701147.0,,0.0065808298779718895,109.29612083094122,269701147.0,0.272
,28.580474,4.5139977,1081.396943,3.1455035,5555.7,0.920435,,,545.0001759,,1,TESS,269701147.0,,0.0065808298779718895,109.29612083094122,269701147.0,0.272
,28.580474,4.5139977,1081.396943,3.1455035,5555.7,0.920435,,,545.0001759,,1,TESS,269701147.0,,0.0065808298779718895,109.29612083094122,269701147.0,0.984
,28.580474,4.5139977,1081.396943,3.1455035,5555.7,0.920435,,,545.0001759,,1,TESS,269701147.0,,0.0065808298779718895,109.29612083094122,269701147.0,0.984
,28.580474,4.5139977,1081.396943,3.1455035,5555.7,0.920435,,,545.0001759,,1,TESS,269701147.0,,0.0065808298779718895,109.29612083094122,269701147.0,0.984
,28.580474,4.5139977,1081.396943,3.1455035,5555.7,0.920435,,,545.0001759,,1,TESS,269701147.0,,0.0065808298779718895,109.29612083094122,269701147.0,0.96
,28.580474,4.5139977,1081.396943,3.1455035,5555.7,0.920435,,,545.0001759,,1,TESS,269701147.0,,0.0065808298779718895,109.29612083094122,269701147.0,0.96
,28.580474,4.5139977,1081.396943,3.1455035,5555.7,0.920435,,,545.0001759,,1,TESS,269701147.0,,0.0065808298779718895,109.29612083094122,269701147.0,0.96
,28.580474,4.5139977,1081.396943,3.1455035,5555.7,0.920435,,,545.0001759,,1,TESS,269701147.0,,0.0065808298779718895,109.29612083094122,269701147.0,0.892
,28.580474,4.5139977,1081.396943,3.1455035,5555.7,0.920435,,,545.0001759,,1,TESS,269701147.0,,0.0065808298779718895,109.29612083094122,269701147.0,0.892
,28.580474,4.5139977,1081.396943,3.1455035,5555.7,0.920435,,,545.0001759,,1,TESS,269701147.0,,0.0065808298779718895,109.29612083094122,269701147.0,0.892
,28.580474,4.5139977,1081.396943,3.1455035,5555.7,0.920435,,,545.0001759,,1,TESS,269701147.0,,0.0065808298779718895,109.29612083094122,269701147.0,0.811
,28.580474,4.5139977,1081.396943,3.1455035,5555.7,0.920435,,,545.0001759,,1,TESS,269701147.0,,0.0065808298779718895,109.29612083094122,269701147.0,0.811
,28.580474,4.5139977,1081.396943,3.1455035,5555.7,0.920435,,,545.0001759,,1,TESS,269701147.0,,0.0065808298779718895,109.29612083094122,269701147.0,0.811
,28.580474,4.5139977,1081.396943,3.1455035,5555.7,0.920435,,,545.0001759,,1,TESS,269701147.0,,0.0065808298779718895,109.29612083094122,269701147.0,0.657
,28.580474,4.5139977,1081.396943,3.1455035,5555.7,0.920435,,,545.0001759,,1,TESS,269701147.0,,0.0065808298779718895,109.29612083094122,269701147.0,0.657
,28.580474,4.5139977,1081.396943,3.1455035,5555.7,0.920435,,,545.0001759,,1,TESS,269701147.0,,0.0065808298779718895,109.29612083094122,269701147.0,0.657
,28.580474,4.5139977,1081.396943,3.1455035,5555.7,0.920435,,,545.0001759,,1,TESS,269701147.0,,0.0065808298779718895,109.29612083094122,269701147.0,0.272
,28.580474,4.5139977,1081.396943,3.1455035,5555.7,0.920435,,,545.0001759,,1,TESS,269701147.0,,0.0065808298779718895,109.29612083094122,269701147.0,0.272
,28.580474,4.5139977,1081.396943,3.1455035,5555.7,0.920435,,,545.0001759,,1,TESS,269701147.0,,0.0065808298779718895,109.29612083094122,269701147.0,0.272
,28.580474,4.5139977,1081.396943,3.1455035,5555.7,0.920435,,,545.0001759,,1,TESS,269701147.0,,0.0065808298779718895,109.29612083094122,269701147.0,0.984
,28.580474,4.5139977,1081.396943,3.1455035,5555.7,0.920435,,,545.0001759,,1,TESS,269701147.0,,0.0065808298779718895,109.29612083094122,269701147.0,0.984
,28.580474,4.5139977,1081.396943,3.1455035,5555.7,0.920435,,,545.0001759,,1,TESS,269701147.0,,0.0065808298779718895,109.29612083094122,269701147.0,0.984
,28.580474,4.5139977,1081.396943,3.1455035,5555.7,0.920435,,,545.0001759,,1,TESS,269701147.0,,0.0065808298779718895,109.29612083094122,269701147.0,0.96
,28.580474,4.5139977,1081.396943,3.1455035,5555.7,0.920435,,,545.0001759,,1,TESS,269701147.0,,0.0065808298779718895,109.29612083094122,269701147.0,0.96
,28.580474,4.5139977,1081.396943,3.1455035,5555.7,0.920435,,,545.0001759,,1,TESS,269701147.0,,0.0065808298779718895,109.29612083094122,269701147.0,0.96
,28.580474,4.5139977,1081.396943,3.1455035,5555.7,0.920435,,,545.0001759,,1,TESS,269701147.0,,0.0065808298779718895,109.29612083094122,269701147.0,0.892
,28.580474,4.5139977,1081.396943,3.1455035,5555.7,0.920435,,,545.0001759,,1,TESS,269701147.0,,0.0065808298779718895,109.29612083094122,269701147.0,0.892
,28.580474,4.5139977,1081.396943,3.1455035,5555.7,0.920435,,,545.0001759,,1,TESS,269701147.0,,0.0065808298779718895,109.29612083094122,269701147.0,0.892
,28.580474,4.5139977,1081.396943,3.1455035,5555.7,0.920435,,,545.0001759,,1,TESS,269701147.0,,0.0065808298779718895,109.29612083094122,269701147.0,0.811
,28.580474,4.5139977,1081.396943,3.1455035,5555.7,0.920435,,,545.0001759,,1,TESS,269701147.0,,0.0065808298779718895,109.29612083094122,269701147.0,0.811
,28.580474,4.5139977,1081.396943,3.1455035,5555.7,0.920435,,,545.0001759,,1,TESS,269701147.0,,0.0065808298779718895,109.29612083094122,269701147.0,0.811
,28.580474,4.5139977,1081.396943,3.1455035,5555.7,0.920435,,,545.0001759,,1,TESS,269701147.0,,0.0065808298779718895,109.29612083094122,269701147.0,0.657
,28.580474,4.5139977,1081.396943,3.1455035,5555.7,0.920435,,,545.0001759,,1,TESS,269701147.0,,0.0065808298779718895,109.29612083094122,269701147.0,0.657
,28.580474,4.5139977,1081.396943,3.1455035,5555.7,0.920435,,,545.0001759,,1,TESS,269701147.0,,0.0065808298779718895,109.29612083094122,269701147.0,0.657
,28.580474,4.5139977,1081.396943,3.1455035,5555.7,0.920435,,,545.0001759,,1,TESS,269701147.0,,0.0065808298779718895,109.29612083094122,269701147.0,0.272
,28.580474,4.5139977,1081.396943,3.1455035,5555.7,0.920435,,,545.0001759,,1,TESS,269701147.0,,0.0065808298779718895,109.29612083094122,269701147.0,0.272
,28.580474,4.5139977,1081.396943,3.1455035,5555.7,0.920435,,,545.0001759,,1,TESS,269701147.0,,0.0065808298779718895,109.29612083094122,269701147.0,0.272
,38.3511223,5.9120193,1029.0917261,3.2843583,5555.7,0.920435,,,494.1094771,,1,TESS,269701147.0,,0.006423127211387232,95.40101324263584,269701147.0,0.984
,38.3511223,5.9120193,1029.0917261,3.2843583,5555.7,0.920435,,,494.1094771,,1,TESS,269701147.0,,0.006423127211387232,95.40101324263584,269701147.0,0.984
,38.3511223,5.9120193,1029.0917261,3.2843583,5555.7,0.920435,,,494.1094771,,1,TESS,269701147.0,,0.006423127211387232,95.40101324263584,269701147.0,0.984
,38.3511223,5.9120193,1029.0917261,3.2843583,5555.7,0.920435,,,494.1094771,,1,TESS,269701147.0,,0.006423127211387232,95.40101324263584,269701147.0,0.96
,38.3511223,5.9120193,1029.0917261,3.2843583,5555.7,0.920435,,,494.1094771,,1,TESS,269701147.0,,0.006423127211387232,95.40101324263584,269701147.0,0.96
,38.3511223,5.9120193,1029.0917261,3.2843583,5555.7,0.920435,,,494.1094771,,1,TESS,269701147.0,,0.006423127211387232,95.40101324263584,269701147.0,0.96
,38.3511223,5.9120193,1029.0917261,3.2843583,5555.7,0.920435,,,494.1094771,,1,TESS,269701147.0,,0.006423127211387232,95.40101324263584,269701147.0,0.892
,38.3511223,5.9120193,1029.0917261,3.2843583,5555.7,0.920435,,,494.1094771,,1,TESS,269701147.0,,0.006423127211387232,95.40101324263584,269701147.0,0.892
,38.3511223,5.9120193,1029.0917261,3.2843583,5555.7,0.920435,,,494.1094771,,1,TESS,269701147.0,,0.006423127211387232,95.40101324263584,269701147.0,0.892
,38.3511223,5.9120193,1029.0917261,3.2843583,5555.7,0.920435,,,494.1094771,,1,TESS,269701147.0,,0.006423127211387232,95.40101324263584,269701147.0,0.811
,38.3511223,5.9120193,1029.0917261,3.2843583,5555.7,0.920435,,,494.1094771,,1,TESS,269701147.0,,0.006423127211387232,95.40101324263584,269701147.0,0.811
,38.3511223,5.9120193,1029.0917261,3.2843583,5555.7,0.920435,,,494.1094771,,1,TESS,269701147.0,,0.006423127211387232,95.40101324263584,269701147.0,0.811
,38.3511223,5.9120193,1029.0917261,3.2843583,5555.7,0.920435,,,494.1094771,,1,TESS,269701147.0,,0.006423127211387232,95.40101324263584,269701147.0,0.657
,38.3511223,5.9120193,1029.0917261,3.2843583,5555.7,0.920435,,,494.1094771,,1,TESS,269701147.0,,0.006423127211387232,95.40101324263584,269701147.0,0.657
,38.3511223,5.9120193,1029.0917261,3.2843583,5555.7,0.920435,,,494.1094771,,1,TESS,269701147.0,,0.006423127211387232,95.40101324263584,269701147.0,0.657
,38.3511223,5.9120193,1029.0917261,3.2843583,5555.7,0.920435,,,494.1094771,,1,TESS,269701147.0,,0.006423127211387232,95.40101324263584,269701147.0,0.272
,38.3511223,5.9120193,1029.0917261,3.2843583,5555.7,0.920435,,,494.1094771,,1,TESS,269701147.0,,0.006423127211387232,95.40101324263584,269701147.0,0.272
,38.3511223,5.9120193,1029.0917261,3.2843583,5555.7,0.920435,,,494.1094771,,1,TESS,269701147.0,,0.006423127211387232,95.40101324263584,269701147.0,0.272
,38.3511223,5.9120193,1029.0917261,3.2843583,5555.7,0.920435,,,494.1094771,,1,TESS,269701147.0,,0.006423127211387232,95.40101324263584,269701147.0,0.984
,38.3511223,5.9120193,1029.0917261,3.2843583,5555.7,0.920435,,,494.1094771,,1,TESS,269701147.0,,0.006423127211387232,95.40101324263584,269701147.0,0.984
,38.3511223,5.9120193,1029.0917261,3.2843583,5555.7,0.920435,,,494.1094771,,1,TESS,269701147.0,,0.006423127211387232,95.40101324263584,269701147.0,0.984
,38.3511223,5.9120193,1029.0917261,3.2843583,5555.7,0.920435,,,494.1094771,,1,TESS,269701147.0,,0.006423127211387232,95.40101324263584,269701147.0,0.96
,38.3511223,5.9120193,1029.0917261,3.2843583,5555.7,0.920435,,,494.1094771,,1,TESS,269701147.0,,0.006423127211387232,95.40101324263584,269701147.0,0.96
,38.3511223,5.9120193,1029.0917261,3.2843583,5555.7,0.920435,,,494.1094771,,1,TESS,269701147.0,,0.006423127211387232,95.40101324263584,269701147.0,0.96
,38.3511223,5.9120193,1029.0917261,3.2843583,5555.7,0.920435,,,494.1094771,,1,TESS,269701147.0,,0.006423127211387232,95.40101324263584,269701147.0,0.892
,38.3511223,5.9120193,1029.0917261,3.2843583,5555.7,0.920435,,,494.1094771,,1,TESS,269701147.0,,0.006423127211387232,95.40101324263584,269701147.0,0.892
,38.3511223,5.9120193,1029.0917261,3.2843583,5555.7,0.920435,,,494.1094771,,1,TESS,269701147.0,,0.006423127211387232,95.40101324263584,269701147.0,0.892
,38.3511223,5.9120193,1029.0917261,3.2843583,5555.7,0.920435,,,494.1094771,,1,TESS,269701147.0,,0.006423127211387232,95.40101324263584,269701147.0,0.811
,38.3511223,5.9120193,1029.0917261,3.2843583,5555.7,0.920435,,,494.1094771,,1,TESS,269701147.0,,0.006423127211387232,95.40101324263584,269701147.0,0.811
,38.3511223,5.9120193,1029.0917261,3.2843583,5555.7,0.920435,,,494.1094771,,1,TESS,269701147.0,,0.006423127211387232,95.40101324263584,269701147.0,0.811
,38.3511223,5.9120193,1029.0917261,3.2843583,5555.7,0.920435,,,494.1094771,,1,TESS,269701147.0,,0.006423127211387232,95.40101324263584,269701147.0,0.657
,38.3511223,5.9120193,1029.0917261,3.2843583,5555.7,0.920435,,,494.1094771,,1,TESS,269701147.0,,0.006423127211387232,95.40101324263584,269701147.0,0.657
,38.3511223,5.9120193,1029.0917261,3.2843583,5555.7,0.920435,,,494.1094771,,1,TESS,269701147.0,,0.006423127211387232,95.40101324263584,269701147.0,0.657
,38.3511223,5.9120193,1029.0917261,3.2843583,5555.7,0.920435,,,494.1094771,,1,TESS,269701147.0,,0.006423127211387232,95.40101324263584,269701147.0,0.272
,38.3511223,5.9120193,1029.0917261,3.2843583,5555.7,0.920435,,,494.1094771,,1,TESS,269701147.0,,0.006423127211387232,95.40101324263584,269701147.0,0.272
,38.3511223,5.9120193,1029.0917261,3.2843583,5555.7,0.920435,,,494.1094771,,1,TESS,269701147.0,,0.006423127211387232,95.40101324263584,269701147.0,0.272
,38.3511223,5.9120193,1029.0917261,3.2843583,5555.7,0.920435,,,494.1094771,,1,TESS,269701147.0,,0.006423127211387232,95.40101324263584,269701147.0,0.984
,38.3511223,5.9120193,1029.0917261,3.2843583,5555.7,0.920435,,,494.1094771,,1,TESS,269701147.0,,0.006423127211387232,95.40101324263584,269701147.0,0.984
,38.3511223,5.9120193,1029.0917261,3.2843583,5555.7,0.920435,,,494.1094771,,1,TESS,269701147.0,,0.006423127211387232,95.40101324263584,269701147.0,0.984
,38.3511223,5.9120193,1029.0917261,3.2843583,5555.7,0.920435,,,494.1094771,,1,TESS,269701147.0,,0.006423127211387232,95.40101324263584,269701147.0,0.96
,38.3511223,5.9120193,1029.0917261,3.2843583,5555.7,0.920435,,,494.1094771,,1,TESS,269701147.0,,0.006423127211387232,95.40101324263584,269701147.0,0.96
,38.3511223,5.9120193,1029.0917261,3.2843583,5555.7,0.920435,,,494.1094771,,1,TESS,269701147.0,,0.006423127211387232,95.40101324263584,269701147.0,0.96
,38.3511223,5.9120193,1029.0917261,3.2843583,5555.7,0.920435,,,494.1094771,,1,TESS,269701147.0,,0.006423127211387232,95.40101324263584,269701147.0,0.892
,38.3511223,5.9120193,1029.0917261,3.2843583,5555.7,0.920435,,,494.1094771,,1,TESS,269701147.0,,0.006423127211387232,95.40101324263584,269701147.0,0.892
,38.3511223,5.9120193,1029.0917261,3.2843583,5555.7,0.920435,,,494.1094771,,1,TESS,269701147.0,,0.006423127211387232,95.40101324263584,269701147.0,0.892
,38.3511223,5.9120193,1029.0917261,3.2843583,5555.7,0.920435,,,494.1094771,,1,TESS,269701147.0,,0.006423127211387232,95.40101324263584,269701147.0,0.811
,38.3511223,5.9120193,1029.0917261,3.2843583,5555.7,0.920435,,,494.1094771,,1,TESS,269701147.0,,0.006423127211387232,95.40101324263584,269701147.0,0.811
,38.3511223,5.9120193,1029.0917261,3.2843583,5555.7,0.920435,,,494.1094771,,1,TESS,269701147.0,,0.006423127211387232,95.40101324263584,269701147.0,0.811
,38.3511223,5.9120193,1029.0917261,3.2843583,5555.7,0.920435,,,494.1094771,,1,TESS,269701147.0,,0.006423127211387232,95.40101324263584,269701147.0,0.657
,38.3511223,5.9120193,1029.0917261,3.2843583,5555.7,0.920435,,,494.1094771,,1,TESS,269701147.0,,0.006423127211387232,95.40101324263584,269701147.0,0.657
,38.3511223,5.9120193,1029.0917261,3.2843583,5555.7,0.920435,,,494.1094771,,1,TESS,269701147.0,,0.006423127211387232,95.40101324263584,269701147.0,0.657
,38.3511223,5.9120193,1029.0917261,3.2843583,5555.7,0.920435,,,494.1094771,,1,TESS,269701147.0,,0.006423127211387232,95.40101324263584,269701147.0,0.272
,38.3511223,5.9120193,1029.0917261,3.2843583,5555.7,0.920435,,,494.1094771,,1,TESS,269701147.0,,0.006423127211387232,95.40101324263584,269701147.0,0.272
,38.3511223,5.9120193,1029.0917261,3.2843583,5555.7,0.920435,,,494.1094771,,1,TESS,269701147.0,,0.006423127211387232,95.40101324263584,269701147.0,0.272
,12.64001,6.893,9458.38,,5195.1,,,,1434.0,,0,TESS,387834907.0,,0.022722160218747983,,387834907.0,0.736
,12.64001,6.893,9458.38,,5195.1,,,,1434.0,,0,TESS,387834907.0,,0.022722160218747983,,387834907.0,0.725
,12.64001,6.893,9458.38,,5195.1,,,,1434.0,,0,TESS,387834907.0,,0.022722160218747983,,387834907.0,0.653
,12.64001,6.893,9458.38,,5195.1,,,,1434.0,,0,TESS,387834907.0,,0.022722160218747983,,387834907.0,0.638
,12.64001,6.893,9458.38,,5195.1,,,,1434.0,,0,TESS,387834907.0,,0.022722160218747983,,387834907.0,0.282
,12.64001,6.893,9458.38,,5195.1,,,,1434.0,,0,TESS,387834907.0,,0.022722160218747983,,387834907.0,0.194
,10.5739824,4.04,5460.0,9.43898,6519.0,1.27,,,1007.0,,1,TESS,231736113.0,,0.015919577534951976,61.28335119691562,231736113.0,0.939
,4.4247042,1.318,2447.0,8.3621,6594.0,1.49,,,1293.0,,1,TESS,364186197.0,,0.012411375691402382,34.99477853663878,364186197.0,0.434
,4.4247042,1.318,2447.0,8.3621,6594.0,1.49,,,1293.0,,1,TESS,364186197.0,,0.012411375691402382,34.99477853663878,364186197.0,0.434
,4.4247042,1.318,2447.0,8.3621,6594.0,1.49,,,1293.0,,1,TESS,364186197.0,,0.012411375691402382,34.99477853663878,364186197.0,0.434
,4.4247042,1.318,2447.0,8.3621,6594.0,1.49,,,1293.0,,1,TESS,364186197.0,,0.012411375691402382,34.99477853663878,364186197.0,0.434
,2.2222094,2.461,87.0,1.39527,6594.0,1.49,,,1864.0,,1,TESS,364186197.0,,0.04614401538576849,44.689193450001135,364186197.0,0.434
,2.2222094,2.461,87.0,1.39527,6594.0,1.49,,,1864.0,,1,TESS,364186197.0,,0.04614401538576849,44.689193450001135,364186197.0,0.434
,2.2222094,2.461,87.0,1.39527,6594.0,1.49,,,1864.0,,1,TESS,364186197.0,,0.04614401538576849,44.689193450001135,364186197.0,0.434
,2.2222094,2.461,87.0,1.39527,6594.0,1.49,,,1864.0,,1,TESS,364186197.0,,0.04614401538576849,44.689193450001135,364186197.0,0.434
,1.2168732,0.86,1240.0,3.43106,4634.6,0.78,,,980.0,,1,TESS,199444169.0,,0.029447055047619346,105.33313805199272,199444169.0,0.998
,1.2168732,0.86,1240.0,3.43106,4634.6,0.78,,,980.0,,1,TESS,199444169.0,,0.029447055047619346,105.33313805199272,199444169.0,0.995
,1.2168732,0.86,1240.0,3.43106,4634.6,0.78,,,980.0,,1,TESS,199444169.0,,0.029447055047619346,105.33313805199272,199444169.0,0.988
,0.4628844,0.5588219,4489.9119215,1.3543237,3043.0,0.188624,,,723.3961549,,1,TESS,410153553.0,,0.050302502606257044,2447.894112673034,410153553.0,0.988
,0.4628844,0.5588219,4489.9119215,1.3543237,3043.0,0.188624,,,723.3961549,,1,TESS,410153553.0,,0.050302502606257044,2447.894112673034,410153553.0,0.987
,0.4628844,0.5588219,4489.9119215,1.3543237,3043.0,0.188624,,,723.3961549,,1,TESS,410153553.0,,0.050302502606257044,2447.894112673034,410153553.0,0.983
,9.6926509,2.819,1393.0,13.5133,6012.0,3.51,,,1045.0,,0,TESS,230017325.0,,0.012118287766704223,7.628309010887794,230017325.0,0.221
,9.6926509,2.819,1393.0,13.5133,6012.0,3.51,,,1045.0,,0,TESS,230017325.0,,0.012118287766704223,7.628309010887794,230017325.0,0.14
,7.6047417,5.23,1200.0,6.14418,9139.0,1.8,,,1948.0,,0,TESS,155005217.0,,0.02865536714714361,31.787280474884405,155005217.0,0.127
,7.6047417,5.23,1200.0,6.14418,9139.0,1.8,,,1948.0,,0,TESS,155005217.0,,0.02865536714714361,31.787280474884405,155005217.0,0.115
,7.3845072,4.531,25160.0,23.6091,6149.2,1.43,,,,,0,TESS,259126549.0,,0.02556591259081179,45.138983267754675,259126549.0,0.169
,7.3845072,4.531,25160.0,23.6091,6149.2,1.43,,,,,0,TESS,259126549.0,,0.02556591259081179,45.138983267754675,259126549.0,0.122
,7.3845072,4.531,25160.0,23.6091,6149.2,1.43,,,,,0,TESS,259126549.0,,0.02556591259081179,45.138983267754675,259126549.0,0.12
,8.0970819,3.127852,4723.0724376,2.6354043,3391.0,0.381586,,,388.1291894,,1,TESS,343628284.0,,0.01609557215865852,680.0330864164413,343628284.0,0.98
,8.0970819,3.127852,4723.0724376,2.6354043,3391.0,0.381586,,,388.1291894,,1,TESS,343628284.0,,0.01609557215865852,680.0330864164413,343628284.0,0.836
,8.0970819,3.127852,4723.0724376,2.6354043,3391.0,0.381586,,,388.1291894,,1,TESS,343628284.0,,0.01609557215865852,680.0330864164413,343628284.0,0.792
,2.0439268,1.008937,465.1929875,1.0924808,3407.0,0.473603,,,660.3898166,,1,TESS,377293776.0,,0.020567781982053248,389.7670923329182,377293776.0,0.997
,2.0439268,1.008937,465.1929875,1.0924808,3407.0,0.473603,,,660.3898166,,1,TESS,377293776.0,,0.020567781982053248,389.7670923329182,377293776.0,0.997
,2.0439268,1.008937,465.1929875,1.0924808,3407.0,0.473603,,,660.3898166,,1,TESS,377293776.0,,0.020567781982053248,389.7670923329182,377293776.0,0.995
,2.0439268,1.008937,465.1929875,1.0924808,3407.0,0.473603,,,660.3898166,,1,TESS,377293776.0,,0.020567781982053248,389.7670923329182,377293776.0,0.995
,2.0439268,1.008937,465.1929875,1.0924808,3407.0,0.473603,,,660.3898166,,1,TESS,377293776.0,,0.020567781982053248,389.7670923329182,377293776.0,0.993
,2.0439268,1.008937,465.1929875,1.0924808,3407.0,0.473603,,,660.3898166,,1,TESS,377293776.0,,0.020567781982053248,389.7670923329182,377293776.0,0.993
,2.0439268,1.008937,465.1929875,1.0924808,3407.0,0.473603,,,660.3898166,,1,TESS,377293776.0,,0.020567781982053248,389.7670923329182,377293776.0,0.972
,2.0439268,1.008937,465.1929875,1.0924808,3407.0,0.473603,,,660.3898166,,1,TESS,377293776.0,,0.020567781982053248,389.7670923329182,377293776.0,0.797
,16.5379864,2.796,608.0,2.51948,5781.0,1.03,,,751.0,,1,TESS,417931607.0,,0.007044388409128442,95.78151022001038,417931607.0,0.993
,16.5379864,2.796,608.0,2.51948,5781.0,1.03,,,751.0,,1,TESS,417931607.0,,0.007044388409128442,95.78151022001038,417931607.0,0.992
,16.5379864,2.796,608.0,2.51948,5781.0,1.03,,,751.0,,1,TESS,417931607.0,,0.007044388409128442,95.78151022001038,417931607.0,0.989
,16.5379864,2.796,608.0,2.51948,5781.0,1.03,,,751.0,,1,TESS,417931607.0,,0.007044388409128442,95.78151022001038,417931607.0,0.913
,16.5379864,2.796,608.0,2.51948,5781.0,1.03,,,751.0,,1,TESS,417931607.0,,0.007044388409128442,95.78151022001038,417931607.0,0.867
,16.5379864,2.796,608.0,2.51948,5781.0,1.03,,,751.0,,1,TESS,417931607.0,,0.007044388409128442,95.78151022001038,417931607.0,0.804
,16.5379864,2.796,608.0,2.51948,5781.0,1.03,,,751.0,,1,TESS,417931607.0,,0.007044388409128442,95.78151022001038,417931607.0,0.452
,6.5886877,1.678,852.0,2.12746,4920.0,0.71,,,646.0,,1,TESS,198390247.0,,0.010611622436515807,188.2420709736046,198390247.0,0.998
,6.5886877,1.678,852.0,2.12746,4920.0,0.71,,,646.0,,1,TESS,198390247.0,,0.010611622436515807,188.2420709736046,198390247.0,0.998
,6.5886877,1.678,852.0,2.12746,4920.0,0.71,,,646.0,,1,TESS,198390247.0,,0.010611622436515807,188.2420709736046,198390247.0,0.997
,6.5886877,1.678,852.0,2.12746,4920.0,0.71,,,646.0,,1,TESS,198390247.0,,0.010611622436515807,188.2420709736046,198390247.0,0.997
,6.5886877,1.678,852.0,2.12746,4920.0,0.71,,,646.0,,1,TESS,198390247.0,,0.010611622436515807,188.2420709736046,198390247.0,0.996
,6.5886877,1.678,852.0,2.12746,4920.0,0.71,,,646.0,,1,TESS,198390247.0,,0.010611622436515807,188.2420709736046,198390247.0,0.996
,6.5886877,1.678,852.0,2.12746,4920.0,0.71,,,646.0,,1,TESS,198390247.0,,0.010611622436515807,188.2420709736046,198390247.0,0.996
,6.5886877,1.678,852.0,2.12746,4920.0,0.71,,,646.0,,1,TESS,198390247.0,,0.010611622436515807,188.2420709736046,198390247.0,0.996
,6.5886877,1.678,852.0,2.12746,4920.0,0.71,,,646.0,,1,TESS,198390247.0,,0.010611622436515807,188.2420709736046,198390247.0,0.995
,6.5886877,1.678,852.0,2.12746,4920.0,0.71,,,646.0,,1,TESS,198390247.0,,0.010611622436515807,188.2420709736046,198390247.0,0.995
,6.5886877,1.678,852.0,2.12746,4920.0,0.71,,,646.0,,1,TESS,198390247.0,,0.010611622436515807,188.2420709736046,198390247.0,0.995
,6.5886877,1.678,852.0,2.12746,4920.0,0.71,,,646.0,,1,TESS,198390247.0,,0.010611622436515807,188.2420709736046,198390247.0,0.995
,6.5886877,1.678,852.0,2.12746,4920.0,0.71,,,646.0,,1,TESS,198390247.0,,0.010611622436515807,188.2420709736046,198390247.0,0.995
,6.5886877,1.678,852.0,2.12746,4920.0,0.71,,,646.0,,1,TESS,198390247.0,,0.010611622436515807,188.2420709736046,198390247.0,0.995
,6.5886877,1.678,852.0,2.12746,4920.0,0.71,,,646.0,,1,TESS,198390247.0,,0.010611622436515807,188.2420709736046,198390247.0,0.994
,6.5886877,1.678,852.0,2.12746,4920.0,0.71,,,646.0,,1,TESS,198390247.0,,0.010611622436515807,188.2420709736046,198390247.0,0.994
,6.5886877,1.678,852.0,2.12746,4920.0,0.71,,,646.0,,1,TESS,198390247.0,,0.010611622436515807,188.2420709736046,198390247.0,0.994
,6.5886877,1.678,852.0,2.12746,4920.0,0.71,,,646.0,,1,TESS,198390247.0,,0.010611622436515807,188.2420709736046,198390247.0,0.994
,6.5886877,1.678,852.0,2.12746,4920.0,0.71,,,646.0,,1,TESS,198390247.0,,0.010611622436515807,188.2420709736046,198390247.0,0.991
,6.5886877,1.678,852.0,2.12746,4920.0,0.71,,,646.0,,1,TESS,198390247.0,,0.010611622436515807,188.2420709736046,198390247.0,0.991
,6.5886877,1.678,852.0,2.12746,4920.0,0.71,,,646.0,,1,TESS,198390247.0,,0.010611622436515807,188.2420709736046,198390247.0,0.981
,6.5886877,1.678,852.0,2.12746,4920.0,0.71,,,646.0,,1,TESS,198390247.0,,0.010611622436515807,188.2420709736046,198390247.0,0.981
,6.5886877,1.678,852.0,2.12746,4920.0,0.71,,,646.0,,1,TESS,198390247.0,,0.010611622436515807,188.2420709736046,198390247.0,0.981
,6.5886877,1.678,852.0,2.12746,4920.0,0.71,,,646.0,,1,TESS,198390247.0,,0.010611622436515807,188.2420709736046,198390247.0,0.981
,6.5886877,1.678,852.0,2.12746,4920.0,0.71,,,646.0,,1,TESS,198390247.0,,0.010611622436515807,188.2420709736046,198390247.0,0.978
,6.5886877,1.678,852.0,2.12746,4920.0,0.71,,,646.0,,1,TESS,198390247.0,,0.010611622436515807,188.2420709736046,198390247.0,0.978
,6.5886877,1.678,852.0,2.12746,4920.0,0.71,,,646.0,,1,TESS,198390247.0,,0.010611622436515807,188.2420709736046,198390247.0,0.976
,6.5886877,1.678,852.0,2.12746,4920.0,0.71,,,646.0,,1,TESS,198390247.0,,0.010611622436515807,188.2420709736046,198390247.0,0.976
,6.5886877,1.678,852.0,2.12746,4920.0,0.71,,,646.0,,1,TESS,198390247.0,,0.010611622436515807,188.2420709736046,198390247.0,0.968
,6.5886877,1.678,852.0,2.12746,4920.0,0.71,,,646.0,,1,TESS,198390247.0,,0.010611622436515807,188.2420709736046,198390247.0,0.968
,6.5886877,1.678,852.0,2.12746,4920.0,0.71,,,646.0,,1,TESS,198390247.0,,0.010611622436515807,188.2420709736046,198390247.0,0.961
,6.5886877,1.678,852.0,2.12746,4920.0,0.71,,,646.0,,1,TESS,198390247.0,,0.010611622436515807,188.2420709736046,198390247.0,0.961
,6.5886877,1.678,852.0,2.12746,4920.0,0.71,,,646.0,,1,TESS,198390247.0,,0.010611622436515807,188.2420709736046,198390247.0,0.961
,6.5886877,1.678,852.0,2.12746,4920.0,0.71,,,646.0,,1,TESS,198390247.0,,0.010611622436515807,188.2420709736046,198390247.0,0.961
,6.5886877,1.678,852.0,2.12746,4920.0,0.71,,,646.0,,1,TESS,198390247.0,,0.010611622436515807,188.2420709736046,198390247.0,0.949
,6.5886877,1.678,852.0,2.12746,4920.0,0.71,,,646.0,,1,TESS,198390247.0,,0.010611622436515807,188.2420709736046,198390247.0,0.949
,6.5886877,1.678,852.0,2.12746,4920.0,0.71,,,646.0,,1,TESS,198390247.0,,0.010611622436515807,188.2420709736046,198390247.0,0.946
,6.5886877,1.678,852.0,2.12746,4920.0,0.71,,,646.0,,1,TESS,198390247.0,,0.010611622436515807,188.2420709736046,198390247.0,0.946
,6.5886877,1.678,852.0,2.12746,4920.0,0.71,,,646.0,,1,TESS,198390247.0,,0.010611622436515807,188.2420709736046,198390247.0,0.939
,6.5886877,1.678,852.0,2.12746,4920.0,0.71,,,646.0,,1,TESS,198390247.0,,0.010611622436515807,188.2420709736046,198390247.0,0.939
,6.5886877,1.678,852.0,2.12746,4920.0,0.71,,,646.0,,1,TESS,198390247.0,,0.010611622436515807,188.2420709736046,198390247.0,0.894
,6.5886877,1.678,852.0,2.12746,4920.0,0.71,,,646.0,,1,TESS,198390247.0,,0.010611622436515807,188.2420709736046,198390247.0,0.894
,6.5886877,1.678,852.0,2.12746,4920.0,0.71,,,646.0,,1,TESS,198390247.0,,0.010611622436515807,188.2420709736046,198390247.0,0.824
,6.5886877,1.678,852.0,2.12746,4920.0,0.71,,,646.0,,1,TESS,198390247.0,,0.010611622436515807,188.2420709736046,198390247.0,0.824
,6.5886877,1.678,852.0,2.12746,4920.0,0.71,,,646.0,,1,TESS,198390247.0,,0.010611622436515807,188.2420709736046,198390247.0,0.789
,6.5886877,1.678,852.0,2.12746,4920.0,0.71,,,646.0,,1,TESS,198390247.0,,0.010611622436515807,188.2420709736046,198390247.0,0.789
,6.5886877,1.678,852.0,2.12746,4920.0,0.71,,,646.0,,1,TESS,198390247.0,,0.010611622436515807,188.2420709736046,198390247.0,0.637
,6.5886877,1.678,852.0,2.12746,4920.0,0.71,,,646.0,,1,TESS,198390247.0,,0.010611622436515807,188.2420709736046,198390247.0,0.637
,6.5886877,1.678,852.0,2.12746,4920.0,0.71,,,646.0,,1,TESS,198390247.0,,0.010611622436515807,188.2420709736046,198390247.0,0.998
,6.5886877,1.678,852.0,2.12746,4920.0,0.71,,,646.0,,1,TESS,198390247.0,,0.010611622436515807,188.2420709736046,198390247.0,0.998
,6.5886877,1.678,852.0,2.12746,4920.0,0.71,,,646.0,,1,TESS,198390247.0,,0.010611622436515807,188.2420709736046,198390247.0,0.997
,6.5886877,1.678,852.0,2.12746,4920.0,0.71,,,646.0,,1,TESS,198390247.0,,0.010611622436515807,188.2420709736046,198390247.0,0.997
,6.5886877,1.678,852.0,2.12746,4920.0,0.71,,,646.0,,1,TESS,198390247.0,,0.010611622436515807,188.2420709736046,198390247.0,0.996
,6.5886877,1.678,852.0,2.12746,4920.0,0.71,,,646.0,,1,TESS,198390247.0,,0.010611622436515807,188.2420709736046,198390247.0,0.996
,6.5886877,1.678,852.0,2.12746,4920.0,0.71,,,646.0,,1,TESS,198390247.0,,0.010611622436515807,188.2420709736046,198390247.0,0.996
,6.5886877,1.678,852.0,2.12746,4920.0,0.71,,,646.0,,1,TESS,198390247.0,,0.010611622436515807,188.2420709736046,198390247.0,0.996
,6.5886877,1.678,852.0,2.12746,4920.0,0.71,,,646.0,,1,TESS,198390247.0,,0.010611622436515807,188.2420709736046,198390247.0,0.995
,6.5886877,1.678,852.0,2.12746,4920.0,0.71,,,646.0,,1,TESS,198390247.0,,0.010611622436515807,188.2420709736046,198390247.0,0.995
,6.5886877,1.678,852.0,2.12746,4920.0,0.71,,,646.0,,1,TESS,198390247.0,,0.010611622436515807,188.2420709736046,198390247.0,0.995
,6.5886877,1.678,852.0,2.12746,4920.0,0.71,,,646.0,,1,TESS,198390247.0,,0.010611622436515807,188.2420709736046,198390247.0,0.995
,6.5886877,1.678,852.0,2.12746,4920.0,0.71,,,646.0,,1,TESS,198390247.0,,0.010611622436515807,188.2420709736046,198390247.0,0.995
,6.5886877,1.678,852.0,2.12746,4920.0,0.71,,,646.0,,1,TESS,198390247.0,,0.010611622436515807,188.2420709736046,198390247.0,0.995
,6.5886877,1.678,852.0,2.12746,4920.0,0.71,,,646.0,,1,TESS,198390247.0,,0.010611622436515807,188.2420709736046,198390247.0,0.994
,6.5886877,1.678,852.0,2.12746,4920.0,0.71,,,646.0,,1,TESS,198390247.0,,0.010611622436515807,188.2420709736046,198390247.0,0.994
,6.5886877,1.678,852.0,2.12746,4920.0,0.71,,,646.0,,1,TESS,198390247.0,,0.010611622436515807,188.2420709736046,198390247.0,0.994
,6.5886877,1.678,852.0,2.12746,4920.0,0.71,,,646.0,,1,TESS,198390247.0,,0.010611622436515807,188.2420709736046,198390247.0,0.994
,6.5886877,1.678,852.0,2.12746,4920.0,0.71,,,646.0,,1,TESS,198390247.0,,0.010611622436515807,188.2420709736046,198390247.0,0.991
,6.5886877,1.678,852.0,2.12746,4920.0,0.71,,,646.0,,1,TESS,198390247.0,,0.010611622436515807,188.2420709736046,198390247.0,0.991
,6.5886877,1.678,852.0,2.12746,4920.0,0.71,,,646.0,,1,TESS,198390247.0,,0.010611622436515807,188.2420709736046,198390247.0,0.981
,6.5886877,1.678,852.0,2.12746,4920.0,0.71,,,646.0,,1,TESS,198390247.0,,0.010611622436515807,188.2420709736046,198390247.0,0.981
,6.5886877,1.678,852.0,2.12746,4920.0,0.71,,,646.0,,1,TESS,198390247.0,,0.010611622436515807,188.2420709736046,198390247.0,0.981
,6.5886877,1.678,852.0,2.12746,4920.0,0.71,,,646.0,,1,TESS,198390247.0,,0.010611622436515807,188.2420709736046,198390247.0,0.981
,6.5886877,1.678,852.0,2.12746,4920.0,0.71,,,646.0,,1,TESS,198390247.0,,0.010611622436515807,188.2420709736046,198390247.0,0.978
,6.5886877,1.678,852.0,2.12746,4920.0,0.71,,,646.0,,1,TESS,198390247.0,,0.010611622436515807,188.2420709736046,198390247.0,0.978
,6.5886877,1.678,852.0,2.12746,4920.0,0.71,,,646.0,,1,TESS,198390247.0,,0.010611622436515807,188.2420709736046,198390247.0,0.976
,6.5886877,1.678,852.0,2.12746,4920.0,0.71,,,646.0,,1,TESS,198390247.0,,0.010611622436515807,188.2420709736046,198390247.0,0.976
,6.5886877,1.678,852.0,2.12746,4920.0,0.71,,,646.0,,1,TESS,198390247.0,,0.010611622436515807,188.2420709736046,198390247.0,0.968
,6.5886877,1.678,852.0,2.12746,4920.0,0.71,,,646.0,,1,TESS,198390247.0,,0.010611622436515807,188.2420709736046,198390247.0,0.968
,6.5886877,1.678,852.0,2.12746,4920.0,0.71,,,646.0,,1,TESS,198390247.0,,0.010611622436515807,188.2420709736046,198390247.0,0.961
,6.5886877,1.678,852.0,2.12746,4920.0,0.71,,,646.0,,1,TESS,198390247.0,,0.010611622436515807,188.2420709736046,198390247.0,0.961
,6.5886877,1.678,852.0,2.12746,4920.0,0.71,,,646.0,,1,TESS,198390247.0,,0.010611622436515807,188.2420709736046,198390247.0,0.961
,6.5886877,1.678,852.0,2.12746,4920.0,0.71,,,646.0,,1,TESS,198390247.0,,0.010611622436515807,188.2420709736046,198390247.0,0.961
,6.5886877,1.678,852.0,2.12746,4920.0,0.71,,,646.0,,1,TESS,198390247.0,,0.010611622436515807,188.2420709736046,198390247.0,0.949
,6.5886877,1.678,852.0,2.12746,4920.0,0.71,,,646.0,,1,TESS,198390247.0,,0.010611622436515807,188.2420709736046,198390247.0,0.949
,6.5886877,1.678,852.0,2.12746,4920.0,0.71,,,646.0,,1,TESS,198390247.0,,0.010611622436515807,188.2420709736046,198390247.0,0.946
,6.5886877,1.678,852.0,2.12746,4920.0,0.71,,,646.0,,1,TESS,198390247.0,,0.010611622436515807,188.2420709736046,198390247.0,0.946
,6.5886877,1.678,852.0,2.12746,4920.0,0.71,,,646.0,,1,TESS,198390247.0,,0.010611622436515807,188.2420709736046,198390247.0,0.939
,6.5886877,1.678,852.0,2.12746,4920.0,0.71,,,646.0,,1,TESS,198390247.0,,0.010611622436515807,188.2420709736046,198390247.0,0.939
,6.5886877,1.678,852.0,2.12746,4920.0,0.71,,,646.0,,1,TESS,198390247.0,,0.010611622436515807,188.2420709736046,198390247.0,0.894
,6.5886877,1.678,852.0,2.12746,4920.0,0.71,,,646.0,,1,TESS,198390247.0,,0.010611622436515807,188.2420709736046,198390247.0,0.894
,6.5886877,1.678,852.0,2.12746,4920.0,0.71,,,646.0,,1,TESS,198390247.0,,0.010611622436515807,188.2420709736046,198390247.0,0.824
,6.5886877,1.678,852.0,2.12746,4920.0,0.71,,,646.0,,1,TESS,198390247.0,,0.010611622436515807,188.2420709736046,198390247.0,0.824
,6.5886877,1.678,852.0,2.12746,4920.0,0.71,,,646.0,,1,TESS,198390247.0,,0.010611622436515807,188.2420709736046,198390247.0,0.789
,6.5886877,1.678,852.0,2.12746,4920.0,0.71,,,646.0,,1,TESS,198390247.0,,0.010611622436515807,188.2420709736046,198390247.0,0.789
,6.5886877,1.678,852.0,2.12746,4920.0,0.71,,,646.0,,1,TESS,198390247.0,,0.010611622436515807,188.2420709736046,198390247.0,0.637
,6.5886877,1.678,852.0,2.12746,4920.0,0.71,,,646.0,,1,TESS,198390247.0,,0.010611622436515807,188.2420709736046,198390247.0,0.637
,4.3135263,1.874,274.0,1.17405,4920.0,0.71,,,963.0,,1,TESS,198390247.0,,0.018101972063804154,198.78200281649794,198390247.0,0.998
,4.3135263,1.874,274.0,1.17405,4920.0,0.71,,,963.0,,1,TESS,198390247.0,,0.018101972063804154,198.78200281649794,198390247.0,0.998
,4.3135263,1.874,274.0,1.17405,4920.0,0.71,,,963.0,,1,TESS,198390247.0,,0.018101972063804154,198.78200281649794,198390247.0,0.997
,4.3135263,1.874,274.0,1.17405,4920.0,0.71,,,963.0,,1,TESS,198390247.0,,0.018101972063804154,198.78200281649794,198390247.0,0.997
,4.3135263,1.874,274.0,1.17405,4920.0,0.71,,,963.0,,1,TESS,198390247.0,,0.018101972063804154,198.78200281649794,198390247.0,0.996
,4.3135263,1.874,274.0,1.17405,4920.0,0.71,,,963.0,,1,TESS,198390247.0,,0.018101972063804154,198.78200281649794,198390247.0,0.996
,4.3135263,1.874,274.0,1.17405,4920.0,0.71,,,963.0,,1,TESS,198390247.0,,0.018101972063804154,198.78200281649794,198390247.0,0.996
,4.3135263,1.874,274.0,1.17405,4920.0,0.71,,,963.0,,1,TESS,198390247.0,,0.018101972063804154,198.78200281649794,198390247.0,0.996
,4.3135263,1.874,274.0,1.17405,4920.0,0.71,,,963.0,,1,TESS,198390247.0,,0.018101972063804154,198.78200281649794,198390247.0,0.995
,4.3135263,1.874,274.0,1.17405,4920.0,0.71,,,963.0,,1,TESS,198390247.0,,0.018101972063804154,198.78200281649794,198390247.0,0.995
,4.3135263,1.874,274.0,1.17405,4920.0,0.71,,,963.0,,1,TESS,198390247.0,,0.018101972063804154,198.78200281649794,198390247.0,0.995
,4.3135263,1.874,274.0,1.17405,4920.0,0.71,,,963.0,,1,TESS,198390247.0,,0.018101972063804154,198.78200281649794,198390247.0,0.995
,4.3135263,1.874,274.0,1.17405,4920.0,0.71,,,963.0,,1,TESS,198390247.0,,0.018101972063804154,198.78200281649794,198390247.0,0.995
,4.3135263,1.874,274.0,1.17405,4920.0,0.71,,,963.0,,1,TESS,198390247.0,,0.018101972063804154,198.78200281649794,198390247.0,0.995
,4.3135263,1.874,274.0,1.17405,4920.0,0.71,,,963.0,,1,TESS,198390247.0,,0.018101972063804154,198.78200281649794,198390247.0,0.994
,4.3135263,1.874,274.0,1.17405,4920.0,0.71,,,963.0,,1,TESS,198390247.0,,0.018101972063804154,198.78200281649794,198390247.0,0.994
,4.3135263,1.874,274.0,1.17405,4920.0,0.71,,,963.0,,1,TESS,198390247.0,,0.018101972063804154,198.78200281649794,198390247.0,0.994
,4.3135263,1.874,274.0,1.17405,4920.0,0.71,,,963.0,,1,TESS,198390247.0,,0.018101972063804154,198.78200281649794,198390247.0,0.994
,4.3135263,1.874,274.0,1.17405,4920.0,0.71,,,963.0,,1,TESS,198390247.0,,0.018101972063804154,198.78200281649794,198390247.0,0.991
,4.3135263,1.874,274.0,1.17405,4920.0,0.71,,,963.0,,1,TESS,198390247.0,,0.018101972063804154,198.78200281649794,198390247.0,0.991
,4.3135263,1.874,274.0,1.17405,4920.0,0.71,,,963.0,,1,TESS,198390247.0,,0.018101972063804154,198.78200281649794,198390247.0,0.981
,4.3135263,1.874,274.0,1.17405,4920.0,0.71,,,963.0,,1,TESS,198390247.0,,0.018101972063804154,198.78200281649794,198390247.0,0.981
,4.3135263,1.874,274.0,1.17405,4920.0,0.71,,,963.0,,1,TESS,198390247.0,,0.018101972063804154,198.78200281649794,198390247.0,0.981
,4.3135263,1.874,274.0,1.17405,4920.0,0.71,,,963.0,,1,TESS,198390247.0,,0.018101972063804154,198.78200281649794,198390247.0,0.981
,4.3135263,1.874,274.0,1.17405,4920.0,0.71,,,963.0,,1,TESS,198390247.0,,0.018101972063804154,198.78200281649794,198390247.0,0.978
,4.3135263,1.874,274.0,1.17405,4920.0,0.71,,,963.0,,1,TESS,198390247.0,,0.018101972063804154,198.78200281649794,198390247.0,0.978
,4.3135263,1.874,274.0,1.17405,4920.0,0.71,,,963.0,,1,TESS,198390247.0,,0.018101972063804154,198.78200281649794,198390247.0,0.976
,4.3135263,1.874,274.0,1.17405,4920.0,0.71,,,963.0,,1,TESS,198390247.0,,0.018101972063804154,198.78200281649794,198390247.0,0.976
,4.3135263,1.874,274.0,1.17405,4920.0,0.71,,,963.0,,1,TESS,198390247.0,,0.018101972063804154,198.78200281649794,198390247.0,0.968
,4.3135263,1.874,274.0,1.17405,4920.0,0.71,,,963.0,,1,TESS,198390247.0,,0.018101972063804154,198.78200281649794,198390247.0,0.968
,4.3135263,1.874,274.0,1.17405,4920.0,0.71,,,963.0,,1,TESS,198390247.0,,0.018101972063804154,198.78200281649794,198390247.0,0.961
,4.3135263,1.874,274.0,1.17405,4920.0,0.71,,,963.0,,1,TESS,198390247.0,,0.018101972063804154,198.78200281649794,198390247.0,0.961
,4.3135263,1.874,274.0,1.17405,4920.0,0.71,,,963.0,,1,TESS,198390247.0,,0.018101972063804154,198.78200281649794,198390247.0,0.961
,4.3135263,1.874,274.0,1.17405,4920.0,0.71,,,963.0,,1,TESS,198390247.0,,0.018101972063804154,198.78200281649794,198390247.0,0.961
,4.3135263,1.874,274.0,1.17405,4920.0,0.71,,,963.0,,1,TESS,198390247.0,,0.018101972063804154,198.78200281649794,198390247.0,0.949
,4.3135263,1.874,274.0,1.17405,4920.0,0.71,,,963.0,,1,TESS,198390247.0,,0.018101972063804154,198.78200281649794,198390247.0,0.949
,4.3135263,1.874,274.0,1.17405,4920.0,0.71,,,963.0,,1,TESS,198390247.0,,0.018101972063804154,198.78200281649794,198390247.0,0.946
,4.3135263,1.874,274.0,1.17405,4920.0,0.71,,,963.0,,1,TESS,198390247.0,,0.018101972063804154,198.78200281649794,198390247.0,0.946
,4.3135263,1.874,274.0,1.17405,4920.0,0.71,,,963.0,,1,TESS,198390247.0,,0.018101972063804154,198.78200281649794,198390247.0,0.939
,4.3135263,1.874,274.0,1.17405,4920.0,0.71,,,963.0,,1,TESS,198390247.0,,0.018101972063804154,198.78200281649794,198390247.0,0.939
,4.3135263,1.874,274.0,1.17405,4920.0,0.71,,,963.0,,1,TESS,198390247.0,,0.018101972063804154,198.78200281649794,198390247.0,0.894
,4.3135263,1.874,274.0,1.17405,4920.0,0.71,,,963.0,,1,TESS,198390247.0,,0.018101972063804154,198.78200281649794,198390247.0,0.894
,4.3135263,1.874,274.0,1.17405,4920.0,0.71,,,963.0,,1,TESS,198390247.0,,0.018101972063804154,198.78200281649794,198390247.0,0.824
,4.3135263,1.874,274.0,1.17405,4920.0,0.71,,,963.0,,1,TESS,198390247.0,,0.018101972063804154,198.78200281649794,198390247.0,0.824
,4.3135263,1.874,274.0,1.17405,4920.0,0.71,,,963.0,,1,TESS,198390247.0,,0.018101972063804154,198.78200281649794,198390247.0,0.789
,4.3135263,1.874,274.0,1.17405,4920.0,0.71,,,963.0,,1,TESS,198390247.0,,0.018101972063804154,198.78200281649794,198390247.0,0.789
,4.3135263,1.874,274.0,1.17405,4920.0,0.71,,,963.0,,1,TESS,198390247.0,,0.018101972063804154,198.78200281649794,198390247.0,0.637
,4.3135263,1.874,274.0,1.17405,4920.0,0.71,,,963.0,,1,TESS,198390247.0,,0.018101972063804154,198.78200281649794,198390247.0,0.637
,4.3135263,1.874,274.0,1.17405,4920.0,0.71,,,963.0,,1,TESS,198390247.0,,0.018101972063804154,198.78200281649794,198390247.0,0.998
,4.3135263,1.874,274.0,1.17405,4920.0,0.71,,,963.0,,1,TESS,198390247.0,,0.018101972063804154,198.78200281649794,198390247.0,0.998
,4.3135263,1.874,274.0,1.17405,4920.0,0.71,,,963.0,,1,TESS,198390247.0,,0.018101972063804154,198.78200281649794,198390247.0,0.997
,4.3135263,1.874,274.0,1.17405,4920.0,0.71,,,963.0,,1,TESS,198390247.0,,0.018101972063804154,198.78200281649794,198390247.0,0.997
,4.3135263,1.874,274.0,1.17405,4920.0,0.71,,,963.0,,1,TESS,198390247.0,,0.018101972063804154,198.78200281649794,198390247.0,0.996
,4.3135263,1.874,274.0,1.17405,4920.0,0.71,,,963.0,,1,TESS,198390247.0,,0.018101972063804154,198.78200281649794,198390247.0,0.996
,4.3135263,1.874,274.0,1.17405,4920.0,0.71,,,963.0,,1,TESS,198390247.0,,0.018101972063804154,198.78200281649794,198390247.0,0.996
,4.3135263,1.874,274.0,1.17405,4920.0,0.71,,,963.0,,1,TESS,198390247.0,,0.018101972063804154,198.78200281649794,198390247.0,0.996
,4.3135263,1.874,274.0,1.17405,4920.0,0.71,,,963.0,,1,TESS,198390247.0,,0.018101972063804154,198.78200281649794,198390247.0,0.995
,4.3135263,1.874,274.0,1.17405,4920.0,0.71,,,963.0,,1,TESS,198390247.0,,0.018101972063804154,198.78200281649794,198390247.0,0.995
,4.3135263,1.874,274.0,1.17405,4920.0,0.71,,,963.0,,1,TESS,198390247.0,,0.018101972063804154,198.78200281649794,198390247.0,0.995
,4.3135263,1.874,274.0,1.17405,4920.0,0.71,,,963.0,,1,TESS,198390247.0,,0.018101972063804154,198.78200281649794,198390247.0,0.995
,4.3135263,1.874,274.0,1.17405,4920.0,0.71,,,963.0,,1,TESS,198390247.0,,0.018101972063804154,198.78200281649794,198390247.0,0.995
,4.3135263,1.874,274.0,1.17405,4920.0,0.71,,,963.0,,1,TESS,198390247.0,,0.018101972063804154,198.78200281649794,198390247.0,0.995
,4.3135263,1.874,274.0,1.17405,4920.0,0.71,,,963.0,,1,TESS,198390247.0,,0.018101972063804154,198.78200281649794,198390247.0,0.994
,4.3135263,1.874,274.0,1.17405,4920.0,0.71,,,963.0,,1,TESS,198390247.0,,0.018101972063804154,198.78200281649794,198390247.0,0.994
,4.3135263,1.874,274.0,1.17405,4920.0,0.71,,,963.0,,1,TESS,198390247.0,,0.018101972063804154,198.78200281649794,198390247.0,0.994
,4.3135263,1.874,274.0,1.17405,4920.0,0.71,,,963.0,,1,TESS,198390247.0,,0.018101972063804154,198.78200281649794,198390247.0,0.994
,4.3135263,1.874,274.0,1.17405,4920.0,0.71,,,963.0,,1,TESS,198390247.0,,0.018101972063804154,198.78200281649794,198390247.0,0.991
,4.3135263,1.874,274.0,1.17405,4920.0,0.71,,,963.0,,1,TESS,198390247.0,,0.018101972063804154,198.78200281649794,198390247.0,0.991
,4.3135263,1.874,274.0,1.17405,4920.0,0.71,,,963.0,,1,TESS,198390247.0,,0.018101972063804154,198.78200281649794,198390247.0,0.981
,4.3135263,1.874,274.0,1.17405,4920.0,0.71,,,963.0,,1,TESS,198390247.0,,0.018101972063804154,198.78200281649794,198390247.0,0.981
,4.3135263,1.874,274.0,1.17405,4920.0,0.71,,,963.0,,1,TESS,198390247.0,,0.018101972063804154,198.78200281649794,198390247.0,0.981
,4.3135263,1.874,274.0,1.17405,4920.0,0.71,,,963.0,,1,TESS,198390247.0,,0.018101972063804154,198.78200281649794,198390247.0,0.981
,4.3135263,1.874,274.0,1.17405,4920.0,0.71,,,963.0,,1,TESS,198390247.0,,0.018101972063804154,198.78200281649794,198390247.0,0.978
,4.3135263,1.874,274.0,1.17405,4920.0,0.71,,,963.0,,1,TESS,198390247.0,,0.018101972063804154,198.78200281649794,198390247.0,0.978
,4.3135263,1.874,274.0,1.17405,4920.0,0.71,,,963.0,,1,TESS,198390247.0,,0.018101972063804154,198.78200281649794,198390247.0,0.976
,4.3135263,1.874,274.0,1.17405,4920.0,0.71,,,963.0,,1,TESS,198390247.0,,0.018101972063804154,198.78200281649794,198390247.0,0.976
,4.3135263,1.874,274.0,1.17405,4920.0,0.71,,,963.0,,1,TESS,198390247.0,,0.018101972063804154,198.78200281649794,198390247.0,0.968
,4.3135263,1.874,274.0,1.17405,4920.0,0.71,,,963.0,,1,TESS,198390247.0,,0.018101972063804154,198.78200281649794,198390247.0,0.968
,4.3135263,1.874,274.0,1.17405,4920.0,0.71,,,963.0,,1,TESS,198390247.0,,0.018101972063804154,198.78200281649794,198390247.0,0.961
,4.3135263,1.874,274.0,1.17405,4920.0,0.71,,,963.0,,1,TESS,198390247.0,,0.018101972063804154,198.78200281649794,198390247.0,0.961
,4.3135263,1.874,274.0,1.17405,4920.0,0.71,,,963.0,,1,TESS,198390247.0,,0.018101972063804154,198.78200281649794,198390247.0,0.961
,4.3135263,1.874,274.0,1.17405,4920.0,0.71,,,963.0,,1,TESS,198390247.0,,0.018101972063804154,198.78200281649794,198390247.0,0.961
,4.3135263,1.874,274.0,1.17405,4920.0,0.71,,,963.0,,1,TESS,198390247.0,,0.018101972063804154,198.78200281649794,198390247.0,0.949
,4.3135263,1.874,274.0,1.17405,4920.0,0.71,,,963.0,,1,TESS,198390247.0,,0.018101972063804154,198.78200281649794,198390247.0,0.949
,4.3135263,1.874,274.0,1.17405,4920.0,0.71,,,963.0,,1,TESS,198390247.0,,0.018101972063804154,198.78200281649794,198390247.0,0.946
,4.3135263,1.874,274.0,1.17405,4920.0,0.71,,,963.0,,1,TESS,198390247.0,,0.018101972063804154,198.78200281649794,198390247.0,0.946
,4.3135263,1.874,274.0,1.17405,4920.0,0.71,,,963.0,,1,TESS,198390247.0,,0.018101972063804154,198.78200281649794,198390247.0,0.939
,4.3135263,1.874,274.0,1.17405,4920.0,0.71,,,963.0,,1,TESS,198390247.0,,0.018101972063804154,198.78200281649794,198390247.0,0.939
,4.3135263,1.874,274.0,1.17405,4920.0,0.71,,,963.0,,1,TESS,198390247.0,,0.018101972063804154,198.78200281649794,198390247.0,0.894
,4.3135263,1.874,274.0,1.17405,4920.0,0.71,,,963.0,,1,TESS,198390247.0,,0.018101972063804154,198.78200281649794,198390247.0,0.894
,4.3135263,1.874,274.0,1.17405,4920.0,0.71,,,963.0,,1,TESS,198390247.0,,0.018101972063804154,198.78200281649794,198390247.0,0.824
,4.3135263,1.874,274.0,1.17405,4920.0,0.71,,,963.0,,1,TESS,198390247.0,,0.018101972063804154,198.78200281649794,198390247.0,0.824
,4.3135263,1.874,274.0,1.17405,4920.0,0.71,,,963.0,,1,TESS,198390247.0,,0.018101972063804154,198.78200281649794,198390247.0,0.789
,4.3135263,1.874,274.0,1.17405,4920.0,0.71,,,963.0,,1,TESS,198390247.0,,0.018101972063804154,198.78200281649794,198390247.0,0.789
,4.3135263,1.874,274.0,1.17405,4920.0,0.71,,,963.0,,1,TESS,198390247.0,,0.018101972063804154,198.78200281649794,198390247.0,0.637
,4.3135263,1.874,274.0,1.17405,4920.0,0.71,,,963.0,,1,TESS,198390247.0,,0.018101972063804154,198.78200281649794,198390247.0,0.637
,6.9561134,3.3628003,15989.231101,12.090823,5387.0,0.940037,,,872.4987884,,1,TESS,321857016.0,,0.020142954875832945,109.37444182990843,321857016.0,0.984
,6.9561134,3.3628003,15989.231101,12.090823,5387.0,0.940037,,,872.4987884,,1,TESS,321857016.0,,0.020142954875832945,109.37444182990843,321857016.0,0.98
,6.9561134,3.3628003,15989.231101,12.090823,5387.0,0.940037,,,872.4987884,,1,TESS,321857016.0,,0.020142954875832945,109.37444182990843,321857016.0,0.971
,6.9561134,3.3628003,15989.231101,12.090823,5387.0,0.940037,,,872.4987884,,1,TESS,321857016.0,,0.020142954875832945,109.37444182990843,321857016.0,0.971
,6.9561134,3.3628003,15989.231101,12.090823,5387.0,0.940037,,,872.4987884,,1,TESS,321857016.0,,0.020142954875832945,109.37444182990843,321857016.0,0.97
,6.9561134,3.3628003,15989.231101,12.090823,5387.0,0.940037,,,872.4987884,,1,TESS,321857016.0,,0.020142954875832945,109.37444182990843,321857016.0,0.963
,6.9561134,3.3628003,15989.231101,12.090823,5387.0,0.940037,,,872.4987884,,1,TESS,321857016.0,,0.020142954875832945,109.37444182990843,321857016.0,0.951
,13.001789,4.4847322,1339.5837664,3.84805,5914.0,1.00826,,,786.6834253,,1,TESS,333473672.0,,0.014372163789754356,90.46663440374839,333473672.0,0.679
,2.7556532,3.3967282,2854.4589288,6.4145519,4993.0,0.696945,,,967.6926252,,0,TESS,346418409.0,,0.051359996797371604,69.37310631486666,346418409.0,0.496
,2.7556532,3.3967282,2854.4589288,6.4145519,4993.0,0.696945,,,967.6926252,,0,TESS,346418409.0,,0.051359996797371604,69.37310631486666,346418409.0,0.402
,0.78999,1.153,5750.0,1.99,5558.0,1.1,,,2398.0,,0,TESS,128501004.0,,0.060813002864329356,1451.9831691161412,128501004.0,0.247
,0.6412558,1.1161082,1029.5348333,4.841202,5854.65,1.47292,,,2573.9569471,,0,TESS,138968089.0,,0.0725209897698008,43.92731096874279,138968089.0,0.801
,18.840891,5.765,331.0,2.00342,6093.0,1.22,,,868.0,,1,TESS,198356533.0,,0.012749308554574842,82.46769870969037,198356533.0,0.994
,18.840891,5.765,331.0,2.00342,6093.0,1.22,,,868.0,,1,TESS,198356533.0,,0.012749308554574842,82.46769870969037,198356533.0,0.994
,18.840891,5.765,331.0,2.00342,6093.0,1.22,,,868.0,,1,TESS,198356533.0,,0.012749308554574842,82.46769870969037,198356533.0,0.992
,18.840891,5.765,331.0,2.00342,6093.0,1.22,,,868.0,,1,TESS,198356533.0,,0.012749308554574842,82.46769870969037,198356533.0,0.99
,18.840891,5.765,331.0,2.00342,6093.0,1.22,,,868.0,,1,TESS,198356533.0,,0.012749308554574842,82.46769870969037,198356533.0,0.99
,18.840891,5.765,331.0,2.00342,6093.0,1.22,,,868.0,,1,TESS,198356533.0,,0.012749308554574842,82.46769870969037,198356533.0,0.989
,18.840891,5.765,331.0,2.00342,6093.0,1.22,,,868.0,,1,TESS,198356533.0,,0.012749308554574842,82.46769870969037,198356533.0,0.988
,18.840891,5.765,331.0,2.00342,6093.0,1.22,,,868.0,,1,TESS,198356533.0,,0.012749308554574842,82.46769870969037,198356533.0,0.962
,18.840891,5.765,331.0,2.00342,6093.0,1.22,,,868.0,,1,TESS,198356533.0,,0.012749308554574842,82.46769870969037,198356533.0,0.877
,18.840891,5.765,331.0,2.00342,6093.0,1.22,,,868.0,,1,TESS,198356533.0,,0.012749308554574842,82.46769870969037,198356533.0,0.731
,18.840891,5.765,331.0,2.00342,6093.0,1.22,,,868.0,,1,TESS,198356533.0,,0.012749308554574842,82.46769870969037,198356533.0,0.708
,5.1396666,0.8991981,769.5996824,2.259057,5374.0,0.815924,,,883.3765229,,1,TESS,229650439.0,,0.007289692136113037,150.80315115017504,229650439.0,0.995
,5.1396666,0.8991981,769.5996824,2.259057,5374.0,0.815924,,,883.3765229,,1,TESS,229650439.0,,0.007289692136113037,150.80315115017504,229650439.0,0.995
,5.1396666,0.8991981,769.5996824,2.259057,5374.0,0.815924,,,883.3765229,,1,TESS,229650439.0,,0.007289692136113037,150.80315115017504,229650439.0,0.993
,5.1396666,0.8991981,769.5996824,2.259057,5374.0,0.815924,,,883.3765229,,1,TESS,229650439.0,,0.007289692136113037,150.80315115017504,229650439.0,0.993
,5.1396666,0.8991981,769.5996824,2.259057,5374.0,0.815924,,,883.3765229,,1,TESS,229650439.0,,0.007289692136113037,150.80315115017504,229650439.0,0.993
,5.1396666,0.8991981,769.5996824,2.259057,5374.0,0.815924,,,883.3765229,,1,TESS,229650439.0,,0.007289692136113037,150.80315115017504,229650439.0,0.993
,5.1396666,0.8991981,769.5996824,2.259057,5374.0,0.815924,,,883.3765229,,1,TESS,229650439.0,,0.007289692136113037,150.80315115017504,229650439.0,0.992
,5.1396666,0.8991981,769.5996824,2.259057,5374.0,0.815924,,,883.3765229,,1,TESS,229650439.0,,0.007289692136113037,150.80315115017504,229650439.0,0.992
,5.1396666,0.8991981,769.5996824,2.259057,5374.0,0.815924,,,883.3765229,,1,TESS,229650439.0,,0.007289692136113037,150.80315115017504,229650439.0,0.992
,5.1396666,0.8991981,769.5996824,2.259057,5374.0,0.815924,,,883.3765229,,1,TESS,229650439.0,,0.007289692136113037,150.80315115017504,229650439.0,0.992
,5.1396666,0.8991981,769.5996824,2.259057,5374.0,0.815924,,,883.3765229,,1,TESS,229650439.0,,0.007289692136113037,150.80315115017504,229650439.0,0.992
,5.1396666,0.8991981,769.5996824,2.259057,5374.0,0.815924,,,883.3765229,,1,TESS,229650439.0,,0.007289692136113037,150.80315115017504,229650439.0,0.992
,5.1396666,0.8991981,769.5996824,2.259057,5374.0,0.815924,,,883.3765229,,1,TESS,229650439.0,,0.007289692136113037,150.80315115017504,229650439.0,0.989
,5.1396666,0.8991981,769.5996824,2.259057,5374.0,0.815924,,,883.3765229,,1,TESS,229650439.0,,0.007289692136113037,150.80315115017504,229650439.0,0.989
,5.1396666,0.8991981,769.5996824,2.259057,5374.0,0.815924,,,883.3765229,,1,TESS,229650439.0,,0.007289692136113037,150.80315115017504,229650439.0,0.988
,5.1396666,0.8991981,769.5996824,2.259057,5374.0,0.815924,,,883.3765229,,1,TESS,229650439.0,,0.007289692136113037,150.80315115017504,229650439.0,0.988
,5.1396666,0.8991981,769.5996824,2.259057,5374.0,0.815924,,,883.3765229,,1,TESS,229650439.0,,0.007289692136113037,150.80315115017504,229650439.0,0.986
,5.1396666,0.8991981,769.5996824,2.259057,5374.0,0.815924,,,883.3765229,,1,TESS,229650439.0,,0.007289692136113037,150.80315115017504,229650439.0,0.986
,5.1396666,0.8991981,769.5996824,2.259057,5374.0,0.815924,,,883.3765229,,1,TESS,229650439.0,,0.007289692136113037,150.80315115017504,229650439.0,0.979
,5.1396666,0.8991981,769.5996824,2.259057,5374.0,0.815924,,,883.3765229,,1,TESS,229650439.0,,0.007289692136113037,150.80315115017504,229650439.0,0.979
,5.1396666,0.8991981,769.5996824,2.259057,5374.0,0.815924,,,883.3765229,,1,TESS,229650439.0,,0.007289692136113037,150.80315115017504,229650439.0,0.972
,5.1396666,0.8991981,769.5996824,2.259057,5374.0,0.815924,,,883.3765229,,1,TESS,229650439.0,,0.007289692136113037,150.80315115017504,229650439.0,0.972
,5.1396666,0.8991981,769.5996824,2.259057,5374.0,0.815924,,,883.3765229,,1,TESS,229650439.0,,0.007289692136113037,150.80315115017504,229650439.0,0.97
,5.1396666,0.8991981,769.5996824,2.259057,5374.0,0.815924,,,883.3765229,,1,TESS,229650439.0,,0.007289692136113037,150.80315115017504,229650439.0,0.97
,5.1396666,0.8991981,769.5996824,2.259057,5374.0,0.815924,,,883.3765229,,1,TESS,229650439.0,,0.007289692136113037,150.80315115017504,229650439.0,0.959
,5.1396666,0.8991981,769.5996824,2.259057,5374.0,0.815924,,,883.3765229,,1,TESS,229650439.0,,0.007289692136113037,150.80315115017504,229650439.0,0.959
,5.1396666,0.8991981,769.5996824,2.259057,5374.0,0.815924,,,883.3765229,,1,TESS,229650439.0,,0.007289692136113037,150.80315115017504,229650439.0,0.947
,5.1396666,0.8991981,769.5996824,2.259057,5374.0,0.815924,,,883.3765229,,1,TESS,229650439.0,,0.007289692136113037,150.80315115017504,229650439.0,0.947
,5.1396666,0.8991981,769.5996824,2.259057,5374.0,0.815924,,,883.3765229,,1,TESS,229650439.0,,0.007289692136113037,150.80315115017504,229650439.0,0.995
,5.1396666,0.8991981,769.5996824,2.259057,5374.0,0.815924,,,883.3765229,,1,TESS,229650439.0,,0.007289692136113037,150.80315115017504,229650439.0,0.995
,5.1396666,0.8991981,769.5996824,2.259057,5374.0,0.815924,,,883.3765229,,1,TESS,229650439.0,,0.007289692136113037,150.80315115017504,229650439.0,0.993
,5.1396666,0.8991981,769.5996824,2.259057,5374.0,0.815924,,,883.3765229,,1,TESS,229650439.0,,0.007289692136113037,150.80315115017504,229650439.0,0.993
,5.1396666,0.8991981,769.5996824,2.259057,5374.0,0.815924,,,883.3765229,,1,TESS,229650439.0,,0.007289692136113037,150.80315115017504,229650439.0,0.993
,5.1396666,0.8991981,769.5996824,2.259057,5374.0,0.815924,,,883.3765229,,1,TESS,229650439.0,,0.007289692136113037,150.80315115017504,229650439.0,0.993
,5.1396666,0.8991981,769.5996824,2.259057,5374.0,0.815924,,,883.3765229,,1,TESS,229650439.0,,0.007289692136113037,150.80315115017504,229650439.0,0.992
,5.1396666,0.8991981,769.5996824,2.259057,5374.0,0.815924,,,883.3765229,,1,TESS,229650439.0,,0.007289692136113037,150.80315115017504,229650439.0,0.992
,5.1396666,0.8991981,769.5996824,2.259057,5374.0,0.815924,,,883.3765229,,1,TESS,229650439.0,,0.007289692136113037,150.80315115017504,229650439.0,0.992
,5.1396666,0.8991981,769.5996824,2.259057,5374.0,0.815924,,,883.3765229,,1,TESS,229650439.0,,0.007289692136113037,150.80315115017504,229650439.0,0.992
,5.1396666,0.8991981,769.5996824,2.259057,5374.0,0.815924,,,883.3765229,,1,TESS,229650439.0,,0.007289692136113037,150.80315115017504,229650439.0,0.992
,5.1396666,0.8991981,769.5996824,2.259057,5374.0,0.815924,,,883.3765229,,1,TESS,229650439.0,,0.007289692136113037,150.80315115017504,229650439.0,0.992
,5.1396666,0.8991981,769.5996824,2.259057,5374.0,0.815924,,,883.3765229,,1,TESS,229650439.0,,0.007289692136113037,150.80315115017504,229650439.0,0.989
,5.1396666,0.8991981,769.5996824,2.259057,5374.0,0.815924,,,883.3765229,,1,TESS,229650439.0,,0.007289692136113037,150.80315115017504,229650439.0,0.989
,5.1396666,0.8991981,769.5996824,2.259057,5374.0,0.815924,,,883.3765229,,1,TESS,229650439.0,,0.007289692136113037,150.80315115017504,229650439.0,0.988
,5.1396666,0.8991981,769.5996824,2.259057,5374.0,0.815924,,,883.3765229,,1,TESS,229650439.0,,0.007289692136113037,150.80315115017504,229650439.0,0.988
,5.1396666,0.8991981,769.5996824,2.259057,5374.0,0.815924,,,883.3765229,,1,TESS,229650439.0,,0.007289692136113037,150.80315115017504,229650439.0,0.986
,5.1396666,0.8991981,769.5996824,2.259057,5374.0,0.815924,,,883.3765229,,1,TESS,229650439.0,,0.007289692136113037,150.80315115017504,229650439.0,0.986
,5.1396666,0.8991981,769.5996824,2.259057,5374.0,0.815924,,,883.3765229,,1,TESS,229650439.0,,0.007289692136113037,150.80315115017504,229650439.0,0.979
,5.1396666,0.8991981,769.5996824,2.259057,5374.0,0.815924,,,883.3765229,,1,TESS,229650439.0,,0.007289692136113037,150.80315115017504,229650439.0,0.979
,5.1396666,0.8991981,769.5996824,2.259057,5374.0,0.815924,,,883.3765229,,1,TESS,229650439.0,,0.007289692136113037,150.80315115017504,229650439.0,0.972
,5.1396666,0.8991981,769.5996824,2.259057,5374.0,0.815924,,,883.3765229,,1,TESS,229650439.0,,0.007289692136113037,150.80315115017504,229650439.0,0.972
,5.1396666,0.8991981,769.5996824,2.259057,5374.0,0.815924,,,883.3765229,,1,TESS,229650439.0,,0.007289692136113037,150.80315115017504,229650439.0,0.97
,5.1396666,0.8991981,769.5996824,2.259057,5374.0,0.815924,,,883.3765229,,1,TESS,229650439.0,,0.007289692136113037,150.80315115017504,229650439.0,0.97
,5.1396666,0.8991981,769.5996824,2.259057,5374.0,0.815924,,,883.3765229,,1,TESS,229650439.0,,0.007289692136113037,150.80315115017504,229650439.0,0.959
,5.1396666,0.8991981,769.5996824,2.259057,5374.0,0.815924,,,883.3765229,,1,TESS,229650439.0,,0.007289692136113037,150.80315115017504,229650439.0,0.959
,5.1396666,0.8991981,769.5996824,2.259057,5374.0,0.815924,,,883.3765229,,1,TESS,229650439.0,,0.007289692136113037,150.80315115017504,229650439.0,0.947
,5.1396666,0.8991981,769.5996824,2.259057,5374.0,0.815924,,,883.3765229,,1,TESS,229650439.0,,0.007289692136113037,150.80315115017504,229650439.0,0.947
,9.4280902,1.377,799.0,2.49195,5374.0,0.82,,,623.0,,1,TESS,229650439.0,,0.006085537847997671,128.6672625101588,229650439.0,0.995
,9.4280902,1.377,799.0,2.49195,5374.0,0.82,,,623.0,,1,TESS,229650439.0,,0.006085537847997671,128.6672625101588,229650439.0,0.995
,9.4280902,1.377,799.0,2.49195,5374.0,0.82,,,623.0,,1,TESS,229650439.0,,0.006085537847997671,128.6672625101588,229650439.0,0.993
,9.4280902,1.377,799.0,2.49195,5374.0,0.82,,,623.0,,1,TESS,229650439.0,,0.006085537847997671,128.6672625101588,229650439.0,0.993
,9.4280902,1.377,799.0,2.49195,5374.0,0.82,,,623.0,,1,TESS,229650439.0,,0.006085537847997671,128.6672625101588,229650439.0,0.993
,9.4280902,1.377,799.0,2.49195,5374.0,0.82,,,623.0,,1,TESS,229650439.0,,0.006085537847997671,128.6672625101588,229650439.0,0.993
,9.4280902,1.377,799.0,2.49195,5374.0,0.82,,,623.0,,1,TESS,229650439.0,,0.006085537847997671,128.6672625101588,229650439.0,0.992
,9.4280902,1.377,799.0,2.49195,5374.0,0.82,,,623.0,,1,TESS,229650439.0,,0.006085537847997671,128.6672625101588,229650439.0,0.992
,9.4280902,1.377,799.0,2.49195,5374.0,0.82,,,623.0,,1,TESS,229650439.0,,0.006085537847997671,128.6672625101588,229650439.0,0.992
,9.4280902,1.377,799.0,2.49195,5374.0,0.82,,,623.0,,1,TESS,229650439.0,,0.006085537847997671,128.6672625101588,229650439.0,0.992
,9.4280902,1.377,799.0,2.49195,5374.0,0.82,,,623.0,,1,TESS,229650439.0,,0.006085537847997671,128.6672625101588,229650439.0,0.992
,9.4280902,1.377,799.0,2.49195,5374.0,0.82,,,623.0,,1,TESS,229650439.0,,0.006085537847997671,128.6672625101588,229650439.0,0.992
,9.4280902,1.377,799.0,2.49195,5374.0,0.82,,,623.0,,1,TESS,229650439.0,,0.006085537847997671,128.6672625101588,229650439.0,0.989
,9.4280902,1.377,799.0,2.49195,5374.0,0.82,,,623.0,,1,TESS,229650439.0,,0.006085537847997671,128.6672625101588,229650439.0,0.989
,9.4280902,1.377,799.0,2.49195,5374.0,0.82,,,623.0,,1,TESS,229650439.0,,0.006085537847997671,128.6672625101588,229650439.0,0.988
,9.4280902,1.377,799.0,2.49195,5374.0,0.82,,,623.0,,1,TESS,229650439.0,,0.006085537847997671,128.6672625101588,229650439.0,0.988
,9.4280902,1.377,799.0,2.49195,5374.0,0.82,,,623.0,,1,TESS,229650439.0,,0.006085537847997671,128.6672625101588,229650439.0,0.986
,9.4280902,1.377,799.0,2.49195,5374.0,0.82,,,623.0,,1,TESS,229650439.0,,0.006085537847997671,128.6672625101588,229650439.0,0.986
,9.4280902,1.377,799.0,2.49195,5374.0,0.82,,,623.0,,1,TESS,229650439.0,,0.006085537847997671,128.6672625101588,229650439.0,0.979
,9.4280902,1.377,799.0,2.49195,5374.0,0.82,,,623.0,,1,TESS,229650439.0,,0.006085537847997671,128.6672625101588,229650439.0,0.979
,9.4280902,1.377,799.0,2.49195,5374.0,0.82,,,623.0,,1,TESS,229650439.0,,0.006085537847997671,128.6672625101588,229650439.0,0.972
,9.4280902,1.377,799.0,2.49195,5374.0,0.82,,,623.0,,1,TESS,229650439.0,,0.006085537847997671,128.6672625101588,229650439.0,0.972
,9.4280902,1.377,799.0,2.49195,5374.0,0.82,,,623.0,,1,TESS,229650439.0,,0.006085537847997671,128.6672625101588,229650439.0,0.97
,9.4280902,1.377,799.0,2.49195,5374.0,0.82,,,623.0,,1,TESS,229650439.0,,0.006085537847997671,128.6672625101588,229650439.0,0.97
,9.4280902,1.377,799.0,2.49195,5374.0,0.82,,,623.0,,1,TESS,229650439.0,,0.006085537847997671,128.6672625101588,229650439.0,0.959
,9.4280902,1.377,799.0,2.49195,5374.0,0.82,,,623.0,,1,TESS,229650439.0,,0.006085537847997671,128.6672625101588,229650439.0,0.959
,9.4280902,1.377,799.0,2.49195,5374.0,0.82,,,623.0,,1,TESS,229650439.0,,0.006085537847997671,128.6672625101588,229650439.0,0.947
,9.4280902,1.377,799.0,2.49195,5374.0,0.82,,,623.0,,1,TESS,229650439.0,,0.006085537847997671,128.6672625101588,229650439.0,0.947
,9.4280902,1.377,799.0,2.49195,5374.0,0.82,,,623.0,,1,TESS,229650439.0,,0.006085537847997671,128.6672625101588,229650439.0,0.995
,9.4280902,1.377,799.0,2.49195,5374.0,0.82,,,623.0,,1,TESS,229650439.0,,0.006085537847997671,128.6672625101588,229650439.0,0.995
,9.4280902,1.377,799.0,2.49195,5374.0,0.82,,,623.0,,1,TESS,229650439.0,,0.006085537847997671,128.6672625101588,229650439.0,0.993
,9.4280902,1.377,799.0,2.49195,5374.0,0.82,,,623.0,,1,TESS,229650439.0,,0.006085537847997671,128.6672625101588,229650439.0,0.993
,9.4280902,1.377,799.0,2.49195,5374.0,0.82,,,623.0,,1,TESS,229650439.0,,0.006085537847997671,128.6672625101588,229650439.0,0.993
,9.4280902,1.377,799.0,2.49195,5374.0,0.82,,,623.0,,1,TESS,229650439.0,,0.006085537847997671,128.6672625101588,229650439.0,0.993
,9.4280902,1.377,799.0,2.49195,5374.0,0.82,,,623.0,,1,TESS,229650439.0,,0.006085537847997671,128.6672625101588,229650439.0,0.992
,9.4280902,1.377,799.0,2.49195,5374.0,0.82,,,623.0,,1,TESS,229650439.0,,0.006085537847997671,128.6672625101588,229650439.0,0.992
,9.4280902,1.377,799.0,2.49195,5374.0,0.82,,,623.0,,1,TESS,229650439.0,,0.006085537847997671,128.6672625101588,229650439.0,0.992
,9.4280902,1.377,799.0,2.49195,5374.0,0.82,,,623.0,,1,TESS,229650439.0,,0.006085537847997671,128.6672625101588,229650439.0,0.992
,9.4280902,1.377,799.0,2.49195,5374.0,0.82,,,623.0,,1,TESS,229650439.0,,0.006085537847997671,128.6672625101588,229650439.0,0.992
,9.4280902,1.377,799.0,2.49195,5374.0,0.82,,,623.0,,1,TESS,229650439.0,,0.006085537847997671,128.6672625101588,229650439.0,0.992
,9.4280902,1.377,799.0,2.49195,5374.0,0.82,,,623.0,,1,TESS,229650439.0,,0.006085537847997671,128.6672625101588,229650439.0,0.989
,9.4280902,1.377,799.0,2.49195,5374.0,0.82,,,623.0,,1,TESS,229650439.0,,0.006085537847997671,128.6672625101588,229650439.0,0.989
,9.4280902,1.377,799.0,2.49195,5374.0,0.82,,,623.0,,1,TESS,229650439.0,,0.006085537847997671,128.6672625101588,229650439.0,0.988
,9.4280902,1.377,799.0,2.49195,5374.0,0.82,,,623.0,,1,TESS,229650439.0,,0.006085537847997671,128.6672625101588,229650439.0,0.988
,9.4280902,1.377,799.0,2.49195,5374.0,0.82,,,623.0,,1,TESS,229650439.0,,0.006085537847997671,128.6672625101588,229650439.0,0.986
,9.4280902,1.377,799.0,2.49195,5374.0,0.82,,,623.0,,1,TESS,229650439.0,,0.006085537847997671,128.6672625101588,229650439.0,0.986
,9.4280902,1.377,799.0,2.49195,5374.0,0.82,,,623.0,,1,TESS,229650439.0,,0.006085537847997671,128.6672625101588,229650439.0,0.979
,9.4280902,1.377,799.0,2.49195,5374.0,0.82,,,623.0,,1,TESS,229650439.0,,0.006085537847997671,128.6672625101588,229650439.0,0.979
,9.4280902,1.377,799.0,2.49195,5374.0,0.82,,,623.0,,1,TESS,229650439.0,,0.006085537847997671,128.6672625101588,229650439.0,0.972
,9.4280902,1.377,799.0,2.49195,5374.0,0.82,,,623.0,,1,TESS,229650439.0,,0.006085537847997671,128.6672625101588,229650439.0,0.972
,9.4280902,1.377,799.0,2.49195,5374.0,0.82,,,623.0,,1,TESS,229650439.0,,0.006085537847997671,128.6672625101588,229650439.0,0.97
,9.4280902,1.377,799.0,2.49195,5374.0,0.82,,,623.0,,1,TESS,229650439.0,,0.006085537847997671,128.6672625101588,229650439.0,0.97
,9.4280902,1.377,799.0,2.49195,5374.0,0.82,,,623.0,,1,TESS,229650439.0,,0.006085537847997671,128.6672625101588,229650439.0,0.959
,9.4280902,1.377,799.0,2.49195,5374.0,0.82,,,623.0,,1,TESS,229650439.0,,0.006085537847997671,128.6672625101588,229650439.0,0.959
,9.4280902,1.377,799.0,2.49195,5374.0,0.82,,,623.0,,1,TESS,229650439.0,,0.006085537847997671,128.6672625101588,229650439.0,0.947
,9.4280902,1.377,799.0,2.49195,5374.0,0.82,,,623.0,,1,TESS,229650439.0,,0.006085537847997671,128.6672625101588,229650439.0,0.947
,27.6438617,5.321,560.0,3.68027,5873.0,1.62,,,801.0,,1,TESS,232982558.0,,0.008020165033569091,41.34553652160607,232982558.0,0.992
,27.6438617,5.321,560.0,3.68027,5873.0,1.62,,,801.0,,1,TESS,232982558.0,,0.008020165033569091,41.34553652160607,232982558.0,0.992
,27.6438617,5.321,560.0,3.68027,5873.0,1.62,,,801.0,,1,TESS,232982558.0,,0.008020165033569091,41.34553652160607,232982558.0,0.986
,27.6438617,5.321,560.0,3.68027,5873.0,1.62,,,801.0,,1,TESS,232982558.0,,0.008020165033569091,41.34553652160607,232982558.0,0.982
,27.6438617,5.321,560.0,3.68027,5873.0,1.62,,,801.0,,1,TESS,232982558.0,,0.008020165033569091,41.34553652160607,232982558.0,0.981
,27.6438617,5.321,560.0,3.68027,5873.0,1.62,,,801.0,,1,TESS,232982558.0,,0.008020165033569091,41.34553652160607,232982558.0,0.973
,27.6438617,5.321,560.0,3.68027,5873.0,1.62,,,801.0,,1,TESS,232982558.0,,0.008020165033569091,41.34553652160607,232982558.0,0.943
,27.6438617,5.321,560.0,3.68027,5873.0,1.62,,,801.0,,1,TESS,232982558.0,,0.008020165033569091,41.34553652160607,232982558.0,0.168
,0.4090681,0.6165726,1281.2294665,1.1833779,3328.0,0.308799,,,967.4422529,,1,TESS,235683377.0,,0.0628025563059716,914.9127910069482,235683377.0,0.777
,23.5407467,4.025,956.0,2.11441,5236.0,0.75,,,564.0,,1,TESS,237232044.0,,0.007124172192740719,213.835293433812,237232044.0,0.995
,23.5407467,4.025,956.0,2.11441,5236.0,0.75,,,564.0,,1,TESS,237232044.0,,0.007124172192740719,213.835293433812,237232044.0,0.988
,23.5407467,4.025,956.0,2.11441,5236.0,0.75,,,564.0,,1,TESS,237232044.0,,0.007124172192740719,213.835293433812,237232044.0,0.962
,23.5407467,4.025,956.0,2.11441,5236.0,0.75,,,564.0,,1,TESS,237232044.0,,0.007124172192740719,213.835293433812,237232044.0,0.924
,23.5407467,4.025,956.0,2.11441,5236.0,0.75,,,564.0,,1,TESS,237232044.0,,0.007124172192740719,213.835293433812,237232044.0,0.863
,23.5407467,4.025,956.0,2.11441,5236.0,0.75,,,564.0,,1,TESS,237232044.0,,0.007124172192740719,213.835293433812,237232044.0,0.789
,23.5407467,4.025,956.0,2.11441,5236.0,0.75,,,564.0,,1,TESS,237232044.0,,0.007124172192740719,213.835293433812,237232044.0,0.662
,0.4702719,1.3258819,209.49313,1.4344026,5466.0,0.92499,,,2147.7419002,,1,TESS,258514800.0,,0.1174747508236945,101.81867636286462,258514800.0,0.483
,1.59782,1.49,1713.69,3.59995,5037.6,0.79,,,1548.0,,0,TESS,382302241.0,,0.038855022289353044,132.23282957216313,382302241.0,0.136
,6.8424983,3.3079378,8029.880305,16.4578474,5766.0,1.1282001,,,977.1959895,,0,TESS,17005768.0,,0.020143335779471222,29.64578862360262,17005768.0,0.192
,2.8791023,2.7497683,11426.6170088,12.0920506,5583.0,1.1145999,,,1308.6978872,,1,TESS,190998418.0,,0.03979493104796746,78.14797996999917,190998418.0,0.995
,2.8791023,2.7497683,11426.6170088,12.0920506,5583.0,1.1145999,,,1308.6978872,,1,TESS,190998418.0,,0.03979493104796746,78.14797996999917,190998418.0,0.986
,5.9711357,1.5478671,1437.1086027,1.8721145,3834.0,0.490737,,,525.9795517,,1,TESS,240968774.0,,0.010801037740602136,410.03851424249876,240968774.0,0.991
,5.9711357,1.5478671,1437.1086027,1.8721145,3834.0,0.490737,,,525.9795517,,1,TESS,240968774.0,,0.010801037740602136,410.03851424249876,240968774.0,0.826
,5.9711357,1.5478671,1437.1086027,1.8721145,3834.0,0.490737,,,525.9795517,,1,TESS,240968774.0,,0.010801037740602136,410.03851424249876,240968774.0,0.428
,3.0929386,0.8776502,254.2319025,1.2815317,4884.29,0.750598,,,950.5390679,,1,TESS,283722336.0,,0.011823305461251512,154.80004274025208,283722336.0,0.994
,3.0929386,0.8776502,254.2319025,1.2815317,4884.29,0.750598,,,950.5390679,,1,TESS,283722336.0,,0.011823305461251512,154.80004274025208,283722336.0,0.994
,3.0929386,0.8776502,254.2319025,1.2815317,4884.29,0.750598,,,950.5390679,,1,TESS,283722336.0,,0.011823305461251512,154.80004274025208,283722336.0,0.966
,3.0929386,0.8776502,254.2319025,1.2815317,4884.29,0.750598,,,950.5390679,,1,TESS,283722336.0,,0.011823305461251512,154.80004274025208,283722336.0,0.966
,3.0929386,0.8776502,254.2319025,1.2815317,4884.29,0.750598,,,950.5390679,,1,TESS,283722336.0,,0.011823305461251512,154.80004274025208,283722336.0,0.994
,3.0929386,0.8776502,254.2319025,1.2815317,4884.29,0.750598,,,950.5390679,,1,TESS,283722336.0,,0.011823305461251512,154.80004274025208,283722336.0,0.994
,3.0929386,0.8776502,254.2319025,1.2815317,4884.29,0.750598,,,950.5390679,,1,TESS,283722336.0,,0.011823305461251512,154.80004274025208,283722336.0,0.966
,3.0929386,0.8776502,254.2319025,1.2815317,4884.29,0.750598,,,950.5390679,,1,TESS,283722336.0,,0.011823305461251512,154.80004274025208,283722336.0,0.966
,6.7650398,1.421,269.0,1.39215,4884.29,0.75,,,789.0,,1,TESS,283722336.0,,0.008752104158893836,138.796972263756,283722336.0,0.994
,6.7650398,1.421,269.0,1.39215,4884.29,0.75,,,789.0,,1,TESS,283722336.0,,0.008752104158893836,138.796972263756,283722336.0,0.994
,6.7650398,1.421,269.0,1.39215,4884.29,0.75,,,789.0,,1,TESS,283722336.0,,0.008752104158893836,138.796972263756,283722336.0,0.966
,6.7650398,1.421,269.0,1.39215,4884.29,0.75,,,789.0,,1,TESS,283722336.0,,0.008752104158893836,138.796972263756,283722336.0,0.966
,6.7650398,1.421,269.0,1.39215,4884.29,0.75,,,789.0,,1,TESS,283722336.0,,0.008752104158893836,138.796972263756,283722336.0,0.994
,6.7650398,1.421,269.0,1.39215,4884.29,0.75,,,789.0,,1,TESS,283722336.0,,0.008752104158893836,138.796972263756,283722336.0,0.994
,6.7650398,1.421,269.0,1.39215,4884.29,0.75,,,789.0,,1,TESS,283722336.0,,0.008752104158893836,138.796972263756,283722336.0,0.966
,6.7650398,1.421,269.0,1.39215,4884.29,0.75,,,789.0,,1,TESS,283722336.0,,0.008752104158893836,138.796972263756,283722336.0,0.966
,3.4231002,2.4377583,8643.1016455,35.4084057,5620.9,2.6126101,,,1900.9587948,,0,TESS,220435095.0,,0.02967288578453817,6.893771350644234,220435095.0,0.164
,2.5272822,1.265861,1847.4872236,2.2007181,3624.0,0.49012,,,661.896336,,1,TESS,284441182.0,,0.020869931922819236,381.4630907827661,284441182.0,0.997
,2.5272822,1.265861,1847.4872236,2.2007181,3624.0,0.49012,,,661.896336,,1,TESS,284441182.0,,0.020869931922819236,381.4630907827661,284441182.0,0.986
,2.5272822,1.265861,1847.4872236,2.2007181,3624.0,0.49012,,,661.896336,,1,TESS,284441182.0,,0.020869931922819236,381.4630907827661,284441182.0,0.98
,2.5272822,1.265861,1847.4872236,2.2007181,3624.0,0.49012,,,661.896336,,1,TESS,284441182.0,,0.020869931922819236,381.4630907827661,284441182.0,0.302
,2.5272822,1.265861,1847.4872236,2.2007181,3624.0,0.49012,,,661.896336,,1,TESS,284441182.0,,0.020869931922819236,381.4630907827661,284441182.0,0.125
,20.7724316,5.508,1415.0,3.91576,5625.56,0.97,,,1060.0,,1,TESS,306263608.0,,0.011048297279729846,92.2835473140193,306263608.0,0.963
,20.7724316,5.508,1415.0,3.91576,5625.56,0.97,,,1060.0,,1,TESS,306263608.0,,0.011048297279729846,92.2835473140193,306263608.0,0.963
,20.7724316,5.508,1415.0,3.91576,5625.56,0.97,,,1060.0,,1,TESS,306263608.0,,0.011048297279729846,92.2835473140193,306263608.0,0.758
,20.7724316,5.508,1415.0,3.91576,5625.56,0.97,,,1060.0,,1,TESS,306263608.0,,0.011048297279729846,92.2835473140193,306263608.0,0.758
,20.7724316,5.508,1415.0,3.91576,5625.56,0.97,,,1060.0,,1,TESS,306263608.0,,0.011048297279729846,92.2835473140193,306263608.0,0.495
,20.7724316,5.508,1415.0,3.91576,5625.56,0.97,,,1060.0,,1,TESS,306263608.0,,0.011048297279729846,92.2835473140193,306263608.0,0.495
,20.7724316,5.508,1415.0,3.91576,5625.56,0.97,,,1060.0,,1,TESS,306263608.0,,0.011048297279729846,92.2835473140193,306263608.0,0.963
,20.7724316,5.508,1415.0,3.91576,5625.56,0.97,,,1060.0,,1,TESS,306263608.0,,0.011048297279729846,92.2835473140193,306263608.0,0.963
,20.7724316,5.508,1415.0,3.91576,5625.56,0.97,,,1060.0,,1,TESS,306263608.0,,0.011048297279729846,92.2835473140193,306263608.0,0.758
,20.7724316,5.508,1415.0,3.91576,5625.56,0.97,,,1060.0,,1,TESS,306263608.0,,0.011048297279729846,92.2835473140193,306263608.0,0.758
,20.7724316,5.508,1415.0,3.91576,5625.56,0.97,,,1060.0,,1,TESS,306263608.0,,0.011048297279729846,92.2835473140193,306263608.0,0.495
,20.7724316,5.508,1415.0,3.91576,5625.56,0.97,,,1060.0,,1,TESS,306263608.0,,0.011048297279729846,92.2835473140193,306263608.0,0.495
,52.5637056,6.5,1193.0,3.28372,5625.56,0.97,,,542.0,,1,TESS,306263608.0,,0.005152477931819303,110.63898099285949,306263608.0,0.963
,52.5637056,6.5,1193.0,3.28372,5625.56,0.97,,,542.0,,1,TESS,306263608.0,,0.005152477931819303,110.63898099285949,306263608.0,0.963
,52.5637056,6.5,1193.0,3.28372,5625.56,0.97,,,542.0,,1,TESS,306263608.0,,0.005152477931819303,110.63898099285949,306263608.0,0.758
,52.5637056,6.5,1193.0,3.28372,5625.56,0.97,,,542.0,,1,TESS,306263608.0,,0.005152477931819303,110.63898099285949,306263608.0,0.758
,52.5637056,6.5,1193.0,3.28372,5625.56,0.97,,,542.0,,1,TESS,306263608.0,,0.005152477931819303,110.63898099285949,306263608.0,0.495
,52.5637056,6.5,1193.0,3.28372,5625.56,0.97,,,542.0,,1,TESS,306263608.0,,0.005152477931819303,110.63898099285949,306263608.0,0.495
,52.5637056,6.5,1193.0,3.28372,5625.56,0.97,,,542.0,,1,TESS,306263608.0,,0.005152477931819303,110.63898099285949,306263608.0,0.963
,52.5637056,6.5,1193.0,3.28372,5625.56,0.97,,,542.0,,1,TESS,306263608.0,,0.005152477931819303,110.63898099285949,306263608.0,0.963
,52.5637056,6.5,1193.0,3.28372,5625.56,0.97,,,542.0,,1,TESS,306263608.0,,0.005152477931819303,110.63898099285949,306263608.0,0.758
,52.5637056,6.5,1193.0,3.28372,5625.56,0.97,,,542.0,,1,TESS,306263608.0,,0.005152477931819303,110.63898099285949,306263608.0,0.758
,52.5637056,6.5,1193.0,3.28372,5625.56,0.97,,,542.0,,1,TESS,306263608.0,,0.005152477931819303,110.63898099285949,306263608.0,0.495
,52.5637056,6.5,1193.0,3.28372,5625.56,0.97,,,542.0,,1,TESS,306263608.0,,0.005152477931819303,110.63898099285949,306263608.0,0.495
,6.3634106,2.692302,2368.6952027,4.4784698,5103.0,0.859483,,,826.0146095,,1,TESS,306955329.0,,0.017628793160929607,118.09998947895475,306955329.0,0.995
,6.3634106,2.692302,2368.6952027,4.4784698,5103.0,0.859483,,,826.0146095,,1,TESS,306955329.0,,0.017628793160929607,118.09998947895475,306955329.0,0.972
,6.3634106,2.692302,2368.6952027,4.4784698,5103.0,0.859483,,,826.0146095,,1,TESS,306955329.0,,0.017628793160929607,118.09998947895475,306955329.0,0.97
,6.3634106,2.692302,2368.6952027,4.4784698,5103.0,0.859483,,,826.0146095,,1,TESS,306955329.0,,0.017628793160929607,118.09998947895475,306955329.0,0.946
,5.2544884,2.898,567.0,2.1916,5958.0,0.99,,,1144.0,,1,TESS,352413427.0,,0.022980353147698508,118.04847605913193,352413427.0,0.991
,5.2544884,2.898,567.0,2.1916,5958.0,0.99,,,1144.0,,1,TESS,352413427.0,,0.022980353147698508,118.04847605913193,352413427.0,0.989
,5.2544884,2.898,567.0,2.1916,5958.0,0.99,,,1144.0,,1,TESS,352413427.0,,0.022980353147698508,118.04847605913193,352413427.0,0.964
,5.222621,4.693629,15867.9920175,3.7216015,3453.0,0.275946,,,329.6508495,,0,TESS,427654774.0,,0.037446307790616466,1145.6770297339538,427654774.0,0.827
,5.222621,4.693629,15867.9920175,3.7216015,3453.0,0.275946,,,329.6508495,,0,TESS,427654774.0,,0.037446307790616466,1145.6770297339538,427654774.0,0.73
,5.222621,4.693629,15867.9920175,3.7216015,3453.0,0.275946,,,329.6508495,,0,TESS,427654774.0,,0.037446307790616466,1145.6770297339538,427654774.0,0.717
,5.222621,4.693629,15867.9920175,3.7216015,3453.0,0.275946,,,329.6508495,,0,TESS,427654774.0,,0.037446307790616466,1145.6770297339538,427654774.0,0.577
,5.222621,4.693629,15867.9920175,3.7216015,3453.0,0.275946,,,329.6508495,,0,TESS,427654774.0,,0.037446307790616466,1145.6770297339538,427654774.0,0.271
,5.8574075,5.8548029,6489.7302346,13.8892762,5982.9,1.67987,,,1335.1143401,,1,TESS,271893367.0,,0.041648138549007264,33.64088508925527,271893367.0,0.162
,2.1721416,2.7480823,17864.5520776,18.0850347,6198.0,1.30937,,,1677.7485906,,0,TESS,184679932.0,,0.05271453158036653,54.62021903641284,184679932.0,0.212
,3.4557863,2.164,6423.0,16.0772,8170.0,1.78,,,2058.0,,0,TESS,116608612.0,,0.026091505015666226,24.84946777773583,116608612.0,0.361
,3.4557863,2.164,6423.0,16.0772,8170.0,1.78,,,2058.0,,0,TESS,116608612.0,,0.026091505015666226,24.84946777773583,116608612.0,0.231
,3.4557863,2.164,6423.0,16.0772,8170.0,1.78,,,2058.0,,0,TESS,116608612.0,,0.026091505015666226,24.84946777773583,116608612.0,0.229
,3.4557863,2.164,6423.0,16.0772,8170.0,1.78,,,2058.0,,0,TESS,116608612.0,,0.026091505015666226,24.84946777773583,116608612.0,0.202
,3.4557863,2.164,6423.0,16.0772,8170.0,1.78,,,2058.0,,0,TESS,116608612.0,,0.026091505015666226,24.84946777773583,116608612.0,0.174
,7.757643,2.8561356,7336.6908822,12.7936991,6038.0,1.91151,,,993.2304197,,0,TESS,350743714.0,,0.015340439017471551,44.8237259587129,350743714.0,0.992
,7.757643,2.8561356,7336.6908822,12.7936991,6038.0,1.91151,,,993.2304197,,0,TESS,350743714.0,,0.015340439017471551,44.8237259587129,350743714.0,0.991
,7.757643,2.8561356,7336.6908822,12.7936991,6038.0,1.91151,,,993.2304197,,0,TESS,350743714.0,,0.015340439017471551,44.8237259587129,350743714.0,0.99
,7.757643,2.8561356,7336.6908822,12.7936991,6038.0,1.91151,,,993.2304197,,0,TESS,350743714.0,,0.015340439017471551,44.8237259587129,350743714.0,0.989
,7.757643,2.8561356,7336.6908822,12.7936991,6038.0,1.91151,,,993.2304197,,0,TESS,350743714.0,,0.015340439017471551,44.8237259587129,350743714.0,0.989
,7.757643,2.8561356,7336.6908822,12.7936991,6038.0,1.91151,,,993.2304197,,0,TESS,350743714.0,,0.015340439017471551,44.8237259587129,350743714.0,0.987
,7.757643,2.8561356,7336.6908822,12.7936991,6038.0,1.91151,,,993.2304197,,0,TESS,350743714.0,,0.015340439017471551,44.8237259587129,350743714.0,0.986
,7.757643,2.8561356,7336.6908822,12.7936991,6038.0,1.91151,,,993.2304197,,0,TESS,350743714.0,,0.015340439017471551,44.8237259587129,350743714.0,0.986
,7.757643,2.8561356,7336.6908822,12.7936991,6038.0,1.91151,,,993.2304197,,0,TESS,350743714.0,,0.015340439017471551,44.8237259587129,350743714.0,0.984
,7.757643,2.8561356,7336.6908822,12.7936991,6038.0,1.91151,,,993.2304197,,0,TESS,350743714.0,,0.015340439017471551,44.8237259587129,350743714.0,0.983
,7.757643,2.8561356,7336.6908822,12.7936991,6038.0,1.91151,,,993.2304197,,0,TESS,350743714.0,,0.015340439017471551,44.8237259587129,350743714.0,0.981
,7.757643,2.8561356,7336.6908822,12.7936991,6038.0,1.91151,,,993.2304197,,0,TESS,350743714.0,,0.015340439017471551,44.8237259587129,350743714.0,0.979
,7.757643,2.8561356,7336.6908822,12.7936991,6038.0,1.91151,,,993.2304197,,0,TESS,350743714.0,,0.015340439017471551,44.8237259587129,350743714.0,0.973
,7.757643,2.8561356,7336.6908822,12.7936991,6038.0,1.91151,,,993.2304197,,0,TESS,350743714.0,,0.015340439017471551,44.8237259587129,350743714.0,0.972
,7.757643,2.8561356,7336.6908822,12.7936991,6038.0,1.91151,,,993.2304197,,0,TESS,350743714.0,,0.015340439017471551,44.8237259587129,350743714.0,0.971
,7.757643,2.8561356,7336.6908822,12.7936991,6038.0,1.91151,,,993.2304197,,0,TESS,350743714.0,,0.015340439017471551,44.8237259587129,350743714.0,0.968
,7.757643,2.8561356,7336.6908822,12.7936991,6038.0,1.91151,,,993.2304197,,0,TESS,350743714.0,,0.015340439017471551,44.8237259587129,350743714.0,0.968
,7.757643,2.8561356,7336.6908822,12.7936991,6038.0,1.91151,,,993.2304197,,0,TESS,350743714.0,,0.015340439017471551,44.8237259587129,350743714.0,0.956
,7.757643,2.8561356,7336.6908822,12.7936991,6038.0,1.91151,,,993.2304197,,0,TESS,350743714.0,,0.015340439017471551,44.8237259587129,350743714.0,0.946
,7.757643,2.8561356,7336.6908822,12.7936991,6038.0,1.91151,,,993.2304197,,0,TESS,350743714.0,,0.015340439017471551,44.8237259587129,350743714.0,0.904
,7.757643,2.8561356,7336.6908822,12.7936991,6038.0,1.91151,,,993.2304197,,0,TESS,350743714.0,,0.015340439017471551,44.8237259587129,350743714.0,0.72
,7.757643,2.8561356,7336.6908822,12.7936991,6038.0,1.91151,,,993.2304197,,0,TESS,350743714.0,,0.015340439017471551,44.8237259587129,350743714.0,0.451
,3.7649949,2.642,14735.0,17.8182,6724.0,1.42,,,1367.0,,1,TESS,138168780.0,,0.029238640433498764,46.411166070048225,138168780.0,0.301
,0.6664948,1.38,260.0,3.217,5329.0,1.99,,,2004.0,,0,TESS,154867950.0,,0.08627223559032046,25.122981827387722,154867950.0,0.663
,0.6664948,1.38,260.0,3.217,5329.0,1.99,,,2004.0,,0,TESS,154867950.0,,0.08627223559032046,25.122981827387722,154867950.0,0.544
,0.6664948,1.38,260.0,3.217,5329.0,1.99,,,2004.0,,0,TESS,154867950.0,,0.08627223559032046,25.122981827387722,154867950.0,0.499
,0.6664948,1.38,260.0,3.217,5329.0,1.99,,,2004.0,,0,TESS,154867950.0,,0.08627223559032046,25.122981827387722,154867950.0,0.389
,0.6664948,1.38,260.0,3.217,5329.0,1.99,,,2004.0,,0,TESS,154867950.0,,0.08627223559032046,25.122981827387722,154867950.0,0.366
,0.6664948,1.38,260.0,3.217,5329.0,1.99,,,2004.0,,0,TESS,154867950.0,,0.08627223559032046,25.122981827387722,154867950.0,0.328
,0.6664948,1.38,260.0,3.217,5329.0,1.99,,,2004.0,,0,TESS,154867950.0,,0.08627223559032046,25.122981827387722,154867950.0,0.194
,0.6664948,1.38,260.0,3.217,5329.0,1.99,,,2004.0,,0,TESS,154867950.0,,0.08627223559032046,25.122981827387722,154867950.0,0.168
,0.6664948,1.38,260.0,3.217,5329.0,1.99,,,2004.0,,0,TESS,154867950.0,,0.08627223559032046,25.122981827387722,154867950.0,0.142
,8.7094632,3.027,4510.0,20.9625,5597.0,1.59,,,1185.0,,1,TESS,101037590.0,,0.014481374626694491,10.263379545677044,101037590.0,0.15
,2.4727425,2.341,2929.0,23.6289,6057.7,2.13,,,2298.0,,0,TESS,138017750.0,,0.039446753967730945,5.246049235779277,138017750.0,0.124
,12.0557353,1.959,807.0,2.39173,5504.0,0.83,,,584.0,,1,TESS,317597583.0,,0.006770636355784135,141.07470694161862,317597583.0,0.996
,12.0557353,1.959,807.0,2.39173,5504.0,0.83,,,584.0,,1,TESS,317597583.0,,0.006770636355784135,141.07470694161862,317597583.0,0.994
,12.0557353,1.959,807.0,2.39173,5504.0,0.83,,,584.0,,1,TESS,317597583.0,,0.006770636355784135,141.07470694161862,317597583.0,0.993
,12.0557353,1.959,807.0,2.39173,5504.0,0.83,,,584.0,,1,TESS,317597583.0,,0.006770636355784135,141.07470694161862,317597583.0,0.987
,12.0557353,1.959,807.0,2.39173,5504.0,0.83,,,584.0,,1,TESS,317597583.0,,0.006770636355784135,141.07470694161862,317597583.0,0.987
,12.0557353,1.959,807.0,2.39173,5504.0,0.83,,,584.0,,1,TESS,317597583.0,,0.006770636355784135,141.07470694161862,317597583.0,0.876
,12.0557353,1.959,807.0,2.39173,5504.0,0.83,,,584.0,,1,TESS,317597583.0,,0.006770636355784135,141.07470694161862,317597583.0,0.761
,12.0557353,1.959,807.0,2.39173,5504.0,0.83,,,584.0,,1,TESS,317597583.0,,0.006770636355784135,141.07470694161862,317597583.0,0.486
,34.9270483,2.7546907,110264.9392094,18.8285063,3496.0,0.389199,,,242.488665,,0,TESS,230086768.0,,0.003286243316179107,311.03245274114107,230086768.0,0.11
,4.076684,4.4132181,10459.727229,17.5223182,6531.44,1.64302,,,1571.9653862,,0,TESS,286355915.0,,0.04510628874363853,34.067262129051066,286355915.0,0.845
,4.076684,4.4132181,10459.727229,17.5223182,6531.44,1.64302,,,1571.9653862,,0,TESS,286355915.0,,0.04510628874363853,34.067262129051066,286355915.0,0.75
,4.076684,4.4132181,10459.727229,17.5223182,6531.44,1.64302,,,1571.9653862,,0,TESS,286355915.0,,0.04510628874363853,34.067262129051066,286355915.0,0.734
,6.7171913,7.5037208,9138.715071,22.875658,5843.0,2.3529,,,1484.8121463,,0,TESS,121966220.0,,0.0465455005567487,17.463767709648042,121966220.0,0.768
,6.7171913,7.5037208,9138.715071,22.875658,5843.0,2.3529,,,1484.8121463,,0,TESS,121966220.0,,0.0465455005567487,17.463767709648042,121966220.0,0.599
,1.4079369,0.3063531,484643.7441389,,5780.0,,,,1626.2264571,,1,TESS,267574918.0,,0.009066252984945178,,267574918.0,0.501
,16.7368995,4.561,989.0,2.88015,5759.0,1.0,,,834.0,,1,TESS,268334473.0,,0.011354651809527576,119.22464168624458,268334473.0,0.996
,16.7368995,4.561,989.0,2.88015,5759.0,1.0,,,834.0,,1,TESS,268334473.0,,0.011354651809527576,119.22464168624458,268334473.0,0.995
,16.7368995,4.561,989.0,2.88015,5759.0,1.0,,,834.0,,1,TESS,268334473.0,,0.011354651809527576,119.22464168624458,268334473.0,0.995
,16.7368995,4.561,989.0,2.88015,5759.0,1.0,,,834.0,,1,TESS,268334473.0,,0.011354651809527576,119.22464168624458,268334473.0,0.994
,16.7368995,4.561,989.0,2.88015,5759.0,1.0,,,834.0,,1,TESS,268334473.0,,0.011354651809527576,119.22464168624458,268334473.0,0.993
,16.7368995,4.561,989.0,2.88015,5759.0,1.0,,,834.0,,1,TESS,268334473.0,,0.011354651809527576,119.22464168624458,268334473.0,0.992
,16.7368995,4.561,989.0,2.88015,5759.0,1.0,,,834.0,,1,TESS,268334473.0,,0.011354651809527576,119.22464168624458,268334473.0,0.979
,16.7368995,4.561,989.0,2.88015,5759.0,1.0,,,834.0,,1,TESS,268334473.0,,0.011354651809527576,119.22464168624458,268334473.0,0.975
,16.7368995,4.561,989.0,2.88015,5759.0,1.0,,,834.0,,1,TESS,268334473.0,,0.011354651809527576,119.22464168624458,268334473.0,0.949
,16.7368995,4.561,989.0,2.88015,5759.0,1.0,,,834.0,,1,TESS,268334473.0,,0.011354651809527576,119.22464168624458,268334473.0,0.866
,16.7368995,4.561,989.0,2.88015,5759.0,1.0,,,834.0,,1,TESS,268334473.0,,0.011354651809527576,119.22464168624458,268334473.0,0.848
,3.1342946,1.2158796,1183.6060713,1.7992966,3575.0,0.516105,,,618.3628631,,1,TESS,422756130.0,,0.016163652684886252,365.5960808139062,422756130.0,0.96
,2.5005291,0.8809865,12579.3504758,3.1713853,3181.0,0.280475,,,491.6465759,,1,TESS,470381900.0,,0.014680001213209882,1250.7201780489845,470381900.0,0.966
,5.8775548,2.9027641,412.2881337,2.1822904,5977.0,1.00568,,,1031.1383185,,1,TESS,288631580.0,,0.02057803073299269,86.57164297750633,288631580.0,0.981
,5.8775548,2.9027641,412.2881337,2.1822904,5977.0,1.00568,,,1031.1383185,,1,TESS,288631580.0,,0.02057803073299269,86.57164297750633,288631580.0,0.937
,5.8775548,2.9027641,412.2881337,2.1822904,5977.0,1.00568,,,1031.1383185,,1,TESS,288631580.0,,0.02057803073299269,86.57164297750633,288631580.0,0.935
,5.8775548,2.9027641,412.2881337,2.1822904,5977.0,1.00568,,,1031.1383185,,1,TESS,288631580.0,,0.02057803073299269,86.57164297750633,288631580.0,0.761
,5.8775548,2.9027641,412.2881337,2.1822904,5977.0,1.00568,,,1031.1383185,,1,TESS,288631580.0,,0.02057803073299269,86.57164297750633,288631580.0,0.554
,2.6800536,1.758,456.0,2.3437,5550.0,1.07,,,1198.0,,1,TESS,428679607.0,,0.027331542496458184,83.01579352351158,428679607.0,0.996
,2.6800536,1.758,456.0,2.3437,5550.0,1.07,,,1198.0,,1,TESS,428679607.0,,0.027331542496458184,83.01579352351158,428679607.0,0.992
,2.6800536,1.758,456.0,2.3437,5550.0,1.07,,,1198.0,,1,TESS,428679607.0,,0.027331542496458184,83.01579352351158,428679607.0,0.984
,2.6800536,1.758,456.0,2.3437,5550.0,1.07,,,1198.0,,1,TESS,428679607.0,,0.027331542496458184,83.01579352351158,428679607.0,0.976
,2.6800536,1.758,456.0,2.3437,5550.0,1.07,,,1198.0,,1,TESS,428679607.0,,0.027331542496458184,83.01579352351158,428679607.0,0.944
,2.6800536,1.758,456.0,2.3437,5550.0,1.07,,,1198.0,,1,TESS,428679607.0,,0.027331542496458184,83.01579352351158,428679607.0,0.929
,2.6800536,1.758,456.0,2.3437,5550.0,1.07,,,1198.0,,1,TESS,428679607.0,,0.027331542496458184,83.01579352351158,428679607.0,0.927
,2.6800536,1.758,456.0,2.3437,5550.0,1.07,,,1198.0,,1,TESS,428679607.0,,0.027331542496458184,83.01579352351158,428679607.0,0.925
,2.6800536,1.758,456.0,2.3437,5550.0,1.07,,,1198.0,,1,TESS,428679607.0,,0.027331542496458184,83.01579352351158,428679607.0,0.872
,2.6800536,1.758,456.0,2.3437,5550.0,1.07,,,1198.0,,1,TESS,428679607.0,,0.027331542496458184,83.01579352351158,428679607.0,0.851
,2.6800536,1.758,456.0,2.3437,5550.0,1.07,,,1198.0,,1,TESS,428679607.0,,0.027331542496458184,83.01579352351158,428679607.0,0.488
,40.7501028,4.873,6026.0,10.1271,6453.0,1.31,,,544.0,,1,TESS,441739020.0,,0.00498260501220277,58.75690700471033,441739020.0,0.771
,40.7501028,4.873,6026.0,10.1271,6453.0,1.31,,,544.0,,1,TESS,441739020.0,,0.00498260501220277,58.75690700471033,441739020.0,0.771
,40.7501028,4.873,6026.0,10.1271,6453.0,1.31,,,544.0,,1,TESS,441739020.0,,0.00498260501220277,58.75690700471033,441739020.0,0.599
,40.7501028,4.873,6026.0,10.1271,6453.0,1.31,,,544.0,,1,TESS,441739020.0,,0.00498260501220277,58.75690700471033,441739020.0,0.599
,40.7501028,4.873,6026.0,10.1271,6453.0,1.31,,,544.0,,1,TESS,441739020.0,,0.00498260501220277,58.75690700471033,441739020.0,0.553
,40.7501028,4.873,6026.0,10.1271,6453.0,1.31,,,544.0,,1,TESS,441739020.0,,0.00498260501220277,58.75690700471033,441739020.0,0.553
,40.7501028,4.873,6026.0,10.1271,6453.0,1.31,,,544.0,,1,TESS,441739020.0,,0.00498260501220277,58.75690700471033,441739020.0,0.428
,40.7501028,4.873,6026.0,10.1271,6453.0,1.31,,,544.0,,1,TESS,441739020.0,,0.00498260501220277,58.75690700471033,441739020.0,0.428
,40.7501028,4.873,6026.0,10.1271,6453.0,1.31,,,544.0,,1,TESS,441739020.0,,0.00498260501220277,58.75690700471033,441739020.0,0.771
,40.7501028,4.873,6026.0,10.1271,6453.0,1.31,,,544.0,,1,TESS,441739020.0,,0.00498260501220277,58.75690700471033,441739020.0,0.771
,40.7501028,4.873,6026.0,10.1271,6453.0,1.31,,,544.0,,1,TESS,441739020.0,,0.00498260501220277,58.75690700471033,441739020.0,0.599
,40.7501028,4.873,6026.0,10.1271,6453.0,1.31,,,544.0,,1,TESS,441739020.0,,0.00498260501220277,58.75690700471033,441739020.0,0.599
,40.7501028,4.873,6026.0,10.1271,6453.0,1.31,,,544.0,,1,TESS,441739020.0,,0.00498260501220277,58.75690700471033,441739020.0,0.553
,40.7501028,4.873,6026.0,10.1271,6453.0,1.31,,,544.0,,1,TESS,441739020.0,,0.00498260501220277,58.75690700471033,441739020.0,0.553
,40.7501028,4.873,6026.0,10.1271,6453.0,1.31,,,544.0,,1,TESS,441739020.0,,0.00498260501220277,58.75690700471033,441739020.0,0.428
,40.7501028,4.873,6026.0,10.1271,6453.0,1.31,,,544.0,,1,TESS,441739020.0,,0.00498260501220277,58.75690700471033,441739020.0,0.428
,10.9836724,2.636,315.0,2.35616,6453.0,1.31,,,1043.0,,1,TESS,441739020.0,,0.00999969126142906,56.74151378192603,441739020.0,0.771
,10.9836724,2.636,315.0,2.35616,6453.0,1.31,,,1043.0,,1,TESS,441739020.0,,0.00999969126142906,56.74151378192603,441739020.0,0.771
,10.9836724,2.636,315.0,2.35616,6453.0,1.31,,,1043.0,,1,TESS,441739020.0,,0.00999969126142906,56.74151378192603,441739020.0,0.599
,10.9836724,2.636,315.0,2.35616,6453.0,1.31,,,1043.0,,1,TESS,441739020.0,,0.00999969126142906,56.74151378192603,441739020.0,0.599
,10.9836724,2.636,315.0,2.35616,6453.0,1.31,,,1043.0,,1,TESS,441739020.0,,0.00999969126142906,56.74151378192603,441739020.0,0.553
,10.9836724,2.636,315.0,2.35616,6453.0,1.31,,,1043.0,,1,TESS,441739020.0,,0.00999969126142906,56.74151378192603,441739020.0,0.553
,10.9836724,2.636,315.0,2.35616,6453.0,1.31,,,1043.0,,1,TESS,441739020.0,,0.00999969126142906,56.74151378192603,441739020.0,0.428
,10.9836724,2.636,315.0,2.35616,6453.0,1.31,,,1043.0,,1,TESS,441739020.0,,0.00999969126142906,56.74151378192603,441739020.0,0.428
,10.9836724,2.636,315.0,2.35616,6453.0,1.31,,,1043.0,,1,TESS,441739020.0,,0.00999969126142906,56.74151378192603,441739020.0,0.771
,10.9836724,2.636,315.0,2.35616,6453.0,1.31,,,1043.0,,1,TESS,441739020.0,,0.00999969126142906,56.74151378192603,441739020.0,0.771
,10.9836724,2.636,315.0,2.35616,6453.0,1.31,,,1043.0,,1,TESS,441739020.0,,0.00999969126142906,56.74151378192603,441739020.0,0.599
,10.9836724,2.636,315.0,2.35616,6453.0,1.31,,,1043.0,,1,TESS,441739020.0,,0.00999969126142906,56.74151378192603,441739020.0,0.599
,10.9836724,2.636,315.0,2.35616,6453.0,1.31,,,1043.0,,1,TESS,441739020.0,,0.00999969126142906,56.74151378192603,441739020.0,0.553
,10.9836724,2.636,315.0,2.35616,6453.0,1.31,,,1043.0,,1,TESS,441739020.0,,0.00999969126142906,56.74151378192603,441739020.0,0.553
,10.9836724,2.636,315.0,2.35616,6453.0,1.31,,,1043.0,,1,TESS,441739020.0,,0.00999969126142906,56.74151378192603,441739020.0,0.428
,10.9836724,2.636,315.0,2.35616,6453.0,1.31,,,1043.0,,1,TESS,441739020.0,,0.00999969126142906,56.74151378192603,441739020.0,0.428
,4.8026561,1.1658648,4358.1157678,1.4202459,3231.0,0.213459,,,370.455897,,1,TESS,259168516.0,,0.010114757035914312,2160.585508191638,259168516.0,0.252
,3.057524,1.3790503,1117.9638175,2.4878486,4402.0,0.695095,,,848.2229732,,1,TESS,58542531.0,,0.01879312423504111,180.6257996812927,58542531.0,0.997
,3.057524,1.3790503,1117.9638175,2.4878486,4402.0,0.695095,,,848.2229732,,1,TESS,58542531.0,,0.01879312423504111,180.6257996812927,58542531.0,0.996
,3.057524,1.3790503,1117.9638175,2.4878486,4402.0,0.695095,,,848.2229732,,1,TESS,58542531.0,,0.01879312423504111,180.6257996812927,58542531.0,0.994
,3.057524,1.3790503,1117.9638175,2.4878486,4402.0,0.695095,,,848.2229732,,1,TESS,58542531.0,,0.01879312423504111,180.6257996812927,58542531.0,0.984
,3.057524,1.3790503,1117.9638175,2.4878486,4402.0,0.695095,,,848.2229732,,1,TESS,58542531.0,,0.01879312423504111,180.6257996812927,58542531.0,0.982
,17.6671687,2.525,854.0,1.87042,4813.0,0.69,,,462.0,,1,TESS,425997655.0,,0.005955019441525314,244.10657160066313,425997655.0,0.988
,17.6671687,2.525,854.0,1.87042,4813.0,0.69,,,462.0,,1,TESS,425997655.0,,0.005955019441525314,244.10657160066313,425997655.0,0.988
,17.6671687,2.525,854.0,1.87042,4813.0,0.69,,,462.0,,1,TESS,425997655.0,,0.005955019441525314,244.10657160066313,425997655.0,0.988
,17.6671687,2.525,854.0,1.87042,4813.0,0.69,,,462.0,,1,TESS,425997655.0,,0.005955019441525314,244.10657160066313,425997655.0,0.988
,17.6671687,2.525,854.0,1.87042,4813.0,0.69,,,462.0,,1,TESS,425997655.0,,0.005955019441525314,244.10657160066313,425997655.0,0.988
,17.6671687,2.525,854.0,1.87042,4813.0,0.69,,,462.0,,1,TESS,425997655.0,,0.005955019441525314,244.10657160066313,425997655.0,0.914
,17.6671687,2.525,854.0,1.87042,4813.0,0.69,,,462.0,,1,TESS,425997655.0,,0.005955019441525314,244.10657160066313,425997655.0,0.914
,17.6671687,2.525,854.0,1.87042,4813.0,0.69,,,462.0,,1,TESS,425997655.0,,0.005955019441525314,244.10657160066313,425997655.0,0.914
,17.6671687,2.525,854.0,1.87042,4813.0,0.69,,,462.0,,1,TESS,425997655.0,,0.005955019441525314,244.10657160066313,425997655.0,0.914
,17.6671687,2.525,854.0,1.87042,4813.0,0.69,,,462.0,,1,TESS,425997655.0,,0.005955019441525314,244.10657160066313,425997655.0,0.914
,17.6671687,2.525,854.0,1.87042,4813.0,0.69,,,462.0,,1,TESS,425997655.0,,0.005955019441525314,244.10657160066313,425997655.0,0.846
,17.6671687,2.525,854.0,1.87042,4813.0,0.69,,,462.0,,1,TESS,425997655.0,,0.005955019441525314,244.10657160066313,425997655.0,0.846
,17.6671687,2.525,854.0,1.87042,4813.0,0.69,,,462.0,,1,TESS,425997655.0,,0.005955019441525314,244.10657160066313,425997655.0,0.846
,17.6671687,2.525,854.0,1.87042,4813.0,0.69,,,462.0,,1,TESS,425997655.0,,0.005955019441525314,244.10657160066313,425997655.0,0.846
,17.6671687,2.525,854.0,1.87042,4813.0,0.69,,,462.0,,1,TESS,425997655.0,,0.005955019441525314,244.10657160066313,425997655.0,0.846
,17.6671687,2.525,854.0,1.87042,4813.0,0.69,,,462.0,,1,TESS,425997655.0,,0.005955019441525314,244.10657160066313,425997655.0,0.988
,17.6671687,2.525,854.0,1.87042,4813.0,0.69,,,462.0,,1,TESS,425997655.0,,0.005955019441525314,244.10657160066313,425997655.0,0.988
,17.6671687,2.525,854.0,1.87042,4813.0,0.69,,,462.0,,1,TESS,425997655.0,,0.005955019441525314,244.10657160066313,425997655.0,0.988
,17.6671687,2.525,854.0,1.87042,4813.0,0.69,,,462.0,,1,TESS,425997655.0,,0.005955019441525314,244.10657160066313,425997655.0,0.988
,17.6671687,2.525,854.0,1.87042,4813.0,0.69,,,462.0,,1,TESS,425997655.0,,0.005955019441525314,244.10657160066313,425997655.0,0.988
,17.6671687,2.525,854.0,1.87042,4813.0,0.69,,,462.0,,1,TESS,425997655.0,,0.005955019441525314,244.10657160066313,425997655.0,0.914
,17.6671687,2.525,854.0,1.87042,4813.0,0.69,,,462.0,,1,TESS,425997655.0,,0.005955019441525314,244.10657160066313,425997655.0,0.914
,17.6671687,2.525,854.0,1.87042,4813.0,0.69,,,462.0,,1,TESS,425997655.0,,0.005955019441525314,244.10657160066313,425997655.0,0.914
,17.6671687,2.525,854.0,1.87042,4813.0,0.69,,,462.0,,1,TESS,425997655.0,,0.005955019441525314,244.10657160066313,425997655.0,0.914
,17.6671687,2.525,854.0,1.87042,4813.0,0.69,,,462.0,,1,TESS,425997655.0,,0.005955019441525314,244.10657160066313,425997655.0,0.914
,17.6671687,2.525,854.0,1.87042,4813.0,0.69,,,462.0,,1,TESS,425997655.0,,0.005955019441525314,244.10657160066313,425997655.0,0.846
,17.6671687,2.525,854.0,1.87042,4813.0,0.69,,,462.0,,1,TESS,425997655.0,,0.005955019441525314,244.10657160066313,425997655.0,0.846
,17.6671687,2.525,854.0,1.87042,4813.0,0.69,,,462.0,,1,TESS,425997655.0,,0.005955019441525314,244.10657160066313,425997655.0,0.846
,17.6671687,2.525,854.0,1.87042,4813.0,0.69,,,462.0,,1,TESS,425997655.0,,0.005955019441525314,244.10657160066313,425997655.0,0.846
,17.6671687,2.525,854.0,1.87042,4813.0,0.69,,,462.0,,1,TESS,425997655.0,,0.005955019441525314,244.10657160066313,425997655.0,0.846
,17.6671687,2.525,854.0,1.87042,4813.0,0.69,,,462.0,,1,TESS,425997655.0,,0.005955019441525314,244.10657160066313,425997655.0,0.988
,17.6671687,2.525,854.0,1.87042,4813.0,0.69,,,462.0,,1,TESS,425997655.0,,0.005955019441525314,244.10657160066313,425997655.0,0.988
,17.6671687,2.525,854.0,1.87042,4813.0,0.69,,,462.0,,1,TESS,425997655.0,,0.005955019441525314,244.10657160066313,425997655.0,0.988
,17.6671687,2.525,854.0,1.87042,4813.0,0.69,,,462.0,,1,TESS,425997655.0,,0.005955019441525314,244.10657160066313,425997655.0,0.988
,17.6671687,2.525,854.0,1.87042,4813.0,0.69,,,462.0,,1,TESS,425997655.0,,0.005955019441525314,244.10657160066313,425997655.0,0.988
,17.6671687,2.525,854.0,1.87042,4813.0,0.69,,,462.0,,1,TESS,425997655.0,,0.005955019441525314,244.10657160066313,425997655.0,0.914
,17.6671687,2.525,854.0,1.87042,4813.0,0.69,,,462.0,,1,TESS,425997655.0,,0.005955019441525314,244.10657160066313,425997655.0,0.914
,17.6671687,2.525,854.0,1.87042,4813.0,0.69,,,462.0,,1,TESS,425997655.0,,0.005955019441525314,244.10657160066313,425997655.0,0.914
,17.6671687,2.525,854.0,1.87042,4813.0,0.69,,,462.0,,1,TESS,425997655.0,,0.005955019441525314,244.10657160066313,425997655.0,0.914
,17.6671687,2.525,854.0,1.87042,4813.0,0.69,,,462.0,,1,TESS,425997655.0,,0.005955019441525314,244.10657160066313,425997655.0,0.914
,17.6671687,2.525,854.0,1.87042,4813.0,0.69,,,462.0,,1,TESS,425997655.0,,0.005955019441525314,244.10657160066313,425997655.0,0.846
,17.6671687,2.525,854.0,1.87042,4813.0,0.69,,,462.0,,1,TESS,425997655.0,,0.005955019441525314,244.10657160066313,425997655.0,0.846
,17.6671687,2.525,854.0,1.87042,4813.0,0.69,,,462.0,,1,TESS,425997655.0,,0.005955019441525314,244.10657160066313,425997655.0,0.846
,17.6671687,2.525,854.0,1.87042,4813.0,0.69,,,462.0,,1,TESS,425997655.0,,0.005955019441525314,244.10657160066313,425997655.0,0.846
,17.6671687,2.525,854.0,1.87042,4813.0,0.69,,,462.0,,1,TESS,425997655.0,,0.005955019441525314,244.10657160066313,425997655.0,0.846
,17.6671687,2.525,854.0,1.87042,4813.0,0.69,,,462.0,,1,TESS,425997655.0,,0.005955019441525314,244.10657160066313,425997655.0,0.988
,17.6671687,2.525,854.0,1.87042,4813.0,0.69,,,462.0,,1,TESS,425997655.0,,0.005955019441525314,244.10657160066313,425997655.0,0.988
,17.6671687,2.525,854.0,1.87042,4813.0,0.69,,,462.0,,1,TESS,425997655.0,,0.005955019441525314,244.10657160066313,425997655.0,0.988
,17.6671687,2.525,854.0,1.87042,4813.0,0.69,,,462.0,,1,TESS,425997655.0,,0.005955019441525314,244.10657160066313,425997655.0,0.988
,17.6671687,2.525,854.0,1.87042,4813.0,0.69,,,462.0,,1,TESS,425997655.0,,0.005955019441525314,244.10657160066313,425997655.0,0.988
,17.6671687,2.525,854.0,1.87042,4813.0,0.69,,,462.0,,1,TESS,425997655.0,,0.005955019441525314,244.10657160066313,425997655.0,0.914
,17.6671687,2.525,854.0,1.87042,4813.0,0.69,,,462.0,,1,TESS,425997655.0,,0.005955019441525314,244.10657160066313,425997655.0,0.914
,17.6671687,2.525,854.0,1.87042,4813.0,0.69,,,462.0,,1,TESS,425997655.0,,0.005955019441525314,244.10657160066313,425997655.0,0.914
,17.6671687,2.525,854.0,1.87042,4813.0,0.69,,,462.0,,1,TESS,425997655.0,,0.005955019441525314,244.10657160066313,425997655.0,0.914
,17.6671687,2.525,854.0,1.87042,4813.0,0.69,,,462.0,,1,TESS,425997655.0,,0.005955019441525314,244.10657160066313,425997655.0,0.914
,17.6671687,2.525,854.0,1.87042,4813.0,0.69,,,462.0,,1,TESS,425997655.0,,0.005955019441525314,244.10657160066313,425997655.0,0.846
,17.6671687,2.525,854.0,1.87042,4813.0,0.69,,,462.0,,1,TESS,425997655.0,,0.005955019441525314,244.10657160066313,425997655.0,0.846
,17.6671687,2.525,854.0,1.87042,4813.0,0.69,,,462.0,,1,TESS,425997655.0,,0.005955019441525314,244.10657160066313,425997655.0,0.846
,17.6671687,2.525,854.0,1.87042,4813.0,0.69,,,462.0,,1,TESS,425997655.0,,0.005955019441525314,244.10657160066313,425997655.0,0.846
,17.6671687,2.525,854.0,1.87042,4813.0,0.69,,,462.0,,1,TESS,425997655.0,,0.005955019441525314,244.10657160066313,425997655.0,0.846
,17.6671687,2.525,854.0,1.87042,4813.0,0.69,,,462.0,,1,TESS,425997655.0,,0.005955019441525314,244.10657160066313,425997655.0,0.988
,17.6671687,2.525,854.0,1.87042,4813.0,0.69,,,462.0,,1,TESS,425997655.0,,0.005955019441525314,244.10657160066313,425997655.0,0.988
,17.6671687,2.525,854.0,1.87042,4813.0,0.69,,,462.0,,1,TESS,425997655.0,,0.005955019441525314,244.10657160066313,425997655.0,0.988
,17.6671687,2.525,854.0,1.87042,4813.0,0.69,,,462.0,,1,TESS,425997655.0,,0.005955019441525314,244.10657160066313,425997655.0,0.988
,17.6671687,2.525,854.0,1.87042,4813.0,0.69,,,462.0,,1,TESS,425997655.0,,0.005955019441525314,244.10657160066313,425997655.0,0.988
,17.6671687,2.525,854.0,1.87042,4813.0,0.69,,,462.0,,1,TESS,425997655.0,,0.005955019441525314,244.10657160066313,425997655.0,0.914
,17.6671687,2.525,854.0,1.87042,4813.0,0.69,,,462.0,,1,TESS,425997655.0,,0.005955019441525314,244.10657160066313,425997655.0,0.914
,17.6671687,2.525,854.0,1.87042,4813.0,0.69,,,462.0,,1,TESS,425997655.0,,0.005955019441525314,244.10657160066313,425997655.0,0.914
,17.6671687,2.525,854.0,1.87042,4813.0,0.69,,,462.0,,1,TESS,425997655.0,,0.005955019441525314,244.10657160066313,425997655.0,0.914
,17.6671687,2.525,854.0,1.87042,4813.0,0.69,,,462.0,,1,TESS,425997655.0,,0.005955019441525314,244.10657160066313,425997655.0,0.914
,17.6671687,2.525,854.0,1.87042,4813.0,0.69,,,462.0,,1,TESS,425997655.0,,0.005955019441525314,244.10657160066313,425997655.0,0.846
,17.6671687,2.525,854.0,1.87042,4813.0,0.69,,,462.0,,1,TESS,425997655.0,,0.005955019441525314,244.10657160066313,425997655.0,0.846
,17.6671687,2.525,854.0,1.87042,4813.0,0.69,,,462.0,,1,TESS,425997655.0,,0.005955019441525314,244.10657160066313,425997655.0,0.846
,17.6671687,2.525,854.0,1.87042,4813.0,0.69,,,462.0,,1,TESS,425997655.0,,0.005955019441525314,244.10657160066313,425997655.0,0.846
,17.6671687,2.525,854.0,1.87042,4813.0,0.69,,,462.0,,1,TESS,425997655.0,,0.005955019441525314,244.10657160066313,425997655.0,0.846
,29.7975205,2.782,671.0,1.60982,4813.0,0.69,,,374.0,,1,TESS,425997655.0,,0.0038901447019585845,258.9212620860283,425997655.0,0.988
,29.7975205,2.782,671.0,1.60982,4813.0,0.69,,,374.0,,1,TESS,425997655.0,,0.0038901447019585845,258.9212620860283,425997655.0,0.988
,29.7975205,2.782,671.0,1.60982,4813.0,0.69,,,374.0,,1,TESS,425997655.0,,0.0038901447019585845,258.9212620860283,425997655.0,0.988
,29.7975205,2.782,671.0,1.60982,4813.0,0.69,,,374.0,,1,TESS,425997655.0,,0.0038901447019585845,258.9212620860283,425997655.0,0.988
,29.7975205,2.782,671.0,1.60982,4813.0,0.69,,,374.0,,1,TESS,425997655.0,,0.0038901447019585845,258.9212620860283,425997655.0,0.988
,29.7975205,2.782,671.0,1.60982,4813.0,0.69,,,374.0,,1,TESS,425997655.0,,0.0038901447019585845,258.9212620860283,425997655.0,0.914
,29.7975205,2.782,671.0,1.60982,4813.0,0.69,,,374.0,,1,TESS,425997655.0,,0.0038901447019585845,258.9212620860283,425997655.0,0.914
,29.7975205,2.782,671.0,1.60982,4813.0,0.69,,,374.0,,1,TESS,425997655.0,,0.0038901447019585845,258.9212620860283,425997655.0,0.914
,29.7975205,2.782,671.0,1.60982,4813.0,0.69,,,374.0,,1,TESS,425997655.0,,0.0038901447019585845,258.9212620860283,425997655.0,0.914
,29.7975205,2.782,671.0,1.60982,4813.0,0.69,,,374.0,,1,TESS,425997655.0,,0.0038901447019585845,258.9212620860283,425997655.0,0.914
,29.7975205,2.782,671.0,1.60982,4813.0,0.69,,,374.0,,1,TESS,425997655.0,,0.0038901447019585845,258.9212620860283,425997655.0,0.846
,29.7975205,2.782,671.0,1.60982,4813.0,0.69,,,374.0,,1,TESS,425997655.0,,0.0038901447019585845,258.9212620860283,425997655.0,0.846
,29.7975205,2.782,671.0,1.60982,4813.0,0.69,,,374.0,,1,TESS,425997655.0,,0.0038901447019585845,258.9212620860283,425997655.0,0.846
,29.7975205,2.782,671.0,1.60982,4813.0,0.69,,,374.0,,1,TESS,425997655.0,,0.0038901447019585845,258.9212620860283,425997655.0,0.846
,29.7975205,2.782,671.0,1.60982,4813.0,0.69,,,374.0,,1,TESS,425997655.0,,0.0038901447019585845,258.9212620860283,425997655.0,0.846
,29.7975205,2.782,671.0,1.60982,4813.0,0.69,,,374.0,,1,TESS,425997655.0,,0.0038901447019585845,258.9212620860283,425997655.0,0.988
,29.7975205,2.782,671.0,1.60982,4813.0,0.69,,,374.0,,1,TESS,425997655.0,,0.0038901447019585845,258.9212620860283,425997655.0,0.988
,29.7975205,2.782,671.0,1.60982,4813.0,0.69,,,374.0,,1,TESS,425997655.0,,0.0038901447019585845,258.9212620860283,425997655.0,0.988
,29.7975205,2.782,671.0,1.60982,4813.0,0.69,,,374.0,,1,TESS,425997655.0,,0.0038901447019585845,258.9212620860283,425997655.0,0.988
,29.7975205,2.782,671.0,1.60982,4813.0,0.69,,,374.0,,1,TESS,425997655.0,,0.0038901447019585845,258.9212620860283,425997655.0,0.988
,29.7975205,2.782,671.0,1.60982,4813.0,0.69,,,374.0,,1,TESS,425997655.0,,0.0038901447019585845,258.9212620860283,425997655.0,0.914
,29.7975205,2.782,671.0,1.60982,4813.0,0.69,,,374.0,,1,TESS,425997655.0,,0.0038901447019585845,258.9212620860283,425997655.0,0.914
,29.7975205,2.782,671.0,1.60982,4813.0,0.69,,,374.0,,1,TESS,425997655.0,,0.0038901447019585845,258.9212620860283,425997655.0,0.914
,29.7975205,2.782,671.0,1.60982,4813.0,0.69,,,374.0,,1,TESS,425997655.0,,0.0038901447019585845,258.9212620860283,425997655.0,0.914
,29.7975205,2.782,671.0,1.60982,4813.0,0.69,,,374.0,,1,TESS,425997655.0,,0.0038901447019585845,258.9212620860283,425997655.0,0.914
,29.7975205,2.782,671.0,1.60982,4813.0,0.69,,,374.0,,1,TESS,425997655.0,,0.0038901447019585845,258.9212620860283,425997655.0,0.846
,29.7975205,2.782,671.0,1.60982,4813.0,0.69,,,374.0,,1,TESS,425997655.0,,0.0038901447019585845,258.9212620860283,425997655.0,0.846
,29.7975205,2.782,671.0,1.60982,4813.0,0.69,,,374.0,,1,TESS,425997655.0,,0.0038901447019585845,258.9212620860283,425997655.0,0.846
,29.7975205,2.782,671.0,1.60982,4813.0,0.69,,,374.0,,1,TESS,425997655.0,,0.0038901447019585845,258.9212620860283,425997655.0,0.846
,29.7975205,2.782,671.0,1.60982,4813.0,0.69,,,374.0,,1,TESS,425997655.0,,0.0038901447019585845,258.9212620860283,425997655.0,0.846
,29.7975205,2.782,671.0,1.60982,4813.0,0.69,,,374.0,,1,TESS,425997655.0,,0.0038901447019585845,258.9212620860283,425997655.0,0.988
,29.7975205,2.782,671.0,1.60982,4813.0,0.69,,,374.0,,1,TESS,425997655.0,,0.0038901447019585845,258.9212620860283,425997655.0,0.988
,29.7975205,2.782,671.0,1.60982,4813.0,0.69,,,374.0,,1,TESS,425997655.0,,0.0038901447019585845,258.9212620860283,425997655.0,0.988
,29.7975205,2.782,671.0,1.60982,4813.0,0.69,,,374.0,,1,TESS,425997655.0,,0.0038901447019585845,258.9212620860283,425997655.0,0.988
,29.7975205,2.782,671.0,1.60982,4813.0,0.69,,,374.0,,1,TESS,425997655.0,,0.0038901447019585845,258.9212620860283,425997655.0,0.988
,29.7975205,2.782,671.0,1.60982,4813.0,0.69,,,374.0,,1,TESS,425997655.0,,0.0038901447019585845,258.9212620860283,425997655.0,0.914
,29.7975205,2.782,671.0,1.60982,4813.0,0.69,,,374.0,,1,TESS,425997655.0,,0.0038901447019585845,258.9212620860283,425997655.0,0.914
,29.7975205,2.782,671.0,1.60982,4813.0,0.69,,,374.0,,1,TESS,425997655.0,,0.0038901447019585845,258.9212620860283,425997655.0,0.914
,29.7975205,2.782,671.0,1.60982,4813.0,0.69,,,374.0,,1,TESS,425997655.0,,0.0038901447019585845,258.9212620860283,425997655.0,0.914
,29.7975205,2.782,671.0,1.60982,4813.0,0.69,,,374.0,,1,TESS,425997655.0,,0.0038901447019585845,258.9212620860283,425997655.0,0.914
,29.7975205,2.782,671.0,1.60982,4813.0,0.69,,,374.0,,1,TESS,425997655.0,,0.0038901447019585845,258.9212620860283,425997655.0,0.846
,29.7975205,2.782,671.0,1.60982,4813.0,0.69,,,374.0,,1,TESS,425997655.0,,0.0038901447019585845,258.9212620860283,425997655.0,0.846
,29.7975205,2.782,671.0,1.60982,4813.0,0.69,,,374.0,,1,TESS,425997655.0,,0.0038901447019585845,258.9212620860283,425997655.0,0.846
,29.7975205,2.782,671.0,1.60982,4813.0,0.69,,,374.0,,1,TESS,425997655.0,,0.0038901447019585845,258.9212620860283,425997655.0,0.846
,29.7975205,2.782,671.0,1.60982,4813.0,0.69,,,374.0,,1,TESS,425997655.0,,0.0038901447019585845,258.9212620860283,425997655.0,0.846
,29.7975205,2.782,671.0,1.60982,4813.0,0.69,,,374.0,,1,TESS,425997655.0,,0.0038901447019585845,258.9212620860283,425997655.0,0.988
,29.7975205,2.782,671.0,1.60982,4813.0,0.69,,,374.0,,1,TESS,425997655.0,,0.0038901447019585845,258.9212620860283,425997655.0,0.988
,29.7975205,2.782,671.0,1.60982,4813.0,0.69,,,374.0,,1,TESS,425997655.0,,0.0038901447019585845,258.9212620860283,425997655.0,0.988
,29.7975205,2.782,671.0,1.60982,4813.0,0.69,,,374.0,,1,TESS,425997655.0,,0.0038901447019585845,258.9212620860283,425997655.0,0.988
,29.7975205,2.782,671.0,1.60982,4813.0,0.69,,,374.0,,1,TESS,425997655.0,,0.0038901447019585845,258.9212620860283,425997655.0,0.988
,29.7975205,2.782,671.0,1.60982,4813.0,0.69,,,374.0,,1,TESS,425997655.0,,0.0038901447019585845,258.9212620860283,425997655.0,0.914
,29.7975205,2.782,671.0,1.60982,4813.0,0.69,,,374.0,,1,TESS,425997655.0,,0.0038901447019585845,258.9212620860283,425997655.0,0.914
,29.7975205,2.782,671.0,1.60982,4813.0,0.69,,,374.0,,1,TESS,425997655.0,,0.0038901447019585845,258.9212620860283,425997655.0,0.914
,29.7975205,2.782,671.0,1.60982,4813.0,0.69,,,374.0,,1,TESS,425997655.0,,0.0038901447019585845,258.9212620860283,425997655.0,0.914
,29.7975205,2.782,671.0,1.60982,4813.0,0.69,,,374.0,,1,TESS,425997655.0,,0.0038901447019585845,258.9212620860283,425997655.0,0.914
,29.7975205,2.782,671.0,1.60982,4813.0,0.69,,,374.0,,1,TESS,425997655.0,,0.0038901447019585845,258.9212620860283,425997655.0,0.846
,29.7975205,2.782,671.0,1.60982,4813.0,0.69,,,374.0,,1,TESS,425997655.0,,0.0038901447019585845,258.9212620860283,425997655.0,0.846
,29.7975205,2.782,671.0,1.60982,4813.0,0.69,,,374.0,,1,TESS,425997655.0,,0.0038901447019585845,258.9212620860283,425997655.0,0.846
,29.7975205,2.782,671.0,1.60982,4813.0,0.69,,,374.0,,1,TESS,425997655.0,,0.0038901447019585845,258.9212620860283,425997655.0,0.846
,29.7975205,2.782,671.0,1.60982,4813.0,0.69,,,374.0,,1,TESS,425997655.0,,0.0038901447019585845,258.9212620860283,425997655.0,0.846
,29.7975205,2.782,671.0,1.60982,4813.0,0.69,,,374.0,,1,TESS,425997655.0,,0.0038901447019585845,258.9212620860283,425997655.0,0.988
,29.7975205,2.782,671.0,1.60982,4813.0,0.69,,,374.0,,1,TESS,425997655.0,,0.0038901447019585845,258.9212620860283,425997655.0,0.988
,29.7975205,2.782,671.0,1.60982,4813.0,0.69,,,374.0,,1,TESS,425997655.0,,0.0038901447019585845,258.9212620860283,425997655.0,0.988
,29.7975205,2.782,671.0,1.60982,4813.0,0.69,,,374.0,,1,TESS,425997655.0,,0.0038901447019585845,258.9212620860283,425997655.0,0.988
,29.7975205,2.782,671.0,1.60982,4813.0,0.69,,,374.0,,1,TESS,425997655.0,,0.0038901447019585845,258.9212620860283,425997655.0,0.988
,29.7975205,2.782,671.0,1.60982,4813.0,0.69,,,374.0,,1,TESS,425997655.0,,0.0038901447019585845,258.9212620860283,425997655.0,0.914
,29.7975205,2.782,671.0,1.60982,4813.0,0.69,,,374.0,,1,TESS,425997655.0,,0.0038901447019585845,258.9212620860283,425997655.0,0.914
,29.7975205,2.782,671.0,1.60982,4813.0,0.69,,,374.0,,1,TESS,425997655.0,,0.0038901447019585845,258.9212620860283,425997655.0,0.914
,29.7975205,2.782,671.0,1.60982,4813.0,0.69,,,374.0,,1,TESS,425997655.0,,0.0038901447019585845,258.9212620860283,425997655.0,0.914
,29.7975205,2.782,671.0,1.60982,4813.0,0.69,,,374.0,,1,TESS,425997655.0,,0.0038901447019585845,258.9212620860283,425997655.0,0.914
,29.7975205,2.782,671.0,1.60982,4813.0,0.69,,,374.0,,1,TESS,425997655.0,,0.0038901447019585845,258.9212620860283,425997655.0,0.846
,29.7975205,2.782,671.0,1.60982,4813.0,0.69,,,374.0,,1,TESS,425997655.0,,0.0038901447019585845,258.9212620860283,425997655.0,0.846
,29.7975205,2.782,671.0,1.60982,4813.0,0.69,,,374.0,,1,TESS,425997655.0,,0.0038901447019585845,258.9212620860283,425997655.0,0.846
,29.7975205,2.782,671.0,1.60982,4813.0,0.69,,,374.0,,1,TESS,425997655.0,,0.0038901447019585845,258.9212620860283,425997655.0,0.846
,29.7975205,2.782,671.0,1.60982,4813.0,0.69,,,374.0,,1,TESS,425997655.0,,0.0038901447019585845,258.9212620860283,425997655.0,0.846
,12.1623316,2.614,317.0,1.15643,4813.0,0.69,,,638.0,,1,TESS,425997655.0,,0.008955245579189062,237.03923579515285,425997655.0,0.988
,12.1623316,2.614,317.0,1.15643,4813.0,0.69,,,638.0,,1,TESS,425997655.0,,0.008955245579189062,237.03923579515285,425997655.0,0.988
,12.1623316,2.614,317.0,1.15643,4813.0,0.69,,,638.0,,1,TESS,425997655.0,,0.008955245579189062,237.03923579515285,425997655.0,0.988
,12.1623316,2.614,317.0,1.15643,4813.0,0.69,,,638.0,,1,TESS,425997655.0,,0.008955245579189062,237.03923579515285,425997655.0,0.988
,12.1623316,2.614,317.0,1.15643,4813.0,0.69,,,638.0,,1,TESS,425997655.0,,0.008955245579189062,237.03923579515285,425997655.0,0.988
,12.1623316,2.614,317.0,1.15643,4813.0,0.69,,,638.0,,1,TESS,425997655.0,,0.008955245579189062,237.03923579515285,425997655.0,0.914
,12.1623316,2.614,317.0,1.15643,4813.0,0.69,,,638.0,,1,TESS,425997655.0,,0.008955245579189062,237.03923579515285,425997655.0,0.914
,12.1623316,2.614,317.0,1.15643,4813.0,0.69,,,638.0,,1,TESS,425997655.0,,0.008955245579189062,237.03923579515285,425997655.0,0.914
,12.1623316,2.614,317.0,1.15643,4813.0,0.69,,,638.0,,1,TESS,425997655.0,,0.008955245579189062,237.03923579515285,425997655.0,0.914
,12.1623316,2.614,317.0,1.15643,4813.0,0.69,,,638.0,,1,TESS,425997655.0,,0.008955245579189062,237.03923579515285,425997655.0,0.914
,12.1623316,2.614,317.0,1.15643,4813.0,0.69,,,638.0,,1,TESS,425997655.0,,0.008955245579189062,237.03923579515285,425997655.0,0.846
,12.1623316,2.614,317.0,1.15643,4813.0,0.69,,,638.0,,1,TESS,425997655.0,,0.008955245579189062,237.03923579515285,425997655.0,0.846
,12.1623316,2.614,317.0,1.15643,4813.0,0.69,,,638.0,,1,TESS,425997655.0,,0.008955245579189062,237.03923579515285,425997655.0,0.846
,12.1623316,2.614,317.0,1.15643,4813.0,0.69,,,638.0,,1,TESS,425997655.0,,0.008955245579189062,237.03923579515285,425997655.0,0.846
,12.1623316,2.614,317.0,1.15643,4813.0,0.69,,,638.0,,1,TESS,425997655.0,,0.008955245579189062,237.03923579515285,425997655.0,0.846
,12.1623316,2.614,317.0,1.15643,4813.0,0.69,,,638.0,,1,TESS,425997655.0,,0.008955245579189062,237.03923579515285,425997655.0,0.988
,12.1623316,2.614,317.0,1.15643,4813.0,0.69,,,638.0,,1,TESS,425997655.0,,0.008955245579189062,237.03923579515285,425997655.0,0.988
,12.1623316,2.614,317.0,1.15643,4813.0,0.69,,,638.0,,1,TESS,425997655.0,,0.008955245579189062,237.03923579515285,425997655.0,0.988
,12.1623316,2.614,317.0,1.15643,4813.0,0.69,,,638.0,,1,TESS,425997655.0,,0.008955245579189062,237.03923579515285,425997655.0,0.988
,12.1623316,2.614,317.0,1.15643,4813.0,0.69,,,638.0,,1,TESS,425997655.0,,0.008955245579189062,237.03923579515285,425997655.0,0.988
,12.1623316,2.614,317.0,1.15643,4813.0,0.69,,,638.0,,1,TESS,425997655.0,,0.008955245579189062,237.03923579515285,425997655.0,0.914
,12.1623316,2.614,317.0,1.15643,4813.0,0.69,,,638.0,,1,TESS,425997655.0,,0.008955245579189062,237.03923579515285,425997655.0,0.914
,12.1623316,2.614,317.0,1.15643,4813.0,0.69,,,638.0,,1,TESS,425997655.0,,0.008955245579189062,237.03923579515285,425997655.0,0.914
,12.1623316,2.614,317.0,1.15643,4813.0,0.69,,,638.0,,1,TESS,425997655.0,,0.008955245579189062,237.03923579515285,425997655.0,0.914
,12.1623316,2.614,317.0,1.15643,4813.0,0.69,,,638.0,,1,TESS,425997655.0,,0.008955245579189062,237.03923579515285,425997655.0,0.914
,12.1623316,2.614,317.0,1.15643,4813.0,0.69,,,638.0,,1,TESS,425997655.0,,0.008955245579189062,237.03923579515285,425997655.0,0.846
,12.1623316,2.614,317.0,1.15643,4813.0,0.69,,,638.0,,1,TESS,425997655.0,,0.008955245579189062,237.03923579515285,425997655.0,0.846
,12.1623316,2.614,317.0,1.15643,4813.0,0.69,,,638.0,,1,TESS,425997655.0,,0.008955245579189062,237.03923579515285,425997655.0,0.846
,12.1623316,2.614,317.0,1.15643,4813.0,0.69,,,638.0,,1,TESS,425997655.0,,0.008955245579189062,237.03923579515285,425997655.0,0.846
,12.1623316,2.614,317.0,1.15643,4813.0,0.69,,,638.0,,1,TESS,425997655.0,,0.008955245579189062,237.03923579515285,425997655.0,0.846
,12.1623316,2.614,317.0,1.15643,4813.0,0.69,,,638.0,,1,TESS,425997655.0,,0.008955245579189062,237.03923579515285,425997655.0,0.988
,12.1623316,2.614,317.0,1.15643,4813.0,0.69,,,638.0,,1,TESS,425997655.0,,0.008955245579189062,237.03923579515285,425997655.0,0.988
,12.1623316,2.614,317.0,1.15643,4813.0,0.69,,,638.0,,1,TESS,425997655.0,,0.008955245579189062,237.03923579515285,425997655.0,0.988
,12.1623316,2.614,317.0,1.15643,4813.0,0.69,,,638.0,,1,TESS,425997655.0,,0.008955245579189062,237.03923579515285,425997655.0,0.988
,12.1623316,2.614,317.0,1.15643,4813.0,0.69,,,638.0,,1,TESS,425997655.0,,0.008955245579189062,237.03923579515285,425997655.0,0.988
,12.1623316,2.614,317.0,1.15643,4813.0,0.69,,,638.0,,1,TESS,425997655.0,,0.008955245579189062,237.03923579515285,425997655.0,0.914
,12.1623316,2.614,317.0,1.15643,4813.0,0.69,,,638.0,,1,TESS,425997655.0,,0.008955245579189062,237.03923579515285,425997655.0,0.914
,12.1623316,2.614,317.0,1.15643,4813.0,0.69,,,638.0,,1,TESS,425997655.0,,0.008955245579189062,237.03923579515285,425997655.0,0.914
,12.1623316,2.614,317.0,1.15643,4813.0,0.69,,,638.0,,1,TESS,425997655.0,,0.008955245579189062,237.03923579515285,425997655.0,0.914
,12.1623316,2.614,317.0,1.15643,4813.0,0.69,,,638.0,,1,TESS,425997655.0,,0.008955245579189062,237.03923579515285,425997655.0,0.914
,12.1623316,2.614,317.0,1.15643,4813.0,0.69,,,638.0,,1,TESS,425997655.0,,0.008955245579189062,237.03923579515285,425997655.0,0.846
,12.1623316,2.614,317.0,1.15643,4813.0,0.69,,,638.0,,1,TESS,425997655.0,,0.008955245579189062,237.03923579515285,425997655.0,0.846
,12.1623316,2.614,317.0,1.15643,4813.0,0.69,,,638.0,,1,TESS,425997655.0,,0.008955245579189062,237.03923579515285,425997655.0,0.846
,12.1623316,2.614,317.0,1.15643,4813.0,0.69,,,638.0,,1,TESS,425997655.0,,0.008955245579189062,237.03923579515285,425997655.0,0.846
,12.1623316,2.614,317.0,1.15643,4813.0,0.69,,,638.0,,1,TESS,425997655.0,,0.008955245579189062,237.03923579515285,425997655.0,0.846
,12.1623316,2.614,317.0,1.15643,4813.0,0.69,,,638.0,,1,TESS,425997655.0,,0.008955245579189062,237.03923579515285,425997655.0,0.988
,12.1623316,2.614,317.0,1.15643,4813.0,0.69,,,638.0,,1,TESS,425997655.0,,0.008955245579189062,237.03923579515285,425997655.0,0.988
,12.1623316,2.614,317.0,1.15643,4813.0,0.69,,,638.0,,1,TESS,425997655.0,,0.008955245579189062,237.03923579515285,425997655.0,0.988
,12.1623316,2.614,317.0,1.15643,4813.0,0.69,,,638.0,,1,TESS,425997655.0,,0.008955245579189062,237.03923579515285,425997655.0,0.988
,12.1623316,2.614,317.0,1.15643,4813.0,0.69,,,638.0,,1,TESS,425997655.0,,0.008955245579189062,237.03923579515285,425997655.0,0.988
,12.1623316,2.614,317.0,1.15643,4813.0,0.69,,,638.0,,1,TESS,425997655.0,,0.008955245579189062,237.03923579515285,425997655.0,0.914
,12.1623316,2.614,317.0,1.15643,4813.0,0.69,,,638.0,,1,TESS,425997655.0,,0.008955245579189062,237.03923579515285,425997655.0,0.914
,12.1623316,2.614,317.0,1.15643,4813.0,0.69,,,638.0,,1,TESS,425997655.0,,0.008955245579189062,237.03923579515285,425997655.0,0.914
,12.1623316,2.614,317.0,1.15643,4813.0,0.69,,,638.0,,1,TESS,425997655.0,,0.008955245579189062,237.03923579515285,425997655.0,0.914
,12.1623316,2.614,317.0,1.15643,4813.0,0.69,,,638.0,,1,TESS,425997655.0,,0.008955245579189062,237.03923579515285,425997655.0,0.914
,12.1623316,2.614,317.0,1.15643,4813.0,0.69,,,638.0,,1,TESS,425997655.0,,0.008955245579189062,237.03923579515285,425997655.0,0.846
,12.1623316,2.614,317.0,1.15643,4813.0,0.69,,,638.0,,1,TESS,425997655.0,,0.008955245579189062,237.03923579515285,425997655.0,0.846
,12.1623316,2.614,317.0,1.15643,4813.0,0.69,,,638.0,,1,TESS,425997655.0,,0.008955245579189062,237.03923579515285,425997655.0,0.846
,12.1623316,2.614,317.0,1.15643,4813.0,0.69,,,638.0,,1,TESS,425997655.0,,0.008955245579189062,237.03923579515285,425997655.0,0.846
,12.1623316,2.614,317.0,1.15643,4813.0,0.69,,,638.0,,1,TESS,425997655.0,,0.008955245579189062,237.03923579515285,425997655.0,0.846
,12.1623316,2.614,317.0,1.15643,4813.0,0.69,,,638.0,,1,TESS,425997655.0,,0.008955245579189062,237.03923579515285,425997655.0,0.988
,12.1623316,2.614,317.0,1.15643,4813.0,0.69,,,638.0,,1,TESS,425997655.0,,0.008955245579189062,237.03923579515285,425997655.0,0.988
,12.1623316,2.614,317.0,1.15643,4813.0,0.69,,,638.0,,1,TESS,425997655.0,,0.008955245579189062,237.03923579515285,425997655.0,0.988
,12.1623316,2.614,317.0,1.15643,4813.0,0.69,,,638.0,,1,TESS,425997655.0,,0.008955245579189062,237.03923579515285,425997655.0,0.988
,12.1623316,2.614,317.0,1.15643,4813.0,0.69,,,638.0,,1,TESS,425997655.0,,0.008955245579189062,237.03923579515285,425997655.0,0.988
,12.1623316,2.614,317.0,1.15643,4813.0,0.69,,,638.0,,1,TESS,425997655.0,,0.008955245579189062,237.03923579515285,425997655.0,0.914
,12.1623316,2.614,317.0,1.15643,4813.0,0.69,,,638.0,,1,TESS,425997655.0,,0.008955245579189062,237.03923579515285,425997655.0,0.914
,12.1623316,2.614,317.0,1.15643,4813.0,0.69,,,638.0,,1,TESS,425997655.0,,0.008955245579189062,237.03923579515285,425997655.0,0.914
,12.1623316,2.614,317.0,1.15643,4813.0,0.69,,,638.0,,1,TESS,425997655.0,,0.008955245579189062,237.03923579515285,425997655.0,0.914
,12.1623316,2.614,317.0,1.15643,4813.0,0.69,,,638.0,,1,TESS,425997655.0,,0.008955245579189062,237.03923579515285,425997655.0,0.914
,12.1623316,2.614,317.0,1.15643,4813.0,0.69,,,638.0,,1,TESS,425997655.0,,0.008955245579189062,237.03923579515285,425997655.0,0.846
,12.1623316,2.614,317.0,1.15643,4813.0,0.69,,,638.0,,1,TESS,425997655.0,,0.008955245579189062,237.03923579515285,425997655.0,0.846
,12.1623316,2.614,317.0,1.15643,4813.0,0.69,,,638.0,,1,TESS,425997655.0,,0.008955245579189062,237.03923579515285,425997655.0,0.846
,12.1623316,2.614,317.0,1.15643,4813.0,0.69,,,638.0,,1,TESS,425997655.0,,0.008955245579189062,237.03923579515285,425997655.0,0.846
,12.1623316,2.614,317.0,1.15643,4813.0,0.69,,,638.0,,1,TESS,425997655.0,,0.008955245579189062,237.03923579515285,425997655.0,0.846
,3.9766833,1.859,142.0,0.757588,4813.0,0.69,,,855.0,,1,TESS,425997655.0,,0.019478124526975737,247.41237247619307,425997655.0,0.988
,3.9766833,1.859,142.0,0.757588,4813.0,0.69,,,855.0,,1,TESS,425997655.0,,0.019478124526975737,247.41237247619307,425997655.0,0.988
,3.9766833,1.859,142.0,0.757588,4813.0,0.69,,,855.0,,1,TESS,425997655.0,,0.019478124526975737,247.41237247619307,425997655.0,0.988
,3.9766833,1.859,142.0,0.757588,4813.0,0.69,,,855.0,,1,TESS,425997655.0,,0.019478124526975737,247.41237247619307,425997655.0,0.988
,3.9766833,1.859,142.0,0.757588,4813.0,0.69,,,855.0,,1,TESS,425997655.0,,0.019478124526975737,247.41237247619307,425997655.0,0.988
,3.9766833,1.859,142.0,0.757588,4813.0,0.69,,,855.0,,1,TESS,425997655.0,,0.019478124526975737,247.41237247619307,425997655.0,0.914
,3.9766833,1.859,142.0,0.757588,4813.0,0.69,,,855.0,,1,TESS,425997655.0,,0.019478124526975737,247.41237247619307,425997655.0,0.914
,3.9766833,1.859,142.0,0.757588,4813.0,0.69,,,855.0,,1,TESS,425997655.0,,0.019478124526975737,247.41237247619307,425997655.0,0.914
,3.9766833,1.859,142.0,0.757588,4813.0,0.69,,,855.0,,1,TESS,425997655.0,,0.019478124526975737,247.41237247619307,425997655.0,0.914
,3.9766833,1.859,142.0,0.757588,4813.0,0.69,,,855.0,,1,TESS,425997655.0,,0.019478124526975737,247.41237247619307,425997655.0,0.914
,3.9766833,1.859,142.0,0.757588,4813.0,0.69,,,855.0,,1,TESS,425997655.0,,0.019478124526975737,247.41237247619307,425997655.0,0.846
,3.9766833,1.859,142.0,0.757588,4813.0,0.69,,,855.0,,1,TESS,425997655.0,,0.019478124526975737,247.41237247619307,425997655.0,0.846
,3.9766833,1.859,142.0,0.757588,4813.0,0.69,,,855.0,,1,TESS,425997655.0,,0.019478124526975737,247.41237247619307,425997655.0,0.846
,3.9766833,1.859,142.0,0.757588,4813.0,0.69,,,855.0,,1,TESS,425997655.0,,0.019478124526975737,247.41237247619307,425997655.0,0.846
,3.9766833,1.859,142.0,0.757588,4813.0,0.69,,,855.0,,1,TESS,425997655.0,,0.019478124526975737,247.41237247619307,425997655.0,0.846
,3.9766833,1.859,142.0,0.757588,4813.0,0.69,,,855.0,,1,TESS,425997655.0,,0.019478124526975737,247.41237247619307,425997655.0,0.988
,3.9766833,1.859,142.0,0.757588,4813.0,0.69,,,855.0,,1,TESS,425997655.0,,0.019478124526975737,247.41237247619307,425997655.0,0.988
,3.9766833,1.859,142.0,0.757588,4813.0,0.69,,,855.0,,1,TESS,425997655.0,,0.019478124526975737,247.41237247619307,425997655.0,0.988
,3.9766833,1.859,142.0,0.757588,4813.0,0.69,,,855.0,,1,TESS,425997655.0,,0.019478124526975737,247.41237247619307,425997655.0,0.988
,3.9766833,1.859,142.0,0.757588,4813.0,0.69,,,855.0,,1,TESS,425997655.0,,0.019478124526975737,247.41237247619307,425997655.0,0.988
,3.9766833,1.859,142.0,0.757588,4813.0,0.69,,,855.0,,1,TESS,425997655.0,,0.019478124526975737,247.41237247619307,425997655.0,0.914
,3.9766833,1.859,142.0,0.757588,4813.0,0.69,,,855.0,,1,TESS,425997655.0,,0.019478124526975737,247.41237247619307,425997655.0,0.914
,3.9766833,1.859,142.0,0.757588,4813.0,0.69,,,855.0,,1,TESS,425997655.0,,0.019478124526975737,247.41237247619307,425997655.0,0.914
,3.9766833,1.859,142.0,0.757588,4813.0,0.69,,,855.0,,1,TESS,425997655.0,,0.019478124526975737,247.41237247619307,425997655.0,0.914
,3.9766833,1.859,142.0,0.757588,4813.0,0.69,,,855.0,,1,TESS,425997655.0,,0.019478124526975737,247.41237247619307,425997655.0,0.914
,3.9766833,1.859,142.0,0.757588,4813.0,0.69,,,855.0,,1,TESS,425997655.0,,0.019478124526975737,247.41237247619307,425997655.0,0.846
,3.9766833,1.859,142.0,0.757588,4813.0,0.69,,,855.0,,1,TESS,425997655.0,,0.019478124526975737,247.41237247619307,425997655.0,0.846
,3.9766833,1.859,142.0,0.757588,4813.0,0.69,,,855.0,,1,TESS,425997655.0,,0.019478124526975737,247.41237247619307,425997655.0,0.846
,3.9766833,1.859,142.0,0.757588,4813.0,0.69,,,855.0,,1,TESS,425997655.0,,0.019478124526975737,247.41237247619307,425997655.0,0.846
,3.9766833,1.859,142.0,0.757588,4813.0,0.69,,,855.0,,1,TESS,425997655.0,,0.019478124526975737,247.41237247619307,425997655.0,0.846
,3.9766833,1.859,142.0,0.757588,4813.0,0.69,,,855.0,,1,TESS,425997655.0,,0.019478124526975737,247.41237247619307,425997655.0,0.988
,3.9766833,1.859,142.0,0.757588,4813.0,0.69,,,855.0,,1,TESS,425997655.0,,0.019478124526975737,247.41237247619307,425997655.0,0.988
,3.9766833,1.859,142.0,0.757588,4813.0,0.69,,,855.0,,1,TESS,425997655.0,,0.019478124526975737,247.41237247619307,425997655.0,0.988
,3.9766833,1.859,142.0,0.757588,4813.0,0.69,,,855.0,,1,TESS,425997655.0,,0.019478124526975737,247.41237247619307,425997655.0,0.988
,3.9766833,1.859,142.0,0.757588,4813.0,0.69,,,855.0,,1,TESS,425997655.0,,0.019478124526975737,247.41237247619307,425997655.0,0.988
,3.9766833,1.859,142.0,0.757588,4813.0,0.69,,,855.0,,1,TESS,425997655.0,,0.019478124526975737,247.41237247619307,425997655.0,0.914
,3.9766833,1.859,142.0,0.757588,4813.0,0.69,,,855.0,,1,TESS,425997655.0,,0.019478124526975737,247.41237247619307,425997655.0,0.914
,3.9766833,1.859,142.0,0.757588,4813.0,0.69,,,855.0,,1,TESS,425997655.0,,0.019478124526975737,247.41237247619307,425997655.0,0.914
,3.9766833,1.859,142.0,0.757588,4813.0,0.69,,,855.0,,1,TESS,425997655.0,,0.019478124526975737,247.41237247619307,425997655.0,0.914
,3.9766833,1.859,142.0,0.757588,4813.0,0.69,,,855.0,,1,TESS,425997655.0,,0.019478124526975737,247.41237247619307,425997655.0,0.914
,3.9766833,1.859,142.0,0.757588,4813.0,0.69,,,855.0,,1,TESS,425997655.0,,0.019478124526975737,247.41237247619307,425997655.0,0.846
,3.9766833,1.859,142.0,0.757588,4813.0,0.69,,,855.0,,1,TESS,425997655.0,,0.019478124526975737,247.41237247619307,425997655.0,0.846
,3.9766833,1.859,142.0,0.757588,4813.0,0.69,,,855.0,,1,TESS,425997655.0,,0.019478124526975737,247.41237247619307,425997655.0,0.846
,3.9766833,1.859,142.0,0.757588,4813.0,0.69,,,855.0,,1,TESS,425997655.0,,0.019478124526975737,247.41237247619307,425997655.0,0.846
,3.9766833,1.859,142.0,0.757588,4813.0,0.69,,,855.0,,1,TESS,425997655.0,,0.019478124526975737,247.41237247619307,425997655.0,0.846
,3.9766833,1.859,142.0,0.757588,4813.0,0.69,,,855.0,,1,TESS,425997655.0,,0.019478124526975737,247.41237247619307,425997655.0,0.988
,3.9766833,1.859,142.0,0.757588,4813.0,0.69,,,855.0,,1,TESS,425997655.0,,0.019478124526975737,247.41237247619307,425997655.0,0.988
,3.9766833,1.859,142.0,0.757588,4813.0,0.69,,,855.0,,1,TESS,425997655.0,,0.019478124526975737,247.41237247619307,425997655.0,0.988
,3.9766833,1.859,142.0,0.757588,4813.0,0.69,,,855.0,,1,TESS,425997655.0,,0.019478124526975737,247.41237247619307,425997655.0,0.988
,3.9766833,1.859,142.0,0.757588,4813.0,0.69,,,855.0,,1,TESS,425997655.0,,0.019478124526975737,247.41237247619307,425997655.0,0.988
,3.9766833,1.859,142.0,0.757588,4813.0,0.69,,,855.0,,1,TESS,425997655.0,,0.019478124526975737,247.41237247619307,425997655.0,0.914
,3.9766833,1.859,142.0,0.757588,4813.0,0.69,,,855.0,,1,TESS,425997655.0,,0.019478124526975737,247.41237247619307,425997655.0,0.914
,3.9766833,1.859,142.0,0.757588,4813.0,0.69,,,855.0,,1,TESS,425997655.0,,0.019478124526975737,247.41237247619307,425997655.0,0.914
,3.9766833,1.859,142.0,0.757588,4813.0,0.69,,,855.0,,1,TESS,425997655.0,,0.019478124526975737,247.41237247619307,425997655.0,0.914
,3.9766833,1.859,142.0,0.757588,4813.0,0.69,,,855.0,,1,TESS,425997655.0,,0.019478124526975737,247.41237247619307,425997655.0,0.914
,3.9766833,1.859,142.0,0.757588,4813.0,0.69,,,855.0,,1,TESS,425997655.0,,0.019478124526975737,247.41237247619307,425997655.0,0.846
,3.9766833,1.859,142.0,0.757588,4813.0,0.69,,,855.0,,1,TESS,425997655.0,,0.019478124526975737,247.41237247619307,425997655.0,0.846
,3.9766833,1.859,142.0,0.757588,4813.0,0.69,,,855.0,,1,TESS,425997655.0,,0.019478124526975737,247.41237247619307,425997655.0,0.846
,3.9766833,1.859,142.0,0.757588,4813.0,0.69,,,855.0,,1,TESS,425997655.0,,0.019478124526975737,247.41237247619307,425997655.0,0.846
,3.9766833,1.859,142.0,0.757588,4813.0,0.69,,,855.0,,1,TESS,425997655.0,,0.019478124526975737,247.41237247619307,425997655.0,0.846
,3.9766833,1.859,142.0,0.757588,4813.0,0.69,,,855.0,,1,TESS,425997655.0,,0.019478124526975737,247.41237247619307,425997655.0,0.988
,3.9766833,1.859,142.0,0.757588,4813.0,0.69,,,855.0,,1,TESS,425997655.0,,0.019478124526975737,247.41237247619307,425997655.0,0.988
,3.9766833,1.859,142.0,0.757588,4813.0,0.69,,,855.0,,1,TESS,425997655.0,,0.019478124526975737,247.41237247619307,425997655.0,0.988
,3.9766833,1.859,142.0,0.757588,4813.0,0.69,,,855.0,,1,TESS,425997655.0,,0.019478124526975737,247.41237247619307,425997655.0,0.988
,3.9766833,1.859,142.0,0.757588,4813.0,0.69,,,855.0,,1,TESS,425997655.0,,0.019478124526975737,247.41237247619307,425997655.0,0.988
,3.9766833,1.859,142.0,0.757588,4813.0,0.69,,,855.0,,1,TESS,425997655.0,,0.019478124526975737,247.41237247619307,425997655.0,0.914
,3.9766833,1.859,142.0,0.757588,4813.0,0.69,,,855.0,,1,TESS,425997655.0,,0.019478124526975737,247.41237247619307,425997655.0,0.914
,3.9766833,1.859,142.0,0.757588,4813.0,0.69,,,855.0,,1,TESS,425997655.0,,0.019478124526975737,247.41237247619307,425997655.0,0.914
,3.9766833,1.859,142.0,0.757588,4813.0,0.69,,,855.0,,1,TESS,425997655.0,,0.019478124526975737,247.41237247619307,425997655.0,0.914
,3.9766833,1.859,142.0,0.757588,4813.0,0.69,,,855.0,,1,TESS,425997655.0,,0.019478124526975737,247.41237247619307,425997655.0,0.914
,3.9766833,1.859,142.0,0.757588,4813.0,0.69,,,855.0,,1,TESS,425997655.0,,0.019478124526975737,247.41237247619307,425997655.0,0.846
,3.9766833,1.859,142.0,0.757588,4813.0,0.69,,,855.0,,1,TESS,425997655.0,,0.019478124526975737,247.41237247619307,425997655.0,0.846
,3.9766833,1.859,142.0,0.757588,4813.0,0.69,,,855.0,,1,TESS,425997655.0,,0.019478124526975737,247.41237247619307,425997655.0,0.846
,3.9766833,1.859,142.0,0.757588,4813.0,0.69,,,855.0,,1,TESS,425997655.0,,0.019478124526975737,247.41237247619307,425997655.0,0.846
,3.9766833,1.859,142.0,0.757588,4813.0,0.69,,,855.0,,1,TESS,425997655.0,,0.019478124526975737,247.41237247619307,425997655.0,0.846
,7.9076222,2.611,217.0,0.969819,4813.0,0.69,,,720.0,,1,TESS,425997655.0,,0.013757822938660886,230.71609668998298,425997655.0,0.988
,7.9076222,2.611,217.0,0.969819,4813.0,0.69,,,720.0,,1,TESS,425997655.0,,0.013757822938660886,230.71609668998298,425997655.0,0.988
,7.9076222,2.611,217.0,0.969819,4813.0,0.69,,,720.0,,1,TESS,425997655.0,,0.013757822938660886,230.71609668998298,425997655.0,0.988
,7.9076222,2.611,217.0,0.969819,4813.0,0.69,,,720.0,,1,TESS,425997655.0,,0.013757822938660886,230.71609668998298,425997655.0,0.988
,7.9076222,2.611,217.0,0.969819,4813.0,0.69,,,720.0,,1,TESS,425997655.0,,0.013757822938660886,230.71609668998298,425997655.0,0.988
,7.9076222,2.611,217.0,0.969819,4813.0,0.69,,,720.0,,1,TESS,425997655.0,,0.013757822938660886,230.71609668998298,425997655.0,0.914
,7.9076222,2.611,217.0,0.969819,4813.0,0.69,,,720.0,,1,TESS,425997655.0,,0.013757822938660886,230.71609668998298,425997655.0,0.914
,7.9076222,2.611,217.0,0.969819,4813.0,0.69,,,720.0,,1,TESS,425997655.0,,0.013757822938660886,230.71609668998298,425997655.0,0.914
,7.9076222,2.611,217.0,0.969819,4813.0,0.69,,,720.0,,1,TESS,425997655.0,,0.013757822938660886,230.71609668998298,425997655.0,0.914
,7.9076222,2.611,217.0,0.969819,4813.0,0.69,,,720.0,,1,TESS,425997655.0,,0.013757822938660886,230.71609668998298,425997655.0,0.914
,7.9076222,2.611,217.0,0.969819,4813.0,0.69,,,720.0,,1,TESS,425997655.0,,0.013757822938660886,230.71609668998298,425997655.0,0.846
,7.9076222,2.611,217.0,0.969819,4813.0,0.69,,,720.0,,1,TESS,425997655.0,,0.013757822938660886,230.71609668998298,425997655.0,0.846
,7.9076222,2.611,217.0,0.969819,4813.0,0.69,,,720.0,,1,TESS,425997655.0,,0.013757822938660886,230.71609668998298,425997655.0,0.846
,7.9076222,2.611,217.0,0.969819,4813.0,0.69,,,720.0,,1,TESS,425997655.0,,0.013757822938660886,230.71609668998298,425997655.0,0.846
,7.9076222,2.611,217.0,0.969819,4813.0,0.69,,,720.0,,1,TESS,425997655.0,,0.013757822938660886,230.71609668998298,425997655.0,0.846
,7.9076222,2.611,217.0,0.969819,4813.0,0.69,,,720.0,,1,TESS,425997655.0,,0.013757822938660886,230.71609668998298,425997655.0,0.988
,7.9076222,2.611,217.0,0.969819,4813.0,0.69,,,720.0,,1,TESS,425997655.0,,0.013757822938660886,230.71609668998298,425997655.0,0.988
,7.9076222,2.611,217.0,0.969819,4813.0,0.69,,,720.0,,1,TESS,425997655.0,,0.013757822938660886,230.71609668998298,425997655.0,0.988
,7.9076222,2.611,217.0,0.969819,4813.0,0.69,,,720.0,,1,TESS,425997655.0,,0.013757822938660886,230.71609668998298,425997655.0,0.988
,7.9076222,2.611,217.0,0.969819,4813.0,0.69,,,720.0,,1,TESS,425997655.0,,0.013757822938660886,230.71609668998298,425997655.0,0.988
,7.9076222,2.611,217.0,0.969819,4813.0,0.69,,,720.0,,1,TESS,425997655.0,,0.013757822938660886,230.71609668998298,425997655.0,0.914
,7.9076222,2.611,217.0,0.969819,4813.0,0.69,,,720.0,,1,TESS,425997655.0,,0.013757822938660886,230.71609668998298,425997655.0,0.914
,7.9076222,2.611,217.0,0.969819,4813.0,0.69,,,720.0,,1,TESS,425997655.0,,0.013757822938660886,230.71609668998298,425997655.0,0.914
,7.9076222,2.611,217.0,0.969819,4813.0,0.69,,,720.0,,1,TESS,425997655.0,,0.013757822938660886,230.71609668998298,425997655.0,0.914
,7.9076222,2.611,217.0,0.969819,4813.0,0.69,,,720.0,,1,TESS,425997655.0,,0.013757822938660886,230.71609668998298,425997655.0,0.914
,7.9076222,2.611,217.0,0.969819,4813.0,0.69,,,720.0,,1,TESS,425997655.0,,0.013757822938660886,230.71609668998298,425997655.0,0.846
,7.9076222,2.611,217.0,0.969819,4813.0,0.69,,,720.0,,1,TESS,425997655.0,,0.013757822938660886,230.71609668998298,425997655.0,0.846
,7.9076222,2.611,217.0,0.969819,4813.0,0.69,,,720.0,,1,TESS,425997655.0,,0.013757822938660886,230.71609668998298,425997655.0,0.846
,7.9076222,2.611,217.0,0.969819,4813.0,0.69,,,720.0,,1,TESS,425997655.0,,0.013757822938660886,230.71609668998298,425997655.0,0.846
,7.9076222,2.611,217.0,0.969819,4813.0,0.69,,,720.0,,1,TESS,425997655.0,,0.013757822938660886,230.71609668998298,425997655.0,0.846
,7.9076222,2.611,217.0,0.969819,4813.0,0.69,,,720.0,,1,TESS,425997655.0,,0.013757822938660886,230.71609668998298,425997655.0,0.988
,7.9076222,2.611,217.0,0.969819,4813.0,0.69,,,720.0,,1,TESS,425997655.0,,0.013757822938660886,230.71609668998298,425997655.0,0.988
,7.9076222,2.611,217.0,0.969819,4813.0,0.69,,,720.0,,1,TESS,425997655.0,,0.013757822938660886,230.71609668998298,425997655.0,0.988
,7.9076222,2.611,217.0,0.969819,4813.0,0.69,,,720.0,,1,TESS,425997655.0,,0.013757822938660886,230.71609668998298,425997655.0,0.988
,7.9076222,2.611,217.0,0.969819,4813.0,0.69,,,720.0,,1,TESS,425997655.0,,0.013757822938660886,230.71609668998298,425997655.0,0.988
,7.9076222,2.611,217.0,0.969819,4813.0,0.69,,,720.0,,1,TESS,425997655.0,,0.013757822938660886,230.71609668998298,425997655.0,0.914
,7.9076222,2.611,217.0,0.969819,4813.0,0.69,,,720.0,,1,TESS,425997655.0,,0.013757822938660886,230.71609668998298,425997655.0,0.914
,7.9076222,2.611,217.0,0.969819,4813.0,0.69,,,720.0,,1,TESS,425997655.0,,0.013757822938660886,230.71609668998298,425997655.0,0.914
,7.9076222,2.611,217.0,0.969819,4813.0,0.69,,,720.0,,1,TESS,425997655.0,,0.013757822938660886,230.71609668998298,425997655.0,0.914
,7.9076222,2.611,217.0,0.969819,4813.0,0.69,,,720.0,,1,TESS,425997655.0,,0.013757822938660886,230.71609668998298,425997655.0,0.914
,7.9076222,2.611,217.0,0.969819,4813.0,0.69,,,720.0,,1,TESS,425997655.0,,0.013757822938660886,230.71609668998298,425997655.0,0.846
,7.9076222,2.611,217.0,0.969819,4813.0,0.69,,,720.0,,1,TESS,425997655.0,,0.013757822938660886,230.71609668998298,425997655.0,0.846
,7.9076222,2.611,217.0,0.969819,4813.0,0.69,,,720.0,,1,TESS,425997655.0,,0.013757822938660886,230.71609668998298,425997655.0,0.846
,7.9076222,2.611,217.0,0.969819,4813.0,0.69,,,720.0,,1,TESS,425997655.0,,0.013757822938660886,230.71609668998298,425997655.0,0.846
,7.9076222,2.611,217.0,0.969819,4813.0,0.69,,,720.0,,1,TESS,425997655.0,,0.013757822938660886,230.71609668998298,425997655.0,0.846
,7.9076222,2.611,217.0,0.969819,4813.0,0.69,,,720.0,,1,TESS,425997655.0,,0.013757822938660886,230.71609668998298,425997655.0,0.988
,7.9076222,2.611,217.0,0.969819,4813.0,0.69,,,720.0,,1,TESS,425997655.0,,0.013757822938660886,230.71609668998298,425997655.0,0.988
,7.9076222,2.611,217.0,0.969819,4813.0,0.69,,,720.0,,1,TESS,425997655.0,,0.013757822938660886,230.71609668998298,425997655.0,0.988
,7.9076222,2.611,217.0,0.969819,4813.0,0.69,,,720.0,,1,TESS,425997655.0,,0.013757822938660886,230.71609668998298,425997655.0,0.988
,7.9076222,2.611,217.0,0.969819,4813.0,0.69,,,720.0,,1,TESS,425997655.0,,0.013757822938660886,230.71609668998298,425997655.0,0.988
,7.9076222,2.611,217.0,0.969819,4813.0,0.69,,,720.0,,1,TESS,425997655.0,,0.013757822938660886,230.71609668998298,425997655.0,0.914
,7.9076222,2.611,217.0,0.969819,4813.0,0.69,,,720.0,,1,TESS,425997655.0,,0.013757822938660886,230.71609668998298,425997655.0,0.914
,7.9076222,2.611,217.0,0.969819,4813.0,0.69,,,720.0,,1,TESS,425997655.0,,0.013757822938660886,230.71609668998298,425997655.0,0.914
,7.9076222,2.611,217.0,0.969819,4813.0,0.69,,,720.0,,1,TESS,425997655.0,,0.013757822938660886,230.71609668998298,425997655.0,0.914
,7.9076222,2.611,217.0,0.969819,4813.0,0.69,,,720.0,,1,TESS,425997655.0,,0.013757822938660886,230.71609668998298,425997655.0,0.914
,7.9076222,2.611,217.0,0.969819,4813.0,0.69,,,720.0,,1,TESS,425997655.0,,0.013757822938660886,230.71609668998298,425997655.0,0.846
,7.9076222,2.611,217.0,0.969819,4813.0,0.69,,,720.0,,1,TESS,425997655.0,,0.013757822938660886,230.71609668998298,425997655.0,0.846
,7.9076222,2.611,217.0,0.969819,4813.0,0.69,,,720.0,,1,TESS,425997655.0,,0.013757822938660886,230.71609668998298,425997655.0,0.846
,7.9076222,2.611,217.0,0.969819,4813.0,0.69,,,720.0,,1,TESS,425997655.0,,0.013757822938660886,230.71609668998298,425997655.0,0.846
,7.9076222,2.611,217.0,0.969819,4813.0,0.69,,,720.0,,1,TESS,425997655.0,,0.013757822938660886,230.71609668998298,425997655.0,0.846
,7.9076222,2.611,217.0,0.969819,4813.0,0.69,,,720.0,,1,TESS,425997655.0,,0.013757822938660886,230.71609668998298,425997655.0,0.988
,7.9076222,2.611,217.0,0.969819,4813.0,0.69,,,720.0,,1,TESS,425997655.0,,0.013757822938660886,230.71609668998298,425997655.0,0.988
,7.9076222,2.611,217.0,0.969819,4813.0,0.69,,,720.0,,1,TESS,425997655.0,,0.013757822938660886,230.71609668998298,425997655.0,0.988
,7.9076222,2.611,217.0,0.969819,4813.0,0.69,,,720.0,,1,TESS,425997655.0,,0.013757822938660886,230.71609668998298,425997655.0,0.988
,7.9076222,2.611,217.0,0.969819,4813.0,0.69,,,720.0,,1,TESS,425997655.0,,0.013757822938660886,230.71609668998298,425997655.0,0.988
,7.9076222,2.611,217.0,0.969819,4813.0,0.69,,,720.0,,1,TESS,425997655.0,,0.013757822938660886,230.71609668998298,425997655.0,0.914
,7.9076222,2.611,217.0,0.969819,4813.0,0.69,,,720.0,,1,TESS,425997655.0,,0.013757822938660886,230.71609668998298,425997655.0,0.914
,7.9076222,2.611,217.0,0.969819,4813.0,0.69,,,720.0,,1,TESS,425997655.0,,0.013757822938660886,230.71609668998298,425997655.0,0.914
,7.9076222,2.611,217.0,0.969819,4813.0,0.69,,,720.0,,1,TESS,425997655.0,,0.013757822938660886,230.71609668998298,425997655.0,0.914
,7.9076222,2.611,217.0,0.969819,4813.0,0.69,,,720.0,,1,TESS,425997655.0,,0.013757822938660886,230.71609668998298,425997655.0,0.914
,7.9076222,2.611,217.0,0.969819,4813.0,0.69,,,720.0,,1,TESS,425997655.0,,0.013757822938660886,230.71609668998298,425997655.0,0.846
,7.9076222,2.611,217.0,0.969819,4813.0,0.69,,,720.0,,1,TESS,425997655.0,,0.013757822938660886,230.71609668998298,425997655.0,0.846
,7.9076222,2.611,217.0,0.969819,4813.0,0.69,,,720.0,,1,TESS,425997655.0,,0.013757822938660886,230.71609668998298,425997655.0,0.846
,7.9076222,2.611,217.0,0.969819,4813.0,0.69,,,720.0,,1,TESS,425997655.0,,0.013757822938660886,230.71609668998298,425997655.0,0.846
,7.9076222,2.611,217.0,0.969819,4813.0,0.69,,,720.0,,1,TESS,425997655.0,,0.013757822938660886,230.71609668998298,425997655.0,0.846
,21.2690422,5.893,350.0,1.87711,5707.0,1.16,,,770.0,,1,TESS,219857012.0,,0.011544556820035998,99.33183865160579,219857012.0,0.997
,21.2690422,5.893,350.0,1.87711,5707.0,1.16,,,770.0,,1,TESS,219857012.0,,0.011544556820035998,99.33183865160579,219857012.0,0.994
,21.2690422,5.893,350.0,1.87711,5707.0,1.16,,,770.0,,1,TESS,219857012.0,,0.011544556820035998,99.33183865160579,219857012.0,0.993
,21.2690422,5.893,350.0,1.87711,5707.0,1.16,,,770.0,,1,TESS,219857012.0,,0.011544556820035998,99.33183865160579,219857012.0,0.99
,21.2690422,5.893,350.0,1.87711,5707.0,1.16,,,770.0,,1,TESS,219857012.0,,0.011544556820035998,99.33183865160579,219857012.0,0.988
,21.2690422,5.893,350.0,1.87711,5707.0,1.16,,,770.0,,1,TESS,219857012.0,,0.011544556820035998,99.33183865160579,219857012.0,0.985
,21.2690422,5.893,350.0,1.87711,5707.0,1.16,,,770.0,,1,TESS,219857012.0,,0.011544556820035998,99.33183865160579,219857012.0,0.985
,21.2690422,5.893,350.0,1.87711,5707.0,1.16,,,770.0,,1,TESS,219857012.0,,0.011544556820035998,99.33183865160579,219857012.0,0.983
,21.2690422,5.893,350.0,1.87711,5707.0,1.16,,,770.0,,1,TESS,219857012.0,,0.011544556820035998,99.33183865160579,219857012.0,0.918
,21.2690422,5.893,350.0,1.87711,5707.0,1.16,,,770.0,,1,TESS,219857012.0,,0.011544556820035998,99.33183865160579,219857012.0,0.657
,21.2690422,5.893,350.0,1.87711,5707.0,1.16,,,770.0,,1,TESS,219857012.0,,0.011544556820035998,99.33183865160579,219857012.0,0.116
,4.2660553,0.69,1700.0,3.30511,3281.0,0.32,,,506.0,,1,TESS,219860288.0,,0.006739246844549354,155.62416896047822,219860288.0,0.994
,4.2660553,0.69,1700.0,3.30511,3281.0,0.32,,,506.0,,1,TESS,219860288.0,,0.006739246844549354,155.62416896047822,219860288.0,0.994
,4.2660553,0.69,1700.0,3.30511,3281.0,0.32,,,506.0,,1,TESS,219860288.0,,0.006739246844549354,155.62416896047822,219860288.0,0.993
,4.2660553,0.69,1700.0,3.30511,3281.0,0.32,,,506.0,,1,TESS,219860288.0,,0.006739246844549354,155.62416896047822,219860288.0,0.99
,4.2660553,0.69,1700.0,3.30511,3281.0,0.32,,,506.0,,1,TESS,219860288.0,,0.006739246844549354,155.62416896047822,219860288.0,0.989
,4.2660553,0.69,1700.0,3.30511,3281.0,0.32,,,506.0,,1,TESS,219860288.0,,0.006739246844549354,155.62416896047822,219860288.0,0.989
,4.2660553,0.69,1700.0,3.30511,3281.0,0.32,,,506.0,,1,TESS,219860288.0,,0.006739246844549354,155.62416896047822,219860288.0,0.976
,22.3417286,2.582,472.0,2.54102,6179.0,1.14,,,598.0,,1,TESS,229455001.0,,0.004815354042600516,73.10141183091578,229455001.0,0.992
,22.3417286,2.582,472.0,2.54102,6179.0,1.14,,,598.0,,1,TESS,229455001.0,,0.004815354042600516,73.10141183091578,229455001.0,0.982
,22.3417286,2.582,472.0,2.54102,6179.0,1.14,,,598.0,,1,TESS,229455001.0,,0.004815354042600516,73.10141183091578,229455001.0,0.88
,22.3417286,2.582,472.0,2.54102,6179.0,1.14,,,598.0,,1,TESS,229455001.0,,0.004815354042600516,73.10141183091578,229455001.0,0.86
,22.3417286,2.582,472.0,2.54102,6179.0,1.14,,,598.0,,1,TESS,229455001.0,,0.004815354042600516,73.10141183091578,229455001.0,0.783
,22.3417286,2.582,472.0,2.54102,6179.0,1.14,,,598.0,,1,TESS,229455001.0,,0.004815354042600516,73.10141183091578,229455001.0,0.161
,22.3417286,2.582,472.0,2.54102,6179.0,1.14,,,598.0,,1,TESS,229455001.0,,0.004815354042600516,73.10141183091578,229455001.0,0.153
,22.3417286,2.582,472.0,2.54102,6179.0,1.14,,,598.0,,1,TESS,229455001.0,,0.004815354042600516,73.10141183091578,229455001.0,0.133
,1.8135767,1.0753316,4166.2802035,7.660458,5237.0,1.1072299,,,1819.5378757,,0,TESS,309257814.0,,0.02470558995598794,70.99683623259665,309257814.0,0.873
,1.8135767,1.0753316,4166.2802035,7.660458,5237.0,1.1072299,,,1819.5378757,,0,TESS,309257814.0,,0.02470558995598794,70.99683623259665,309257814.0,0.839
,1.8135767,1.0753316,4166.2802035,7.660458,5237.0,1.1072299,,,1819.5378757,,0,TESS,309257814.0,,0.02470558995598794,70.99683623259665,309257814.0,0.764
,1.8135767,1.0753316,4166.2802035,7.660458,5237.0,1.1072299,,,1819.5378757,,0,TESS,309257814.0,,0.02470558995598794,70.99683623259665,309257814.0,0.761
,1.8135767,1.0753316,4166.2802035,7.660458,5237.0,1.1072299,,,1819.5378757,,0,TESS,309257814.0,,0.02470558995598794,70.99683623259665,309257814.0,0.731
,1.8135767,1.0753316,4166.2802035,7.660458,5237.0,1.1072299,,,1819.5378757,,0,TESS,309257814.0,,0.02470558995598794,70.99683623259665,309257814.0,0.719
,1.8135767,1.0753316,4166.2802035,7.660458,5237.0,1.1072299,,,1819.5378757,,0,TESS,309257814.0,,0.02470558995598794,70.99683623259665,309257814.0,0.715
,1.8135767,1.0753316,4166.2802035,7.660458,5237.0,1.1072299,,,1819.5378757,,0,TESS,309257814.0,,0.02470558995598794,70.99683623259665,309257814.0,0.646
,1.8135767,1.0753316,4166.2802035,7.660458,5237.0,1.1072299,,,1819.5378757,,0,TESS,309257814.0,,0.02470558995598794,70.99683623259665,309257814.0,0.618
,1.8135767,1.0753316,4166.2802035,7.660458,5237.0,1.1072299,,,1819.5378757,,0,TESS,309257814.0,,0.02470558995598794,70.99683623259665,309257814.0,0.609
,1.8135767,1.0753316,4166.2802035,7.660458,5237.0,1.1072299,,,1819.5378757,,0,TESS,309257814.0,,0.02470558995598794,70.99683623259665,309257814.0,0.584
,1.8135767,1.0753316,4166.2802035,7.660458,5237.0,1.1072299,,,1819.5378757,,0,TESS,309257814.0,,0.02470558995598794,70.99683623259665,309257814.0,0.531
,1.8135767,1.0753316,4166.2802035,7.660458,5237.0,1.1072299,,,1819.5378757,,0,TESS,309257814.0,,0.02470558995598794,70.99683623259665,309257814.0,0.255
,1.8135767,1.0753316,4166.2802035,7.660458,5237.0,1.1072299,,,1819.5378757,,0,TESS,309257814.0,,0.02470558995598794,70.99683623259665,309257814.0,0.228
,1.8135767,1.0753316,4166.2802035,7.660458,5237.0,1.1072299,,,1819.5378757,,0,TESS,309257814.0,,0.02470558995598794,70.99683623259665,309257814.0,0.174
,1.8135767,1.0753316,4166.2802035,7.660458,5237.0,1.1072299,,,1819.5378757,,0,TESS,309257814.0,,0.02470558995598794,70.99683623259665,309257814.0,0.153
,1.8135767,1.0753316,4166.2802035,7.660458,5237.0,1.1072299,,,1819.5378757,,0,TESS,309257814.0,,0.02470558995598794,70.99683623259665,309257814.0,0.131
,10.2558,5.088,5740.0,7.44683,5326.0,0.97,,,934.0,,0,TESS,461662295.0,,0.020671229854199454,103.50682932179181,461662295.0,0.963
,10.2558,5.088,5740.0,7.44683,5326.0,0.97,,,934.0,,0,TESS,461662295.0,,0.020671229854199454,103.50682932179181,461662295.0,0.167
,10.2558,5.088,5740.0,7.44683,5326.0,0.97,,,934.0,,0,TESS,461662295.0,,0.020671229854199454,103.50682932179181,461662295.0,0.148
,10.2558,5.088,5740.0,7.44683,5326.0,0.97,,,934.0,,0,TESS,461662295.0,,0.020671229854199454,103.50682932179181,461662295.0,0.137
,3.4744763,4.258,12920.0,19.6131,6642.3,1.67,,,1789.0,,1,TESS,239154970.0,,0.051062850691785656,33.58690819831783,239154970.0,0.27
,3.4744763,4.258,12920.0,19.6131,6642.3,1.67,,,1789.0,,1,TESS,239154970.0,,0.051062850691785656,33.58690819831783,239154970.0,0.247
,8.082354,3.284,559.0,2.72432,5878.6,1.24,,,959.0,,1,TESS,14336130.0,,0.01692988609852048,75.31743338290076,14336130.0,0.993
,8.082354,3.284,559.0,2.72432,5878.6,1.24,,,959.0,,1,TESS,14336130.0,,0.01692988609852048,75.31743338290076,14336130.0,0.966
,8.082354,3.284,559.0,2.72432,5878.6,1.24,,,959.0,,1,TESS,14336130.0,,0.01692988609852048,75.31743338290076,14336130.0,0.917
,8.082354,3.284,559.0,2.72432,5878.6,1.24,,,959.0,,1,TESS,14336130.0,,0.01692988609852048,75.31743338290076,14336130.0,0.9
,8.082354,3.284,559.0,2.72432,5878.6,1.24,,,959.0,,1,TESS,14336130.0,,0.01692988609852048,75.31743338290076,14336130.0,0.658
,13.7270395,4.007,901.0,2.95921,5777.0,1.09,,,802.0,,1,TESS,71431780.0,,0.012162734202560773,102.89000055365908,71431780.0,0.996
,13.7270395,4.007,901.0,2.95921,5777.0,1.09,,,802.0,,1,TESS,71431780.0,,0.012162734202560773,102.89000055365908,71431780.0,0.995
,13.7270395,4.007,901.0,2.95921,5777.0,1.09,,,802.0,,1,TESS,71431780.0,,0.012162734202560773,102.89000055365908,71431780.0,0.982
,13.7270395,4.007,901.0,2.95921,5777.0,1.09,,,802.0,,1,TESS,71431780.0,,0.012162734202560773,102.89000055365908,71431780.0,0.944
,0.6850808,1.0565887,2675.7176662,1.9806358,3541.0,0.380019,,,922.0627729,,0,TESS,81212286.0,,0.06426180165769001,682.0731064594017,81212286.0,0.653
,0.6850808,1.0565887,2675.7176662,1.9806358,3541.0,0.380019,,,922.0627729,,0,TESS,81212286.0,,0.06426180165769001,682.0731064594017,81212286.0,0.185
,3.4913952,1.763,5400.0,4.9395,3907.0,0.63,,,718.0,,1,TESS,285048486.0,,0.02103982168981446,221.3236187292858,285048486.0,0.766
,0.5732087,0.4582376,432048.7343961,,5780.0,,,,,,0,TESS,298666530.0,,0.03330938966111662,,298666530.0,0.244
,0.5732087,0.4582376,432048.7343961,,5780.0,,,,,,0,TESS,298666530.0,,0.03330938966111662,,298666530.0,0.228
,0.5732087,0.4582376,432048.7343961,,5780.0,,,,,,0,TESS,298666530.0,,0.03330938966111662,,298666530.0,0.199
,0.5732087,0.4582376,432048.7343961,,5780.0,,,,,,0,TESS,298666530.0,,0.03330938966111662,,298666530.0,0.159
,0.5732087,0.4582376,432048.7343961,,5780.0,,,,,,0,TESS,298666530.0,,0.03330938966111662,,298666530.0,0.138
,0.5732087,0.4582376,432048.7343961,,5780.0,,,,,,0,TESS,298666530.0,,0.03330938966111662,,298666530.0,0.102
,8.3033493,1.705,571.0,1.95844,4814.0,0.78,,,685.0,,1,TESS,159418353.0,,0.008555784388135477,148.87283318923332,159418353.0,0.994
,8.3033493,1.705,571.0,1.95844,4814.0,0.78,,,685.0,,1,TESS,159418353.0,,0.008555784388135477,148.87283318923332,159418353.0,0.994
,8.3033493,1.705,571.0,1.95844,4814.0,0.78,,,685.0,,1,TESS,159418353.0,,0.008555784388135477,148.87283318923332,159418353.0,0.994
,8.3033493,1.705,571.0,1.95844,4814.0,0.78,,,685.0,,1,TESS,159418353.0,,0.008555784388135477,148.87283318923332,159418353.0,0.994
,8.3033493,1.705,571.0,1.95844,4814.0,0.78,,,685.0,,1,TESS,159418353.0,,0.008555784388135477,148.87283318923332,159418353.0,0.977
,8.3033493,1.705,571.0,1.95844,4814.0,0.78,,,685.0,,1,TESS,159418353.0,,0.008555784388135477,148.87283318923332,159418353.0,0.961
,55.087,5.709,2509.0,4.36639,5175.0,0.87,,,562.0,,1,TESS,304142124.0,,0.004318169437799775,131.5999096589772,304142124.0,0.804
,8.7655468,4.0264463,572.6986983,3.3302665,5707.0,1.29921,,,992.0587214,,1,TESS,286916251.0,,0.019139547008733354,51.63785330242516,286916251.0,0.991
,8.7655468,4.0264463,572.6986983,3.3302665,5707.0,1.29921,,,992.0587214,,1,TESS,286916251.0,,0.019139547008733354,51.63785330242516,286916251.0,0.985
,8.7655468,4.0264463,572.6986983,3.3302665,5707.0,1.29921,,,992.0587214,,1,TESS,286916251.0,,0.019139547008733354,51.63785330242516,286916251.0,0.914
,8.7655468,4.0264463,572.6986983,3.3302665,5707.0,1.29921,,,992.0587214,,1,TESS,286916251.0,,0.019139547008733354,51.63785330242516,286916251.0,0.894
,8.7655468,4.0264463,572.6986983,3.3302665,5707.0,1.29921,,,992.0587214,,1,TESS,286916251.0,,0.019139547008733354,51.63785330242516,286916251.0,0.639
,8.7655468,4.0264463,572.6986983,3.3302665,5707.0,1.29921,,,992.0587214,,1,TESS,286916251.0,,0.019139547008733354,51.63785330242516,286916251.0,0.557
,8.7655468,4.0264463,572.6986983,3.3302665,5707.0,1.29921,,,992.0587214,,1,TESS,286916251.0,,0.019139547008733354,51.63785330242516,286916251.0,0.366
,2.7917911,1.4664254,1018.9771433,6.0002066,6071.0,1.16271,,,1435.6065273,,0,TESS,135083444.0,,0.0218859704157012,28.302970696222435,135083444.0,0.944
,2.7917911,1.4664254,1018.9771433,6.0002066,6071.0,1.16271,,,1435.6065273,,0,TESS,135083444.0,,0.0218859704157012,28.302970696222435,135083444.0,0.884
,3.6451549,2.055,780.0,2.99324,5922.0,1.05,,,1143.0,,1,TESS,368435330.0,,0.023490085159685932,87.0585588579467,368435330.0,0.624
,3.6451549,2.055,780.0,2.99324,5922.0,1.05,,,1143.0,,1,TESS,368435330.0,,0.023490085159685932,87.0585588579467,368435330.0,0.624
,3.6451549,2.055,780.0,2.99324,5922.0,1.05,,,1143.0,,1,TESS,368435330.0,,0.023490085159685932,87.0585588579467,368435330.0,0.624
,3.6451549,2.055,780.0,2.99324,5922.0,1.05,,,1143.0,,1,TESS,368435330.0,,0.023490085159685932,87.0585588579467,368435330.0,0.624
,1.0376109,1.588,210.0,1.53671,5922.0,1.05,,,1926.0,,1,TESS,368435330.0,,0.06376828154913844,88.92733470328768,368435330.0,0.624
,1.0376109,1.588,210.0,1.53671,5922.0,1.05,,,1926.0,,1,TESS,368435330.0,,0.06376828154913844,88.92733470328768,368435330.0,0.624
,1.0376109,1.588,210.0,1.53671,5922.0,1.05,,,1926.0,,1,TESS,368435330.0,,0.06376828154913844,88.92733470328768,368435330.0,0.624
,1.0376109,1.588,210.0,1.53671,5922.0,1.05,,,1926.0,,1,TESS,368435330.0,,0.06376828154913844,88.92733470328768,368435330.0,0.624
,3.6906759,1.107,1657.0,1.36751,3469.0,0.31,,,479.0,,1,TESS,307210830.0,,0.012497710644075266,886.0561708873462,307210830.0,0.998
,3.6906759,1.107,1657.0,1.36751,3469.0,0.31,,,479.0,,1,TESS,307210830.0,,0.012497710644075266,886.0561708873462,307210830.0,0.998
,3.6906759,1.107,1657.0,1.36751,3469.0,0.31,,,479.0,,1,TESS,307210830.0,,0.012497710644075266,886.0561708873462,307210830.0,0.998
,3.6906759,1.107,1657.0,1.36751,3469.0,0.31,,,479.0,,1,TESS,307210830.0,,0.012497710644075266,886.0561708873462,307210830.0,0.996
,3.6906759,1.107,1657.0,1.36751,3469.0,0.31,,,479.0,,1,TESS,307210830.0,,0.012497710644075266,886.0561708873462,307210830.0,0.996
,3.6906759,1.107,1657.0,1.36751,3469.0,0.31,,,479.0,,1,TESS,307210830.0,,0.012497710644075266,886.0561708873462,307210830.0,0.996
,3.6906759,1.107,1657.0,1.36751,3469.0,0.31,,,479.0,,1,TESS,307210830.0,,0.012497710644075266,886.0561708873462,307210830.0,0.98
,3.6906759,1.107,1657.0,1.36751,3469.0,0.31,,,479.0,,1,TESS,307210830.0,,0.012497710644075266,886.0561708873462,307210830.0,0.98
,3.6906759,1.107,1657.0,1.36751,3469.0,0.31,,,479.0,,1,TESS,307210830.0,,0.012497710644075266,886.0561708873462,307210830.0,0.98
,3.6906759,1.107,1657.0,1.36751,3469.0,0.31,,,479.0,,1,TESS,307210830.0,,0.012497710644075266,886.0561708873462,307210830.0,0.945
,3.6906759,1.107,1657.0,1.36751,3469.0,0.31,,,479.0,,1,TESS,307210830.0,,0.012497710644075266,886.0561708873462,307210830.0,0.945
,3.6906759,1.107,1657.0,1.36751,3469.0,0.31,,,479.0,,1,TESS,307210830.0,,0.012497710644075266,886.0561708873462,307210830.0,0.945
,3.6906759,1.107,1657.0,1.36751,3469.0,0.31,,,479.0,,1,TESS,307210830.0,,0.012497710644075266,886.0561708873462,307210830.0,0.88
,3.6906759,1.107,1657.0,1.36751,3469.0,0.31,,,479.0,,1,TESS,307210830.0,,0.012497710644075266,886.0561708873462,307210830.0,0.88
,3.6906759,1.107,1657.0,1.36751,3469.0,0.31,,,479.0,,1,TESS,307210830.0,,0.012497710644075266,886.0561708873462,307210830.0,0.88
,3.6906759,1.107,1657.0,1.36751,3469.0,0.31,,,479.0,,1,TESS,307210830.0,,0.012497710644075266,886.0561708873462,307210830.0,0.625
,3.6906759,1.107,1657.0,1.36751,3469.0,0.31,,,479.0,,1,TESS,307210830.0,,0.012497710644075266,886.0561708873462,307210830.0,0.625
,3.6906759,1.107,1657.0,1.36751,3469.0,0.31,,,479.0,,1,TESS,307210830.0,,0.012497710644075266,886.0561708873462,307210830.0,0.625
,3.6906759,1.107,1657.0,1.36751,3469.0,0.31,,,479.0,,1,TESS,307210830.0,,0.012497710644075266,886.0561708873462,307210830.0,0.998
,3.6906759,1.107,1657.0,1.36751,3469.0,0.31,,,479.0,,1,TESS,307210830.0,,0.012497710644075266,886.0561708873462,307210830.0,0.998
,3.6906759,1.107,1657.0,1.36751,3469.0,0.31,,,479.0,,1,TESS,307210830.0,,0.012497710644075266,886.0561708873462,307210830.0,0.998
,3.6906759,1.107,1657.0,1.36751,3469.0,0.31,,,479.0,,1,TESS,307210830.0,,0.012497710644075266,886.0561708873462,307210830.0,0.996
,3.6906759,1.107,1657.0,1.36751,3469.0,0.31,,,479.0,,1,TESS,307210830.0,,0.012497710644075266,886.0561708873462,307210830.0,0.996
,3.6906759,1.107,1657.0,1.36751,3469.0,0.31,,,479.0,,1,TESS,307210830.0,,0.012497710644075266,886.0561708873462,307210830.0,0.996
,3.6906759,1.107,1657.0,1.36751,3469.0,0.31,,,479.0,,1,TESS,307210830.0,,0.012497710644075266,886.0561708873462,307210830.0,0.98
,3.6906759,1.107,1657.0,1.36751,3469.0,0.31,,,479.0,,1,TESS,307210830.0,,0.012497710644075266,886.0561708873462,307210830.0,0.98
,3.6906759,1.107,1657.0,1.36751,3469.0,0.31,,,479.0,,1,TESS,307210830.0,,0.012497710644075266,886.0561708873462,307210830.0,0.98
,3.6906759,1.107,1657.0,1.36751,3469.0,0.31,,,479.0,,1,TESS,307210830.0,,0.012497710644075266,886.0561708873462,307210830.0,0.945
,3.6906759,1.107,1657.0,1.36751,3469.0,0.31,,,479.0,,1,TESS,307210830.0,,0.012497710644075266,886.0561708873462,307210830.0,0.945
,3.6906759,1.107,1657.0,1.36751,3469.0,0.31,,,479.0,,1,TESS,307210830.0,,0.012497710644075266,886.0561708873462,307210830.0,0.945
,3.6906759,1.107,1657.0,1.36751,3469.0,0.31,,,479.0,,1,TESS,307210830.0,,0.012497710644075266,886.0561708873462,307210830.0,0.88
,3.6906759,1.107,1657.0,1.36751,3469.0,0.31,,,479.0,,1,TESS,307210830.0,,0.012497710644075266,886.0561708873462,307210830.0,0.88
,3.6906759,1.107,1657.0,1.36751,3469.0,0.31,,,479.0,,1,TESS,307210830.0,,0.012497710644075266,886.0561708873462,307210830.0,0.88
,3.6906759,1.107,1657.0,1.36751,3469.0,0.31,,,479.0,,1,TESS,307210830.0,,0.012497710644075266,886.0561708873462,307210830.0,0.625
,3.6906759,1.107,1657.0,1.36751,3469.0,0.31,,,479.0,,1,TESS,307210830.0,,0.012497710644075266,886.0561708873462,307210830.0,0.625
,3.6906759,1.107,1657.0,1.36751,3469.0,0.31,,,479.0,,1,TESS,307210830.0,,0.012497710644075266,886.0561708873462,307210830.0,0.625
,3.6906759,1.107,1657.0,1.36751,3469.0,0.31,,,479.0,,1,TESS,307210830.0,,0.012497710644075266,886.0561708873462,307210830.0,0.998
,3.6906759,1.107,1657.0,1.36751,3469.0,0.31,,,479.0,,1,TESS,307210830.0,,0.012497710644075266,886.0561708873462,307210830.0,0.998
,3.6906759,1.107,1657.0,1.36751,3469.0,0.31,,,479.0,,1,TESS,307210830.0,,0.012497710644075266,886.0561708873462,307210830.0,0.998
,3.6906759,1.107,1657.0,1.36751,3469.0,0.31,,,479.0,,1,TESS,307210830.0,,0.012497710644075266,886.0561708873462,307210830.0,0.996
,3.6906759,1.107,1657.0,1.36751,3469.0,0.31,,,479.0,,1,TESS,307210830.0,,0.012497710644075266,886.0561708873462,307210830.0,0.996
,3.6906759,1.107,1657.0,1.36751,3469.0,0.31,,,479.0,,1,TESS,307210830.0,,0.012497710644075266,886.0561708873462,307210830.0,0.996
,3.6906759,1.107,1657.0,1.36751,3469.0,0.31,,,479.0,,1,TESS,307210830.0,,0.012497710644075266,886.0561708873462,307210830.0,0.98
,3.6906759,1.107,1657.0,1.36751,3469.0,0.31,,,479.0,,1,TESS,307210830.0,,0.012497710644075266,886.0561708873462,307210830.0,0.98
,3.6906759,1.107,1657.0,1.36751,3469.0,0.31,,,479.0,,1,TESS,307210830.0,,0.012497710644075266,886.0561708873462,307210830.0,0.98
,3.6906759,1.107,1657.0,1.36751,3469.0,0.31,,,479.0,,1,TESS,307210830.0,,0.012497710644075266,886.0561708873462,307210830.0,0.945
,3.6906759,1.107,1657.0,1.36751,3469.0,0.31,,,479.0,,1,TESS,307210830.0,,0.012497710644075266,886.0561708873462,307210830.0,0.945
,3.6906759,1.107,1657.0,1.36751,3469.0,0.31,,,479.0,,1,TESS,307210830.0,,0.012497710644075266,886.0561708873462,307210830.0,0.945
,3.6906759,1.107,1657.0,1.36751,3469.0,0.31,,,479.0,,1,TESS,307210830.0,,0.012497710644075266,886.0561708873462,307210830.0,0.88
,3.6906759,1.107,1657.0,1.36751,3469.0,0.31,,,479.0,,1,TESS,307210830.0,,0.012497710644075266,886.0561708873462,307210830.0,0.88
,3.6906759,1.107,1657.0,1.36751,3469.0,0.31,,,479.0,,1,TESS,307210830.0,,0.012497710644075266,886.0561708873462,307210830.0,0.88
,3.6906759,1.107,1657.0,1.36751,3469.0,0.31,,,479.0,,1,TESS,307210830.0,,0.012497710644075266,886.0561708873462,307210830.0,0.625
,3.6906759,1.107,1657.0,1.36751,3469.0,0.31,,,479.0,,1,TESS,307210830.0,,0.012497710644075266,886.0561708873462,307210830.0,0.625
,3.6906759,1.107,1657.0,1.36751,3469.0,0.31,,,479.0,,1,TESS,307210830.0,,0.012497710644075266,886.0561708873462,307210830.0,0.625
,7.4507305,0.475,1542.0,3.04528,3469.0,0.31,,,329.0,,1,TESS,307210830.0,,0.0026563390738647535,166.2761140805928,307210830.0,0.998
,7.4507305,0.475,1542.0,3.04528,3469.0,0.31,,,329.0,,1,TESS,307210830.0,,0.0026563390738647535,166.2761140805928,307210830.0,0.998
,7.4507305,0.475,1542.0,3.04528,3469.0,0.31,,,329.0,,1,TESS,307210830.0,,0.0026563390738647535,166.2761140805928,307210830.0,0.998
,7.4507305,0.475,1542.0,3.04528,3469.0,0.31,,,329.0,,1,TESS,307210830.0,,0.0026563390738647535,166.2761140805928,307210830.0,0.996
,7.4507305,0.475,1542.0,3.04528,3469.0,0.31,,,329.0,,1,TESS,307210830.0,,0.0026563390738647535,166.2761140805928,307210830.0,0.996
,7.4507305,0.475,1542.0,3.04528,3469.0,0.31,,,329.0,,1,TESS,307210830.0,,0.0026563390738647535,166.2761140805928,307210830.0,0.996
,7.4507305,0.475,1542.0,3.04528,3469.0,0.31,,,329.0,,1,TESS,307210830.0,,0.0026563390738647535,166.2761140805928,307210830.0,0.98
,7.4507305,0.475,1542.0,3.04528,3469.0,0.31,,,329.0,,1,TESS,307210830.0,,0.0026563390738647535,166.2761140805928,307210830.0,0.98
,7.4507305,0.475,1542.0,3.04528,3469.0,0.31,,,329.0,,1,TESS,307210830.0,,0.0026563390738647535,166.2761140805928,307210830.0,0.98
,7.4507305,0.475,1542.0,3.04528,3469.0,0.31,,,329.0,,1,TESS,307210830.0,,0.0026563390738647535,166.2761140805928,307210830.0,0.945
,7.4507305,0.475,1542.0,3.04528,3469.0,0.31,,,329.0,,1,TESS,307210830.0,,0.0026563390738647535,166.2761140805928,307210830.0,0.945
,7.4507305,0.475,1542.0,3.04528,3469.0,0.31,,,329.0,,1,TESS,307210830.0,,0.0026563390738647535,166.2761140805928,307210830.0,0.945
,7.4507305,0.475,1542.0,3.04528,3469.0,0.31,,,329.0,,1,TESS,307210830.0,,0.0026563390738647535,166.2761140805928,307210830.0,0.88
,7.4507305,0.475,1542.0,3.04528,3469.0,0.31,,,329.0,,1,TESS,307210830.0,,0.0026563390738647535,166.2761140805928,307210830.0,0.88
,7.4507305,0.475,1542.0,3.04528,3469.0,0.31,,,329.0,,1,TESS,307210830.0,,0.0026563390738647535,166.2761140805928,307210830.0,0.88
,7.4507305,0.475,1542.0,3.04528,3469.0,0.31,,,329.0,,1,TESS,307210830.0,,0.0026563390738647535,166.2761140805928,307210830.0,0.625
,7.4507305,0.475,1542.0,3.04528,3469.0,0.31,,,329.0,,1,TESS,307210830.0,,0.0026563390738647535,166.2761140805928,307210830.0,0.625
,7.4507305,0.475,1542.0,3.04528,3469.0,0.31,,,329.0,,1,TESS,307210830.0,,0.0026563390738647535,166.2761140805928,307210830.0,0.625
,7.4507305,0.475,1542.0,3.04528,3469.0,0.31,,,329.0,,1,TESS,307210830.0,,0.0026563390738647535,166.2761140805928,307210830.0,0.998
,7.4507305,0.475,1542.0,3.04528,3469.0,0.31,,,329.0,,1,TESS,307210830.0,,0.0026563390738647535,166.2761140805928,307210830.0,0.998
,7.4507305,0.475,1542.0,3.04528,3469.0,0.31,,,329.0,,1,TESS,307210830.0,,0.0026563390738647535,166.2761140805928,307210830.0,0.998
,7.4507305,0.475,1542.0,3.04528,3469.0,0.31,,,329.0,,1,TESS,307210830.0,,0.0026563390738647535,166.2761140805928,307210830.0,0.996
,7.4507305,0.475,1542.0,3.04528,3469.0,0.31,,,329.0,,1,TESS,307210830.0,,0.0026563390738647535,166.2761140805928,307210830.0,0.996
,7.4507305,0.475,1542.0,3.04528,3469.0,0.31,,,329.0,,1,TESS,307210830.0,,0.0026563390738647535,166.2761140805928,307210830.0,0.996
,7.4507305,0.475,1542.0,3.04528,3469.0,0.31,,,329.0,,1,TESS,307210830.0,,0.0026563390738647535,166.2761140805928,307210830.0,0.98
,7.4507305,0.475,1542.0,3.04528,3469.0,0.31,,,329.0,,1,TESS,307210830.0,,0.0026563390738647535,166.2761140805928,307210830.0,0.98
,7.4507305,0.475,1542.0,3.04528,3469.0,0.31,,,329.0,,1,TESS,307210830.0,,0.0026563390738647535,166.2761140805928,307210830.0,0.98
,7.4507305,0.475,1542.0,3.04528,3469.0,0.31,,,329.0,,1,TESS,307210830.0,,0.0026563390738647535,166.2761140805928,307210830.0,0.945
,7.4507305,0.475,1542.0,3.04528,3469.0,0.31,,,329.0,,1,TESS,307210830.0,,0.0026563390738647535,166.2761140805928,307210830.0,0.945
,7.4507305,0.475,1542.0,3.04528,3469.0,0.31,,,329.0,,1,TESS,307210830.0,,0.0026563390738647535,166.2761140805928,307210830.0,0.945
,7.4507305,0.475,1542.0,3.04528,3469.0,0.31,,,329.0,,1,TESS,307210830.0,,0.0026563390738647535,166.2761140805928,307210830.0,0.88
,7.4507305,0.475,1542.0,3.04528,3469.0,0.31,,,329.0,,1,TESS,307210830.0,,0.0026563390738647535,166.2761140805928,307210830.0,0.88
,7.4507305,0.475,1542.0,3.04528,3469.0,0.31,,,329.0,,1,TESS,307210830.0,,0.0026563390738647535,166.2761140805928,307210830.0,0.88
,7.4507305,0.475,1542.0,3.04528,3469.0,0.31,,,329.0,,1,TESS,307210830.0,,0.0026563390738647535,166.2761140805928,307210830.0,0.625
,7.4507305,0.475,1542.0,3.04528,3469.0,0.31,,,329.0,,1,TESS,307210830.0,,0.0026563390738647535,166.2761140805928,307210830.0,0.625
,7.4507305,0.475,1542.0,3.04528,3469.0,0.31,,,329.0,,1,TESS,307210830.0,,0.0026563390738647535,166.2761140805928,307210830.0,0.625
,7.4507305,0.475,1542.0,3.04528,3469.0,0.31,,,329.0,,1,TESS,307210830.0,,0.0026563390738647535,166.2761140805928,307210830.0,0.998
,7.4507305,0.475,1542.0,3.04528,3469.0,0.31,,,329.0,,1,TESS,307210830.0,,0.0026563390738647535,166.2761140805928,307210830.0,0.998
,7.4507305,0.475,1542.0,3.04528,3469.0,0.31,,,329.0,,1,TESS,307210830.0,,0.0026563390738647535,166.2761140805928,307210830.0,0.998
,7.4507305,0.475,1542.0,3.04528,3469.0,0.31,,,329.0,,1,TESS,307210830.0,,0.0026563390738647535,166.2761140805928,307210830.0,0.996
,7.4507305,0.475,1542.0,3.04528,3469.0,0.31,,,329.0,,1,TESS,307210830.0,,0.0026563390738647535,166.2761140805928,307210830.0,0.996
,7.4507305,0.475,1542.0,3.04528,3469.0,0.31,,,329.0,,1,TESS,307210830.0,,0.0026563390738647535,166.2761140805928,307210830.0,0.996
,7.4507305,0.475,1542.0,3.04528,3469.0,0.31,,,329.0,,1,TESS,307210830.0,,0.0026563390738647535,166.2761140805928,307210830.0,0.98
,7.4507305,0.475,1542.0,3.04528,3469.0,0.31,,,329.0,,1,TESS,307210830.0,,0.0026563390738647535,166.2761140805928,307210830.0,0.98
,7.4507305,0.475,1542.0,3.04528,3469.0,0.31,,,329.0,,1,TESS,307210830.0,,0.0026563390738647535,166.2761140805928,307210830.0,0.98
,7.4507305,0.475,1542.0,3.04528,3469.0,0.31,,,329.0,,1,TESS,307210830.0,,0.0026563390738647535,166.2761140805928,307210830.0,0.945
,7.4507305,0.475,1542.0,3.04528,3469.0,0.31,,,329.0,,1,TESS,307210830.0,,0.0026563390738647535,166.2761140805928,307210830.0,0.945
,7.4507305,0.475,1542.0,3.04528,3469.0,0.31,,,329.0,,1,TESS,307210830.0,,0.0026563390738647535,166.2761140805928,307210830.0,0.945
,7.4507305,0.475,1542.0,3.04528,3469.0,0.31,,,329.0,,1,TESS,307210830.0,,0.0026563390738647535,166.2761140805928,307210830.0,0.88
,7.4507305,0.475,1542.0,3.04528,3469.0,0.31,,,329.0,,1,TESS,307210830.0,,0.0026563390738647535,166.2761140805928,307210830.0,0.88
,7.4507305,0.475,1542.0,3.04528,3469.0,0.31,,,329.0,,1,TESS,307210830.0,,0.0026563390738647535,166.2761140805928,307210830.0,0.88
,7.4507305,0.475,1542.0,3.04528,3469.0,0.31,,,329.0,,1,TESS,307210830.0,,0.0026563390738647535,166.2761140805928,307210830.0,0.625
,7.4507305,0.475,1542.0,3.04528,3469.0,0.31,,,329.0,,1,TESS,307210830.0,,0.0026563390738647535,166.2761140805928,307210830.0,0.625
,7.4507305,0.475,1542.0,3.04528,3469.0,0.31,,,329.0,,1,TESS,307210830.0,,0.0026563390738647535,166.2761140805928,307210830.0,0.625
,2.2531062,0.9939837,682.3972723,0.826635,3469.0,0.31416,,,567.3025213,,1,TESS,307210830.0,,0.01838172862606061,998.6402531887837,307210830.0,0.998
,2.2531062,0.9939837,682.3972723,0.826635,3469.0,0.31416,,,567.3025213,,1,TESS,307210830.0,,0.01838172862606061,998.6402531887837,307210830.0,0.998
,2.2531062,0.9939837,682.3972723,0.826635,3469.0,0.31416,,,567.3025213,,1,TESS,307210830.0,,0.01838172862606061,998.6402531887837,307210830.0,0.998
,2.2531062,0.9939837,682.3972723,0.826635,3469.0,0.31416,,,567.3025213,,1,TESS,307210830.0,,0.01838172862606061,998.6402531887837,307210830.0,0.996
,2.2531062,0.9939837,682.3972723,0.826635,3469.0,0.31416,,,567.3025213,,1,TESS,307210830.0,,0.01838172862606061,998.6402531887837,307210830.0,0.996
,2.2531062,0.9939837,682.3972723,0.826635,3469.0,0.31416,,,567.3025213,,1,TESS,307210830.0,,0.01838172862606061,998.6402531887837,307210830.0,0.996
,2.2531062,0.9939837,682.3972723,0.826635,3469.0,0.31416,,,567.3025213,,1,TESS,307210830.0,,0.01838172862606061,998.6402531887837,307210830.0,0.98
,2.2531062,0.9939837,682.3972723,0.826635,3469.0,0.31416,,,567.3025213,,1,TESS,307210830.0,,0.01838172862606061,998.6402531887837,307210830.0,0.98
,2.2531062,0.9939837,682.3972723,0.826635,3469.0,0.31416,,,567.3025213,,1,TESS,307210830.0,,0.01838172862606061,998.6402531887837,307210830.0,0.98
,2.2531062,0.9939837,682.3972723,0.826635,3469.0,0.31416,,,567.3025213,,1,TESS,307210830.0,,0.01838172862606061,998.6402531887837,307210830.0,0.945
,2.2531062,0.9939837,682.3972723,0.826635,3469.0,0.31416,,,567.3025213,,1,TESS,307210830.0,,0.01838172862606061,998.6402531887837,307210830.0,0.945
,2.2531062,0.9939837,682.3972723,0.826635,3469.0,0.31416,,,567.3025213,,1,TESS,307210830.0,,0.01838172862606061,998.6402531887837,307210830.0,0.945
,2.2531062,0.9939837,682.3972723,0.826635,3469.0,0.31416,,,567.3025213,,1,TESS,307210830.0,,0.01838172862606061,998.6402531887837,307210830.0,0.88
,2.2531062,0.9939837,682.3972723,0.826635,3469.0,0.31416,,,567.3025213,,1,TESS,307210830.0,,0.01838172862606061,998.6402531887837,307210830.0,0.88
,2.2531062,0.9939837,682.3972723,0.826635,3469.0,0.31416,,,567.3025213,,1,TESS,307210830.0,,0.01838172862606061,998.6402531887837,307210830.0,0.88
,2.2531062,0.9939837,682.3972723,0.826635,3469.0,0.31416,,,567.3025213,,1,TESS,307210830.0,,0.01838172862606061,998.6402531887837,307210830.0,0.625
,2.2531062,0.9939837,682.3972723,0.826635,3469.0,0.31416,,,567.3025213,,1,TESS,307210830.0,,0.01838172862606061,998.6402531887837,307210830.0,0.625
,2.2531062,0.9939837,682.3972723,0.826635,3469.0,0.31416,,,567.3025213,,1,TESS,307210830.0,,0.01838172862606061,998.6402531887837,307210830.0,0.625
,2.2531062,0.9939837,682.3972723,0.826635,3469.0,0.31416,,,567.3025213,,1,TESS,307210830.0,,0.01838172862606061,998.6402531887837,307210830.0,0.998
,2.2531062,0.9939837,682.3972723,0.826635,3469.0,0.31416,,,567.3025213,,1,TESS,307210830.0,,0.01838172862606061,998.6402531887837,307210830.0,0.998
,2.2531062,0.9939837,682.3972723,0.826635,3469.0,0.31416,,,567.3025213,,1,TESS,307210830.0,,0.01838172862606061,998.6402531887837,307210830.0,0.998
,2.2531062,0.9939837,682.3972723,0.826635,3469.0,0.31416,,,567.3025213,,1,TESS,307210830.0,,0.01838172862606061,998.6402531887837,307210830.0,0.996
,2.2531062,0.9939837,682.3972723,0.826635,3469.0,0.31416,,,567.3025213,,1,TESS,307210830.0,,0.01838172862606061,998.6402531887837,307210830.0,0.996
,2.2531062,0.9939837,682.3972723,0.826635,3469.0,0.31416,,,567.3025213,,1,TESS,307210830.0,,0.01838172862606061,998.6402531887837,307210830.0,0.996
,2.2531062,0.9939837,682.3972723,0.826635,3469.0,0.31416,,,567.3025213,,1,TESS,307210830.0,,0.01838172862606061,998.6402531887837,307210830.0,0.98
,2.2531062,0.9939837,682.3972723,0.826635,3469.0,0.31416,,,567.3025213,,1,TESS,307210830.0,,0.01838172862606061,998.6402531887837,307210830.0,0.98
,2.2531062,0.9939837,682.3972723,0.826635,3469.0,0.31416,,,567.3025213,,1,TESS,307210830.0,,0.01838172862606061,998.6402531887837,307210830.0,0.98
,2.2531062,0.9939837,682.3972723,0.826635,3469.0,0.31416,,,567.3025213,,1,TESS,307210830.0,,0.01838172862606061,998.6402531887837,307210830.0,0.945
,2.2531062,0.9939837,682.3972723,0.826635,3469.0,0.31416,,,567.3025213,,1,TESS,307210830.0,,0.01838172862606061,998.6402531887837,307210830.0,0.945
,2.2531062,0.9939837,682.3972723,0.826635,3469.0,0.31416,,,567.3025213,,1,TESS,307210830.0,,0.01838172862606061,998.6402531887837,307210830.0,0.945
,2.2531062,0.9939837,682.3972723,0.826635,3469.0,0.31416,,,567.3025213,,1,TESS,307210830.0,,0.01838172862606061,998.6402531887837,307210830.0,0.88
,2.2531062,0.9939837,682.3972723,0.826635,3469.0,0.31416,,,567.3025213,,1,TESS,307210830.0,,0.01838172862606061,998.6402531887837,307210830.0,0.88
,2.2531062,0.9939837,682.3972723,0.826635,3469.0,0.31416,,,567.3025213,,1,TESS,307210830.0,,0.01838172862606061,998.6402531887837,307210830.0,0.88
,2.2531062,0.9939837,682.3972723,0.826635,3469.0,0.31416,,,567.3025213,,1,TESS,307210830.0,,0.01838172862606061,998.6402531887837,307210830.0,0.625
,2.2531062,0.9939837,682.3972723,0.826635,3469.0,0.31416,,,567.3025213,,1,TESS,307210830.0,,0.01838172862606061,998.6402531887837,307210830.0,0.625
,2.2531062,0.9939837,682.3972723,0.826635,3469.0,0.31416,,,567.3025213,,1,TESS,307210830.0,,0.01838172862606061,998.6402531887837,307210830.0,0.625
,2.2531062,0.9939837,682.3972723,0.826635,3469.0,0.31416,,,567.3025213,,1,TESS,307210830.0,,0.01838172862606061,998.6402531887837,307210830.0,0.998
,2.2531062,0.9939837,682.3972723,0.826635,3469.0,0.31416,,,567.3025213,,1,TESS,307210830.0,,0.01838172862606061,998.6402531887837,307210830.0,0.998
,2.2531062,0.9939837,682.3972723,0.826635,3469.0,0.31416,,,567.3025213,,1,TESS,307210830.0,,0.01838172862606061,998.6402531887837,307210830.0,0.998
,2.2531062,0.9939837,682.3972723,0.826635,3469.0,0.31416,,,567.3025213,,1,TESS,307210830.0,,0.01838172862606061,998.6402531887837,307210830.0,0.996
,2.2531062,0.9939837,682.3972723,0.826635,3469.0,0.31416,,,567.3025213,,1,TESS,307210830.0,,0.01838172862606061,998.6402531887837,307210830.0,0.996
,2.2531062,0.9939837,682.3972723,0.826635,3469.0,0.31416,,,567.3025213,,1,TESS,307210830.0,,0.01838172862606061,998.6402531887837,307210830.0,0.996
,2.2531062,0.9939837,682.3972723,0.826635,3469.0,0.31416,,,567.3025213,,1,TESS,307210830.0,,0.01838172862606061,998.6402531887837,307210830.0,0.98
,2.2531062,0.9939837,682.3972723,0.826635,3469.0,0.31416,,,567.3025213,,1,TESS,307210830.0,,0.01838172862606061,998.6402531887837,307210830.0,0.98
,2.2531062,0.9939837,682.3972723,0.826635,3469.0,0.31416,,,567.3025213,,1,TESS,307210830.0,,0.01838172862606061,998.6402531887837,307210830.0,0.98
,2.2531062,0.9939837,682.3972723,0.826635,3469.0,0.31416,,,567.3025213,,1,TESS,307210830.0,,0.01838172862606061,998.6402531887837,307210830.0,0.945
,2.2531062,0.9939837,682.3972723,0.826635,3469.0,0.31416,,,567.3025213,,1,TESS,307210830.0,,0.01838172862606061,998.6402531887837,307210830.0,0.945
,2.2531062,0.9939837,682.3972723,0.826635,3469.0,0.31416,,,567.3025213,,1,TESS,307210830.0,,0.01838172862606061,998.6402531887837,307210830.0,0.945
,2.2531062,0.9939837,682.3972723,0.826635,3469.0,0.31416,,,567.3025213,,1,TESS,307210830.0,,0.01838172862606061,998.6402531887837,307210830.0,0.88
,2.2531062,0.9939837,682.3972723,0.826635,3469.0,0.31416,,,567.3025213,,1,TESS,307210830.0,,0.01838172862606061,998.6402531887837,307210830.0,0.88
,2.2531062,0.9939837,682.3972723,0.826635,3469.0,0.31416,,,567.3025213,,1,TESS,307210830.0,,0.01838172862606061,998.6402531887837,307210830.0,0.88
,2.2531062,0.9939837,682.3972723,0.826635,3469.0,0.31416,,,567.3025213,,1,TESS,307210830.0,,0.01838172862606061,998.6402531887837,307210830.0,0.625
,2.2531062,0.9939837,682.3972723,0.826635,3469.0,0.31416,,,567.3025213,,1,TESS,307210830.0,,0.01838172862606061,998.6402531887837,307210830.0,0.625
,2.2531062,0.9939837,682.3972723,0.826635,3469.0,0.31416,,,567.3025213,,1,TESS,307210830.0,,0.01838172862606061,998.6402531887837,307210830.0,0.625
,37.4685042,7.685,429.0,2.56325,6114.0,1.27,,,1037.0,,1,TESS,287080092.0,,0.00854606661819308,65.29430356191175,287080092.0,0.995
,37.4685042,7.685,429.0,2.56325,6114.0,1.27,,,1037.0,,1,TESS,287080092.0,,0.00854606661819308,65.29430356191175,287080092.0,0.995
,37.4685042,7.685,429.0,2.56325,6114.0,1.27,,,1037.0,,1,TESS,287080092.0,,0.00854606661819308,65.29430356191175,287080092.0,0.992
,37.4685042,7.685,429.0,2.56325,6114.0,1.27,,,1037.0,,1,TESS,287080092.0,,0.00854606661819308,65.29430356191175,287080092.0,0.992
,37.4685042,7.685,429.0,2.56325,6114.0,1.27,,,1037.0,,1,TESS,287080092.0,,0.00854606661819308,65.29430356191175,287080092.0,0.991
,37.4685042,7.685,429.0,2.56325,6114.0,1.27,,,1037.0,,1,TESS,287080092.0,,0.00854606661819308,65.29430356191175,287080092.0,0.99
,37.4685042,7.685,429.0,2.56325,6114.0,1.27,,,1037.0,,1,TESS,287080092.0,,0.00854606661819308,65.29430356191175,287080092.0,0.976
,37.4685042,7.685,429.0,2.56325,6114.0,1.27,,,1037.0,,1,TESS,287080092.0,,0.00854606661819308,65.29430356191175,287080092.0,0.459
,5.3846239,3.2617296,630.6901313,2.6170633,5700.0,0.959022,,,1001.7564461,,1,TESS,289580577.0,,0.02523953417588789,92.08470848347241,289580577.0,0.993
,5.3846239,3.2617296,630.6901313,2.6170633,5700.0,0.959022,,,1001.7564461,,1,TESS,289580577.0,,0.02523953417588789,92.08470848347241,289580577.0,0.984
,5.3846239,3.2617296,630.6901313,2.6170633,5700.0,0.959022,,,1001.7564461,,1,TESS,289580577.0,,0.02523953417588789,92.08470848347241,289580577.0,0.977
,5.3846239,3.2617296,630.6901313,2.6170633,5700.0,0.959022,,,1001.7564461,,1,TESS,289580577.0,,0.02523953417588789,92.08470848347241,289580577.0,0.972
,5.3846239,3.2617296,630.6901313,2.6170633,5700.0,0.959022,,,1001.7564461,,1,TESS,289580577.0,,0.02523953417588789,92.08470848347241,289580577.0,0.969
,5.3846239,3.2617296,630.6901313,2.6170633,5700.0,0.959022,,,1001.7564461,,1,TESS,289580577.0,,0.02523953417588789,92.08470848347241,289580577.0,0.968
,5.3846239,3.2617296,630.6901313,2.6170633,5700.0,0.959022,,,1001.7564461,,1,TESS,289580577.0,,0.02523953417588789,92.08470848347241,289580577.0,0.961
,20.7051499,3.348,1822.0,3.39245,5169.0,0.81,,,531.0,,1,TESS,367858035.0,,0.006737454227234198,158.31476621498703,367858035.0,0.996
,20.7051499,3.348,1822.0,3.39245,5169.0,0.81,,,531.0,,1,TESS,367858035.0,,0.006737454227234198,158.31476621498703,367858035.0,0.995
,20.7051499,3.348,1822.0,3.39245,5169.0,0.81,,,531.0,,1,TESS,367858035.0,,0.006737454227234198,158.31476621498703,367858035.0,0.994
,20.7051499,3.348,1822.0,3.39245,5169.0,0.81,,,531.0,,1,TESS,367858035.0,,0.006737454227234198,158.31476621498703,367858035.0,0.987
,18.8500438,3.407,2610.0,3.09094,3960.0,0.63,,,435.0,,1,TESS,408636441.0,,0.007530928549860698,273.1865491694035,408636441.0,0.992
,18.8500438,3.407,2610.0,3.09094,3960.0,0.63,,,435.0,,1,TESS,408636441.0,,0.007530928549860698,273.1865491694035,408636441.0,0.289
,16.155373,1.556705,71225.723174,10.424281,3270.0,0.271,,,297.2885497,,0,TESS,272086159.0,,0.004014931018060959,655.4576608646569,272086159.0,0.131
,16.155373,1.556705,71225.723174,10.424281,3270.0,0.271,,,297.2885497,,0,TESS,272086159.0,,0.004014931018060959,655.4576608646569,272086159.0,0.131
,11.062666,2.0842156,4957.8780942,2.6437021,3212.0,0.254522,,,293.8838939,,0,TESS,420112587.0,,0.007850035094576829,709.3666223007428,420112587.0,0.988
,11.062666,2.0842156,4957.8780942,2.6437021,3212.0,0.254522,,,293.8838939,,0,TESS,420112587.0,,0.007850035094576829,709.3666223007428,420112587.0,0.984
,11.062666,2.0842156,4957.8780942,2.6437021,3212.0,0.254522,,,293.8838939,,0,TESS,420112587.0,,0.007850035094576829,709.3666223007428,420112587.0,0.975
,11.062666,2.0842156,4957.8780942,2.6437021,3212.0,0.254522,,,293.8838939,,0,TESS,420112587.0,,0.007850035094576829,709.3666223007428,420112587.0,0.961
,7.3377236,4.243,795.0,3.2807,5994.0,1.1,,,1566.0,,1,TESS,137906197.0,,0.024093530269083667,73.86420894323146,137906197.0,0.978
,7.3377236,4.243,795.0,3.2807,5994.0,1.1,,,1566.0,,1,TESS,137906197.0,,0.024093530269083667,73.86420894323146,137906197.0,0.953
,7.3377236,4.243,795.0,3.2807,5994.0,1.1,,,1566.0,,1,TESS,137906197.0,,0.024093530269083667,73.86420894323146,137906197.0,0.94
,1.0924536,1.2245785,874.580104,6.5935026,6273.0,1.4487799,,,2235.1877779,,0,TESS,457138169.0,,0.04670596739356682,20.117185461486322,457138169.0,0.373
,1.0924536,1.2245785,874.580104,6.5935026,6273.0,1.4487799,,,2235.1877779,,0,TESS,457138169.0,,0.04670596739356682,20.117185461486322,457138169.0,0.256
,1.0924536,1.2245785,874.580104,6.5935026,6273.0,1.4487799,,,2235.1877779,,0,TESS,457138169.0,,0.04670596739356682,20.117185461486322,457138169.0,0.106
,8.0542207,3.0287161,706.8165307,2.8337706,5583.1,0.995254,,,877.6725493,,1,TESS,85293053.0,,0.01566836919601892,88.01916889113673,85293053.0,0.993
,8.0542207,3.0287161,706.8165307,2.8337706,5583.1,0.995254,,,877.6725493,,1,TESS,85293053.0,,0.01566836919601892,88.01916889113673,85293053.0,0.987
,8.0542207,3.0287161,706.8165307,2.8337706,5583.1,0.995254,,,877.6725493,,1,TESS,85293053.0,,0.01566836919601892,88.01916889113673,85293053.0,0.864
,10.2405483,3.538,9950.0,8.69623,5251.0,0.84,,,760.0,,1,TESS,9348006.0,,0.014395387995666094,131.5712618583027,9348006.0,0.98
,10.2405483,3.538,9950.0,8.69623,5251.0,0.84,,,760.0,,1,TESS,9348006.0,,0.014395387995666094,131.5712618583027,9348006.0,0.931
,2.8009915,1.4985399,204.8553325,1.4033915,5723.87,0.945408,,,1240.8853925,,1,TESS,21535395.0,,0.022291806873092873,104.01341830257239,21535395.0,0.96
,2.8009915,1.4985399,204.8553325,1.4033915,5723.87,0.945408,,,1240.8853925,,1,TESS,21535395.0,,0.022291806873092873,104.01341830257239,21535395.0,0.946
,14.6503935,2.08,330.0,1.81908,5859.45,0.98,,,580.0,,1,TESS,29191624.0,,0.005915654512636884,99.72641579711606,29191624.0,0.969
,14.6503935,2.08,330.0,1.81908,5859.45,0.98,,,580.0,,1,TESS,29191624.0,,0.005915654512636884,99.72641579711606,29191624.0,0.926
,6.5273884,3.1190657,415.430891,2.8972637,6023.0,1.32944,,,1149.830319,,1,TESS,39699648.0,,0.019910117498714356,49.49059612866612,39699648.0,0.953
,6.5273884,3.1190657,415.430891,2.8972637,6023.0,1.32944,,,1149.830319,,1,TESS,39699648.0,,0.019910117498714356,49.49059612866612,39699648.0,0.538
,6.5273884,3.1190657,415.430891,2.8972637,6023.0,1.32944,,,1149.830319,,1,TESS,39699648.0,,0.019910117498714356,49.49059612866612,39699648.0,0.467
,6.5578513,2.08,1596.0,2.54474,4111.0,0.66,,,622.0,,1,TESS,251848941.0,,0.0132157107795372,246.4597406525929,251848941.0,0.967
,6.5578513,2.08,1596.0,2.54474,4111.0,0.66,,,622.0,,1,TESS,251848941.0,,0.0132157107795372,246.4597406525929,251848941.0,0.967
,6.5578513,2.08,1596.0,2.54474,4111.0,0.66,,,622.0,,1,TESS,251848941.0,,0.0132157107795372,246.4597406525929,251848941.0,0.967
,6.5578513,2.08,1596.0,2.54474,4111.0,0.66,,,622.0,,1,TESS,251848941.0,,0.0132157107795372,246.4597406525929,251848941.0,0.967
,6.5578513,2.08,1596.0,2.54474,4111.0,0.66,,,622.0,,1,TESS,251848941.0,,0.0132157107795372,246.4597406525929,251848941.0,0.967
,6.5578513,2.08,1596.0,2.54474,4111.0,0.66,,,622.0,,1,TESS,251848941.0,,0.0132157107795372,246.4597406525929,251848941.0,0.967
,6.5578513,2.08,1596.0,2.54474,4111.0,0.66,,,622.0,,1,TESS,251848941.0,,0.0132157107795372,246.4597406525929,251848941.0,0.967
,6.5578513,2.08,1596.0,2.54474,4111.0,0.66,,,622.0,,1,TESS,251848941.0,,0.0132157107795372,246.4597406525929,251848941.0,0.967
,6.5578513,2.08,1596.0,2.54474,4111.0,0.66,,,622.0,,1,TESS,251848941.0,,0.0132157107795372,246.4597406525929,251848941.0,0.967
,6.5578513,2.08,1596.0,2.54474,4111.0,0.66,,,622.0,,1,TESS,251848941.0,,0.0132157107795372,246.4597406525929,251848941.0,0.967
,6.5578513,2.08,1596.0,2.54474,4111.0,0.66,,,622.0,,1,TESS,251848941.0,,0.0132157107795372,246.4597406525929,251848941.0,0.967
,6.5578513,2.08,1596.0,2.54474,4111.0,0.66,,,622.0,,1,TESS,251848941.0,,0.0132157107795372,246.4597406525929,251848941.0,0.967
,6.5578513,2.08,1596.0,2.54474,4111.0,0.66,,,622.0,,1,TESS,251848941.0,,0.0132157107795372,246.4597406525929,251848941.0,0.967
,6.5578513,2.08,1596.0,2.54474,4111.0,0.66,,,622.0,,1,TESS,251848941.0,,0.0132157107795372,246.4597406525929,251848941.0,0.967
,6.5578513,2.08,1596.0,2.54474,4111.0,0.66,,,622.0,,1,TESS,251848941.0,,0.0132157107795372,246.4597406525929,251848941.0,0.967
,6.5578513,2.08,1596.0,2.54474,4111.0,0.66,,,622.0,,1,TESS,251848941.0,,0.0132157107795372,246.4597406525929,251848941.0,0.967
,6.5578513,2.08,1596.0,2.54474,4111.0,0.66,,,622.0,,1,TESS,251848941.0,,0.0132157107795372,246.4597406525929,251848941.0,0.967
,6.5578513,2.08,1596.0,2.54474,4111.0,0.66,,,622.0,,1,TESS,251848941.0,,0.0132157107795372,246.4597406525929,251848941.0,0.967
,6.5578513,2.08,1596.0,2.54474,4111.0,0.66,,,622.0,,1,TESS,251848941.0,,0.0132157107795372,246.4597406525929,251848941.0,0.967
,6.5578513,2.08,1596.0,2.54474,4111.0,0.66,,,622.0,,1,TESS,251848941.0,,0.0132157107795372,246.4597406525929,251848941.0,0.967
,6.5578513,2.08,1596.0,2.54474,4111.0,0.66,,,622.0,,1,TESS,251848941.0,,0.0132157107795372,246.4597406525929,251848941.0,0.967
,6.5578513,2.08,1596.0,2.54474,4111.0,0.66,,,622.0,,1,TESS,251848941.0,,0.0132157107795372,246.4597406525929,251848941.0,0.967
,6.5578513,2.08,1596.0,2.54474,4111.0,0.66,,,622.0,,1,TESS,251848941.0,,0.0132157107795372,246.4597406525929,251848941.0,0.967
,6.5578513,2.08,1596.0,2.54474,4111.0,0.66,,,622.0,,1,TESS,251848941.0,,0.0132157107795372,246.4597406525929,251848941.0,0.967
,6.5578513,2.08,1596.0,2.54474,4111.0,0.66,,,622.0,,1,TESS,251848941.0,,0.0132157107795372,246.4597406525929,251848941.0,0.967
,20.708504,2.236524,1657.067907,3.751004,4111.0,0.701202,,,535.9397866,,1,TESS,251848941.0,,0.004500011194072713,117.77285979562328,251848941.0,0.967
,20.708504,2.236524,1657.067907,3.751004,4111.0,0.701202,,,535.9397866,,1,TESS,251848941.0,,0.004500011194072713,117.77285979562328,251848941.0,0.967
,20.708504,2.236524,1657.067907,3.751004,4111.0,0.701202,,,535.9397866,,1,TESS,251848941.0,,0.004500011194072713,117.77285979562328,251848941.0,0.967
,20.708504,2.236524,1657.067907,3.751004,4111.0,0.701202,,,535.9397866,,1,TESS,251848941.0,,0.004500011194072713,117.77285979562328,251848941.0,0.967
,20.708504,2.236524,1657.067907,3.751004,4111.0,0.701202,,,535.9397866,,1,TESS,251848941.0,,0.004500011194072713,117.77285979562328,251848941.0,0.967
,20.708504,2.236524,1657.067907,3.751004,4111.0,0.701202,,,535.9397866,,1,TESS,251848941.0,,0.004500011194072713,117.77285979562328,251848941.0,0.967
,20.708504,2.236524,1657.067907,3.751004,4111.0,0.701202,,,535.9397866,,1,TESS,251848941.0,,0.004500011194072713,117.77285979562328,251848941.0,0.967
,20.708504,2.236524,1657.067907,3.751004,4111.0,0.701202,,,535.9397866,,1,TESS,251848941.0,,0.004500011194072713,117.77285979562328,251848941.0,0.967
,20.708504,2.236524,1657.067907,3.751004,4111.0,0.701202,,,535.9397866,,1,TESS,251848941.0,,0.004500011194072713,117.77285979562328,251848941.0,0.967
,20.708504,2.236524,1657.067907,3.751004,4111.0,0.701202,,,535.9397866,,1,TESS,251848941.0,,0.004500011194072713,117.77285979562328,251848941.0,0.967
,20.708504,2.236524,1657.067907,3.751004,4111.0,0.701202,,,535.9397866,,1,TESS,251848941.0,,0.004500011194072713,117.77285979562328,251848941.0,0.967
,20.708504,2.236524,1657.067907,3.751004,4111.0,0.701202,,,535.9397866,,1,TESS,251848941.0,,0.004500011194072713,117.77285979562328,251848941.0,0.967
,20.708504,2.236524,1657.067907,3.751004,4111.0,0.701202,,,535.9397866,,1,TESS,251848941.0,,0.004500011194072713,117.77285979562328,251848941.0,0.967
,20.708504,2.236524,1657.067907,3.751004,4111.0,0.701202,,,535.9397866,,1,TESS,251848941.0,,0.004500011194072713,117.77285979562328,251848941.0,0.967
,20.708504,2.236524,1657.067907,3.751004,4111.0,0.701202,,,535.9397866,,1,TESS,251848941.0,,0.004500011194072713,117.77285979562328,251848941.0,0.967
,20.708504,2.236524,1657.067907,3.751004,4111.0,0.701202,,,535.9397866,,1,TESS,251848941.0,,0.004500011194072713,117.77285979562328,251848941.0,0.967
,20.708504,2.236524,1657.067907,3.751004,4111.0,0.701202,,,535.9397866,,1,TESS,251848941.0,,0.004500011194072713,117.77285979562328,251848941.0,0.967
,20.708504,2.236524,1657.067907,3.751004,4111.0,0.701202,,,535.9397866,,1,TESS,251848941.0,,0.004500011194072713,117.77285979562328,251848941.0,0.967
,20.708504,2.236524,1657.067907,3.751004,4111.0,0.701202,,,535.9397866,,1,TESS,251848941.0,,0.004500011194072713,117.77285979562328,251848941.0,0.967
,20.708504,2.236524,1657.067907,3.751004,4111.0,0.701202,,,535.9397866,,1,TESS,251848941.0,,0.004500011194072713,117.77285979562328,251848941.0,0.967
,20.708504,2.236524,1657.067907,3.751004,4111.0,0.701202,,,535.9397866,,1,TESS,251848941.0,,0.004500011194072713,117.77285979562328,251848941.0,0.967
,20.708504,2.236524,1657.067907,3.751004,4111.0,0.701202,,,535.9397866,,1,TESS,251848941.0,,0.004500011194072713,117.77285979562328,251848941.0,0.967
,20.708504,2.236524,1657.067907,3.751004,4111.0,0.701202,,,535.9397866,,1,TESS,251848941.0,,0.004500011194072713,117.77285979562328,251848941.0,0.967
,20.708504,2.236524,1657.067907,3.751004,4111.0,0.701202,,,535.9397866,,1,TESS,251848941.0,,0.004500011194072713,117.77285979562328,251848941.0,0.967
,20.708504,2.236524,1657.067907,3.751004,4111.0,0.701202,,,535.9397866,,1,TESS,251848941.0,,0.004500011194072713,117.77285979562328,251848941.0,0.967
,9.9616347,2.4648052,1084.4327062,2.2807327,4111.0,0.660806,,,551.2319188,,1,TESS,251848941.0,,0.010309574616011672,208.47488609223947,251848941.0,0.967
,9.9616347,2.4648052,1084.4327062,2.2807327,4111.0,0.660806,,,551.2319188,,1,TESS,251848941.0,,0.010309574616011672,208.47488609223947,251848941.0,0.967
,9.9616347,2.4648052,1084.4327062,2.2807327,4111.0,0.660806,,,551.2319188,,1,TESS,251848941.0,,0.010309574616011672,208.47488609223947,251848941.0,0.967
,9.9616347,2.4648052,1084.4327062,2.2807327,4111.0,0.660806,,,551.2319188,,1,TESS,251848941.0,,0.010309574616011672,208.47488609223947,251848941.0,0.967
,9.9616347,2.4648052,1084.4327062,2.2807327,4111.0,0.660806,,,551.2319188,,1,TESS,251848941.0,,0.010309574616011672,208.47488609223947,251848941.0,0.967
,9.9616347,2.4648052,1084.4327062,2.2807327,4111.0,0.660806,,,551.2319188,,1,TESS,251848941.0,,0.010309574616011672,208.47488609223947,251848941.0,0.967
,9.9616347,2.4648052,1084.4327062,2.2807327,4111.0,0.660806,,,551.2319188,,1,TESS,251848941.0,,0.010309574616011672,208.47488609223947,251848941.0,0.967
,9.9616347,2.4648052,1084.4327062,2.2807327,4111.0,0.660806,,,551.2319188,,1,TESS,251848941.0,,0.010309574616011672,208.47488609223947,251848941.0,0.967
,9.9616347,2.4648052,1084.4327062,2.2807327,4111.0,0.660806,,,551.2319188,,1,TESS,251848941.0,,0.010309574616011672,208.47488609223947,251848941.0,0.967
,9.9616347,2.4648052,1084.4327062,2.2807327,4111.0,0.660806,,,551.2319188,,1,TESS,251848941.0,,0.010309574616011672,208.47488609223947,251848941.0,0.967
,9.9616347,2.4648052,1084.4327062,2.2807327,4111.0,0.660806,,,551.2319188,,1,TESS,251848941.0,,0.010309574616011672,208.47488609223947,251848941.0,0.967
,9.9616347,2.4648052,1084.4327062,2.2807327,4111.0,0.660806,,,551.2319188,,1,TESS,251848941.0,,0.010309574616011672,208.47488609223947,251848941.0,0.967
,9.9616347,2.4648052,1084.4327062,2.2807327,4111.0,0.660806,,,551.2319188,,1,TESS,251848941.0,,0.010309574616011672,208.47488609223947,251848941.0,0.967
,9.9616347,2.4648052,1084.4327062,2.2807327,4111.0,0.660806,,,551.2319188,,1,TESS,251848941.0,,0.010309574616011672,208.47488609223947,251848941.0,0.967
,9.9616347,2.4648052,1084.4327062,2.2807327,4111.0,0.660806,,,551.2319188,,1,TESS,251848941.0,,0.010309574616011672,208.47488609223947,251848941.0,0.967
,9.9616347,2.4648052,1084.4327062,2.2807327,4111.0,0.660806,,,551.2319188,,1,TESS,251848941.0,,0.010309574616011672,208.47488609223947,251848941.0,0.967
,9.9616347,2.4648052,1084.4327062,2.2807327,4111.0,0.660806,,,551.2319188,,1,TESS,251848941.0,,0.010309574616011672,208.47488609223947,251848941.0,0.967
,9.9616347,2.4648052,1084.4327062,2.2807327,4111.0,0.660806,,,551.2319188,,1,TESS,251848941.0,,0.010309574616011672,208.47488609223947,251848941.0,0.967
,9.9616347,2.4648052,1084.4327062,2.2807327,4111.0,0.660806,,,551.2319188,,1,TESS,251848941.0,,0.010309574616011672,208.47488609223947,251848941.0,0.967
,9.9616347,2.4648052,1084.4327062,2.2807327,4111.0,0.660806,,,551.2319188,,1,TESS,251848941.0,,0.010309574616011672,208.47488609223947,251848941.0,0.967
,9.9616347,2.4648052,1084.4327062,2.2807327,4111.0,0.660806,,,551.2319188,,1,TESS,251848941.0,,0.010309574616011672,208.47488609223947,251848941.0,0.967
,9.9616347,2.4648052,1084.4327062,2.2807327,4111.0,0.660806,,,551.2319188,,1,TESS,251848941.0,,0.010309574616011672,208.47488609223947,251848941.0,0.967
,9.9616347,2.4648052,1084.4327062,2.2807327,4111.0,0.660806,,,551.2319188,,1,TESS,251848941.0,,0.010309574616011672,208.47488609223947,251848941.0,0.967
,9.9616347,2.4648052,1084.4327062,2.2807327,4111.0,0.660806,,,551.2319188,,1,TESS,251848941.0,,0.010309574616011672,208.47488609223947,251848941.0,0.967
,9.9616347,2.4648052,1084.4327062,2.2807327,4111.0,0.660806,,,551.2319188,,1,TESS,251848941.0,,0.010309574616011672,208.47488609223947,251848941.0,0.967
,3.2384253,1.9941055,532.7580623,1.5148369,4111.0,0.660806,,,801.6779386,,1,TESS,251848941.0,,0.02565683021857323,232.1657173613309,251848941.0,0.967
,3.2384253,1.9941055,532.7580623,1.5148369,4111.0,0.660806,,,801.6779386,,1,TESS,251848941.0,,0.02565683021857323,232.1657173613309,251848941.0,0.967
,3.2384253,1.9941055,532.7580623,1.5148369,4111.0,0.660806,,,801.6779386,,1,TESS,251848941.0,,0.02565683021857323,232.1657173613309,251848941.0,0.967
,3.2384253,1.9941055,532.7580623,1.5148369,4111.0,0.660806,,,801.6779386,,1,TESS,251848941.0,,0.02565683021857323,232.1657173613309,251848941.0,0.967
,3.2384253,1.9941055,532.7580623,1.5148369,4111.0,0.660806,,,801.6779386,,1,TESS,251848941.0,,0.02565683021857323,232.1657173613309,251848941.0,0.967
,3.2384253,1.9941055,532.7580623,1.5148369,4111.0,0.660806,,,801.6779386,,1,TESS,251848941.0,,0.02565683021857323,232.1657173613309,251848941.0,0.967
,3.2384253,1.9941055,532.7580623,1.5148369,4111.0,0.660806,,,801.6779386,,1,TESS,251848941.0,,0.02565683021857323,232.1657173613309,251848941.0,0.967
,3.2384253,1.9941055,532.7580623,1.5148369,4111.0,0.660806,,,801.6779386,,1,TESS,251848941.0,,0.02565683021857323,232.1657173613309,251848941.0,0.967
,3.2384253,1.9941055,532.7580623,1.5148369,4111.0,0.660806,,,801.6779386,,1,TESS,251848941.0,,0.02565683021857323,232.1657173613309,251848941.0,0.967
,3.2384253,1.9941055,532.7580623,1.5148369,4111.0,0.660806,,,801.6779386,,1,TESS,251848941.0,,0.02565683021857323,232.1657173613309,251848941.0,0.967
,3.2384253,1.9941055,532.7580623,1.5148369,4111.0,0.660806,,,801.6779386,,1,TESS,251848941.0,,0.02565683021857323,232.1657173613309,251848941.0,0.967
,3.2384253,1.9941055,532.7580623,1.5148369,4111.0,0.660806,,,801.6779386,,1,TESS,251848941.0,,0.02565683021857323,232.1657173613309,251848941.0,0.967
,3.2384253,1.9941055,532.7580623,1.5148369,4111.0,0.660806,,,801.6779386,,1,TESS,251848941.0,,0.02565683021857323,232.1657173613309,251848941.0,0.967
,3.2384253,1.9941055,532.7580623,1.5148369,4111.0,0.660806,,,801.6779386,,1,TESS,251848941.0,,0.02565683021857323,232.1657173613309,251848941.0,0.967
,3.2384253,1.9941055,532.7580623,1.5148369,4111.0,0.660806,,,801.6779386,,1,TESS,251848941.0,,0.02565683021857323,232.1657173613309,251848941.0,0.967
,3.2384253,1.9941055,532.7580623,1.5148369,4111.0,0.660806,,,801.6779386,,1,TESS,251848941.0,,0.02565683021857323,232.1657173613309,251848941.0,0.967
,3.2384253,1.9941055,532.7580623,1.5148369,4111.0,0.660806,,,801.6779386,,1,TESS,251848941.0,,0.02565683021857323,232.1657173613309,251848941.0,0.967
,3.2384253,1.9941055,532.7580623,1.5148369,4111.0,0.660806,,,801.6779386,,1,TESS,251848941.0,,0.02565683021857323,232.1657173613309,251848941.0,0.967
,3.2384253,1.9941055,532.7580623,1.5148369,4111.0,0.660806,,,801.6779386,,1,TESS,251848941.0,,0.02565683021857323,232.1657173613309,251848941.0,0.967
,3.2384253,1.9941055,532.7580623,1.5148369,4111.0,0.660806,,,801.6779386,,1,TESS,251848941.0,,0.02565683021857323,232.1657173613309,251848941.0,0.967
,3.2384253,1.9941055,532.7580623,1.5148369,4111.0,0.660806,,,801.6779386,,1,TESS,251848941.0,,0.02565683021857323,232.1657173613309,251848941.0,0.967
,3.2384253,1.9941055,532.7580623,1.5148369,4111.0,0.660806,,,801.6779386,,1,TESS,251848941.0,,0.02565683021857323,232.1657173613309,251848941.0,0.967
,3.2384253,1.9941055,532.7580623,1.5148369,4111.0,0.660806,,,801.6779386,,1,TESS,251848941.0,,0.02565683021857323,232.1657173613309,251848941.0,0.967
,3.2384253,1.9941055,532.7580623,1.5148369,4111.0,0.660806,,,801.6779386,,1,TESS,251848941.0,,0.02565683021857323,232.1657173613309,251848941.0,0.967
,3.2384253,1.9941055,532.7580623,1.5148369,4111.0,0.660806,,,801.6779386,,1,TESS,251848941.0,,0.02565683021857323,232.1657173613309,251848941.0,0.967
,15.2321843,2.5318138,1228.5332287,2.6196767,4111.0,0.660806,,,225.1300261,,1,TESS,251848941.0,,0.006925614823220028,179.01583536324728,251848941.0,0.967
,15.2321843,2.5318138,1228.5332287,2.6196767,4111.0,0.660806,,,225.1300261,,1,TESS,251848941.0,,0.006925614823220028,179.01583536324728,251848941.0,0.967
,15.2321843,2.5318138,1228.5332287,2.6196767,4111.0,0.660806,,,225.1300261,,1,TESS,251848941.0,,0.006925614823220028,179.01583536324728,251848941.0,0.967
,15.2321843,2.5318138,1228.5332287,2.6196767,4111.0,0.660806,,,225.1300261,,1,TESS,251848941.0,,0.006925614823220028,179.01583536324728,251848941.0,0.967
,15.2321843,2.5318138,1228.5332287,2.6196767,4111.0,0.660806,,,225.1300261,,1,TESS,251848941.0,,0.006925614823220028,179.01583536324728,251848941.0,0.967
,15.2321843,2.5318138,1228.5332287,2.6196767,4111.0,0.660806,,,225.1300261,,1,TESS,251848941.0,,0.006925614823220028,179.01583536324728,251848941.0,0.967
,15.2321843,2.5318138,1228.5332287,2.6196767,4111.0,0.660806,,,225.1300261,,1,TESS,251848941.0,,0.006925614823220028,179.01583536324728,251848941.0,0.967
,15.2321843,2.5318138,1228.5332287,2.6196767,4111.0,0.660806,,,225.1300261,,1,TESS,251848941.0,,0.006925614823220028,179.01583536324728,251848941.0,0.967
,15.2321843,2.5318138,1228.5332287,2.6196767,4111.0,0.660806,,,225.1300261,,1,TESS,251848941.0,,0.006925614823220028,179.01583536324728,251848941.0,0.967
,15.2321843,2.5318138,1228.5332287,2.6196767,4111.0,0.660806,,,225.1300261,,1,TESS,251848941.0,,0.006925614823220028,179.01583536324728,251848941.0,0.967
,15.2321843,2.5318138,1228.5332287,2.6196767,4111.0,0.660806,,,225.1300261,,1,TESS,251848941.0,,0.006925614823220028,179.01583536324728,251848941.0,0.967
,15.2321843,2.5318138,1228.5332287,2.6196767,4111.0,0.660806,,,225.1300261,,1,TESS,251848941.0,,0.006925614823220028,179.01583536324728,251848941.0,0.967
,15.2321843,2.5318138,1228.5332287,2.6196767,4111.0,0.660806,,,225.1300261,,1,TESS,251848941.0,,0.006925614823220028,179.01583536324728,251848941.0,0.967
,15.2321843,2.5318138,1228.5332287,2.6196767,4111.0,0.660806,,,225.1300261,,1,TESS,251848941.0,,0.006925614823220028,179.01583536324728,251848941.0,0.967
,15.2321843,2.5318138,1228.5332287,2.6196767,4111.0,0.660806,,,225.1300261,,1,TESS,251848941.0,,0.006925614823220028,179.01583536324728,251848941.0,0.967
,15.2321843,2.5318138,1228.5332287,2.6196767,4111.0,0.660806,,,225.1300261,,1,TESS,251848941.0,,0.006925614823220028,179.01583536324728,251848941.0,0.967
,15.2321843,2.5318138,1228.5332287,2.6196767,4111.0,0.660806,,,225.1300261,,1,TESS,251848941.0,,0.006925614823220028,179.01583536324728,251848941.0,0.967
,15.2321843,2.5318138,1228.5332287,2.6196767,4111.0,0.660806,,,225.1300261,,1,TESS,251848941.0,,0.006925614823220028,179.01583536324728,251848941.0,0.967
,15.2321843,2.5318138,1228.5332287,2.6196767,4111.0,0.660806,,,225.1300261,,1,TESS,251848941.0,,0.006925614823220028,179.01583536324728,251848941.0,0.967
,15.2321843,2.5318138,1228.5332287,2.6196767,4111.0,0.660806,,,225.1300261,,1,TESS,251848941.0,,0.006925614823220028,179.01583536324728,251848941.0,0.967
,15.2321843,2.5318138,1228.5332287,2.6196767,4111.0,0.660806,,,225.1300261,,1,TESS,251848941.0,,0.006925614823220028,179.01583536324728,251848941.0,0.967
,15.2321843,2.5318138,1228.5332287,2.6196767,4111.0,0.660806,,,225.1300261,,1,TESS,251848941.0,,0.006925614823220028,179.01583536324728,251848941.0,0.967
,15.2321843,2.5318138,1228.5332287,2.6196767,4111.0,0.660806,,,225.1300261,,1,TESS,251848941.0,,0.006925614823220028,179.01583536324728,251848941.0,0.967
,15.2321843,2.5318138,1228.5332287,2.6196767,4111.0,0.660806,,,225.1300261,,1,TESS,251848941.0,,0.006925614823220028,179.01583536324728,251848941.0,0.967
,15.2321843,2.5318138,1228.5332287,2.6196767,4111.0,0.660806,,,225.1300261,,1,TESS,251848941.0,,0.006925614823220028,179.01583536324728,251848941.0,0.967
,4.9877056,2.2769107,1192.3398198,2.4703077,4336.0,0.668693,,,697.8376698,,1,TESS,160045097.0,,0.019021026095470416,195.38799336788784,160045097.0,0.997
,4.9877056,2.2769107,1192.3398198,2.4703077,4336.0,0.668693,,,697.8376698,,1,TESS,160045097.0,,0.019021026095470416,195.38799336788784,160045097.0,0.997
,4.9877056,2.2769107,1192.3398198,2.4703077,4336.0,0.668693,,,697.8376698,,1,TESS,160045097.0,,0.019021026095470416,195.38799336788784,160045097.0,0.996
,4.9877056,2.2769107,1192.3398198,2.4703077,4336.0,0.668693,,,697.8376698,,1,TESS,160045097.0,,0.019021026095470416,195.38799336788784,160045097.0,0.996
,4.9877056,2.2769107,1192.3398198,2.4703077,4336.0,0.668693,,,697.8376698,,1,TESS,160045097.0,,0.019021026095470416,195.38799336788784,160045097.0,0.994
,4.9877056,2.2769107,1192.3398198,2.4703077,4336.0,0.668693,,,697.8376698,,1,TESS,160045097.0,,0.019021026095470416,195.38799336788784,160045097.0,0.994
,4.9877056,2.2769107,1192.3398198,2.4703077,4336.0,0.668693,,,697.8376698,,1,TESS,160045097.0,,0.019021026095470416,195.38799336788784,160045097.0,0.994
,4.9877056,2.2769107,1192.3398198,2.4703077,4336.0,0.668693,,,697.8376698,,1,TESS,160045097.0,,0.019021026095470416,195.38799336788784,160045097.0,0.994
,4.9877056,2.2769107,1192.3398198,2.4703077,4336.0,0.668693,,,697.8376698,,1,TESS,160045097.0,,0.019021026095470416,195.38799336788784,160045097.0,0.994
,4.9877056,2.2769107,1192.3398198,2.4703077,4336.0,0.668693,,,697.8376698,,1,TESS,160045097.0,,0.019021026095470416,195.38799336788784,160045097.0,0.994
,4.9877056,2.2769107,1192.3398198,2.4703077,4336.0,0.668693,,,697.8376698,,1,TESS,160045097.0,,0.019021026095470416,195.38799336788784,160045097.0,0.991
,4.9877056,2.2769107,1192.3398198,2.4703077,4336.0,0.668693,,,697.8376698,,1,TESS,160045097.0,,0.019021026095470416,195.38799336788784,160045097.0,0.991
,4.9877056,2.2769107,1192.3398198,2.4703077,4336.0,0.668693,,,697.8376698,,1,TESS,160045097.0,,0.019021026095470416,195.38799336788784,160045097.0,0.982
,4.9877056,2.2769107,1192.3398198,2.4703077,4336.0,0.668693,,,697.8376698,,1,TESS,160045097.0,,0.019021026095470416,195.38799336788784,160045097.0,0.982
,4.9877056,2.2769107,1192.3398198,2.4703077,4336.0,0.668693,,,697.8376698,,1,TESS,160045097.0,,0.019021026095470416,195.38799336788784,160045097.0,0.98
,4.9877056,2.2769107,1192.3398198,2.4703077,4336.0,0.668693,,,697.8376698,,1,TESS,160045097.0,,0.019021026095470416,195.38799336788784,160045097.0,0.98
,4.9877056,2.2769107,1192.3398198,2.4703077,4336.0,0.668693,,,697.8376698,,1,TESS,160045097.0,,0.019021026095470416,195.38799336788784,160045097.0,0.978
,4.9877056,2.2769107,1192.3398198,2.4703077,4336.0,0.668693,,,697.8376698,,1,TESS,160045097.0,,0.019021026095470416,195.38799336788784,160045097.0,0.978
,4.9877056,2.2769107,1192.3398198,2.4703077,4336.0,0.668693,,,697.8376698,,1,TESS,160045097.0,,0.019021026095470416,195.38799336788784,160045097.0,0.965
,4.9877056,2.2769107,1192.3398198,2.4703077,4336.0,0.668693,,,697.8376698,,1,TESS,160045097.0,,0.019021026095470416,195.38799336788784,160045097.0,0.965
,4.9877056,2.2769107,1192.3398198,2.4703077,4336.0,0.668693,,,697.8376698,,1,TESS,160045097.0,,0.019021026095470416,195.38799336788784,160045097.0,0.929
,4.9877056,2.2769107,1192.3398198,2.4703077,4336.0,0.668693,,,697.8376698,,1,TESS,160045097.0,,0.019021026095470416,195.38799336788784,160045097.0,0.929
,4.9877056,2.2769107,1192.3398198,2.4703077,4336.0,0.668693,,,697.8376698,,1,TESS,160045097.0,,0.019021026095470416,195.38799336788784,160045097.0,0.873
,4.9877056,2.2769107,1192.3398198,2.4703077,4336.0,0.668693,,,697.8376698,,1,TESS,160045097.0,,0.019021026095470416,195.38799336788784,160045097.0,0.873
,4.9877056,2.2769107,1192.3398198,2.4703077,4336.0,0.668693,,,697.8376698,,1,TESS,160045097.0,,0.019021026095470416,195.38799336788784,160045097.0,0.85
,4.9877056,2.2769107,1192.3398198,2.4703077,4336.0,0.668693,,,697.8376698,,1,TESS,160045097.0,,0.019021026095470416,195.38799336788784,160045097.0,0.85
,4.9877056,2.2769107,1192.3398198,2.4703077,4336.0,0.668693,,,697.8376698,,1,TESS,160045097.0,,0.019021026095470416,195.38799336788784,160045097.0,0.849
,4.9877056,2.2769107,1192.3398198,2.4703077,4336.0,0.668693,,,697.8376698,,1,TESS,160045097.0,,0.019021026095470416,195.38799336788784,160045097.0,0.849
,4.9877056,2.2769107,1192.3398198,2.4703077,4336.0,0.668693,,,697.8376698,,1,TESS,160045097.0,,0.019021026095470416,195.38799336788784,160045097.0,0.841
,4.9877056,2.2769107,1192.3398198,2.4703077,4336.0,0.668693,,,697.8376698,,1,TESS,160045097.0,,0.019021026095470416,195.38799336788784,160045097.0,0.841
,4.9877056,2.2769107,1192.3398198,2.4703077,4336.0,0.668693,,,697.8376698,,1,TESS,160045097.0,,0.019021026095470416,195.38799336788784,160045097.0,0.662
,4.9877056,2.2769107,1192.3398198,2.4703077,4336.0,0.668693,,,697.8376698,,1,TESS,160045097.0,,0.019021026095470416,195.38799336788784,160045097.0,0.662
,4.9877056,2.2769107,1192.3398198,2.4703077,4336.0,0.668693,,,697.8376698,,1,TESS,160045097.0,,0.019021026095470416,195.38799336788784,160045097.0,0.66
,4.9877056,2.2769107,1192.3398198,2.4703077,4336.0,0.668693,,,697.8376698,,1,TESS,160045097.0,,0.019021026095470416,195.38799336788784,160045097.0,0.66
,4.9877056,2.2769107,1192.3398198,2.4703077,4336.0,0.668693,,,697.8376698,,1,TESS,160045097.0,,0.019021026095470416,195.38799336788784,160045097.0,0.997
,4.9877056,2.2769107,1192.3398198,2.4703077,4336.0,0.668693,,,697.8376698,,1,TESS,160045097.0,,0.019021026095470416,195.38799336788784,160045097.0,0.997
,4.9877056,2.2769107,1192.3398198,2.4703077,4336.0,0.668693,,,697.8376698,,1,TESS,160045097.0,,0.019021026095470416,195.38799336788784,160045097.0,0.996
,4.9877056,2.2769107,1192.3398198,2.4703077,4336.0,0.668693,,,697.8376698,,1,TESS,160045097.0,,0.019021026095470416,195.38799336788784,160045097.0,0.996
,4.9877056,2.2769107,1192.3398198,2.4703077,4336.0,0.668693,,,697.8376698,,1,TESS,160045097.0,,0.019021026095470416,195.38799336788784,160045097.0,0.994
,4.9877056,2.2769107,1192.3398198,2.4703077,4336.0,0.668693,,,697.8376698,,1,TESS,160045097.0,,0.019021026095470416,195.38799336788784,160045097.0,0.994
,4.9877056,2.2769107,1192.3398198,2.4703077,4336.0,0.668693,,,697.8376698,,1,TESS,160045097.0,,0.019021026095470416,195.38799336788784,160045097.0,0.994
,4.9877056,2.2769107,1192.3398198,2.4703077,4336.0,0.668693,,,697.8376698,,1,TESS,160045097.0,,0.019021026095470416,195.38799336788784,160045097.0,0.994
,4.9877056,2.2769107,1192.3398198,2.4703077,4336.0,0.668693,,,697.8376698,,1,TESS,160045097.0,,0.019021026095470416,195.38799336788784,160045097.0,0.994
,4.9877056,2.2769107,1192.3398198,2.4703077,4336.0,0.668693,,,697.8376698,,1,TESS,160045097.0,,0.019021026095470416,195.38799336788784,160045097.0,0.994
,4.9877056,2.2769107,1192.3398198,2.4703077,4336.0,0.668693,,,697.8376698,,1,TESS,160045097.0,,0.019021026095470416,195.38799336788784,160045097.0,0.991
,4.9877056,2.2769107,1192.3398198,2.4703077,4336.0,0.668693,,,697.8376698,,1,TESS,160045097.0,,0.019021026095470416,195.38799336788784,160045097.0,0.991
,4.9877056,2.2769107,1192.3398198,2.4703077,4336.0,0.668693,,,697.8376698,,1,TESS,160045097.0,,0.019021026095470416,195.38799336788784,160045097.0,0.982
,4.9877056,2.2769107,1192.3398198,2.4703077,4336.0,0.668693,,,697.8376698,,1,TESS,160045097.0,,0.019021026095470416,195.38799336788784,160045097.0,0.982
,4.9877056,2.2769107,1192.3398198,2.4703077,4336.0,0.668693,,,697.8376698,,1,TESS,160045097.0,,0.019021026095470416,195.38799336788784,160045097.0,0.98
,4.9877056,2.2769107,1192.3398198,2.4703077,4336.0,0.668693,,,697.8376698,,1,TESS,160045097.0,,0.019021026095470416,195.38799336788784,160045097.0,0.98
,4.9877056,2.2769107,1192.3398198,2.4703077,4336.0,0.668693,,,697.8376698,,1,TESS,160045097.0,,0.019021026095470416,195.38799336788784,160045097.0,0.978
,4.9877056,2.2769107,1192.3398198,2.4703077,4336.0,0.668693,,,697.8376698,,1,TESS,160045097.0,,0.019021026095470416,195.38799336788784,160045097.0,0.978
,4.9877056,2.2769107,1192.3398198,2.4703077,4336.0,0.668693,,,697.8376698,,1,TESS,160045097.0,,0.019021026095470416,195.38799336788784,160045097.0,0.965
,4.9877056,2.2769107,1192.3398198,2.4703077,4336.0,0.668693,,,697.8376698,,1,TESS,160045097.0,,0.019021026095470416,195.38799336788784,160045097.0,0.965
,4.9877056,2.2769107,1192.3398198,2.4703077,4336.0,0.668693,,,697.8376698,,1,TESS,160045097.0,,0.019021026095470416,195.38799336788784,160045097.0,0.929
,4.9877056,2.2769107,1192.3398198,2.4703077,4336.0,0.668693,,,697.8376698,,1,TESS,160045097.0,,0.019021026095470416,195.38799336788784,160045097.0,0.929
,4.9877056,2.2769107,1192.3398198,2.4703077,4336.0,0.668693,,,697.8376698,,1,TESS,160045097.0,,0.019021026095470416,195.38799336788784,160045097.0,0.873
,4.9877056,2.2769107,1192.3398198,2.4703077,4336.0,0.668693,,,697.8376698,,1,TESS,160045097.0,,0.019021026095470416,195.38799336788784,160045097.0,0.873
,4.9877056,2.2769107,1192.3398198,2.4703077,4336.0,0.668693,,,697.8376698,,1,TESS,160045097.0,,0.019021026095470416,195.38799336788784,160045097.0,0.85
,4.9877056,2.2769107,1192.3398198,2.4703077,4336.0,0.668693,,,697.8376698,,1,TESS,160045097.0,,0.019021026095470416,195.38799336788784,160045097.0,0.85
,4.9877056,2.2769107,1192.3398198,2.4703077,4336.0,0.668693,,,697.8376698,,1,TESS,160045097.0,,0.019021026095470416,195.38799336788784,160045097.0,0.849
,4.9877056,2.2769107,1192.3398198,2.4703077,4336.0,0.668693,,,697.8376698,,1,TESS,160045097.0,,0.019021026095470416,195.38799336788784,160045097.0,0.849
,4.9877056,2.2769107,1192.3398198,2.4703077,4336.0,0.668693,,,697.8376698,,1,TESS,160045097.0,,0.019021026095470416,195.38799336788784,160045097.0,0.841
,4.9877056,2.2769107,1192.3398198,2.4703077,4336.0,0.668693,,,697.8376698,,1,TESS,160045097.0,,0.019021026095470416,195.38799336788784,160045097.0,0.841
,4.9877056,2.2769107,1192.3398198,2.4703077,4336.0,0.668693,,,697.8376698,,1,TESS,160045097.0,,0.019021026095470416,195.38799336788784,160045097.0,0.662
,4.9877056,2.2769107,1192.3398198,2.4703077,4336.0,0.668693,,,697.8376698,,1,TESS,160045097.0,,0.019021026095470416,195.38799336788784,160045097.0,0.662
,4.9877056,2.2769107,1192.3398198,2.4703077,4336.0,0.668693,,,697.8376698,,1,TESS,160045097.0,,0.019021026095470416,195.38799336788784,160045097.0,0.66
,4.9877056,2.2769107,1192.3398198,2.4703077,4336.0,0.668693,,,697.8376698,,1,TESS,160045097.0,,0.019021026095470416,195.38799336788784,160045097.0,0.66
,1.8290294,1.6679098,704.8493933,2.1268375,4336.0,0.668693,,,974.9472494,,1,TESS,160045097.0,,0.037996240018607685,155.82158442642245,160045097.0,0.997
,1.8290294,1.6679098,704.8493933,2.1268375,4336.0,0.668693,,,974.9472494,,1,TESS,160045097.0,,0.037996240018607685,155.82158442642245,160045097.0,0.997
,1.8290294,1.6679098,704.8493933,2.1268375,4336.0,0.668693,,,974.9472494,,1,TESS,160045097.0,,0.037996240018607685,155.82158442642245,160045097.0,0.996
,1.8290294,1.6679098,704.8493933,2.1268375,4336.0,0.668693,,,974.9472494,,1,TESS,160045097.0,,0.037996240018607685,155.82158442642245,160045097.0,0.996
,1.8290294,1.6679098,704.8493933,2.1268375,4336.0,0.668693,,,974.9472494,,1,TESS,160045097.0,,0.037996240018607685,155.82158442642245,160045097.0,0.994
,1.8290294,1.6679098,704.8493933,2.1268375,4336.0,0.668693,,,974.9472494,,1,TESS,160045097.0,,0.037996240018607685,155.82158442642245,160045097.0,0.994
,1.8290294,1.6679098,704.8493933,2.1268375,4336.0,0.668693,,,974.9472494,,1,TESS,160045097.0,,0.037996240018607685,155.82158442642245,160045097.0,0.994
,1.8290294,1.6679098,704.8493933,2.1268375,4336.0,0.668693,,,974.9472494,,1,TESS,160045097.0,,0.037996240018607685,155.82158442642245,160045097.0,0.994
,1.8290294,1.6679098,704.8493933,2.1268375,4336.0,0.668693,,,974.9472494,,1,TESS,160045097.0,,0.037996240018607685,155.82158442642245,160045097.0,0.994
,1.8290294,1.6679098,704.8493933,2.1268375,4336.0,0.668693,,,974.9472494,,1,TESS,160045097.0,,0.037996240018607685,155.82158442642245,160045097.0,0.994
,1.8290294,1.6679098,704.8493933,2.1268375,4336.0,0.668693,,,974.9472494,,1,TESS,160045097.0,,0.037996240018607685,155.82158442642245,160045097.0,0.991
,1.8290294,1.6679098,704.8493933,2.1268375,4336.0,0.668693,,,974.9472494,,1,TESS,160045097.0,,0.037996240018607685,155.82158442642245,160045097.0,0.991
,1.8290294,1.6679098,704.8493933,2.1268375,4336.0,0.668693,,,974.9472494,,1,TESS,160045097.0,,0.037996240018607685,155.82158442642245,160045097.0,0.982
,1.8290294,1.6679098,704.8493933,2.1268375,4336.0,0.668693,,,974.9472494,,1,TESS,160045097.0,,0.037996240018607685,155.82158442642245,160045097.0,0.982
,1.8290294,1.6679098,704.8493933,2.1268375,4336.0,0.668693,,,974.9472494,,1,TESS,160045097.0,,0.037996240018607685,155.82158442642245,160045097.0,0.98
,1.8290294,1.6679098,704.8493933,2.1268375,4336.0,0.668693,,,974.9472494,,1,TESS,160045097.0,,0.037996240018607685,155.82158442642245,160045097.0,0.98
,1.8290294,1.6679098,704.8493933,2.1268375,4336.0,0.668693,,,974.9472494,,1,TESS,160045097.0,,0.037996240018607685,155.82158442642245,160045097.0,0.978
,1.8290294,1.6679098,704.8493933,2.1268375,4336.0,0.668693,,,974.9472494,,1,TESS,160045097.0,,0.037996240018607685,155.82158442642245,160045097.0,0.978
,1.8290294,1.6679098,704.8493933,2.1268375,4336.0,0.668693,,,974.9472494,,1,TESS,160045097.0,,0.037996240018607685,155.82158442642245,160045097.0,0.965
,1.8290294,1.6679098,704.8493933,2.1268375,4336.0,0.668693,,,974.9472494,,1,TESS,160045097.0,,0.037996240018607685,155.82158442642245,160045097.0,0.965
,1.8290294,1.6679098,704.8493933,2.1268375,4336.0,0.668693,,,974.9472494,,1,TESS,160045097.0,,0.037996240018607685,155.82158442642245,160045097.0,0.929
,1.8290294,1.6679098,704.8493933,2.1268375,4336.0,0.668693,,,974.9472494,,1,TESS,160045097.0,,0.037996240018607685,155.82158442642245,160045097.0,0.929
,1.8290294,1.6679098,704.8493933,2.1268375,4336.0,0.668693,,,974.9472494,,1,TESS,160045097.0,,0.037996240018607685,155.82158442642245,160045097.0,0.873
,1.8290294,1.6679098,704.8493933,2.1268375,4336.0,0.668693,,,974.9472494,,1,TESS,160045097.0,,0.037996240018607685,155.82158442642245,160045097.0,0.873
,1.8290294,1.6679098,704.8493933,2.1268375,4336.0,0.668693,,,974.9472494,,1,TESS,160045097.0,,0.037996240018607685,155.82158442642245,160045097.0,0.85
,1.8290294,1.6679098,704.8493933,2.1268375,4336.0,0.668693,,,974.9472494,,1,TESS,160045097.0,,0.037996240018607685,155.82158442642245,160045097.0,0.85
,1.8290294,1.6679098,704.8493933,2.1268375,4336.0,0.668693,,,974.9472494,,1,TESS,160045097.0,,0.037996240018607685,155.82158442642245,160045097.0,0.849
,1.8290294,1.6679098,704.8493933,2.1268375,4336.0,0.668693,,,974.9472494,,1,TESS,160045097.0,,0.037996240018607685,155.82158442642245,160045097.0,0.849
,1.8290294,1.6679098,704.8493933,2.1268375,4336.0,0.668693,,,974.9472494,,1,TESS,160045097.0,,0.037996240018607685,155.82158442642245,160045097.0,0.841
,1.8290294,1.6679098,704.8493933,2.1268375,4336.0,0.668693,,,974.9472494,,1,TESS,160045097.0,,0.037996240018607685,155.82158442642245,160045097.0,0.841
,1.8290294,1.6679098,704.8493933,2.1268375,4336.0,0.668693,,,974.9472494,,1,TESS,160045097.0,,0.037996240018607685,155.82158442642245,160045097.0,0.662
,1.8290294,1.6679098,704.8493933,2.1268375,4336.0,0.668693,,,974.9472494,,1,TESS,160045097.0,,0.037996240018607685,155.82158442642245,160045097.0,0.662
,1.8290294,1.6679098,704.8493933,2.1268375,4336.0,0.668693,,,974.9472494,,1,TESS,160045097.0,,0.037996240018607685,155.82158442642245,160045097.0,0.66
,1.8290294,1.6679098,704.8493933,2.1268375,4336.0,0.668693,,,974.9472494,,1,TESS,160045097.0,,0.037996240018607685,155.82158442642245,160045097.0,0.66
,1.8290294,1.6679098,704.8493933,2.1268375,4336.0,0.668693,,,974.9472494,,1,TESS,160045097.0,,0.037996240018607685,155.82158442642245,160045097.0,0.997
,1.8290294,1.6679098,704.8493933,2.1268375,4336.0,0.668693,,,974.9472494,,1,TESS,160045097.0,,0.037996240018607685,155.82158442642245,160045097.0,0.997
,1.8290294,1.6679098,704.8493933,2.1268375,4336.0,0.668693,,,974.9472494,,1,TESS,160045097.0,,0.037996240018607685,155.82158442642245,160045097.0,0.996
,1.8290294,1.6679098,704.8493933,2.1268375,4336.0,0.668693,,,974.9472494,,1,TESS,160045097.0,,0.037996240018607685,155.82158442642245,160045097.0,0.996
,1.8290294,1.6679098,704.8493933,2.1268375,4336.0,0.668693,,,974.9472494,,1,TESS,160045097.0,,0.037996240018607685,155.82158442642245,160045097.0,0.994
,1.8290294,1.6679098,704.8493933,2.1268375,4336.0,0.668693,,,974.9472494,,1,TESS,160045097.0,,0.037996240018607685,155.82158442642245,160045097.0,0.994
,1.8290294,1.6679098,704.8493933,2.1268375,4336.0,0.668693,,,974.9472494,,1,TESS,160045097.0,,0.037996240018607685,155.82158442642245,160045097.0,0.994
,1.8290294,1.6679098,704.8493933,2.1268375,4336.0,0.668693,,,974.9472494,,1,TESS,160045097.0,,0.037996240018607685,155.82158442642245,160045097.0,0.994
,1.8290294,1.6679098,704.8493933,2.1268375,4336.0,0.668693,,,974.9472494,,1,TESS,160045097.0,,0.037996240018607685,155.82158442642245,160045097.0,0.994
,1.8290294,1.6679098,704.8493933,2.1268375,4336.0,0.668693,,,974.9472494,,1,TESS,160045097.0,,0.037996240018607685,155.82158442642245,160045097.0,0.994
,1.8290294,1.6679098,704.8493933,2.1268375,4336.0,0.668693,,,974.9472494,,1,TESS,160045097.0,,0.037996240018607685,155.82158442642245,160045097.0,0.991
,1.8290294,1.6679098,704.8493933,2.1268375,4336.0,0.668693,,,974.9472494,,1,TESS,160045097.0,,0.037996240018607685,155.82158442642245,160045097.0,0.991
,1.8290294,1.6679098,704.8493933,2.1268375,4336.0,0.668693,,,974.9472494,,1,TESS,160045097.0,,0.037996240018607685,155.82158442642245,160045097.0,0.982
,1.8290294,1.6679098,704.8493933,2.1268375,4336.0,0.668693,,,974.9472494,,1,TESS,160045097.0,,0.037996240018607685,155.82158442642245,160045097.0,0.982
,1.8290294,1.6679098,704.8493933,2.1268375,4336.0,0.668693,,,974.9472494,,1,TESS,160045097.0,,0.037996240018607685,155.82158442642245,160045097.0,0.98
,1.8290294,1.6679098,704.8493933,2.1268375,4336.0,0.668693,,,974.9472494,,1,TESS,160045097.0,,0.037996240018607685,155.82158442642245,160045097.0,0.98
,1.8290294,1.6679098,704.8493933,2.1268375,4336.0,0.668693,,,974.9472494,,1,TESS,160045097.0,,0.037996240018607685,155.82158442642245,160045097.0,0.978
,1.8290294,1.6679098,704.8493933,2.1268375,4336.0,0.668693,,,974.9472494,,1,TESS,160045097.0,,0.037996240018607685,155.82158442642245,160045097.0,0.978
,1.8290294,1.6679098,704.8493933,2.1268375,4336.0,0.668693,,,974.9472494,,1,TESS,160045097.0,,0.037996240018607685,155.82158442642245,160045097.0,0.965
,1.8290294,1.6679098,704.8493933,2.1268375,4336.0,0.668693,,,974.9472494,,1,TESS,160045097.0,,0.037996240018607685,155.82158442642245,160045097.0,0.965
,1.8290294,1.6679098,704.8493933,2.1268375,4336.0,0.668693,,,974.9472494,,1,TESS,160045097.0,,0.037996240018607685,155.82158442642245,160045097.0,0.929
,1.8290294,1.6679098,704.8493933,2.1268375,4336.0,0.668693,,,974.9472494,,1,TESS,160045097.0,,0.037996240018607685,155.82158442642245,160045097.0,0.929
,1.8290294,1.6679098,704.8493933,2.1268375,4336.0,0.668693,,,974.9472494,,1,TESS,160045097.0,,0.037996240018607685,155.82158442642245,160045097.0,0.873
,1.8290294,1.6679098,704.8493933,2.1268375,4336.0,0.668693,,,974.9472494,,1,TESS,160045097.0,,0.037996240018607685,155.82158442642245,160045097.0,0.873
,1.8290294,1.6679098,704.8493933,2.1268375,4336.0,0.668693,,,974.9472494,,1,TESS,160045097.0,,0.037996240018607685,155.82158442642245,160045097.0,0.85
,1.8290294,1.6679098,704.8493933,2.1268375,4336.0,0.668693,,,974.9472494,,1,TESS,160045097.0,,0.037996240018607685,155.82158442642245,160045097.0,0.85
,1.8290294,1.6679098,704.8493933,2.1268375,4336.0,0.668693,,,974.9472494,,1,TESS,160045097.0,,0.037996240018607685,155.82158442642245,160045097.0,0.849
,1.8290294,1.6679098,704.8493933,2.1268375,4336.0,0.668693,,,974.9472494,,1,TESS,160045097.0,,0.037996240018607685,155.82158442642245,160045097.0,0.849
,1.8290294,1.6679098,704.8493933,2.1268375,4336.0,0.668693,,,974.9472494,,1,TESS,160045097.0,,0.037996240018607685,155.82158442642245,160045097.0,0.841
,1.8290294,1.6679098,704.8493933,2.1268375,4336.0,0.668693,,,974.9472494,,1,TESS,160045097.0,,0.037996240018607685,155.82158442642245,160045097.0,0.841
,1.8290294,1.6679098,704.8493933,2.1268375,4336.0,0.668693,,,974.9472494,,1,TESS,160045097.0,,0.037996240018607685,155.82158442642245,160045097.0,0.662
,1.8290294,1.6679098,704.8493933,2.1268375,4336.0,0.668693,,,974.9472494,,1,TESS,160045097.0,,0.037996240018607685,155.82158442642245,160045097.0,0.662
,1.8290294,1.6679098,704.8493933,2.1268375,4336.0,0.668693,,,974.9472494,,1,TESS,160045097.0,,0.037996240018607685,155.82158442642245,160045097.0,0.66
,1.8290294,1.6679098,704.8493933,2.1268375,4336.0,0.668693,,,974.9472494,,1,TESS,160045097.0,,0.037996240018607685,155.82158442642245,160045097.0,0.66
,1.7727505,1.519,243.0,2.73549,6351.0,1.62,,,2058.0,,0,TESS,207468071.0,,0.03570252281923573,32.47401243056987,207468071.0,0.988
,1.7727505,1.519,243.0,2.73549,6351.0,1.62,,,2058.0,,0,TESS,207468071.0,,0.03570252281923573,32.47401243056987,207468071.0,0.988
,1.7727505,1.519,243.0,2.73549,6351.0,1.62,,,2058.0,,0,TESS,207468071.0,,0.03570252281923573,32.47401243056987,207468071.0,0.98
,1.7727505,1.519,243.0,2.73549,6351.0,1.62,,,2058.0,,0,TESS,207468071.0,,0.03570252281923573,32.47401243056987,207468071.0,0.98
,1.7727505,1.519,243.0,2.73549,6351.0,1.62,,,2058.0,,0,TESS,207468071.0,,0.03570252281923573,32.47401243056987,207468071.0,0.977
,1.7727505,1.519,243.0,2.73549,6351.0,1.62,,,2058.0,,0,TESS,207468071.0,,0.03570252281923573,32.47401243056987,207468071.0,0.977
,1.7727505,1.519,243.0,2.73549,6351.0,1.62,,,2058.0,,0,TESS,207468071.0,,0.03570252281923573,32.47401243056987,207468071.0,0.973
,1.7727505,1.519,243.0,2.73549,6351.0,1.62,,,2058.0,,0,TESS,207468071.0,,0.03570252281923573,32.47401243056987,207468071.0,0.973
,1.7727505,1.519,243.0,2.73549,6351.0,1.62,,,2058.0,,0,TESS,207468071.0,,0.03570252281923573,32.47401243056987,207468071.0,0.968
,1.7727505,1.519,243.0,2.73549,6351.0,1.62,,,2058.0,,0,TESS,207468071.0,,0.03570252281923573,32.47401243056987,207468071.0,0.968
,1.7727505,1.519,243.0,2.73549,6351.0,1.62,,,2058.0,,0,TESS,207468071.0,,0.03570252281923573,32.47401243056987,207468071.0,0.959
,1.7727505,1.519,243.0,2.73549,6351.0,1.62,,,2058.0,,0,TESS,207468071.0,,0.03570252281923573,32.47401243056987,207468071.0,0.959
,1.7727505,1.519,243.0,2.73549,6351.0,1.62,,,2058.0,,0,TESS,207468071.0,,0.03570252281923573,32.47401243056987,207468071.0,0.585
,1.7727505,1.519,243.0,2.73549,6351.0,1.62,,,2058.0,,0,TESS,207468071.0,,0.03570252281923573,32.47401243056987,207468071.0,0.585
,1.7727505,1.519,243.0,2.73549,6351.0,1.62,,,2058.0,,0,TESS,207468071.0,,0.03570252281923573,32.47401243056987,207468071.0,0.58
,1.7727505,1.519,243.0,2.73549,6351.0,1.62,,,2058.0,,0,TESS,207468071.0,,0.03570252281923573,32.47401243056987,207468071.0,0.58
,1.7727505,1.519,243.0,2.73549,6351.0,1.62,,,2058.0,,0,TESS,207468071.0,,0.03570252281923573,32.47401243056987,207468071.0,0.409
,1.7727505,1.519,243.0,2.73549,6351.0,1.62,,,2058.0,,0,TESS,207468071.0,,0.03570252281923573,32.47401243056987,207468071.0,0.409
,1.7727505,1.519,243.0,2.73549,6351.0,1.62,,,2058.0,,0,TESS,207468071.0,,0.03570252281923573,32.47401243056987,207468071.0,0.988
,1.7727505,1.519,243.0,2.73549,6351.0,1.62,,,2058.0,,0,TESS,207468071.0,,0.03570252281923573,32.47401243056987,207468071.0,0.988
,1.7727505,1.519,243.0,2.73549,6351.0,1.62,,,2058.0,,0,TESS,207468071.0,,0.03570252281923573,32.47401243056987,207468071.0,0.98
,1.7727505,1.519,243.0,2.73549,6351.0,1.62,,,2058.0,,0,TESS,207468071.0,,0.03570252281923573,32.47401243056987,207468071.0,0.98
,1.7727505,1.519,243.0,2.73549,6351.0,1.62,,,2058.0,,0,TESS,207468071.0,,0.03570252281923573,32.47401243056987,207468071.0,0.977
,1.7727505,1.519,243.0,2.73549,6351.0,1.62,,,2058.0,,0,TESS,207468071.0,,0.03570252281923573,32.47401243056987,207468071.0,0.977
,1.7727505,1.519,243.0,2.73549,6351.0,1.62,,,2058.0,,0,TESS,207468071.0,,0.03570252281923573,32.47401243056987,207468071.0,0.973
,1.7727505,1.519,243.0,2.73549,6351.0,1.62,,,2058.0,,0,TESS,207468071.0,,0.03570252281923573,32.47401243056987,207468071.0,0.973
,1.7727505,1.519,243.0,2.73549,6351.0,1.62,,,2058.0,,0,TESS,207468071.0,,0.03570252281923573,32.47401243056987,207468071.0,0.968
,1.7727505,1.519,243.0,2.73549,6351.0,1.62,,,2058.0,,0,TESS,207468071.0,,0.03570252281923573,32.47401243056987,207468071.0,0.968
,1.7727505,1.519,243.0,2.73549,6351.0,1.62,,,2058.0,,0,TESS,207468071.0,,0.03570252281923573,32.47401243056987,207468071.0,0.959
,1.7727505,1.519,243.0,2.73549,6351.0,1.62,,,2058.0,,0,TESS,207468071.0,,0.03570252281923573,32.47401243056987,207468071.0,0.959
,1.7727505,1.519,243.0,2.73549,6351.0,1.62,,,2058.0,,0,TESS,207468071.0,,0.03570252281923573,32.47401243056987,207468071.0,0.585
,1.7727505,1.519,243.0,2.73549,6351.0,1.62,,,2058.0,,0,TESS,207468071.0,,0.03570252281923573,32.47401243056987,207468071.0,0.585
,1.7727505,1.519,243.0,2.73549,6351.0,1.62,,,2058.0,,0,TESS,207468071.0,,0.03570252281923573,32.47401243056987,207468071.0,0.58
,1.7727505,1.519,243.0,2.73549,6351.0,1.62,,,2058.0,,0,TESS,207468071.0,,0.03570252281923573,32.47401243056987,207468071.0,0.58
,1.7727505,1.519,243.0,2.73549,6351.0,1.62,,,2058.0,,0,TESS,207468071.0,,0.03570252281923573,32.47401243056987,207468071.0,0.409
,1.7727505,1.519,243.0,2.73549,6351.0,1.62,,,2058.0,,0,TESS,207468071.0,,0.03570252281923573,32.47401243056987,207468071.0,0.409
,2.1747062,2.846111,11173.1929564,14.231871,6046.76,1.2561899,,,1618.6367047,,1,TESS,162689341.0,,0.054530564202753685,55.16368877930972,162689341.0,0.289
,4.8170684,3.1822663,23137.3629965,24.4342674,6380.0,1.44956,,,1416.8065929,,0,TESS,300871545.0,,0.02752595915386041,38.75388219802384,300871545.0,0.11
,9.1469122,4.618497,8770.0961182,12.7002634,5954.0,1.2752,,,999.320223,,0,TESS,258871793.0,,0.02103850675678242,54.37244893544394,258871793.0,0.179
,3.2130578,2.169,22530.0,11.0975,4652.87,0.7,,,918.0,,1,TESS,198108326.0,,0.028127411473277734,182.94092926915593,198108326.0,0.384
,3.2130578,2.169,22530.0,11.0975,4652.87,0.7,,,918.0,,1,TESS,198108326.0,,0.028127411473277734,182.94092926915593,198108326.0,0.147
,3.9306746,1.4305142,1637.1984269,1.7902006,3512.0,0.411452,,,523.4432264,,1,TESS,198385543.0,,0.015164002052344885,510.85516240899733,198385543.0,0.997
,3.9306746,1.4305142,1637.1984269,1.7902006,3512.0,0.411452,,,523.4432264,,1,TESS,198385543.0,,0.015164002052344885,510.85516240899733,198385543.0,0.996
,3.9306746,1.4305142,1637.1984269,1.7902006,3512.0,0.411452,,,523.4432264,,1,TESS,198385543.0,,0.015164002052344885,510.85516240899733,198385543.0,0.996
,3.9306746,1.4305142,1637.1984269,1.7902006,3512.0,0.411452,,,523.4432264,,1,TESS,198385543.0,,0.015164002052344885,510.85516240899733,198385543.0,0.995
,3.9306746,1.4305142,1637.1984269,1.7902006,3512.0,0.411452,,,523.4432264,,1,TESS,198385543.0,,0.015164002052344885,510.85516240899733,198385543.0,0.995
,3.9306746,1.4305142,1637.1984269,1.7902006,3512.0,0.411452,,,523.4432264,,1,TESS,198385543.0,,0.015164002052344885,510.85516240899733,198385543.0,0.99
,3.9306746,1.4305142,1637.1984269,1.7902006,3512.0,0.411452,,,523.4432264,,1,TESS,198385543.0,,0.015164002052344885,510.85516240899733,198385543.0,0.871
,3.9306746,1.4305142,1637.1984269,1.7902006,3512.0,0.411452,,,523.4432264,,1,TESS,198385543.0,,0.015164002052344885,510.85516240899733,198385543.0,0.848
,3.9306746,1.4305142,1637.1984269,1.7902006,3512.0,0.411452,,,523.4432264,,1,TESS,198385543.0,,0.015164002052344885,510.85516240899733,198385543.0,0.807
,5.4809161,5.031,2770.0,8.64837,5923.0,1.62,,,1507.0,,0,TESS,219824469.0,,0.038246343235650404,37.034905434400066,219824469.0,0.157
,8.0214735,3.2087652,882.3089291,2.3381058,5165.2,0.784618,,,737.0887807,,1,TESS,198153540.0,,0.01666757975395886,161.3958176820382,198153540.0,0.992
,8.0214735,3.2087652,882.3089291,2.3381058,5165.2,0.784618,,,737.0887807,,1,TESS,198153540.0,,0.01666757975395886,161.3958176820382,198153540.0,0.992
,8.0214735,3.2087652,882.3089291,2.3381058,5165.2,0.784618,,,737.0887807,,1,TESS,198153540.0,,0.01666757975395886,161.3958176820382,198153540.0,0.941
,8.0214735,3.2087652,882.3089291,2.3381058,5165.2,0.784618,,,737.0887807,,1,TESS,198153540.0,,0.01666757975395886,161.3958176820382,198153540.0,0.941
,8.0214735,3.2087652,882.3089291,2.3381058,5165.2,0.784618,,,737.0887807,,1,TESS,198153540.0,,0.01666757975395886,161.3958176820382,198153540.0,0.81
,8.0214735,3.2087652,882.3089291,2.3381058,5165.2,0.784618,,,737.0887807,,1,TESS,198153540.0,,0.01666757975395886,161.3958176820382,198153540.0,0.81
,8.0214735,3.2087652,882.3089291,2.3381058,5165.2,0.784618,,,737.0887807,,1,TESS,198153540.0,,0.01666757975395886,161.3958176820382,198153540.0,0.656
,8.0214735,3.2087652,882.3089291,2.3381058,5165.2,0.784618,,,737.0887807,,1,TESS,198153540.0,,0.01666757975395886,161.3958176820382,198153540.0,0.656
,8.0214735,3.2087652,882.3089291,2.3381058,5165.2,0.784618,,,737.0887807,,1,TESS,198153540.0,,0.01666757975395886,161.3958176820382,198153540.0,0.322
,8.0214735,3.2087652,882.3089291,2.3381058,5165.2,0.784618,,,737.0887807,,1,TESS,198153540.0,,0.01666757975395886,161.3958176820382,198153540.0,0.322
,8.0214735,3.2087652,882.3089291,2.3381058,5165.2,0.784618,,,737.0887807,,1,TESS,198153540.0,,0.01666757975395886,161.3958176820382,198153540.0,0.992
,8.0214735,3.2087652,882.3089291,2.3381058,5165.2,0.784618,,,737.0887807,,1,TESS,198153540.0,,0.01666757975395886,161.3958176820382,198153540.0,0.992
,8.0214735,3.2087652,882.3089291,2.3381058,5165.2,0.784618,,,737.0887807,,1,TESS,198153540.0,,0.01666757975395886,161.3958176820382,198153540.0,0.941
,8.0214735,3.2087652,882.3089291,2.3381058,5165.2,0.784618,,,737.0887807,,1,TESS,198153540.0,,0.01666757975395886,161.3958176820382,198153540.0,0.941
,8.0214735,3.2087652,882.3089291,2.3381058,5165.2,0.784618,,,737.0887807,,1,TESS,198153540.0,,0.01666757975395886,161.3958176820382,198153540.0,0.81
,8.0214735,3.2087652,882.3089291,2.3381058,5165.2,0.784618,,,737.0887807,,1,TESS,198153540.0,,0.01666757975395886,161.3958176820382,198153540.0,0.81
,8.0214735,3.2087652,882.3089291,2.3381058,5165.2,0.784618,,,737.0887807,,1,TESS,198153540.0,,0.01666757975395886,161.3958176820382,198153540.0,0.656
,8.0214735,3.2087652,882.3089291,2.3381058,5165.2,0.784618,,,737.0887807,,1,TESS,198153540.0,,0.01666757975395886,161.3958176820382,198153540.0,0.656
,8.0214735,3.2087652,882.3089291,2.3381058,5165.2,0.784618,,,737.0887807,,1,TESS,198153540.0,,0.01666757975395886,161.3958176820382,198153540.0,0.322
,8.0214735,3.2087652,882.3089291,2.3381058,5165.2,0.784618,,,737.0887807,,1,TESS,198153540.0,,0.01666757975395886,161.3958176820382,198153540.0,0.322
,0.4378083,1.1404291,290.8856184,1.374002,5165.2,0.784618,,,1943.1657306,,1,TESS,198153540.0,,0.10853580127270683,154.08036200118661,198153540.0,0.992
,0.4378083,1.1404291,290.8856184,1.374002,5165.2,0.784618,,,1943.1657306,,1,TESS,198153540.0,,0.10853580127270683,154.08036200118661,198153540.0,0.992
,0.4378083,1.1404291,290.8856184,1.374002,5165.2,0.784618,,,1943.1657306,,1,TESS,198153540.0,,0.10853580127270683,154.08036200118661,198153540.0,0.941
,0.4378083,1.1404291,290.8856184,1.374002,5165.2,0.784618,,,1943.1657306,,1,TESS,198153540.0,,0.10853580127270683,154.08036200118661,198153540.0,0.941
,0.4378083,1.1404291,290.8856184,1.374002,5165.2,0.784618,,,1943.1657306,,1,TESS,198153540.0,,0.10853580127270683,154.08036200118661,198153540.0,0.81
,0.4378083,1.1404291,290.8856184,1.374002,5165.2,0.784618,,,1943.1657306,,1,TESS,198153540.0,,0.10853580127270683,154.08036200118661,198153540.0,0.81
,0.4378083,1.1404291,290.8856184,1.374002,5165.2,0.784618,,,1943.1657306,,1,TESS,198153540.0,,0.10853580127270683,154.08036200118661,198153540.0,0.656
,0.4378083,1.1404291,290.8856184,1.374002,5165.2,0.784618,,,1943.1657306,,1,TESS,198153540.0,,0.10853580127270683,154.08036200118661,198153540.0,0.656
,0.4378083,1.1404291,290.8856184,1.374002,5165.2,0.784618,,,1943.1657306,,1,TESS,198153540.0,,0.10853580127270683,154.08036200118661,198153540.0,0.322
,0.4378083,1.1404291,290.8856184,1.374002,5165.2,0.784618,,,1943.1657306,,1,TESS,198153540.0,,0.10853580127270683,154.08036200118661,198153540.0,0.322
,0.4378083,1.1404291,290.8856184,1.374002,5165.2,0.784618,,,1943.1657306,,1,TESS,198153540.0,,0.10853580127270683,154.08036200118661,198153540.0,0.992
,0.4378083,1.1404291,290.8856184,1.374002,5165.2,0.784618,,,1943.1657306,,1,TESS,198153540.0,,0.10853580127270683,154.08036200118661,198153540.0,0.992
,0.4378083,1.1404291,290.8856184,1.374002,5165.2,0.784618,,,1943.1657306,,1,TESS,198153540.0,,0.10853580127270683,154.08036200118661,198153540.0,0.941
,0.4378083,1.1404291,290.8856184,1.374002,5165.2,0.784618,,,1943.1657306,,1,TESS,198153540.0,,0.10853580127270683,154.08036200118661,198153540.0,0.941
,0.4378083,1.1404291,290.8856184,1.374002,5165.2,0.784618,,,1943.1657306,,1,TESS,198153540.0,,0.10853580127270683,154.08036200118661,198153540.0,0.81
,0.4378083,1.1404291,290.8856184,1.374002,5165.2,0.784618,,,1943.1657306,,1,TESS,198153540.0,,0.10853580127270683,154.08036200118661,198153540.0,0.81
,0.4378083,1.1404291,290.8856184,1.374002,5165.2,0.784618,,,1943.1657306,,1,TESS,198153540.0,,0.10853580127270683,154.08036200118661,198153540.0,0.656
,0.4378083,1.1404291,290.8856184,1.374002,5165.2,0.784618,,,1943.1657306,,1,TESS,198153540.0,,0.10853580127270683,154.08036200118661,198153540.0,0.656
,0.4378083,1.1404291,290.8856184,1.374002,5165.2,0.784618,,,1943.1657306,,1,TESS,198153540.0,,0.10853580127270683,154.08036200118661,198153540.0,0.322
,0.4378083,1.1404291,290.8856184,1.374002,5165.2,0.784618,,,1943.1657306,,1,TESS,198153540.0,,0.10853580127270683,154.08036200118661,198153540.0,0.322
,7.093853,2.5107626,284.2381135,1.6277147,5690.0,0.956941,,,911.9619079,,1,TESS,8967242.0,,0.01474729004376929,107.28168272561918,8967242.0,0.972
,7.093853,2.5107626,284.2381135,1.6277147,5690.0,0.956941,,,911.9619079,,1,TESS,8967242.0,,0.01474729004376929,107.28168272561918,8967242.0,0.952
,15.1512051,2.3438166,4955.304292,2.8411799,3272.0,0.401575,,,308.7009384,,1,TESS,166648874.0,,0.006445627531728956,613.8649082583585,166648874.0,0.877
,15.1512051,2.3438166,4955.304292,2.8411799,3272.0,0.401575,,,308.7009384,,1,TESS,166648874.0,,0.006445627531728956,613.8649082583585,166648874.0,0.543
,15.1512051,2.3438166,4955.304292,2.8411799,3272.0,0.401575,,,308.7009384,,1,TESS,166648874.0,,0.006445627531728956,613.8649082583585,166648874.0,0.294
,9.4893231,2.757,940.0,2.4304,5120.0,0.77,,,708.0,,1,TESS,82308728.0,,0.012105710627093664,159.1374032225351,82308728.0,0.994
,38.8135498,5.944,9593.0,8.20695,4760.0,0.82,,,486.0,,1,TESS,142381532.0,,0.006380933145176906,142.42651997723814,142381532.0,0.928
,38.8135498,5.944,9593.0,8.20695,4760.0,0.82,,,486.0,,1,TESS,142381532.0,,0.006380933145176906,142.42651997723814,142381532.0,0.919
,38.8135498,5.944,9593.0,8.20695,4760.0,0.82,,,486.0,,1,TESS,142381532.0,,0.006380933145176906,142.42651997723814,142381532.0,0.916
,22.8085719,3.847,977.0,2.45459,5182.0,0.82,,,544.0,,1,TESS,142387023.0,,0.007027694108890968,162.15732463267483,142387023.0,0.996
,22.8085719,3.847,977.0,2.45459,5182.0,0.82,,,544.0,,1,TESS,142387023.0,,0.007027694108890968,162.15732463267483,142387023.0,0.995
,22.8085719,3.847,977.0,2.45459,5182.0,0.82,,,544.0,,1,TESS,142387023.0,,0.007027694108890968,162.15732463267483,142387023.0,0.995
,22.8085719,3.847,977.0,2.45459,5182.0,0.82,,,544.0,,1,TESS,142387023.0,,0.007027694108890968,162.15732463267483,142387023.0,0.981
,1.467119,1.0069313,1550.632368,1.3241394,3297.0,0.331472,,,639.3631768,,1,TESS,390651552.0,,0.028597182397463373,884.384619340996,390651552.0,0.999
,1.467119,1.0069313,1550.632368,1.3241394,3297.0,0.331472,,,639.3631768,,1,TESS,390651552.0,,0.028597182397463373,884.384619340996,390651552.0,0.999
,1.467119,1.0069313,1550.632368,1.3241394,3297.0,0.331472,,,639.3631768,,1,TESS,390651552.0,,0.028597182397463373,884.384619340996,390651552.0,0.998
,9.0941239,4.389,2570.0,8.09838,5759.8,1.56,,,1020.0,,1,TESS,232982938.0,,0.020109138733212028,39.18653054839278,232982938.0,0.996
,9.0941239,4.389,2570.0,8.09838,5759.8,1.56,,,1020.0,,1,TESS,232982938.0,,0.020109138733212028,39.18653054839278,232982938.0,0.996
,9.0941239,4.389,2570.0,8.09838,5759.8,1.56,,,1020.0,,1,TESS,232982938.0,,0.020109138733212028,39.18653054839278,232982938.0,0.995
,9.0941239,4.389,2570.0,8.09838,5759.8,1.56,,,1020.0,,1,TESS,232982938.0,,0.020109138733212028,39.18653054839278,232982938.0,0.994
,9.0941239,4.389,2570.0,8.09838,5759.8,1.56,,,1020.0,,1,TESS,232982938.0,,0.020109138733212028,39.18653054839278,232982938.0,0.994
,9.0941239,4.389,2570.0,8.09838,5759.8,1.56,,,1020.0,,1,TESS,232982938.0,,0.020109138733212028,39.18653054839278,232982938.0,0.985
,9.0941239,4.389,2570.0,8.09838,5759.8,1.56,,,1020.0,,1,TESS,232982938.0,,0.020109138733212028,39.18653054839278,232982938.0,0.983
,9.0941239,4.389,2570.0,8.09838,5759.8,1.56,,,1020.0,,1,TESS,232982938.0,,0.020109138733212028,39.18653054839278,232982938.0,0.982
,9.0941239,4.389,2570.0,8.09838,5759.8,1.56,,,1020.0,,1,TESS,232982938.0,,0.020109138733212028,39.18653054839278,232982938.0,0.971
,9.0941239,4.389,2570.0,8.09838,5759.8,1.56,,,1020.0,,1,TESS,232982938.0,,0.020109138733212028,39.18653054839278,232982938.0,0.968
,9.0941239,4.389,2570.0,8.09838,5759.8,1.56,,,1020.0,,1,TESS,232982938.0,,0.020109138733212028,39.18653054839278,232982938.0,0.968
,9.0941239,4.389,2570.0,8.09838,5759.8,1.56,,,1020.0,,1,TESS,232982938.0,,0.020109138733212028,39.18653054839278,232982938.0,0.967
,9.0941239,4.389,2570.0,8.09838,5759.8,1.56,,,1020.0,,1,TESS,232982938.0,,0.020109138733212028,39.18653054839278,232982938.0,0.962
,9.0941239,4.389,2570.0,8.09838,5759.8,1.56,,,1020.0,,1,TESS,232982938.0,,0.020109138733212028,39.18653054839278,232982938.0,0.946
,9.0941239,4.389,2570.0,8.09838,5759.8,1.56,,,1020.0,,1,TESS,232982938.0,,0.020109138733212028,39.18653054839278,232982938.0,0.922
,9.0941239,4.389,2570.0,8.09838,5759.8,1.56,,,1020.0,,1,TESS,232982938.0,,0.020109138733212028,39.18653054839278,232982938.0,0.919
,9.0941239,4.389,2570.0,8.09838,5759.8,1.56,,,1020.0,,1,TESS,232982938.0,,0.020109138733212028,39.18653054839278,232982938.0,0.848
,9.0941239,4.389,2570.0,8.09838,5759.8,1.56,,,1020.0,,1,TESS,232982938.0,,0.020109138733212028,39.18653054839278,232982938.0,0.828
,9.0941239,4.389,2570.0,8.09838,5759.8,1.56,,,1020.0,,1,TESS,232982938.0,,0.020109138733212028,39.18653054839278,232982938.0,0.824
,9.0941239,4.389,2570.0,8.09838,5759.8,1.56,,,1020.0,,1,TESS,232982938.0,,0.020109138733212028,39.18653054839278,232982938.0,0.811
,9.0941239,4.389,2570.0,8.09838,5759.8,1.56,,,1020.0,,1,TESS,232982938.0,,0.020109138733212028,39.18653054839278,232982938.0,0.722
,9.0941239,4.389,2570.0,8.09838,5759.8,1.56,,,1020.0,,1,TESS,232982938.0,,0.020109138733212028,39.18653054839278,232982938.0,0.686
,9.0941239,4.389,2570.0,8.09838,5759.8,1.56,,,1020.0,,1,TESS,232982938.0,,0.020109138733212028,39.18653054839278,232982938.0,0.585
,20.3807824,6.6590149,2371.5221505,8.2227994,6351.0,1.61988,,,897.7592727,,1,TESS,207468071.0,,0.013613753787952071,35.074201119279074,207468071.0,0.988
,20.3807824,6.6590149,2371.5221505,8.2227994,6351.0,1.61988,,,897.7592727,,1,TESS,207468071.0,,0.013613753787952071,35.074201119279074,207468071.0,0.988
,20.3807824,6.6590149,2371.5221505,8.2227994,6351.0,1.61988,,,897.7592727,,1,TESS,207468071.0,,0.013613753787952071,35.074201119279074,207468071.0,0.98
,20.3807824,6.6590149,2371.5221505,8.2227994,6351.0,1.61988,,,897.7592727,,1,TESS,207468071.0,,0.013613753787952071,35.074201119279074,207468071.0,0.98
,20.3807824,6.6590149,2371.5221505,8.2227994,6351.0,1.61988,,,897.7592727,,1,TESS,207468071.0,,0.013613753787952071,35.074201119279074,207468071.0,0.977
,20.3807824,6.6590149,2371.5221505,8.2227994,6351.0,1.61988,,,897.7592727,,1,TESS,207468071.0,,0.013613753787952071,35.074201119279074,207468071.0,0.977
,20.3807824,6.6590149,2371.5221505,8.2227994,6351.0,1.61988,,,897.7592727,,1,TESS,207468071.0,,0.013613753787952071,35.074201119279074,207468071.0,0.973
,20.3807824,6.6590149,2371.5221505,8.2227994,6351.0,1.61988,,,897.7592727,,1,TESS,207468071.0,,0.013613753787952071,35.074201119279074,207468071.0,0.973
,20.3807824,6.6590149,2371.5221505,8.2227994,6351.0,1.61988,,,897.7592727,,1,TESS,207468071.0,,0.013613753787952071,35.074201119279074,207468071.0,0.968
,20.3807824,6.6590149,2371.5221505,8.2227994,6351.0,1.61988,,,897.7592727,,1,TESS,207468071.0,,0.013613753787952071,35.074201119279074,207468071.0,0.968
,20.3807824,6.6590149,2371.5221505,8.2227994,6351.0,1.61988,,,897.7592727,,1,TESS,207468071.0,,0.013613753787952071,35.074201119279074,207468071.0,0.959
,20.3807824,6.6590149,2371.5221505,8.2227994,6351.0,1.61988,,,897.7592727,,1,TESS,207468071.0,,0.013613753787952071,35.074201119279074,207468071.0,0.959
,20.3807824,6.6590149,2371.5221505,8.2227994,6351.0,1.61988,,,897.7592727,,1,TESS,207468071.0,,0.013613753787952071,35.074201119279074,207468071.0,0.585
,20.3807824,6.6590149,2371.5221505,8.2227994,6351.0,1.61988,,,897.7592727,,1,TESS,207468071.0,,0.013613753787952071,35.074201119279074,207468071.0,0.585
,20.3807824,6.6590149,2371.5221505,8.2227994,6351.0,1.61988,,,897.7592727,,1,TESS,207468071.0,,0.013613753787952071,35.074201119279074,207468071.0,0.58
,20.3807824,6.6590149,2371.5221505,8.2227994,6351.0,1.61988,,,897.7592727,,1,TESS,207468071.0,,0.013613753787952071,35.074201119279074,207468071.0,0.58
,20.3807824,6.6590149,2371.5221505,8.2227994,6351.0,1.61988,,,897.7592727,,1,TESS,207468071.0,,0.013613753787952071,35.074201119279074,207468071.0,0.409
,20.3807824,6.6590149,2371.5221505,8.2227994,6351.0,1.61988,,,897.7592727,,1,TESS,207468071.0,,0.013613753787952071,35.074201119279074,207468071.0,0.409
,20.3807824,6.6590149,2371.5221505,8.2227994,6351.0,1.61988,,,897.7592727,,1,TESS,207468071.0,,0.013613753787952071,35.074201119279074,207468071.0,0.988
,20.3807824,6.6590149,2371.5221505,8.2227994,6351.0,1.61988,,,897.7592727,,1,TESS,207468071.0,,0.013613753787952071,35.074201119279074,207468071.0,0.988
,20.3807824,6.6590149,2371.5221505,8.2227994,6351.0,1.61988,,,897.7592727,,1,TESS,207468071.0,,0.013613753787952071,35.074201119279074,207468071.0,0.98
,20.3807824,6.6590149,2371.5221505,8.2227994,6351.0,1.61988,,,897.7592727,,1,TESS,207468071.0,,0.013613753787952071,35.074201119279074,207468071.0,0.98
,20.3807824,6.6590149,2371.5221505,8.2227994,6351.0,1.61988,,,897.7592727,,1,TESS,207468071.0,,0.013613753787952071,35.074201119279074,207468071.0,0.977
,20.3807824,6.6590149,2371.5221505,8.2227994,6351.0,1.61988,,,897.7592727,,1,TESS,207468071.0,,0.013613753787952071,35.074201119279074,207468071.0,0.977
,20.3807824,6.6590149,2371.5221505,8.2227994,6351.0,1.61988,,,897.7592727,,1,TESS,207468071.0,,0.013613753787952071,35.074201119279074,207468071.0,0.973
,20.3807824,6.6590149,2371.5221505,8.2227994,6351.0,1.61988,,,897.7592727,,1,TESS,207468071.0,,0.013613753787952071,35.074201119279074,207468071.0,0.973
,20.3807824,6.6590149,2371.5221505,8.2227994,6351.0,1.61988,,,897.7592727,,1,TESS,207468071.0,,0.013613753787952071,35.074201119279074,207468071.0,0.968
,20.3807824,6.6590149,2371.5221505,8.2227994,6351.0,1.61988,,,897.7592727,,1,TESS,207468071.0,,0.013613753787952071,35.074201119279074,207468071.0,0.968
,20.3807824,6.6590149,2371.5221505,8.2227994,6351.0,1.61988,,,897.7592727,,1,TESS,207468071.0,,0.013613753787952071,35.074201119279074,207468071.0,0.959
,20.3807824,6.6590149,2371.5221505,8.2227994,6351.0,1.61988,,,897.7592727,,1,TESS,207468071.0,,0.013613753787952071,35.074201119279074,207468071.0,0.959
,20.3807824,6.6590149,2371.5221505,8.2227994,6351.0,1.61988,,,897.7592727,,1,TESS,207468071.0,,0.013613753787952071,35.074201119279074,207468071.0,0.585
,20.3807824,6.6590149,2371.5221505,8.2227994,6351.0,1.61988,,,897.7592727,,1,TESS,207468071.0,,0.013613753787952071,35.074201119279074,207468071.0,0.585
,20.3807824,6.6590149,2371.5221505,8.2227994,6351.0,1.61988,,,897.7592727,,1,TESS,207468071.0,,0.013613753787952071,35.074201119279074,207468071.0,0.58
,20.3807824,6.6590149,2371.5221505,8.2227994,6351.0,1.61988,,,897.7592727,,1,TESS,207468071.0,,0.013613753787952071,35.074201119279074,207468071.0,0.58
,20.3807824,6.6590149,2371.5221505,8.2227994,6351.0,1.61988,,,897.7592727,,1,TESS,207468071.0,,0.013613753787952071,35.074201119279074,207468071.0,0.409
,20.3807824,6.6590149,2371.5221505,8.2227994,6351.0,1.61988,,,897.7592727,,1,TESS,207468071.0,,0.013613753787952071,35.074201119279074,207468071.0,0.409
,74.6068965,4.8874071,2304.7237253,9.1295659,6142.0,1.18003,,,487.5546513,,0,TESS,142087638.0,,0.0027295326831651475,27.65149467651126,142087638.0,0.987
,74.6068965,4.8874071,2304.7237253,9.1295659,6142.0,1.18003,,,487.5546513,,0,TESS,142087638.0,,0.0027295326831651475,27.65149467651126,142087638.0,0.987
,74.6068965,4.8874071,2304.7237253,9.1295659,6142.0,1.18003,,,487.5546513,,0,TESS,142087638.0,,0.0027295326831651475,27.65149467651126,142087638.0,0.982
,74.6068965,4.8874071,2304.7237253,9.1295659,6142.0,1.18003,,,487.5546513,,0,TESS,142087638.0,,0.0027295326831651475,27.65149467651126,142087638.0,0.982
,74.6068965,4.8874071,2304.7237253,9.1295659,6142.0,1.18003,,,487.5546513,,0,TESS,142087638.0,,0.0027295326831651475,27.65149467651126,142087638.0,0.965
,74.6068965,4.8874071,2304.7237253,9.1295659,6142.0,1.18003,,,487.5546513,,0,TESS,142087638.0,,0.0027295326831651475,27.65149467651126,142087638.0,0.965
,74.6068965,4.8874071,2304.7237253,9.1295659,6142.0,1.18003,,,487.5546513,,0,TESS,142087638.0,,0.0027295326831651475,27.65149467651126,142087638.0,0.883
,74.6068965,4.8874071,2304.7237253,9.1295659,6142.0,1.18003,,,487.5546513,,0,TESS,142087638.0,,0.0027295326831651475,27.65149467651126,142087638.0,0.883
,74.6068965,4.8874071,2304.7237253,9.1295659,6142.0,1.18003,,,487.5546513,,0,TESS,142087638.0,,0.0027295326831651475,27.65149467651126,142087638.0,0.502
,74.6068965,4.8874071,2304.7237253,9.1295659,6142.0,1.18003,,,487.5546513,,0,TESS,142087638.0,,0.0027295326831651475,27.65149467651126,142087638.0,0.502
,74.6068965,4.8874071,2304.7237253,9.1295659,6142.0,1.18003,,,487.5546513,,0,TESS,142087638.0,,0.0027295326831651475,27.65149467651126,142087638.0,0.404
,74.6068965,4.8874071,2304.7237253,9.1295659,6142.0,1.18003,,,487.5546513,,0,TESS,142087638.0,,0.0027295326831651475,27.65149467651126,142087638.0,0.404
,74.6068965,4.8874071,2304.7237253,9.1295659,6142.0,1.18003,,,487.5546513,,0,TESS,142087638.0,,0.0027295326831651475,27.65149467651126,142087638.0,0.267
,74.6068965,4.8874071,2304.7237253,9.1295659,6142.0,1.18003,,,487.5546513,,0,TESS,142087638.0,,0.0027295326831651475,27.65149467651126,142087638.0,0.267
,74.6068965,4.8874071,2304.7237253,9.1295659,6142.0,1.18003,,,487.5546513,,0,TESS,142087638.0,,0.0027295326831651475,27.65149467651126,142087638.0,0.142
,74.6068965,4.8874071,2304.7237253,9.1295659,6142.0,1.18003,,,487.5546513,,0,TESS,142087638.0,,0.0027295326831651475,27.65149467651126,142087638.0,0.142
,74.6068965,4.8874071,2304.7237253,9.1295659,6142.0,1.18003,,,487.5546513,,0,TESS,142087638.0,,0.0027295326831651475,27.65149467651126,142087638.0,0.987
,74.6068965,4.8874071,2304.7237253,9.1295659,6142.0,1.18003,,,487.5546513,,0,TESS,142087638.0,,0.0027295326831651475,27.65149467651126,142087638.0,0.987
,74.6068965,4.8874071,2304.7237253,9.1295659,6142.0,1.18003,,,487.5546513,,0,TESS,142087638.0,,0.0027295326831651475,27.65149467651126,142087638.0,0.982
,74.6068965,4.8874071,2304.7237253,9.1295659,6142.0,1.18003,,,487.5546513,,0,TESS,142087638.0,,0.0027295326831651475,27.65149467651126,142087638.0,0.982
,74.6068965,4.8874071,2304.7237253,9.1295659,6142.0,1.18003,,,487.5546513,,0,TESS,142087638.0,,0.0027295326831651475,27.65149467651126,142087638.0,0.965
,74.6068965,4.8874071,2304.7237253,9.1295659,6142.0,1.18003,,,487.5546513,,0,TESS,142087638.0,,0.0027295326831651475,27.65149467651126,142087638.0,0.965
,74.6068965,4.8874071,2304.7237253,9.1295659,6142.0,1.18003,,,487.5546513,,0,TESS,142087638.0,,0.0027295326831651475,27.65149467651126,142087638.0,0.883
,74.6068965,4.8874071,2304.7237253,9.1295659,6142.0,1.18003,,,487.5546513,,0,TESS,142087638.0,,0.0027295326831651475,27.65149467651126,142087638.0,0.883
,74.6068965,4.8874071,2304.7237253,9.1295659,6142.0,1.18003,,,487.5546513,,0,TESS,142087638.0,,0.0027295326831651475,27.65149467651126,142087638.0,0.502
,74.6068965,4.8874071,2304.7237253,9.1295659,6142.0,1.18003,,,487.5546513,,0,TESS,142087638.0,,0.0027295326831651475,27.65149467651126,142087638.0,0.502
,74.6068965,4.8874071,2304.7237253,9.1295659,6142.0,1.18003,,,487.5546513,,0,TESS,142087638.0,,0.0027295326831651475,27.65149467651126,142087638.0,0.404
,74.6068965,4.8874071,2304.7237253,9.1295659,6142.0,1.18003,,,487.5546513,,0,TESS,142087638.0,,0.0027295326831651475,27.65149467651126,142087638.0,0.404
,74.6068965,4.8874071,2304.7237253,9.1295659,6142.0,1.18003,,,487.5546513,,0,TESS,142087638.0,,0.0027295326831651475,27.65149467651126,142087638.0,0.267
,74.6068965,4.8874071,2304.7237253,9.1295659,6142.0,1.18003,,,487.5546513,,0,TESS,142087638.0,,0.0027295326831651475,27.65149467651126,142087638.0,0.267
,74.6068965,4.8874071,2304.7237253,9.1295659,6142.0,1.18003,,,487.5546513,,0,TESS,142087638.0,,0.0027295326831651475,27.65149467651126,142087638.0,0.142
,74.6068965,4.8874071,2304.7237253,9.1295659,6142.0,1.18003,,,487.5546513,,0,TESS,142087638.0,,0.0027295326831651475,27.65149467651126,142087638.0,0.142
,74.6065192,3.6758167,2377.6887561,9.5163991,6142.0,1.18003,,,487.555473,,0,TESS,142087638.0,,0.00205289069539019,26.254859875169547,142087638.0,0.987
,74.6065192,3.6758167,2377.6887561,9.5163991,6142.0,1.18003,,,487.555473,,0,TESS,142087638.0,,0.00205289069539019,26.254859875169547,142087638.0,0.987
,74.6065192,3.6758167,2377.6887561,9.5163991,6142.0,1.18003,,,487.555473,,0,TESS,142087638.0,,0.00205289069539019,26.254859875169547,142087638.0,0.982
,74.6065192,3.6758167,2377.6887561,9.5163991,6142.0,1.18003,,,487.555473,,0,TESS,142087638.0,,0.00205289069539019,26.254859875169547,142087638.0,0.982
,74.6065192,3.6758167,2377.6887561,9.5163991,6142.0,1.18003,,,487.555473,,0,TESS,142087638.0,,0.00205289069539019,26.254859875169547,142087638.0,0.965
,74.6065192,3.6758167,2377.6887561,9.5163991,6142.0,1.18003,,,487.555473,,0,TESS,142087638.0,,0.00205289069539019,26.254859875169547,142087638.0,0.965
,74.6065192,3.6758167,2377.6887561,9.5163991,6142.0,1.18003,,,487.555473,,0,TESS,142087638.0,,0.00205289069539019,26.254859875169547,142087638.0,0.883
,74.6065192,3.6758167,2377.6887561,9.5163991,6142.0,1.18003,,,487.555473,,0,TESS,142087638.0,,0.00205289069539019,26.254859875169547,142087638.0,0.883
,74.6065192,3.6758167,2377.6887561,9.5163991,6142.0,1.18003,,,487.555473,,0,TESS,142087638.0,,0.00205289069539019,26.254859875169547,142087638.0,0.502
,74.6065192,3.6758167,2377.6887561,9.5163991,6142.0,1.18003,,,487.555473,,0,TESS,142087638.0,,0.00205289069539019,26.254859875169547,142087638.0,0.502
,74.6065192,3.6758167,2377.6887561,9.5163991,6142.0,1.18003,,,487.555473,,0,TESS,142087638.0,,0.00205289069539019,26.254859875169547,142087638.0,0.404
,74.6065192,3.6758167,2377.6887561,9.5163991,6142.0,1.18003,,,487.555473,,0,TESS,142087638.0,,0.00205289069539019,26.254859875169547,142087638.0,0.404
,74.6065192,3.6758167,2377.6887561,9.5163991,6142.0,1.18003,,,487.555473,,0,TESS,142087638.0,,0.00205289069539019,26.254859875169547,142087638.0,0.267
,74.6065192,3.6758167,2377.6887561,9.5163991,6142.0,1.18003,,,487.555473,,0,TESS,142087638.0,,0.00205289069539019,26.254859875169547,142087638.0,0.267
,74.6065192,3.6758167,2377.6887561,9.5163991,6142.0,1.18003,,,487.555473,,0,TESS,142087638.0,,0.00205289069539019,26.254859875169547,142087638.0,0.142
,74.6065192,3.6758167,2377.6887561,9.5163991,6142.0,1.18003,,,487.555473,,0,TESS,142087638.0,,0.00205289069539019,26.254859875169547,142087638.0,0.142
,74.6065192,3.6758167,2377.6887561,9.5163991,6142.0,1.18003,,,487.555473,,0,TESS,142087638.0,,0.00205289069539019,26.254859875169547,142087638.0,0.987
,74.6065192,3.6758167,2377.6887561,9.5163991,6142.0,1.18003,,,487.555473,,0,TESS,142087638.0,,0.00205289069539019,26.254859875169547,142087638.0,0.987
,74.6065192,3.6758167,2377.6887561,9.5163991,6142.0,1.18003,,,487.555473,,0,TESS,142087638.0,,0.00205289069539019,26.254859875169547,142087638.0,0.982
,74.6065192,3.6758167,2377.6887561,9.5163991,6142.0,1.18003,,,487.555473,,0,TESS,142087638.0,,0.00205289069539019,26.254859875169547,142087638.0,0.982
,74.6065192,3.6758167,2377.6887561,9.5163991,6142.0,1.18003,,,487.555473,,0,TESS,142087638.0,,0.00205289069539019,26.254859875169547,142087638.0,0.965
,74.6065192,3.6758167,2377.6887561,9.5163991,6142.0,1.18003,,,487.555473,,0,TESS,142087638.0,,0.00205289069539019,26.254859875169547,142087638.0,0.965
,74.6065192,3.6758167,2377.6887561,9.5163991,6142.0,1.18003,,,487.555473,,0,TESS,142087638.0,,0.00205289069539019,26.254859875169547,142087638.0,0.883
,74.6065192,3.6758167,2377.6887561,9.5163991,6142.0,1.18003,,,487.555473,,0,TESS,142087638.0,,0.00205289069539019,26.254859875169547,142087638.0,0.883
,74.6065192,3.6758167,2377.6887561,9.5163991,6142.0,1.18003,,,487.555473,,0,TESS,142087638.0,,0.00205289069539019,26.254859875169547,142087638.0,0.502
,74.6065192,3.6758167,2377.6887561,9.5163991,6142.0,1.18003,,,487.555473,,0,TESS,142087638.0,,0.00205289069539019,26.254859875169547,142087638.0,0.502
,74.6065192,3.6758167,2377.6887561,9.5163991,6142.0,1.18003,,,487.555473,,0,TESS,142087638.0,,0.00205289069539019,26.254859875169547,142087638.0,0.404
,74.6065192,3.6758167,2377.6887561,9.5163991,6142.0,1.18003,,,487.555473,,0,TESS,142087638.0,,0.00205289069539019,26.254859875169547,142087638.0,0.404
,74.6065192,3.6758167,2377.6887561,9.5163991,6142.0,1.18003,,,487.555473,,0,TESS,142087638.0,,0.00205289069539019,26.254859875169547,142087638.0,0.267
,74.6065192,3.6758167,2377.6887561,9.5163991,6142.0,1.18003,,,487.555473,,0,TESS,142087638.0,,0.00205289069539019,26.254859875169547,142087638.0,0.267
,74.6065192,3.6758167,2377.6887561,9.5163991,6142.0,1.18003,,,487.555473,,0,TESS,142087638.0,,0.00205289069539019,26.254859875169547,142087638.0,0.142
,74.6065192,3.6758167,2377.6887561,9.5163991,6142.0,1.18003,,,487.555473,,0,TESS,142087638.0,,0.00205289069539019,26.254859875169547,142087638.0,0.142
,2.7029187,1.6998642,5132.6782834,3.7942392,3596.0,0.524573,,,657.0962083,,1,TESS,153078576.0,,0.02620414513694423,356.52878577818683,153078576.0,0.998
,2.7029187,1.6998642,5132.6782834,3.7942392,3596.0,0.524573,,,657.0962083,,1,TESS,153078576.0,,0.02620414513694423,356.52878577818683,153078576.0,0.995
,2.7029187,1.6998642,5132.6782834,3.7942392,3596.0,0.524573,,,657.0962083,,1,TESS,153078576.0,,0.02620414513694423,356.52878577818683,153078576.0,0.993
,4.880964,1.6120362,3385.5526856,9.7354897,6309.0,1.27132,,,1275.8083387,,1,TESS,162802770.0,,0.01376125175818025,35.7202071480082,162802770.0,0.936
,4.880964,1.6120362,3385.5526856,9.7354897,6309.0,1.27132,,,1275.8083387,,1,TESS,162802770.0,,0.01376125175818025,35.7202071480082,162802770.0,0.854
,14.5187891,2.897,429.0,3.60283,5844.8,1.79,,,714.0,,0,TESS,302659412.0,,0.008313939417090865,33.049867142296335,302659412.0,0.399
,12.6534664,4.0982077,27095.439949,20.5105778,5394.6,1.18915,,,819.7441326,,0,TESS,190271688.0,,0.013495009842075733,64.40808934347298,190271688.0,0.123
,260.1740061,24.0527095,4747.959592,11.3192423,5739.0,1.62762,,,360.169028,,1,TESS,298663873.0,,0.003852022898171324,37.05717408591521,298663873.0,0.142
,260.1740061,24.0527095,4747.959592,11.3192423,5739.0,1.62762,,,360.169028,,1,TESS,298663873.0,,0.003852022898171324,37.05717408591521,298663873.0,0.128
,6.9067868,6.6850674,1751.7778572,13.4176028,5731.8,3.1513801,,,1676.0537927,,1,TESS,176956893.0,,0.040329096783416125,9.73036580153989,176956893.0,0.74
,6.9067868,6.6850674,1751.7778572,13.4176028,5731.8,3.1513801,,,1676.0537927,,1,TESS,176956893.0,,0.040329096783416125,9.73036580153989,176956893.0,0.702
,2.1223673,1.5855365,8056.3340252,12.9814367,6079.0,1.19653,,,1596.3943994,,1,TESS,401604346.0,,0.031127514797440362,47.80704955590735,401604346.0,0.827
,8.2754608,3.755,6510.0,11.5451,5515.2,1.39,,,942.0,,1,TESS,237922465.0,,0.018906298552652304,48.84111695441791,237922465.0,0.992
,8.2754608,3.755,6510.0,11.5451,5515.2,1.39,,,942.0,,1,TESS,237922465.0,,0.018906298552652304,48.84111695441791,237922465.0,0.992
,8.2754608,3.755,6510.0,11.5451,5515.2,1.39,,,942.0,,1,TESS,237922465.0,,0.018906298552652304,48.84111695441791,237922465.0,0.991
,8.2754608,3.755,6510.0,11.5451,5515.2,1.39,,,942.0,,1,TESS,237922465.0,,0.018906298552652304,48.84111695441791,237922465.0,0.949
,8.2754608,3.755,6510.0,11.5451,5515.2,1.39,,,942.0,,1,TESS,237922465.0,,0.018906298552652304,48.84111695441791,237922465.0,0.921
,8.2754608,3.755,6510.0,11.5451,5515.2,1.39,,,942.0,,1,TESS,237922465.0,,0.018906298552652304,48.84111695441791,237922465.0,0.908
,8.2754608,3.755,6510.0,11.5451,5515.2,1.39,,,942.0,,1,TESS,237922465.0,,0.018906298552652304,48.84111695441791,237922465.0,0.906
,8.2754608,3.755,6510.0,11.5451,5515.2,1.39,,,942.0,,1,TESS,237922465.0,,0.018906298552652304,48.84111695441791,237922465.0,0.772
,10.7510107,2.943424,638.0928566,2.3581827,5784.0,0.918917,,,787.3911722,,1,TESS,164767175.0,,0.011407547589116638,114.74371499235757,164767175.0,0.976
,10.7510107,2.943424,638.0928566,2.3581827,5784.0,0.918917,,,787.3911722,,1,TESS,164767175.0,,0.011407547589116638,114.74371499235757,164767175.0,0.976
,10.7510107,2.943424,638.0928566,2.3581827,5784.0,0.918917,,,787.3911722,,1,TESS,164767175.0,,0.011407547589116638,114.74371499235757,164767175.0,0.729
,10.7510107,2.943424,638.0928566,2.3581827,5784.0,0.918917,,,787.3911722,,1,TESS,164767175.0,,0.011407547589116638,114.74371499235757,164767175.0,0.729
,10.7510107,2.943424,638.0928566,2.3581827,5784.0,0.918917,,,787.3911722,,1,TESS,164767175.0,,0.011407547589116638,114.74371499235757,164767175.0,0.608
,10.7510107,2.943424,638.0928566,2.3581827,5784.0,0.918917,,,787.3911722,,1,TESS,164767175.0,,0.011407547589116638,114.74371499235757,164767175.0,0.608
,10.7510107,2.943424,638.0928566,2.3581827,5784.0,0.918917,,,787.3911722,,1,TESS,164767175.0,,0.011407547589116638,114.74371499235757,164767175.0,0.976
,10.7510107,2.943424,638.0928566,2.3581827,5784.0,0.918917,,,787.3911722,,1,TESS,164767175.0,,0.011407547589116638,114.74371499235757,164767175.0,0.976
,10.7510107,2.943424,638.0928566,2.3581827,5784.0,0.918917,,,787.3911722,,1,TESS,164767175.0,,0.011407547589116638,114.74371499235757,164767175.0,0.729
,10.7510107,2.943424,638.0928566,2.3581827,5784.0,0.918917,,,787.3911722,,1,TESS,164767175.0,,0.011407547589116638,114.74371499235757,164767175.0,0.729
,10.7510107,2.943424,638.0928566,2.3581827,5784.0,0.918917,,,787.3911722,,1,TESS,164767175.0,,0.011407547589116638,114.74371499235757,164767175.0,0.608
,10.7510107,2.943424,638.0928566,2.3581827,5784.0,0.918917,,,787.3911722,,1,TESS,164767175.0,,0.011407547589116638,114.74371499235757,164767175.0,0.608
,6.19132,3.4164,345.240264,1.759371,5784.0,0.929557,,,981.282679,,1,TESS,164767175.0,,0.022991865877067506,111.53378520855858,164767175.0,0.976
,6.19132,3.4164,345.240264,1.759371,5784.0,0.929557,,,981.282679,,1,TESS,164767175.0,,0.022991865877067506,111.53378520855858,164767175.0,0.976
,6.19132,3.4164,345.240264,1.759371,5784.0,0.929557,,,981.282679,,1,TESS,164767175.0,,0.022991865877067506,111.53378520855858,164767175.0,0.729
,6.19132,3.4164,345.240264,1.759371,5784.0,0.929557,,,981.282679,,1,TESS,164767175.0,,0.022991865877067506,111.53378520855858,164767175.0,0.729
,6.19132,3.4164,345.240264,1.759371,5784.0,0.929557,,,981.282679,,1,TESS,164767175.0,,0.022991865877067506,111.53378520855858,164767175.0,0.608
,6.19132,3.4164,345.240264,1.759371,5784.0,0.929557,,,981.282679,,1,TESS,164767175.0,,0.022991865877067506,111.53378520855858,164767175.0,0.608
,6.19132,3.4164,345.240264,1.759371,5784.0,0.929557,,,981.282679,,1,TESS,164767175.0,,0.022991865877067506,111.53378520855858,164767175.0,0.976
,6.19132,3.4164,345.240264,1.759371,5784.0,0.929557,,,981.282679,,1,TESS,164767175.0,,0.022991865877067506,111.53378520855858,164767175.0,0.976
,6.19132,3.4164,345.240264,1.759371,5784.0,0.929557,,,981.282679,,1,TESS,164767175.0,,0.022991865877067506,111.53378520855858,164767175.0,0.729
,6.19132,3.4164,345.240264,1.759371,5784.0,0.929557,,,981.282679,,1,TESS,164767175.0,,0.022991865877067506,111.53378520855858,164767175.0,0.729
,6.19132,3.4164,345.240264,1.759371,5784.0,0.929557,,,981.282679,,1,TESS,164767175.0,,0.022991865877067506,111.53378520855858,164767175.0,0.608
,6.19132,3.4164,345.240264,1.759371,5784.0,0.929557,,,981.282679,,1,TESS,164767175.0,,0.022991865877067506,111.53378520855858,164767175.0,0.608
,5.7525797,5.4071598,5284.9525713,12.7442838,6180.0,1.70927,,,1368.4712903,,1,TESS,166836920.0,,0.03916474609958651,32.53945114529546,166836920.0,0.236
,2.8319354,3.21,780.0,4.18335,5408.7,1.48,,,1531.0,,0,TESS,467281353.0,,0.04722918398213368,44.570363409782225,467281353.0,0.194
,6.0783344,4.8904528,16168.288913,16.9877965,8719.5,1.0,,,998.7280008,,0,TESS,458856474.0,,0.03352379975505159,56.02604423363181,458856474.0,0.159
,6.1110945,4.2566318,1098.152672,5.873208,5725.0,1.07235,,,1013.3467617,,0,TESS,89535068.0,,0.029022568236190694,31.835519902632242,89535068.0,0.352
,1.1953968,1.5752293,1127.2344564,3.5030245,5728.0,1.02917,,,1720.8556767,,1,TESS,372172128.0,,0.05490607962051877,91.86030235486261,372172128.0,0.804
,4.9549631,5.9565174,8236.2566801,18.4504689,6282.4,1.99207,,,1584.4693148,,1,TESS,100566492.0,,0.050088813560078,24.194411113212276,100566492.0,0.64
,3.3771114,2.4508029,4515.155077,8.6110106,5614.86,1.28017,,,1337.4811458,,1,TESS,369455629.0,,0.030237908716925103,60.892585920836105,369455629.0,0.993
,11.9124942,3.7520869,19304.2778014,11.3754057,5064.0,0.823883,,,652.0656914,,1,TESS,358107516.0,,0.013123780040945792,149.18314766385907,358107516.0,0.591
,11.9124942,3.7520869,19304.2778014,11.3754057,5064.0,0.823883,,,652.0656914,,1,TESS,358107516.0,,0.013123780040945792,149.18314766385907,358107516.0,0.558
,2.2250514,2.3678871,13144.590055,10.0926189,5103.0,0.883426,,,1188.0003255,,1,TESS,467971286.0,,0.044341429888963654,129.04443869859006,467971286.0,0.996
,0.8891483,1.1970992,44722.5890994,14.8249782,3653.0,0.649887,,,1043.8317455,,0,TESS,260298958.0,,0.05609765097220701,203.48800274981303,260298958.0,0.581
,0.8891483,1.1970992,44722.5890994,14.8249782,3653.0,0.649887,,,1043.8317455,,0,TESS,260298958.0,,0.05609765097220701,203.48800274981303,260298958.0,0.55
,0.8891483,1.1970992,44722.5890994,14.8249782,3653.0,0.649887,,,1043.8317455,,0,TESS,260298958.0,,0.05609765097220701,203.48800274981303,260298958.0,0.46
,0.8891483,1.1970992,44722.5890994,14.8249782,3653.0,0.649887,,,1043.8317455,,0,TESS,260298958.0,,0.05609765097220701,203.48800274981303,260298958.0,0.42
,0.8891483,1.1970992,44722.5890994,14.8249782,3653.0,0.649887,,,1043.8317455,,0,TESS,260298958.0,,0.05609765097220701,203.48800274981303,260298958.0,0.347
,0.8891483,1.1970992,44722.5890994,14.8249782,3653.0,0.649887,,,1043.8317455,,0,TESS,260298958.0,,0.05609765097220701,203.48800274981303,260298958.0,0.302
,0.8891483,1.1970992,44722.5890994,14.8249782,3653.0,0.649887,,,1043.8317455,,0,TESS,260298958.0,,0.05609765097220701,203.48800274981303,260298958.0,0.211
,0.8891483,1.1970992,44722.5890994,14.8249782,3653.0,0.649887,,,1043.8317455,,0,TESS,260298958.0,,0.05609765097220701,203.48800274981303,260298958.0,0.174
,0.8891483,1.1970992,44722.5890994,14.8249782,3653.0,0.649887,,,1043.8317455,,0,TESS,260298958.0,,0.05609765097220701,203.48800274981303,260298958.0,0.169
,1.7690121,1.0172953,10110.2139841,10.5045599,4683.0,0.701795,,,1073.1116296,,1,TESS,381856447.0,,0.023961002396926268,91.62302366485473,381856447.0,0.973
,0.224195,0.292,540.0,5.59553,4079.0,0.68,,,1998.0,,1,TESS,258804746.0,,0.05426822366908575,17.24690967571166,258804746.0,0.976
,0.224195,0.292,540.0,5.59553,4079.0,0.68,,,1998.0,,1,TESS,258804746.0,,0.05426822366908575,17.24690967571166,258804746.0,0.961
,0.224195,0.292,540.0,5.59553,4079.0,0.68,,,1998.0,,1,TESS,258804746.0,,0.05426822366908575,17.24690967571166,258804746.0,0.927
,0.224195,0.292,540.0,5.59553,4079.0,0.68,,,1998.0,,1,TESS,258804746.0,,0.05426822366908575,17.24690967571166,258804746.0,0.847
,0.224195,0.292,540.0,5.59553,4079.0,0.68,,,1998.0,,1,TESS,258804746.0,,0.05426822366908575,17.24690967571166,258804746.0,0.458
,104.8729635,6.554,12183.0,10.223,5350.0,0.88,,,358.0,,1,TESS,309792357.0,,0.0026039440873131775,116.57287795117256,309792357.0,0.499
,4.31224,2.704,4990.0,12.3576,,1.72,,,1414.0,,0,TESS,147340931.0,,0.026127178816122067,32.6762549352837,147340931.0,0.972
,4.0337201,3.48,2868.0,11.5159,7369.0,2.22,,,1841.0,,1,TESS,445903569.0,,0.03594696580514096,21.62635729415337,445903569.0,0.979
,4.0337201,3.48,2868.0,11.5159,7369.0,2.22,,,1841.0,,1,TESS,445903569.0,,0.03594696580514096,21.62635729415337,445903569.0,0.964
,4.0337201,3.48,2868.0,11.5159,7369.0,2.22,,,1841.0,,1,TESS,445903569.0,,0.03594696580514096,21.62635729415337,445903569.0,0.949
,4.0337201,3.48,2868.0,11.5159,7369.0,2.22,,,1841.0,,1,TESS,445903569.0,,0.03594696580514096,21.62635729415337,445903569.0,0.898
,3.0911721,1.9714799,349.193899,1.666703,5253.0,0.834386,,,1057.0895356,,1,TESS,212253390.0,,0.026574060605063305,125.70427762021609,212253390.0,0.936
,5.7772122,2.56341,1470.3821261,2.8693434,4882.7,0.729818,,,751.4597253,,1,TESS,425561347.0,,0.018487939430313672,178.5932775506831,425561347.0,0.972
,5.7772122,2.56341,1470.3821261,2.8693434,4882.7,0.729818,,,751.4597253,,1,TESS,425561347.0,,0.018487939430313672,178.5932775506831,425561347.0,0.933
,0.3711334,0.4918187,2322.6218151,1.4062147,3333.0,0.272233,,,964.4647664,,1,TESS,439867639.0,,0.05521584296286244,1174.5594789282102,439867639.0,0.835
,0.9776805,0.7657397,965.3175192,3.3784252,4456.2,1.09813,,,1554.1366421,,0,TESS,219208037.0,,0.03263419846624236,84.5749080547357,219208037.0,0.781
,0.9776805,0.7657397,965.3175192,3.3784252,4456.2,1.09813,,,1554.1366421,,0,TESS,219208037.0,,0.03263419846624236,84.5749080547357,219208037.0,0.638
,0.9776805,0.7657397,965.3175192,3.3784252,4456.2,1.09813,,,1554.1366421,,0,TESS,219208037.0,,0.03263419846624236,84.5749080547357,219208037.0,0.394
,3.6977167,0.9308263,4755.6707294,2.942044,3607.0,0.397924,,,533.8429511,,1,TESS,220479565.0,,0.010488750728154861,549.4313044879441,220479565.0,0.93
,52.9781419,4.7965246,6347.2690959,11.4471492,6461.8,1.33031,,,598.2132842,,1,TESS,350618622.0,,0.003772408475305227,48.43867120054667,350618622.0,0.965
,52.9781419,4.7965246,6347.2690959,11.4471492,6461.8,1.33031,,,598.2132842,,1,TESS,350618622.0,,0.003772408475305227,48.43867120054667,350618622.0,0.831
,52.9781419,4.7965246,6347.2690959,11.4471492,6461.8,1.33031,,,598.2132842,,1,TESS,350618622.0,,0.003772408475305227,48.43867120054667,350618622.0,0.788
,52.9781419,4.7965246,6347.2690959,11.4471492,6461.8,1.33031,,,598.2132842,,1,TESS,350618622.0,,0.003772408475305227,48.43867120054667,350618622.0,0.77
,52.9781419,4.7965246,6347.2690959,11.4471492,6461.8,1.33031,,,598.2132842,,1,TESS,350618622.0,,0.003772408475305227,48.43867120054667,350618622.0,0.759
,52.9781419,4.7965246,6347.2690959,11.4471492,6461.8,1.33031,,,598.2132842,,1,TESS,350618622.0,,0.003772408475305227,48.43867120054667,350618622.0,0.305
,1134.6723963,8.6844623,11679.2159464,11.7582195,5842.0,1.0735199,,,437.2015486,,1,TESS,26547036.0,,0.0003189049077072764,84.47545874490329,26547036.0,0.888
,11.5778362,3.8772499,217.3994918,1.5422129,5739.0,1.02607,,,806.3295569,,1,TESS,136916387.0,,0.013953564016155986,91.40494231804115,136916387.0,0.947
,11.5778362,3.8772499,217.3994918,1.5422129,5739.0,1.02607,,,806.3295569,,1,TESS,136916387.0,,0.013953564016155986,91.40494231804115,136916387.0,0.947
,11.5778362,3.8772499,217.3994918,1.5422129,5739.0,1.02607,,,806.3295569,,1,TESS,136916387.0,,0.013953564016155986,91.40494231804115,136916387.0,0.947
,11.5778362,3.8772499,217.3994918,1.5422129,5739.0,1.02607,,,806.3295569,,1,TESS,136916387.0,,0.013953564016155986,91.40494231804115,136916387.0,0.502
,11.5778362,3.8772499,217.3994918,1.5422129,5739.0,1.02607,,,806.3295569,,1,TESS,136916387.0,,0.013953564016155986,91.40494231804115,136916387.0,0.502
,11.5778362,3.8772499,217.3994918,1.5422129,5739.0,1.02607,,,806.3295569,,1,TESS,136916387.0,,0.013953564016155986,91.40494231804115,136916387.0,0.502
,11.5778362,3.8772499,217.3994918,1.5422129,5739.0,1.02607,,,806.3295569,,1,TESS,136916387.0,,0.013953564016155986,91.40494231804115,136916387.0,0.277
,11.5778362,3.8772499,217.3994918,1.5422129,5739.0,1.02607,,,806.3295569,,1,TESS,136916387.0,,0.013953564016155986,91.40494231804115,136916387.0,0.277
,11.5778362,3.8772499,217.3994918,1.5422129,5739.0,1.02607,,,806.3295569,,1,TESS,136916387.0,,0.013953564016155986,91.40494231804115,136916387.0,0.277
,11.5778362,3.8772499,217.3994918,1.5422129,5739.0,1.02607,,,806.3295569,,1,TESS,136916387.0,,0.013953564016155986,91.40494231804115,136916387.0,0.947
,11.5778362,3.8772499,217.3994918,1.5422129,5739.0,1.02607,,,806.3295569,,1,TESS,136916387.0,,0.013953564016155986,91.40494231804115,136916387.0,0.947
,11.5778362,3.8772499,217.3994918,1.5422129,5739.0,1.02607,,,806.3295569,,1,TESS,136916387.0,,0.013953564016155986,91.40494231804115,136916387.0,0.947
,11.5778362,3.8772499,217.3994918,1.5422129,5739.0,1.02607,,,806.3295569,,1,TESS,136916387.0,,0.013953564016155986,91.40494231804115,136916387.0,0.502
,11.5778362,3.8772499,217.3994918,1.5422129,5739.0,1.02607,,,806.3295569,,1,TESS,136916387.0,,0.013953564016155986,91.40494231804115,136916387.0,0.502
,11.5778362,3.8772499,217.3994918,1.5422129,5739.0,1.02607,,,806.3295569,,1,TESS,136916387.0,,0.013953564016155986,91.40494231804115,136916387.0,0.502
,11.5778362,3.8772499,217.3994918,1.5422129,5739.0,1.02607,,,806.3295569,,1,TESS,136916387.0,,0.013953564016155986,91.40494231804115,136916387.0,0.277
,11.5778362,3.8772499,217.3994918,1.5422129,5739.0,1.02607,,,806.3295569,,1,TESS,136916387.0,,0.013953564016155986,91.40494231804115,136916387.0,0.277
,11.5778362,3.8772499,217.3994918,1.5422129,5739.0,1.02607,,,806.3295569,,1,TESS,136916387.0,,0.013953564016155986,91.40494231804115,136916387.0,0.277
,11.5778362,3.8772499,217.3994918,1.5422129,5739.0,1.02607,,,806.3295569,,1,TESS,136916387.0,,0.013953564016155986,91.40494231804115,136916387.0,0.947
,11.5778362,3.8772499,217.3994918,1.5422129,5739.0,1.02607,,,806.3295569,,1,TESS,136916387.0,,0.013953564016155986,91.40494231804115,136916387.0,0.947
,11.5778362,3.8772499,217.3994918,1.5422129,5739.0,1.02607,,,806.3295569,,1,TESS,136916387.0,,0.013953564016155986,91.40494231804115,136916387.0,0.947
,11.5778362,3.8772499,217.3994918,1.5422129,5739.0,1.02607,,,806.3295569,,1,TESS,136916387.0,,0.013953564016155986,91.40494231804115,136916387.0,0.502
,11.5778362,3.8772499,217.3994918,1.5422129,5739.0,1.02607,,,806.3295569,,1,TESS,136916387.0,,0.013953564016155986,91.40494231804115,136916387.0,0.502
,11.5778362,3.8772499,217.3994918,1.5422129,5739.0,1.02607,,,806.3295569,,1,TESS,136916387.0,,0.013953564016155986,91.40494231804115,136916387.0,0.502
,11.5778362,3.8772499,217.3994918,1.5422129,5739.0,1.02607,,,806.3295569,,1,TESS,136916387.0,,0.013953564016155986,91.40494231804115,136916387.0,0.277
,11.5778362,3.8772499,217.3994918,1.5422129,5739.0,1.02607,,,806.3295569,,1,TESS,136916387.0,,0.013953564016155986,91.40494231804115,136916387.0,0.277
,11.5778362,3.8772499,217.3994918,1.5422129,5739.0,1.02607,,,806.3295569,,1,TESS,136916387.0,,0.013953564016155986,91.40494231804115,136916387.0,0.277
,27.5920718,3.2743016,555.3352929,2.7050278,5739.0,1.02607,,,603.6616824,,1,TESS,136916387.0,,0.004944508484763806,75.89475265255804,136916387.0,0.947
,27.5920718,3.2743016,555.3352929,2.7050278,5739.0,1.02607,,,603.6616824,,1,TESS,136916387.0,,0.004944508484763806,75.89475265255804,136916387.0,0.947
,27.5920718,3.2743016,555.3352929,2.7050278,5739.0,1.02607,,,603.6616824,,1,TESS,136916387.0,,0.004944508484763806,75.89475265255804,136916387.0,0.947
,27.5920718,3.2743016,555.3352929,2.7050278,5739.0,1.02607,,,603.6616824,,1,TESS,136916387.0,,0.004944508484763806,75.89475265255804,136916387.0,0.502
,27.5920718,3.2743016,555.3352929,2.7050278,5739.0,1.02607,,,603.6616824,,1,TESS,136916387.0,,0.004944508484763806,75.89475265255804,136916387.0,0.502
,27.5920718,3.2743016,555.3352929,2.7050278,5739.0,1.02607,,,603.6616824,,1,TESS,136916387.0,,0.004944508484763806,75.89475265255804,136916387.0,0.502
,27.5920718,3.2743016,555.3352929,2.7050278,5739.0,1.02607,,,603.6616824,,1,TESS,136916387.0,,0.004944508484763806,75.89475265255804,136916387.0,0.277
,27.5920718,3.2743016,555.3352929,2.7050278,5739.0,1.02607,,,603.6616824,,1,TESS,136916387.0,,0.004944508484763806,75.89475265255804,136916387.0,0.277
,27.5920718,3.2743016,555.3352929,2.7050278,5739.0,1.02607,,,603.6616824,,1,TESS,136916387.0,,0.004944508484763806,75.89475265255804,136916387.0,0.277
,27.5920718,3.2743016,555.3352929,2.7050278,5739.0,1.02607,,,603.6616824,,1,TESS,136916387.0,,0.004944508484763806,75.89475265255804,136916387.0,0.947
,27.5920718,3.2743016,555.3352929,2.7050278,5739.0,1.02607,,,603.6616824,,1,TESS,136916387.0,,0.004944508484763806,75.89475265255804,136916387.0,0.947
,27.5920718,3.2743016,555.3352929,2.7050278,5739.0,1.02607,,,603.6616824,,1,TESS,136916387.0,,0.004944508484763806,75.89475265255804,136916387.0,0.947
,27.5920718,3.2743016,555.3352929,2.7050278,5739.0,1.02607,,,603.6616824,,1,TESS,136916387.0,,0.004944508484763806,75.89475265255804,136916387.0,0.502
,27.5920718,3.2743016,555.3352929,2.7050278,5739.0,1.02607,,,603.6616824,,1,TESS,136916387.0,,0.004944508484763806,75.89475265255804,136916387.0,0.502
,27.5920718,3.2743016,555.3352929,2.7050278,5739.0,1.02607,,,603.6616824,,1,TESS,136916387.0,,0.004944508484763806,75.89475265255804,136916387.0,0.502
,27.5920718,3.2743016,555.3352929,2.7050278,5739.0,1.02607,,,603.6616824,,1,TESS,136916387.0,,0.004944508484763806,75.89475265255804,136916387.0,0.277
,27.5920718,3.2743016,555.3352929,2.7050278,5739.0,1.02607,,,603.6616824,,1,TESS,136916387.0,,0.004944508484763806,75.89475265255804,136916387.0,0.277
,27.5920718,3.2743016,555.3352929,2.7050278,5739.0,1.02607,,,603.6616824,,1,TESS,136916387.0,,0.004944508484763806,75.89475265255804,136916387.0,0.277
,27.5920718,3.2743016,555.3352929,2.7050278,5739.0,1.02607,,,603.6616824,,1,TESS,136916387.0,,0.004944508484763806,75.89475265255804,136916387.0,0.947
,27.5920718,3.2743016,555.3352929,2.7050278,5739.0,1.02607,,,603.6616824,,1,TESS,136916387.0,,0.004944508484763806,75.89475265255804,136916387.0,0.947
,27.5920718,3.2743016,555.3352929,2.7050278,5739.0,1.02607,,,603.6616824,,1,TESS,136916387.0,,0.004944508484763806,75.89475265255804,136916387.0,0.947
,27.5920718,3.2743016,555.3352929,2.7050278,5739.0,1.02607,,,603.6616824,,1,TESS,136916387.0,,0.004944508484763806,75.89475265255804,136916387.0,0.502
,27.5920718,3.2743016,555.3352929,2.7050278,5739.0,1.02607,,,603.6616824,,1,TESS,136916387.0,,0.004944508484763806,75.89475265255804,136916387.0,0.502
,27.5920718,3.2743016,555.3352929,2.7050278,5739.0,1.02607,,,603.6616824,,1,TESS,136916387.0,,0.004944508484763806,75.89475265255804,136916387.0,0.502
,27.5920718,3.2743016,555.3352929,2.7050278,5739.0,1.02607,,,603.6616824,,1,TESS,136916387.0,,0.004944508484763806,75.89475265255804,136916387.0,0.277
,27.5920718,3.2743016,555.3352929,2.7050278,5739.0,1.02607,,,603.6616824,,1,TESS,136916387.0,,0.004944508484763806,75.89475265255804,136916387.0,0.277
,27.5920718,3.2743016,555.3352929,2.7050278,5739.0,1.02607,,,603.6616824,,1,TESS,136916387.0,,0.004944508484763806,75.89475265255804,136916387.0,0.277
,,3.5341354,195.1972939,1.6208326,5739.0,1.02607,,,1091.635552,,1,TESS,136916387.0,,,74.30145203126655,136916387.0,0.947
,,3.5341354,195.1972939,1.6208326,5739.0,1.02607,,,1091.635552,,1,TESS,136916387.0,,,74.30145203126655,136916387.0,0.947
,,3.5341354,195.1972939,1.6208326,5739.0,1.02607,,,1091.635552,,1,TESS,136916387.0,,,74.30145203126655,136916387.0,0.947
,,3.5341354,195.1972939,1.6208326,5739.0,1.02607,,,1091.635552,,1,TESS,136916387.0,,,74.30145203126655,136916387.0,0.502
,,3.5341354,195.1972939,1.6208326,5739.0,1.02607,,,1091.635552,,1,TESS,136916387.0,,,74.30145203126655,136916387.0,0.502
,,3.5341354,195.1972939,1.6208326,5739.0,1.02607,,,1091.635552,,1,TESS,136916387.0,,,74.30145203126655,136916387.0,0.502
,,3.5341354,195.1972939,1.6208326,5739.0,1.02607,,,1091.635552,,1,TESS,136916387.0,,,74.30145203126655,136916387.0,0.277
,,3.5341354,195.1972939,1.6208326,5739.0,1.02607,,,1091.635552,,1,TESS,136916387.0,,,74.30145203126655,136916387.0,0.277
,,3.5341354,195.1972939,1.6208326,5739.0,1.02607,,,1091.635552,,1,TESS,136916387.0,,,74.30145203126655,136916387.0,0.277
,,3.5341354,195.1972939,1.6208326,5739.0,1.02607,,,1091.635552,,1,TESS,136916387.0,,,74.30145203126655,136916387.0,0.947
,,3.5341354,195.1972939,1.6208326,5739.0,1.02607,,,1091.635552,,1,TESS,136916387.0,,,74.30145203126655,136916387.0,0.947
,,3.5341354,195.1972939,1.6208326,5739.0,1.02607,,,1091.635552,,1,TESS,136916387.0,,,74.30145203126655,136916387.0,0.947
,,3.5341354,195.1972939,1.6208326,5739.0,1.02607,,,1091.635552,,1,TESS,136916387.0,,,74.30145203126655,136916387.0,0.502
,,3.5341354,195.1972939,1.6208326,5739.0,1.02607,,,1091.635552,,1,TESS,136916387.0,,,74.30145203126655,136916387.0,0.502
,,3.5341354,195.1972939,1.6208326,5739.0,1.02607,,,1091.635552,,1,TESS,136916387.0,,,74.30145203126655,136916387.0,0.502
,,3.5341354,195.1972939,1.6208326,5739.0,1.02607,,,1091.635552,,1,TESS,136916387.0,,,74.30145203126655,136916387.0,0.277
,,3.5341354,195.1972939,1.6208326,5739.0,1.02607,,,1091.635552,,1,TESS,136916387.0,,,74.30145203126655,136916387.0,0.277
,,3.5341354,195.1972939,1.6208326,5739.0,1.02607,,,1091.635552,,1,TESS,136916387.0,,,74.30145203126655,136916387.0,0.277
,,3.5341354,195.1972939,1.6208326,5739.0,1.02607,,,1091.635552,,1,TESS,136916387.0,,,74.30145203126655,136916387.0,0.947
,,3.5341354,195.1972939,1.6208326,5739.0,1.02607,,,1091.635552,,1,TESS,136916387.0,,,74.30145203126655,136916387.0,0.947
,,3.5341354,195.1972939,1.6208326,5739.0,1.02607,,,1091.635552,,1,TESS,136916387.0,,,74.30145203126655,136916387.0,0.947
,,3.5341354,195.1972939,1.6208326,5739.0,1.02607,,,1091.635552,,1,TESS,136916387.0,,,74.30145203126655,136916387.0,0.502
,,3.5341354,195.1972939,1.6208326,5739.0,1.02607,,,1091.635552,,1,TESS,136916387.0,,,74.30145203126655,136916387.0,0.502
,,3.5341354,195.1972939,1.6208326,5739.0,1.02607,,,1091.635552,,1,TESS,136916387.0,,,74.30145203126655,136916387.0,0.502
,,3.5341354,195.1972939,1.6208326,5739.0,1.02607,,,1091.635552,,1,TESS,136916387.0,,,74.30145203126655,136916387.0,0.277
,,3.5341354,195.1972939,1.6208326,5739.0,1.02607,,,1091.635552,,1,TESS,136916387.0,,,74.30145203126655,136916387.0,0.277
,,3.5341354,195.1972939,1.6208326,5739.0,1.02607,,,1091.635552,,1,TESS,136916387.0,,,74.30145203126655,136916387.0,0.277
,3.3491408,1.207,7210.0,5.37673,3223.0,0.32,,,657.0,,1,TESS,368287008.0,,0.015016288966109747,249.4013460294674,368287008.0,0.963
,3.3491408,1.207,7210.0,5.37673,3223.0,0.32,,,657.0,,1,TESS,368287008.0,,0.015016288966109747,249.4013460294674,368287008.0,0.943
,3.7369689,1.9917422,310.4978088,2.3797323,6092.0,1.32975,,,1396.0501486,,1,TESS,449197831.0,,0.022207639300400664,54.82798084653542,449197831.0,0.761
,7.4355709,2.3450321,1310.6803156,2.2761564,4218.9,0.622512,,,576.3403106,,1,TESS,357501308.0,,0.013140843063684352,252.9836725728498,357501308.0,0.992
,15.3468182,6.425,665.0,3.99579,5588.0,1.8,,,933.0,,1,TESS,159781361.0,,0.017443898084783742,41.65012477132482,159781361.0,0.968
,15.3468182,6.425,665.0,3.99579,5588.0,1.8,,,933.0,,1,TESS,159781361.0,,0.017443898084783742,41.65012477132482,159781361.0,0.965
,15.3468182,6.425,665.0,3.99579,5588.0,1.8,,,933.0,,1,TESS,159781361.0,,0.017443898084783742,41.65012477132482,159781361.0,0.922
,4.8000953,1.9968681,5241.0677476,17.0718101,6366.0,1.58083,,,1449.5280892,,0,TESS,382188882.0,,0.01733358018491164,17.982937284897343,382188882.0,0.174
,35.1896444,3.3254029,4524.9353925,2.2253696,3446.0,0.326932,,,230.7752258,,1,TESS,198485881.0,,0.003937478095192262,913.7091898892642,198485881.0,0.525
,35.1896444,3.3254029,4524.9353925,2.2253696,3446.0,0.326932,,,230.7752258,,1,TESS,198485881.0,,0.003937478095192262,913.7091898892642,198485881.0,0.17
,35.1896444,3.3254029,4524.9353925,2.2253696,3446.0,0.326932,,,230.7752258,,1,TESS,198485881.0,,0.003937478095192262,913.7091898892642,198485881.0,0.148
,9.6799809,1.806,15870.0,14.6081,5980.0,1.11,,,658.0,,0,TESS,219821826.0,,0.0077737756358685255,74.36857473734453,219821826.0,0.476
,2.326343,1.2195051,4153.6144436,1.9763187,3244.0,0.261162,,,502.933455,,1,TESS,8348911.0,,0.021842312844625074,1063.43784053293,8348911.0,0.852
,2.326343,1.2195051,4153.6144436,1.9763187,3244.0,0.261162,,,502.933455,,1,TESS,8348911.0,,0.021842312844625074,1063.43784053293,8348911.0,0.706
,3.4950422,1.0311342,2004.426903,1.2734423,3022.0,0.242745,,,400.3206181,,1,TESS,459837008.0,,0.012292819951587186,1236.0368307351648,459837008.0,0.947
,3.4950422,1.0311342,2004.426903,1.2734423,3022.0,0.242745,,,400.3206181,,1,TESS,459837008.0,,0.012292819951587186,1236.0368307351648,459837008.0,0.947
,3.4950422,1.0311342,2004.426903,1.2734423,3022.0,0.242745,,,400.3206181,,1,TESS,459837008.0,,0.012292819951587186,1236.0368307351648,459837008.0,0.706
,3.4950422,1.0311342,2004.426903,1.2734423,3022.0,0.242745,,,400.3206181,,1,TESS,459837008.0,,0.012292819951587186,1236.0368307351648,459837008.0,0.706
,3.4950422,1.0311342,2004.426903,1.2734423,3022.0,0.242745,,,400.3206181,,1,TESS,459837008.0,,0.012292819951587186,1236.0368307351648,459837008.0,0.394
,3.4950422,1.0311342,2004.426903,1.2734423,3022.0,0.242745,,,400.3206181,,1,TESS,459837008.0,,0.012292819951587186,1236.0368307351648,459837008.0,0.394
,3.4950422,1.0311342,2004.426903,1.2734423,3022.0,0.242745,,,400.3206181,,1,TESS,459837008.0,,0.012292819951587186,1236.0368307351648,459837008.0,0.16
,3.4950422,1.0311342,2004.426903,1.2734423,3022.0,0.242745,,,400.3206181,,1,TESS,459837008.0,,0.012292819951587186,1236.0368307351648,459837008.0,0.16
,3.4950422,1.0311342,2004.426903,1.2734423,3022.0,0.242745,,,400.3206181,,1,TESS,459837008.0,,0.012292819951587186,1236.0368307351648,459837008.0,0.107
,3.4950422,1.0311342,2004.426903,1.2734423,3022.0,0.242745,,,400.3206181,,1,TESS,459837008.0,,0.012292819951587186,1236.0368307351648,459837008.0,0.107
,3.4950422,1.0311342,2004.426903,1.2734423,3022.0,0.242745,,,400.3206181,,1,TESS,459837008.0,,0.012292819951587186,1236.0368307351648,459837008.0,0.947
,3.4950422,1.0311342,2004.426903,1.2734423,3022.0,0.242745,,,400.3206181,,1,TESS,459837008.0,,0.012292819951587186,1236.0368307351648,459837008.0,0.947
,3.4950422,1.0311342,2004.426903,1.2734423,3022.0,0.242745,,,400.3206181,,1,TESS,459837008.0,,0.012292819951587186,1236.0368307351648,459837008.0,0.706
,3.4950422,1.0311342,2004.426903,1.2734423,3022.0,0.242745,,,400.3206181,,1,TESS,459837008.0,,0.012292819951587186,1236.0368307351648,459837008.0,0.706
,3.4950422,1.0311342,2004.426903,1.2734423,3022.0,0.242745,,,400.3206181,,1,TESS,459837008.0,,0.012292819951587186,1236.0368307351648,459837008.0,0.394
,3.4950422,1.0311342,2004.426903,1.2734423,3022.0,0.242745,,,400.3206181,,1,TESS,459837008.0,,0.012292819951587186,1236.0368307351648,459837008.0,0.394
,3.4950422,1.0311342,2004.426903,1.2734423,3022.0,0.242745,,,400.3206181,,1,TESS,459837008.0,,0.012292819951587186,1236.0368307351648,459837008.0,0.16
,3.4950422,1.0311342,2004.426903,1.2734423,3022.0,0.242745,,,400.3206181,,1,TESS,459837008.0,,0.012292819951587186,1236.0368307351648,459837008.0,0.16
,3.4950422,1.0311342,2004.426903,1.2734423,3022.0,0.242745,,,400.3206181,,1,TESS,459837008.0,,0.012292819951587186,1236.0368307351648,459837008.0,0.107
,3.4950422,1.0311342,2004.426903,1.2734423,3022.0,0.242745,,,400.3206181,,1,TESS,459837008.0,,0.012292819951587186,1236.0368307351648,459837008.0,0.107
,2.2891027,0.8344032,1384.622855,0.9131404,3022.0,0.242745,,,460.9675388,,1,TESS,459837008.0,,0.015187959617175914,1660.564922649847,459837008.0,0.947
,2.2891027,0.8344032,1384.622855,0.9131404,3022.0,0.242745,,,460.9675388,,1,TESS,459837008.0,,0.015187959617175914,1660.564922649847,459837008.0,0.947
,2.2891027,0.8344032,1384.622855,0.9131404,3022.0,0.242745,,,460.9675388,,1,TESS,459837008.0,,0.015187959617175914,1660.564922649847,459837008.0,0.706
,2.2891027,0.8344032,1384.622855,0.9131404,3022.0,0.242745,,,460.9675388,,1,TESS,459837008.0,,0.015187959617175914,1660.564922649847,459837008.0,0.706
,2.2891027,0.8344032,1384.622855,0.9131404,3022.0,0.242745,,,460.9675388,,1,TESS,459837008.0,,0.015187959617175914,1660.564922649847,459837008.0,0.394
,2.2891027,0.8344032,1384.622855,0.9131404,3022.0,0.242745,,,460.9675388,,1,TESS,459837008.0,,0.015187959617175914,1660.564922649847,459837008.0,0.394
,2.2891027,0.8344032,1384.622855,0.9131404,3022.0,0.242745,,,460.9675388,,1,TESS,459837008.0,,0.015187959617175914,1660.564922649847,459837008.0,0.16
,2.2891027,0.8344032,1384.622855,0.9131404,3022.0,0.242745,,,460.9675388,,1,TESS,459837008.0,,0.015187959617175914,1660.564922649847,459837008.0,0.16
,2.2891027,0.8344032,1384.622855,0.9131404,3022.0,0.242745,,,460.9675388,,1,TESS,459837008.0,,0.015187959617175914,1660.564922649847,459837008.0,0.107
,2.2891027,0.8344032,1384.622855,0.9131404,3022.0,0.242745,,,460.9675388,,1,TESS,459837008.0,,0.015187959617175914,1660.564922649847,459837008.0,0.107
,2.2891027,0.8344032,1384.622855,0.9131404,3022.0,0.242745,,,460.9675388,,1,TESS,459837008.0,,0.015187959617175914,1660.564922649847,459837008.0,0.947
,2.2891027,0.8344032,1384.622855,0.9131404,3022.0,0.242745,,,460.9675388,,1,TESS,459837008.0,,0.015187959617175914,1660.564922649847,459837008.0,0.947
,2.2891027,0.8344032,1384.622855,0.9131404,3022.0,0.242745,,,460.9675388,,1,TESS,459837008.0,,0.015187959617175914,1660.564922649847,459837008.0,0.706
,2.2891027,0.8344032,1384.622855,0.9131404,3022.0,0.242745,,,460.9675388,,1,TESS,459837008.0,,0.015187959617175914,1660.564922649847,459837008.0,0.706
,2.2891027,0.8344032,1384.622855,0.9131404,3022.0,0.242745,,,460.9675388,,1,TESS,459837008.0,,0.015187959617175914,1660.564922649847,459837008.0,0.394
,2.2891027,0.8344032,1384.622855,0.9131404,3022.0,0.242745,,,460.9675388,,1,TESS,459837008.0,,0.015187959617175914,1660.564922649847,459837008.0,0.394
,2.2891027,0.8344032,1384.622855,0.9131404,3022.0,0.242745,,,460.9675388,,1,TESS,459837008.0,,0.015187959617175914,1660.564922649847,459837008.0,0.16
,2.2891027,0.8344032,1384.622855,0.9131404,3022.0,0.242745,,,460.9675388,,1,TESS,459837008.0,,0.015187959617175914,1660.564922649847,459837008.0,0.16
,2.2891027,0.8344032,1384.622855,0.9131404,3022.0,0.242745,,,460.9675388,,1,TESS,459837008.0,,0.015187959617175914,1660.564922649847,459837008.0,0.107
,2.2891027,0.8344032,1384.622855,0.9131404,3022.0,0.242745,,,460.9675388,,1,TESS,459837008.0,,0.015187959617175914,1660.564922649847,459837008.0,0.107
,10.1004307,4.977,13680.0,17.4827,6519.0,1.49,,,1118.0,,0,TESS,282498590.0,,0.020531302605197723,44.757836505054975,282498590.0,0.732
,2.6796164,0.9028948,827.5423687,1.8334769,3943.0,0.63072,,,771.4561825,,1,TESS,289164482.0,,0.014039552856030178,246.17232285849613,289164482.0,0.985
,2.6796164,0.9028948,827.5423687,1.8334769,3943.0,0.63072,,,771.4561825,,1,TESS,289164482.0,,0.014039552856030178,246.17232285849613,289164482.0,0.974
,2.6796164,0.9028948,827.5423687,1.8334769,3943.0,0.63072,,,771.4561825,,1,TESS,289164482.0,,0.014039552856030178,246.17232285849613,289164482.0,0.972
,2.6796164,0.9028948,827.5423687,1.8334769,3943.0,0.63072,,,771.4561825,,1,TESS,289164482.0,,0.014039552856030178,246.17232285849613,289164482.0,0.955
,2.6796164,0.9028948,827.5423687,1.8334769,3943.0,0.63072,,,771.4561825,,1,TESS,289164482.0,,0.014039552856030178,246.17232285849613,289164482.0,0.866
,2.6796164,0.9028948,827.5423687,1.8334769,3943.0,0.63072,,,771.4561825,,1,TESS,289164482.0,,0.014039552856030178,246.17232285849613,289164482.0,0.823
,0.5417947,1.1716379,537.9244902,2.8738733,5181.0,0.807298,,,1836.8537579,,0,TESS,281979481.0,,0.09010468740091286,65.13074250676105,281979481.0,0.533
,7.7690887,2.6251447,1416.7912077,2.3663308,3700.0,0.542573,,,481.070845,,1,TESS,417931300.0,,0.014079003703489898,253.02000645209546,417931300.0,0.987
,7.7690887,2.6251447,1416.7912077,2.3663308,3700.0,0.542573,,,481.070845,,1,TESS,417931300.0,,0.014079003703489898,253.02000645209546,417931300.0,0.938
,7.7690887,2.6251447,1416.7912077,2.3663308,3700.0,0.542573,,,481.070845,,1,TESS,417931300.0,,0.014079003703489898,253.02000645209546,417931300.0,0.897
,10.3563596,3.4814933,923.942127,2.4103206,5149.6,0.772148,,,671.7367777,,1,TESS,27491137.0,,0.014007066754393654,159.03586280732574,27491137.0,0.812
,10.3563596,3.4814933,923.942127,2.4103206,5149.6,0.772148,,,671.7367777,,1,TESS,27491137.0,,0.014007066754393654,159.03586280732574,27491137.0,0.812
,10.3563596,3.4814933,923.942127,2.4103206,5149.6,0.772148,,,671.7367777,,1,TESS,27491137.0,,0.014007066754393654,159.03586280732574,27491137.0,0.812
,10.3563596,3.4814933,923.942127,2.4103206,5149.6,0.772148,,,671.7367777,,1,TESS,27491137.0,,0.014007066754393654,159.03586280732574,27491137.0,0.564
,10.3563596,3.4814933,923.942127,2.4103206,5149.6,0.772148,,,671.7367777,,1,TESS,27491137.0,,0.014007066754393654,159.03586280732574,27491137.0,0.564
,10.3563596,3.4814933,923.942127,2.4103206,5149.6,0.772148,,,671.7367777,,1,TESS,27491137.0,,0.014007066754393654,159.03586280732574,27491137.0,0.564
,10.3563596,3.4814933,923.942127,2.4103206,5149.6,0.772148,,,671.7367777,,1,TESS,27491137.0,,0.014007066754393654,159.03586280732574,27491137.0,0.372
,10.3563596,3.4814933,923.942127,2.4103206,5149.6,0.772148,,,671.7367777,,1,TESS,27491137.0,,0.014007066754393654,159.03586280732574,27491137.0,0.372
,10.3563596,3.4814933,923.942127,2.4103206,5149.6,0.772148,,,671.7367777,,1,TESS,27491137.0,,0.014007066754393654,159.03586280732574,27491137.0,0.372
,10.3563596,3.4814933,923.942127,2.4103206,5149.6,0.772148,,,671.7367777,,1,TESS,27491137.0,,0.014007066754393654,159.03586280732574,27491137.0,0.812
,10.3563596,3.4814933,923.942127,2.4103206,5149.6,0.772148,,,671.7367777,,1,TESS,27491137.0,,0.014007066754393654,159.03586280732574,27491137.0,0.812
,10.3563596,3.4814933,923.942127,2.4103206,5149.6,0.772148,,,671.7367777,,1,TESS,27491137.0,,0.014007066754393654,159.03586280732574,27491137.0,0.812
,10.3563596,3.4814933,923.942127,2.4103206,5149.6,0.772148,,,671.7367777,,1,TESS,27491137.0,,0.014007066754393654,159.03586280732574,27491137.0,0.564
,10.3563596,3.4814933,923.942127,2.4103206,5149.6,0.772148,,,671.7367777,,1,TESS,27491137.0,,0.014007066754393654,159.03586280732574,27491137.0,0.564
,10.3563596,3.4814933,923.942127,2.4103206,5149.6,0.772148,,,671.7367777,,1,TESS,27491137.0,,0.014007066754393654,159.03586280732574,27491137.0,0.564
,10.3563596,3.4814933,923.942127,2.4103206,5149.6,0.772148,,,671.7367777,,1,TESS,27491137.0,,0.014007066754393654,159.03586280732574,27491137.0,0.372
,10.3563596,3.4814933,923.942127,2.4103206,5149.6,0.772148,,,671.7367777,,1,TESS,27491137.0,,0.014007066754393654,159.03586280732574,27491137.0,0.372
,10.3563596,3.4814933,923.942127,2.4103206,5149.6,0.772148,,,671.7367777,,1,TESS,27491137.0,,0.014007066754393654,159.03586280732574,27491137.0,0.372
,10.3563596,3.4814933,923.942127,2.4103206,5149.6,0.772148,,,671.7367777,,1,TESS,27491137.0,,0.014007066754393654,159.03586280732574,27491137.0,0.812
,10.3563596,3.4814933,923.942127,2.4103206,5149.6,0.772148,,,671.7367777,,1,TESS,27491137.0,,0.014007066754393654,159.03586280732574,27491137.0,0.812
,10.3563596,3.4814933,923.942127,2.4103206,5149.6,0.772148,,,671.7367777,,1,TESS,27491137.0,,0.014007066754393654,159.03586280732574,27491137.0,0.812
,10.3563596,3.4814933,923.942127,2.4103206,5149.6,0.772148,,,671.7367777,,1,TESS,27491137.0,,0.014007066754393654,159.03586280732574,27491137.0,0.564
,10.3563596,3.4814933,923.942127,2.4103206,5149.6,0.772148,,,671.7367777,,1,TESS,27491137.0,,0.014007066754393654,159.03586280732574,27491137.0,0.564
,10.3563596,3.4814933,923.942127,2.4103206,5149.6,0.772148,,,671.7367777,,1,TESS,27491137.0,,0.014007066754393654,159.03586280732574,27491137.0,0.564
,10.3563596,3.4814933,923.942127,2.4103206,5149.6,0.772148,,,671.7367777,,1,TESS,27491137.0,,0.014007066754393654,159.03586280732574,27491137.0,0.372
,10.3563596,3.4814933,923.942127,2.4103206,5149.6,0.772148,,,671.7367777,,1,TESS,27491137.0,,0.014007066754393654,159.03586280732574,27491137.0,0.372
,10.3563596,3.4814933,923.942127,2.4103206,5149.6,0.772148,,,671.7367777,,1,TESS,27491137.0,,0.014007066754393654,159.03586280732574,27491137.0,0.372
,35.1257472,2.839,2066.0,3.17021,5149.6,0.77,,,388.0,,1,TESS,27491137.0,,0.003367662639397103,205.56738478350795,27491137.0,0.812
,35.1257472,2.839,2066.0,3.17021,5149.6,0.77,,,388.0,,1,TESS,27491137.0,,0.003367662639397103,205.56738478350795,27491137.0,0.812
,35.1257472,2.839,2066.0,3.17021,5149.6,0.77,,,388.0,,1,TESS,27491137.0,,0.003367662639397103,205.56738478350795,27491137.0,0.812
,35.1257472,2.839,2066.0,3.17021,5149.6,0.77,,,388.0,,1,TESS,27491137.0,,0.003367662639397103,205.56738478350795,27491137.0,0.564
,35.1257472,2.839,2066.0,3.17021,5149.6,0.77,,,388.0,,1,TESS,27491137.0,,0.003367662639397103,205.56738478350795,27491137.0,0.564
,35.1257472,2.839,2066.0,3.17021,5149.6,0.77,,,388.0,,1,TESS,27491137.0,,0.003367662639397103,205.56738478350795,27491137.0,0.564
,35.1257472,2.839,2066.0,3.17021,5149.6,0.77,,,388.0,,1,TESS,27491137.0,,0.003367662639397103,205.56738478350795,27491137.0,0.372
,35.1257472,2.839,2066.0,3.17021,5149.6,0.77,,,388.0,,1,TESS,27491137.0,,0.003367662639397103,205.56738478350795,27491137.0,0.372
,35.1257472,2.839,2066.0,3.17021,5149.6,0.77,,,388.0,,1,TESS,27491137.0,,0.003367662639397103,205.56738478350795,27491137.0,0.372
,35.1257472,2.839,2066.0,3.17021,5149.6,0.77,,,388.0,,1,TESS,27491137.0,,0.003367662639397103,205.56738478350795,27491137.0,0.812
,35.1257472,2.839,2066.0,3.17021,5149.6,0.77,,,388.0,,1,TESS,27491137.0,,0.003367662639397103,205.56738478350795,27491137.0,0.812
,35.1257472,2.839,2066.0,3.17021,5149.6,0.77,,,388.0,,1,TESS,27491137.0,,0.003367662639397103,205.56738478350795,27491137.0,0.812
,35.1257472,2.839,2066.0,3.17021,5149.6,0.77,,,388.0,,1,TESS,27491137.0,,0.003367662639397103,205.56738478350795,27491137.0,0.564
,35.1257472,2.839,2066.0,3.17021,5149.6,0.77,,,388.0,,1,TESS,27491137.0,,0.003367662639397103,205.56738478350795,27491137.0,0.564
,35.1257472,2.839,2066.0,3.17021,5149.6,0.77,,,388.0,,1,TESS,27491137.0,,0.003367662639397103,205.56738478350795,27491137.0,0.564
,35.1257472,2.839,2066.0,3.17021,5149.6,0.77,,,388.0,,1,TESS,27491137.0,,0.003367662639397103,205.56738478350795,27491137.0,0.372
,35.1257472,2.839,2066.0,3.17021,5149.6,0.77,,,388.0,,1,TESS,27491137.0,,0.003367662639397103,205.56738478350795,27491137.0,0.372
,35.1257472,2.839,2066.0,3.17021,5149.6,0.77,,,388.0,,1,TESS,27491137.0,,0.003367662639397103,205.56738478350795,27491137.0,0.372
,35.1257472,2.839,2066.0,3.17021,5149.6,0.77,,,388.0,,1,TESS,27491137.0,,0.003367662639397103,205.56738478350795,27491137.0,0.812
,35.1257472,2.839,2066.0,3.17021,5149.6,0.77,,,388.0,,1,TESS,27491137.0,,0.003367662639397103,205.56738478350795,27491137.0,0.812
,35.1257472,2.839,2066.0,3.17021,5149.6,0.77,,,388.0,,1,TESS,27491137.0,,0.003367662639397103,205.56738478350795,27491137.0,0.812
,35.1257472,2.839,2066.0,3.17021,5149.6,0.77,,,388.0,,1,TESS,27491137.0,,0.003367662639397103,205.56738478350795,27491137.0,0.564
,35.1257472,2.839,2066.0,3.17021,5149.6,0.77,,,388.0,,1,TESS,27491137.0,,0.003367662639397103,205.56738478350795,27491137.0,0.564
,35.1257472,2.839,2066.0,3.17021,5149.6,0.77,,,388.0,,1,TESS,27491137.0,,0.003367662639397103,205.56738478350795,27491137.0,0.564
,35.1257472,2.839,2066.0,3.17021,5149.6,0.77,,,388.0,,1,TESS,27491137.0,,0.003367662639397103,205.56738478350795,27491137.0,0.372
,35.1257472,2.839,2066.0,3.17021,5149.6,0.77,,,388.0,,1,TESS,27491137.0,,0.003367662639397103,205.56738478350795,27491137.0,0.372
,35.1257472,2.839,2066.0,3.17021,5149.6,0.77,,,388.0,,1,TESS,27491137.0,,0.003367662639397103,205.56738478350795,27491137.0,0.372
,4.9707023,2.586,487.0,2.38733,6109.0,1.21,,,1186.0,,0,TESS,115446313.0,,0.021677017168537923,85.44840763391883,115446313.0,0.191
,27.2672016,2.4164839,1154.3278885,1.5781136,3546.0,0.460014,,,287.0767134,,1,TESS,329148988.0,,0.0036925985471427465,463.5029353233067,329148988.0,0.657
,7.1858029,4.2542613,11192.4995247,13.1612,5758.3,1.19,,,1061.0,,1,TESS,169249234.0,,0.024668208819387177,64.61541002212807,169249234.0,0.985
,7.1858029,4.2542613,11192.4995247,13.1612,5758.3,1.19,,,1061.0,,1,TESS,169249234.0,,0.024668208819387177,64.61541002212807,169249234.0,0.977
,7.1858029,4.2542613,11192.4995247,13.1612,5758.3,1.19,,,1061.0,,1,TESS,169249234.0,,0.024668208819387177,64.61541002212807,169249234.0,0.961
,7.1858029,4.2542613,11192.4995247,13.1612,5758.3,1.19,,,1061.0,,1,TESS,169249234.0,,0.024668208819387177,64.61541002212807,169249234.0,0.961
,23.3418536,6.4129373,6473.602151,9.7267129,4944.0,0.824284,,,512.9721403,,1,TESS,149601126.0,,0.011447493628199025,68.42484251372417,149601126.0,0.624
,23.3418536,6.4129373,6473.602151,9.7267129,4944.0,0.824284,,,512.9721403,,1,TESS,149601126.0,,0.011447493628199025,68.42484251372417,149601126.0,0.624
,23.3418536,6.4129373,6473.602151,9.7267129,4944.0,0.824284,,,512.9721403,,1,TESS,149601126.0,,0.011447493628199025,68.42484251372417,149601126.0,0.572
,23.3418536,6.4129373,6473.602151,9.7267129,4944.0,0.824284,,,512.9721403,,1,TESS,149601126.0,,0.011447493628199025,68.42484251372417,149601126.0,0.572
,23.3418536,6.4129373,6473.602151,9.7267129,4944.0,0.824284,,,512.9721403,,1,TESS,149601126.0,,0.011447493628199025,68.42484251372417,149601126.0,0.415
,23.3418536,6.4129373,6473.602151,9.7267129,4944.0,0.824284,,,512.9721403,,1,TESS,149601126.0,,0.011447493628199025,68.42484251372417,149601126.0,0.415
,23.3418536,6.4129373,6473.602151,9.7267129,4944.0,0.824284,,,512.9721403,,1,TESS,149601126.0,,0.011447493628199025,68.42484251372417,149601126.0,0.31
,23.3418536,6.4129373,6473.602151,9.7267129,4944.0,0.824284,,,512.9721403,,1,TESS,149601126.0,,0.011447493628199025,68.42484251372417,149601126.0,0.31
,23.3418536,6.4129373,6473.602151,9.7267129,4944.0,0.824284,,,512.9721403,,1,TESS,149601126.0,,0.011447493628199025,68.42484251372417,149601126.0,0.29
,23.3418536,6.4129373,6473.602151,9.7267129,4944.0,0.824284,,,512.9721403,,1,TESS,149601126.0,,0.011447493628199025,68.42484251372417,149601126.0,0.29
,23.3418536,6.4129373,6473.602151,9.7267129,4944.0,0.824284,,,512.9721403,,1,TESS,149601126.0,,0.011447493628199025,68.42484251372417,149601126.0,0.168
,23.3418536,6.4129373,6473.602151,9.7267129,4944.0,0.824284,,,512.9721403,,1,TESS,149601126.0,,0.011447493628199025,68.42484251372417,149601126.0,0.168
,23.3418536,6.4129373,6473.602151,9.7267129,4944.0,0.824284,,,512.9721403,,1,TESS,149601126.0,,0.011447493628199025,68.42484251372417,149601126.0,0.156
,23.3418536,6.4129373,6473.602151,9.7267129,4944.0,0.824284,,,512.9721403,,1,TESS,149601126.0,,0.011447493628199025,68.42484251372417,149601126.0,0.156
,23.3418536,6.4129373,6473.602151,9.7267129,4944.0,0.824284,,,512.9721403,,1,TESS,149601126.0,,0.011447493628199025,68.42484251372417,149601126.0,0.624
,23.3418536,6.4129373,6473.602151,9.7267129,4944.0,0.824284,,,512.9721403,,1,TESS,149601126.0,,0.011447493628199025,68.42484251372417,149601126.0,0.624
,23.3418536,6.4129373,6473.602151,9.7267129,4944.0,0.824284,,,512.9721403,,1,TESS,149601126.0,,0.011447493628199025,68.42484251372417,149601126.0,0.572
,23.3418536,6.4129373,6473.602151,9.7267129,4944.0,0.824284,,,512.9721403,,1,TESS,149601126.0,,0.011447493628199025,68.42484251372417,149601126.0,0.572
,23.3418536,6.4129373,6473.602151,9.7267129,4944.0,0.824284,,,512.9721403,,1,TESS,149601126.0,,0.011447493628199025,68.42484251372417,149601126.0,0.415
,23.3418536,6.4129373,6473.602151,9.7267129,4944.0,0.824284,,,512.9721403,,1,TESS,149601126.0,,0.011447493628199025,68.42484251372417,149601126.0,0.415
,23.3418536,6.4129373,6473.602151,9.7267129,4944.0,0.824284,,,512.9721403,,1,TESS,149601126.0,,0.011447493628199025,68.42484251372417,149601126.0,0.31
,23.3418536,6.4129373,6473.602151,9.7267129,4944.0,0.824284,,,512.9721403,,1,TESS,149601126.0,,0.011447493628199025,68.42484251372417,149601126.0,0.31
,23.3418536,6.4129373,6473.602151,9.7267129,4944.0,0.824284,,,512.9721403,,1,TESS,149601126.0,,0.011447493628199025,68.42484251372417,149601126.0,0.29
,23.3418536,6.4129373,6473.602151,9.7267129,4944.0,0.824284,,,512.9721403,,1,TESS,149601126.0,,0.011447493628199025,68.42484251372417,149601126.0,0.29
,23.3418536,6.4129373,6473.602151,9.7267129,4944.0,0.824284,,,512.9721403,,1,TESS,149601126.0,,0.011447493628199025,68.42484251372417,149601126.0,0.168
,23.3418536,6.4129373,6473.602151,9.7267129,4944.0,0.824284,,,512.9721403,,1,TESS,149601126.0,,0.011447493628199025,68.42484251372417,149601126.0,0.168
,23.3418536,6.4129373,6473.602151,9.7267129,4944.0,0.824284,,,512.9721403,,1,TESS,149601126.0,,0.011447493628199025,68.42484251372417,149601126.0,0.156
,23.3418536,6.4129373,6473.602151,9.7267129,4944.0,0.824284,,,512.9721403,,1,TESS,149601126.0,,0.011447493628199025,68.42484251372417,149601126.0,0.156
,49.2445599,6.5807145,15606.4614867,10.3670919,4944.0,0.824284,,,399.9626824,,1,TESS,149601126.0,,0.005568055391799688,145.20800011818454,149601126.0,0.624
,49.2445599,6.5807145,15606.4614867,10.3670919,4944.0,0.824284,,,399.9626824,,1,TESS,149601126.0,,0.005568055391799688,145.20800011818454,149601126.0,0.624
,49.2445599,6.5807145,15606.4614867,10.3670919,4944.0,0.824284,,,399.9626824,,1,TESS,149601126.0,,0.005568055391799688,145.20800011818454,149601126.0,0.572
,49.2445599,6.5807145,15606.4614867,10.3670919,4944.0,0.824284,,,399.9626824,,1,TESS,149601126.0,,0.005568055391799688,145.20800011818454,149601126.0,0.572
,49.2445599,6.5807145,15606.4614867,10.3670919,4944.0,0.824284,,,399.9626824,,1,TESS,149601126.0,,0.005568055391799688,145.20800011818454,149601126.0,0.415
,49.2445599,6.5807145,15606.4614867,10.3670919,4944.0,0.824284,,,399.9626824,,1,TESS,149601126.0,,0.005568055391799688,145.20800011818454,149601126.0,0.415
,49.2445599,6.5807145,15606.4614867,10.3670919,4944.0,0.824284,,,399.9626824,,1,TESS,149601126.0,,0.005568055391799688,145.20800011818454,149601126.0,0.31
,49.2445599,6.5807145,15606.4614867,10.3670919,4944.0,0.824284,,,399.9626824,,1,TESS,149601126.0,,0.005568055391799688,145.20800011818454,149601126.0,0.31
,49.2445599,6.5807145,15606.4614867,10.3670919,4944.0,0.824284,,,399.9626824,,1,TESS,149601126.0,,0.005568055391799688,145.20800011818454,149601126.0,0.29
,49.2445599,6.5807145,15606.4614867,10.3670919,4944.0,0.824284,,,399.9626824,,1,TESS,149601126.0,,0.005568055391799688,145.20800011818454,149601126.0,0.29
,49.2445599,6.5807145,15606.4614867,10.3670919,4944.0,0.824284,,,399.9626824,,1,TESS,149601126.0,,0.005568055391799688,145.20800011818454,149601126.0,0.168
,49.2445599,6.5807145,15606.4614867,10.3670919,4944.0,0.824284,,,399.9626824,,1,TESS,149601126.0,,0.005568055391799688,145.20800011818454,149601126.0,0.168
,49.2445599,6.5807145,15606.4614867,10.3670919,4944.0,0.824284,,,399.9626824,,1,TESS,149601126.0,,0.005568055391799688,145.20800011818454,149601126.0,0.156
,49.2445599,6.5807145,15606.4614867,10.3670919,4944.0,0.824284,,,399.9626824,,1,TESS,149601126.0,,0.005568055391799688,145.20800011818454,149601126.0,0.156
,49.2445599,6.5807145,15606.4614867,10.3670919,4944.0,0.824284,,,399.9626824,,1,TESS,149601126.0,,0.005568055391799688,145.20800011818454,149601126.0,0.624
,49.2445599,6.5807145,15606.4614867,10.3670919,4944.0,0.824284,,,399.9626824,,1,TESS,149601126.0,,0.005568055391799688,145.20800011818454,149601126.0,0.624
,49.2445599,6.5807145,15606.4614867,10.3670919,4944.0,0.824284,,,399.9626824,,1,TESS,149601126.0,,0.005568055391799688,145.20800011818454,149601126.0,0.572
,49.2445599,6.5807145,15606.4614867,10.3670919,4944.0,0.824284,,,399.9626824,,1,TESS,149601126.0,,0.005568055391799688,145.20800011818454,149601126.0,0.572
,49.2445599,6.5807145,15606.4614867,10.3670919,4944.0,0.824284,,,399.9626824,,1,TESS,149601126.0,,0.005568055391799688,145.20800011818454,149601126.0,0.415
,49.2445599,6.5807145,15606.4614867,10.3670919,4944.0,0.824284,,,399.9626824,,1,TESS,149601126.0,,0.005568055391799688,145.20800011818454,149601126.0,0.415
,49.2445599,6.5807145,15606.4614867,10.3670919,4944.0,0.824284,,,399.9626824,,1,TESS,149601126.0,,0.005568055391799688,145.20800011818454,149601126.0,0.31
,49.2445599,6.5807145,15606.4614867,10.3670919,4944.0,0.824284,,,399.9626824,,1,TESS,149601126.0,,0.005568055391799688,145.20800011818454,149601126.0,0.31
,49.2445599,6.5807145,15606.4614867,10.3670919,4944.0,0.824284,,,399.9626824,,1,TESS,149601126.0,,0.005568055391799688,145.20800011818454,149601126.0,0.29
,49.2445599,6.5807145,15606.4614867,10.3670919,4944.0,0.824284,,,399.9626824,,1,TESS,149601126.0,,0.005568055391799688,145.20800011818454,149601126.0,0.29
,49.2445599,6.5807145,15606.4614867,10.3670919,4944.0,0.824284,,,399.9626824,,1,TESS,149601126.0,,0.005568055391799688,145.20800011818454,149601126.0,0.168
,49.2445599,6.5807145,15606.4614867,10.3670919,4944.0,0.824284,,,399.9626824,,1,TESS,149601126.0,,0.005568055391799688,145.20800011818454,149601126.0,0.168
,49.2445599,6.5807145,15606.4614867,10.3670919,4944.0,0.824284,,,399.9626824,,1,TESS,149601126.0,,0.005568055391799688,145.20800011818454,149601126.0,0.156
,49.2445599,6.5807145,15606.4614867,10.3670919,4944.0,0.824284,,,399.9626824,,1,TESS,149601126.0,,0.005568055391799688,145.20800011818454,149601126.0,0.156
,21.0153047,4.315,2072.0,3.78219,5149.6,0.77,,,641.0,,1,TESS,27491137.0,,0.008555272877399534,144.8448427612689,27491137.0,0.812
,21.0153047,4.315,2072.0,3.78219,5149.6,0.77,,,641.0,,1,TESS,27491137.0,,0.008555272877399534,144.8448427612689,27491137.0,0.812
,21.0153047,4.315,2072.0,3.78219,5149.6,0.77,,,641.0,,1,TESS,27491137.0,,0.008555272877399534,144.8448427612689,27491137.0,0.812
,21.0153047,4.315,2072.0,3.78219,5149.6,0.77,,,641.0,,1,TESS,27491137.0,,0.008555272877399534,144.8448427612689,27491137.0,0.564
,21.0153047,4.315,2072.0,3.78219,5149.6,0.77,,,641.0,,1,TESS,27491137.0,,0.008555272877399534,144.8448427612689,27491137.0,0.564
,21.0153047,4.315,2072.0,3.78219,5149.6,0.77,,,641.0,,1,TESS,27491137.0,,0.008555272877399534,144.8448427612689,27491137.0,0.564
,21.0153047,4.315,2072.0,3.78219,5149.6,0.77,,,641.0,,1,TESS,27491137.0,,0.008555272877399534,144.8448427612689,27491137.0,0.372
,21.0153047,4.315,2072.0,3.78219,5149.6,0.77,,,641.0,,1,TESS,27491137.0,,0.008555272877399534,144.8448427612689,27491137.0,0.372
,21.0153047,4.315,2072.0,3.78219,5149.6,0.77,,,641.0,,1,TESS,27491137.0,,0.008555272877399534,144.8448427612689,27491137.0,0.372
,21.0153047,4.315,2072.0,3.78219,5149.6,0.77,,,641.0,,1,TESS,27491137.0,,0.008555272877399534,144.8448427612689,27491137.0,0.812
,21.0153047,4.315,2072.0,3.78219,5149.6,0.77,,,641.0,,1,TESS,27491137.0,,0.008555272877399534,144.8448427612689,27491137.0,0.812
,21.0153047,4.315,2072.0,3.78219,5149.6,0.77,,,641.0,,1,TESS,27491137.0,,0.008555272877399534,144.8448427612689,27491137.0,0.812
,21.0153047,4.315,2072.0,3.78219,5149.6,0.77,,,641.0,,1,TESS,27491137.0,,0.008555272877399534,144.8448427612689,27491137.0,0.564
,21.0153047,4.315,2072.0,3.78219,5149.6,0.77,,,641.0,,1,TESS,27491137.0,,0.008555272877399534,144.8448427612689,27491137.0,0.564
,21.0153047,4.315,2072.0,3.78219,5149.6,0.77,,,641.0,,1,TESS,27491137.0,,0.008555272877399534,144.8448427612689,27491137.0,0.564
,21.0153047,4.315,2072.0,3.78219,5149.6,0.77,,,641.0,,1,TESS,27491137.0,,0.008555272877399534,144.8448427612689,27491137.0,0.372
,21.0153047,4.315,2072.0,3.78219,5149.6,0.77,,,641.0,,1,TESS,27491137.0,,0.008555272877399534,144.8448427612689,27491137.0,0.372
,21.0153047,4.315,2072.0,3.78219,5149.6,0.77,,,641.0,,1,TESS,27491137.0,,0.008555272877399534,144.8448427612689,27491137.0,0.372
,21.0153047,4.315,2072.0,3.78219,5149.6,0.77,,,641.0,,1,TESS,27491137.0,,0.008555272877399534,144.8448427612689,27491137.0,0.812
,21.0153047,4.315,2072.0,3.78219,5149.6,0.77,,,641.0,,1,TESS,27491137.0,,0.008555272877399534,144.8448427612689,27491137.0,0.812
,21.0153047,4.315,2072.0,3.78219,5149.6,0.77,,,641.0,,1,TESS,27491137.0,,0.008555272877399534,144.8448427612689,27491137.0,0.812
,21.0153047,4.315,2072.0,3.78219,5149.6,0.77,,,641.0,,1,TESS,27491137.0,,0.008555272877399534,144.8448427612689,27491137.0,0.564
,21.0153047,4.315,2072.0,3.78219,5149.6,0.77,,,641.0,,1,TESS,27491137.0,,0.008555272877399534,144.8448427612689,27491137.0,0.564
,21.0153047,4.315,2072.0,3.78219,5149.6,0.77,,,641.0,,1,TESS,27491137.0,,0.008555272877399534,144.8448427612689,27491137.0,0.564
,21.0153047,4.315,2072.0,3.78219,5149.6,0.77,,,641.0,,1,TESS,27491137.0,,0.008555272877399534,144.8448427612689,27491137.0,0.372
,21.0153047,4.315,2072.0,3.78219,5149.6,0.77,,,641.0,,1,TESS,27491137.0,,0.008555272877399534,144.8448427612689,27491137.0,0.372
,21.0153047,4.315,2072.0,3.78219,5149.6,0.77,,,641.0,,1,TESS,27491137.0,,0.008555272877399534,144.8448427612689,27491137.0,0.372
,10.5054362,2.4850401,1320.6016253,1.947929,3742.0,0.515547,,,432.3359777,,1,TESS,321669174.0,,0.009856167332616456,348.0370400754269,321669174.0,0.317
,6.0784031,2.117,1810.0,2.07448,3630.0,0.47,,,554.0,,1,TESS,441738827.0,,0.014511760947324573,420.5909945820894,441738827.0,0.403
,6.0784031,2.117,1810.0,2.07448,3630.0,0.47,,,554.0,,1,TESS,441738827.0,,0.014511760947324573,420.5909945820894,441738827.0,0.403
,6.0784031,2.117,1810.0,2.07448,3630.0,0.47,,,554.0,,1,TESS,441738827.0,,0.014511760947324573,420.5909945820894,441738827.0,0.306
,6.0784031,2.117,1810.0,2.07448,3630.0,0.47,,,554.0,,1,TESS,441738827.0,,0.014511760947324573,420.5909945820894,441738827.0,0.306
,6.0784031,2.117,1810.0,2.07448,3630.0,0.47,,,554.0,,1,TESS,441738827.0,,0.014511760947324573,420.5909945820894,441738827.0,0.233
,6.0784031,2.117,1810.0,2.07448,3630.0,0.47,,,554.0,,1,TESS,441738827.0,,0.014511760947324573,420.5909945820894,441738827.0,0.233
,6.0784031,2.117,1810.0,2.07448,3630.0,0.47,,,554.0,,1,TESS,441738827.0,,0.014511760947324573,420.5909945820894,441738827.0,0.403
,6.0784031,2.117,1810.0,2.07448,3630.0,0.47,,,554.0,,1,TESS,441738827.0,,0.014511760947324573,420.5909945820894,441738827.0,0.403
,6.0784031,2.117,1810.0,2.07448,3630.0,0.47,,,554.0,,1,TESS,441738827.0,,0.014511760947324573,420.5909945820894,441738827.0,0.306
,6.0784031,2.117,1810.0,2.07448,3630.0,0.47,,,554.0,,1,TESS,441738827.0,,0.014511760947324573,420.5909945820894,441738827.0,0.306
,6.0784031,2.117,1810.0,2.07448,3630.0,0.47,,,554.0,,1,TESS,441738827.0,,0.014511760947324573,420.5909945820894,441738827.0,0.233
,6.0784031,2.117,1810.0,2.07448,3630.0,0.47,,,554.0,,1,TESS,441738827.0,,0.014511760947324573,420.5909945820894,441738827.0,0.233
,8.1490285,2.3210553,2850.6795113,2.5781465,3630.0,0.466766,,,441.633629,,0,TESS,441738827.0,,0.011867750493879165,428.8773838805707,441738827.0,0.403
,8.1490285,2.3210553,2850.6795113,2.5781465,3630.0,0.466766,,,441.633629,,0,TESS,441738827.0,,0.011867750493879165,428.8773838805707,441738827.0,0.403
,8.1490285,2.3210553,2850.6795113,2.5781465,3630.0,0.466766,,,441.633629,,0,TESS,441738827.0,,0.011867750493879165,428.8773838805707,441738827.0,0.306
,8.1490285,2.3210553,2850.6795113,2.5781465,3630.0,0.466766,,,441.633629,,0,TESS,441738827.0,,0.011867750493879165,428.8773838805707,441738827.0,0.306
,8.1490285,2.3210553,2850.6795113,2.5781465,3630.0,0.466766,,,441.633629,,0,TESS,441738827.0,,0.011867750493879165,428.8773838805707,441738827.0,0.233
,8.1490285,2.3210553,2850.6795113,2.5781465,3630.0,0.466766,,,441.633629,,0,TESS,441738827.0,,0.011867750493879165,428.8773838805707,441738827.0,0.233
,8.1490285,2.3210553,2850.6795113,2.5781465,3630.0,0.466766,,,441.633629,,0,TESS,441738827.0,,0.011867750493879165,428.8773838805707,441738827.0,0.403
,8.1490285,2.3210553,2850.6795113,2.5781465,3630.0,0.466766,,,441.633629,,0,TESS,441738827.0,,0.011867750493879165,428.8773838805707,441738827.0,0.403
,8.1490285,2.3210553,2850.6795113,2.5781465,3630.0,0.466766,,,441.633629,,0,TESS,441738827.0,,0.011867750493879165,428.8773838805707,441738827.0,0.306
,8.1490285,2.3210553,2850.6795113,2.5781465,3630.0,0.466766,,,441.633629,,0,TESS,441738827.0,,0.011867750493879165,428.8773838805707,441738827.0,0.306
,8.1490285,2.3210553,2850.6795113,2.5781465,3630.0,0.466766,,,441.633629,,0,TESS,441738827.0,,0.011867750493879165,428.8773838805707,441738827.0,0.233
,8.1490285,2.3210553,2850.6795113,2.5781465,3630.0,0.466766,,,441.633629,,0,TESS,441738827.0,,0.011867750493879165,428.8773838805707,441738827.0,0.233
,21.0689935,3.7404027,3392.7700746,15.3646915,5441.0,1.98859,,,952.5129011,,0,TESS,341419787.0,,0.007397131343354689,14.371653492457423,341419787.0,0.917
,21.0689935,3.7404027,3392.7700746,15.3646915,5441.0,1.98859,,,952.5129011,,0,TESS,341419787.0,,0.007397131343354689,14.371653492457423,341419787.0,0.601
,21.0689935,3.7404027,3392.7700746,15.3646915,5441.0,1.98859,,,952.5129011,,0,TESS,341419787.0,,0.007397131343354689,14.371653492457423,341419787.0,0.568
,21.0689935,3.7404027,3392.7700746,15.3646915,5441.0,1.98859,,,952.5129011,,0,TESS,341419787.0,,0.007397131343354689,14.371653492457423,341419787.0,0.542
,21.0689935,3.7404027,3392.7700746,15.3646915,5441.0,1.98859,,,952.5129011,,0,TESS,341419787.0,,0.007397131343354689,14.371653492457423,341419787.0,0.415
,1.3641482,0.952,7820.0,19.5876,5347.0,1.08,,,1505.0,,1,TESS,81247740.0,,0.029077973679901076,20.38188273443196,81247740.0,0.67
,5.6442112,2.980996,4136.2010063,11.4462895,6310.0,1.63591,,,1379.0312841,,1,TESS,321668398.0,,0.0220062930582289,31.569825459915393,321668398.0,0.766
,1.42611,1.788,1890.0,9.21032,6404.0,1.32,,,2877.0,,0,TESS,356919658.0,,0.052240008010134564,22.279855006552825,356919658.0,0.304
,1.42611,1.788,1890.0,9.21032,6404.0,1.32,,,2877.0,,0,TESS,356919658.0,,0.052240008010134564,22.279855006552825,356919658.0,0.195
,124.72987,7.2967692,1781.9160024,3.5130935,4902.0,0.831423,,,292.6629465,,1,TESS,441765914.0,,0.0024375239860222457,144.38024541261427,441765914.0,0.994
,124.72987,7.2967692,1781.9160024,3.5130935,4902.0,0.831423,,,292.6629465,,1,TESS,441765914.0,,0.0024375239860222457,144.38024541261427,441765914.0,0.991
,124.72987,7.2967692,1781.9160024,3.5130935,4902.0,0.831423,,,292.6629465,,1,TESS,441765914.0,,0.0024375239860222457,144.38024541261427,441765914.0,0.984
,124.72987,7.2967692,1781.9160024,3.5130935,4902.0,0.831423,,,292.6629465,,1,TESS,441765914.0,,0.0024375239860222457,144.38024541261427,441765914.0,0.98
,124.72987,7.2967692,1781.9160024,3.5130935,4902.0,0.831423,,,292.6629465,,1,TESS,441765914.0,,0.0024375239860222457,144.38024541261427,441765914.0,0.94
,124.72987,7.2967692,1781.9160024,3.5130935,4902.0,0.831423,,,292.6629465,,1,TESS,441765914.0,,0.0024375239860222457,144.38024541261427,441765914.0,0.636
,3.1190716,1.1585974,2964.5828911,1.6229796,3285.0,0.247331,,,454.5004101,,1,TESS,142748283.0,,0.015477326978251493,1125.478779724481,142748283.0,0.991
,3.1190716,1.1585974,2964.5828911,1.6229796,3285.0,0.247331,,,454.5004101,,1,TESS,142748283.0,,0.015477326978251493,1125.478779724481,142748283.0,0.991
,3.1190716,1.1585974,2964.5828911,1.6229796,3285.0,0.247331,,,454.5004101,,1,TESS,142748283.0,,0.015477326978251493,1125.478779724481,142748283.0,0.99
,3.1190716,1.1585974,2964.5828911,1.6229796,3285.0,0.247331,,,454.5004101,,1,TESS,142748283.0,,0.015477326978251493,1125.478779724481,142748283.0,0.99
,3.1190716,1.1585974,2964.5828911,1.6229796,3285.0,0.247331,,,454.5004101,,1,TESS,142748283.0,,0.015477326978251493,1125.478779724481,142748283.0,0.989
,3.1190716,1.1585974,2964.5828911,1.6229796,3285.0,0.247331,,,454.5004101,,1,TESS,142748283.0,,0.015477326978251493,1125.478779724481,142748283.0,0.989
,3.1190716,1.1585974,2964.5828911,1.6229796,3285.0,0.247331,,,454.5004101,,1,TESS,142748283.0,,0.015477326978251493,1125.478779724481,142748283.0,0.983
,3.1190716,1.1585974,2964.5828911,1.6229796,3285.0,0.247331,,,454.5004101,,1,TESS,142748283.0,,0.015477326978251493,1125.478779724481,142748283.0,0.983
,3.1190716,1.1585974,2964.5828911,1.6229796,3285.0,0.247331,,,454.5004101,,1,TESS,142748283.0,,0.015477326978251493,1125.478779724481,142748283.0,0.978
,3.1190716,1.1585974,2964.5828911,1.6229796,3285.0,0.247331,,,454.5004101,,1,TESS,142748283.0,,0.015477326978251493,1125.478779724481,142748283.0,0.978
,3.1190716,1.1585974,2964.5828911,1.6229796,3285.0,0.247331,,,454.5004101,,1,TESS,142748283.0,,0.015477326978251493,1125.478779724481,142748283.0,0.966
,3.1190716,1.1585974,2964.5828911,1.6229796,3285.0,0.247331,,,454.5004101,,1,TESS,142748283.0,,0.015477326978251493,1125.478779724481,142748283.0,0.966
,3.1190716,1.1585974,2964.5828911,1.6229796,3285.0,0.247331,,,454.5004101,,1,TESS,142748283.0,,0.015477326978251493,1125.478779724481,142748283.0,0.898
,3.1190716,1.1585974,2964.5828911,1.6229796,3285.0,0.247331,,,454.5004101,,1,TESS,142748283.0,,0.015477326978251493,1125.478779724481,142748283.0,0.898
,3.1190716,1.1585974,2964.5828911,1.6229796,3285.0,0.247331,,,454.5004101,,1,TESS,142748283.0,,0.015477326978251493,1125.478779724481,142748283.0,0.863
,3.1190716,1.1585974,2964.5828911,1.6229796,3285.0,0.247331,,,454.5004101,,1,TESS,142748283.0,,0.015477326978251493,1125.478779724481,142748283.0,0.863
,3.1190716,1.1585974,2964.5828911,1.6229796,3285.0,0.247331,,,454.5004101,,1,TESS,142748283.0,,0.015477326978251493,1125.478779724481,142748283.0,0.684
,3.1190716,1.1585974,2964.5828911,1.6229796,3285.0,0.247331,,,454.5004101,,1,TESS,142748283.0,,0.015477326978251493,1125.478779724481,142748283.0,0.684
,3.1190716,1.1585974,2964.5828911,1.6229796,3285.0,0.247331,,,454.5004101,,1,TESS,142748283.0,,0.015477326978251493,1125.478779724481,142748283.0,0.991
,3.1190716,1.1585974,2964.5828911,1.6229796,3285.0,0.247331,,,454.5004101,,1,TESS,142748283.0,,0.015477326978251493,1125.478779724481,142748283.0,0.991
,3.1190716,1.1585974,2964.5828911,1.6229796,3285.0,0.247331,,,454.5004101,,1,TESS,142748283.0,,0.015477326978251493,1125.478779724481,142748283.0,0.99
,3.1190716,1.1585974,2964.5828911,1.6229796,3285.0,0.247331,,,454.5004101,,1,TESS,142748283.0,,0.015477326978251493,1125.478779724481,142748283.0,0.99
,3.1190716,1.1585974,2964.5828911,1.6229796,3285.0,0.247331,,,454.5004101,,1,TESS,142748283.0,,0.015477326978251493,1125.478779724481,142748283.0,0.989
,3.1190716,1.1585974,2964.5828911,1.6229796,3285.0,0.247331,,,454.5004101,,1,TESS,142748283.0,,0.015477326978251493,1125.478779724481,142748283.0,0.989
,3.1190716,1.1585974,2964.5828911,1.6229796,3285.0,0.247331,,,454.5004101,,1,TESS,142748283.0,,0.015477326978251493,1125.478779724481,142748283.0,0.983
,3.1190716,1.1585974,2964.5828911,1.6229796,3285.0,0.247331,,,454.5004101,,1,TESS,142748283.0,,0.015477326978251493,1125.478779724481,142748283.0,0.983
,3.1190716,1.1585974,2964.5828911,1.6229796,3285.0,0.247331,,,454.5004101,,1,TESS,142748283.0,,0.015477326978251493,1125.478779724481,142748283.0,0.978
,3.1190716,1.1585974,2964.5828911,1.6229796,3285.0,0.247331,,,454.5004101,,1,TESS,142748283.0,,0.015477326978251493,1125.478779724481,142748283.0,0.978
,3.1190716,1.1585974,2964.5828911,1.6229796,3285.0,0.247331,,,454.5004101,,1,TESS,142748283.0,,0.015477326978251493,1125.478779724481,142748283.0,0.966
,3.1190716,1.1585974,2964.5828911,1.6229796,3285.0,0.247331,,,454.5004101,,1,TESS,142748283.0,,0.015477326978251493,1125.478779724481,142748283.0,0.966
,3.1190716,1.1585974,2964.5828911,1.6229796,3285.0,0.247331,,,454.5004101,,1,TESS,142748283.0,,0.015477326978251493,1125.478779724481,142748283.0,0.898
,3.1190716,1.1585974,2964.5828911,1.6229796,3285.0,0.247331,,,454.5004101,,1,TESS,142748283.0,,0.015477326978251493,1125.478779724481,142748283.0,0.898
,3.1190716,1.1585974,2964.5828911,1.6229796,3285.0,0.247331,,,454.5004101,,1,TESS,142748283.0,,0.015477326978251493,1125.478779724481,142748283.0,0.863
,3.1190716,1.1585974,2964.5828911,1.6229796,3285.0,0.247331,,,454.5004101,,1,TESS,142748283.0,,0.015477326978251493,1125.478779724481,142748283.0,0.863
,3.1190716,1.1585974,2964.5828911,1.6229796,3285.0,0.247331,,,454.5004101,,1,TESS,142748283.0,,0.015477326978251493,1125.478779724481,142748283.0,0.684
,3.1190716,1.1585974,2964.5828911,1.6229796,3285.0,0.247331,,,454.5004101,,1,TESS,142748283.0,,0.015477326978251493,1125.478779724481,142748283.0,0.684
,6.3878202,1.4551851,5857.0164704,2.041471,3285.0,0.247331,,,357.8973634,,1,TESS,142748283.0,,0.009491925290023523,1405.3675168018046,142748283.0,0.991
,6.3878202,1.4551851,5857.0164704,2.041471,3285.0,0.247331,,,357.8973634,,1,TESS,142748283.0,,0.009491925290023523,1405.3675168018046,142748283.0,0.991
,6.3878202,1.4551851,5857.0164704,2.041471,3285.0,0.247331,,,357.8973634,,1,TESS,142748283.0,,0.009491925290023523,1405.3675168018046,142748283.0,0.99
,6.3878202,1.4551851,5857.0164704,2.041471,3285.0,0.247331,,,357.8973634,,1,TESS,142748283.0,,0.009491925290023523,1405.3675168018046,142748283.0,0.99
,6.3878202,1.4551851,5857.0164704,2.041471,3285.0,0.247331,,,357.8973634,,1,TESS,142748283.0,,0.009491925290023523,1405.3675168018046,142748283.0,0.989
,6.3878202,1.4551851,5857.0164704,2.041471,3285.0,0.247331,,,357.8973634,,1,TESS,142748283.0,,0.009491925290023523,1405.3675168018046,142748283.0,0.989
,6.3878202,1.4551851,5857.0164704,2.041471,3285.0,0.247331,,,357.8973634,,1,TESS,142748283.0,,0.009491925290023523,1405.3675168018046,142748283.0,0.983
,6.3878202,1.4551851,5857.0164704,2.041471,3285.0,0.247331,,,357.8973634,,1,TESS,142748283.0,,0.009491925290023523,1405.3675168018046,142748283.0,0.983
,6.3878202,1.4551851,5857.0164704,2.041471,3285.0,0.247331,,,357.8973634,,1,TESS,142748283.0,,0.009491925290023523,1405.3675168018046,142748283.0,0.978
,6.3878202,1.4551851,5857.0164704,2.041471,3285.0,0.247331,,,357.8973634,,1,TESS,142748283.0,,0.009491925290023523,1405.3675168018046,142748283.0,0.978
,6.3878202,1.4551851,5857.0164704,2.041471,3285.0,0.247331,,,357.8973634,,1,TESS,142748283.0,,0.009491925290023523,1405.3675168018046,142748283.0,0.966
,6.3878202,1.4551851,5857.0164704,2.041471,3285.0,0.247331,,,357.8973634,,1,TESS,142748283.0,,0.009491925290023523,1405.3675168018046,142748283.0,0.966
,6.3878202,1.4551851,5857.0164704,2.041471,3285.0,0.247331,,,357.8973634,,1,TESS,142748283.0,,0.009491925290023523,1405.3675168018046,142748283.0,0.898
,6.3878202,1.4551851,5857.0164704,2.041471,3285.0,0.247331,,,357.8973634,,1,TESS,142748283.0,,0.009491925290023523,1405.3675168018046,142748283.0,0.898
,6.3878202,1.4551851,5857.0164704,2.041471,3285.0,0.247331,,,357.8973634,,1,TESS,142748283.0,,0.009491925290023523,1405.3675168018046,142748283.0,0.863
,6.3878202,1.4551851,5857.0164704,2.041471,3285.0,0.247331,,,357.8973634,,1,TESS,142748283.0,,0.009491925290023523,1405.3675168018046,142748283.0,0.863
,6.3878202,1.4551851,5857.0164704,2.041471,3285.0,0.247331,,,357.8973634,,1,TESS,142748283.0,,0.009491925290023523,1405.3675168018046,142748283.0,0.684
,6.3878202,1.4551851,5857.0164704,2.041471,3285.0,0.247331,,,357.8973634,,1,TESS,142748283.0,,0.009491925290023523,1405.3675168018046,142748283.0,0.684
,6.3878202,1.4551851,5857.0164704,2.041471,3285.0,0.247331,,,357.8973634,,1,TESS,142748283.0,,0.009491925290023523,1405.3675168018046,142748283.0,0.991
,6.3878202,1.4551851,5857.0164704,2.041471,3285.0,0.247331,,,357.8973634,,1,TESS,142748283.0,,0.009491925290023523,1405.3675168018046,142748283.0,0.991
,6.3878202,1.4551851,5857.0164704,2.041471,3285.0,0.247331,,,357.8973634,,1,TESS,142748283.0,,0.009491925290023523,1405.3675168018046,142748283.0,0.99
,6.3878202,1.4551851,5857.0164704,2.041471,3285.0,0.247331,,,357.8973634,,1,TESS,142748283.0,,0.009491925290023523,1405.3675168018046,142748283.0,0.99
,6.3878202,1.4551851,5857.0164704,2.041471,3285.0,0.247331,,,357.8973634,,1,TESS,142748283.0,,0.009491925290023523,1405.3675168018046,142748283.0,0.989
,6.3878202,1.4551851,5857.0164704,2.041471,3285.0,0.247331,,,357.8973634,,1,TESS,142748283.0,,0.009491925290023523,1405.3675168018046,142748283.0,0.989
,6.3878202,1.4551851,5857.0164704,2.041471,3285.0,0.247331,,,357.8973634,,1,TESS,142748283.0,,0.009491925290023523,1405.3675168018046,142748283.0,0.983
,6.3878202,1.4551851,5857.0164704,2.041471,3285.0,0.247331,,,357.8973634,,1,TESS,142748283.0,,0.009491925290023523,1405.3675168018046,142748283.0,0.983
,6.3878202,1.4551851,5857.0164704,2.041471,3285.0,0.247331,,,357.8973634,,1,TESS,142748283.0,,0.009491925290023523,1405.3675168018046,142748283.0,0.978
,6.3878202,1.4551851,5857.0164704,2.041471,3285.0,0.247331,,,357.8973634,,1,TESS,142748283.0,,0.009491925290023523,1405.3675168018046,142748283.0,0.978
,6.3878202,1.4551851,5857.0164704,2.041471,3285.0,0.247331,,,357.8973634,,1,TESS,142748283.0,,0.009491925290023523,1405.3675168018046,142748283.0,0.966
,6.3878202,1.4551851,5857.0164704,2.041471,3285.0,0.247331,,,357.8973634,,1,TESS,142748283.0,,0.009491925290023523,1405.3675168018046,142748283.0,0.966
,6.3878202,1.4551851,5857.0164704,2.041471,3285.0,0.247331,,,357.8973634,,1,TESS,142748283.0,,0.009491925290023523,1405.3675168018046,142748283.0,0.898
,6.3878202,1.4551851,5857.0164704,2.041471,3285.0,0.247331,,,357.8973634,,1,TESS,142748283.0,,0.009491925290023523,1405.3675168018046,142748283.0,0.898
,6.3878202,1.4551851,5857.0164704,2.041471,3285.0,0.247331,,,357.8973634,,1,TESS,142748283.0,,0.009491925290023523,1405.3675168018046,142748283.0,0.863
,6.3878202,1.4551851,5857.0164704,2.041471,3285.0,0.247331,,,357.8973634,,1,TESS,142748283.0,,0.009491925290023523,1405.3675168018046,142748283.0,0.863
,6.3878202,1.4551851,5857.0164704,2.041471,3285.0,0.247331,,,357.8973634,,1,TESS,142748283.0,,0.009491925290023523,1405.3675168018046,142748283.0,0.684
,6.3878202,1.4551851,5857.0164704,2.041471,3285.0,0.247331,,,357.8973634,,1,TESS,142748283.0,,0.009491925290023523,1405.3675168018046,142748283.0,0.684
,1.7890217,1.9190564,391.6251669,1.6741803,5264.0,0.791524,,,1237.8242135,,0,TESS,279982557.0,,0.04469519932096597,139.7223828065378,279982557.0,0.144
,3.0958985,1.8584684,10354.9916952,19.2443952,6764.0,1.25844,,,1515.409487,,0,TESS,61980227.0,,0.02501250680251486,27.96026092282233,61980227.0,0.291
,,8.4494541,6007.8703021,11.625865,5635.75,1.43565,,,676.5210666,,0,TESS,274599700.0,,,44.44981872012936,274599700.0,0.896
,,4.4875335,4111.2234826,18.0,5879.0,1.23623,,,769.2502648,,0,TESS,207501148.0,,,12.688961326885924,207501148.0,0.149
,20.2254946,2.2719961,712.14897,1.9090249,4465.0,0.697547,,,458.0310383,,1,TESS,300812741.0,,0.004680553224722802,195.4103421659884,300812741.0,0.993
,20.2254946,2.2719961,712.14897,1.9090249,4465.0,0.697547,,,458.0310383,,1,TESS,300812741.0,,0.004680553224722802,195.4103421659884,300812741.0,0.993
,20.2254946,2.2719961,712.14897,1.9090249,4465.0,0.697547,,,458.0310383,,1,TESS,300812741.0,,0.004680553224722802,195.4103421659884,300812741.0,0.981
,20.2254946,2.2719961,712.14897,1.9090249,4465.0,0.697547,,,458.0310383,,1,TESS,300812741.0,,0.004680553224722802,195.4103421659884,300812741.0,0.981
,20.2254946,2.2719961,712.14897,1.9090249,4465.0,0.697547,,,458.0310383,,1,TESS,300812741.0,,0.004680553224722802,195.4103421659884,300812741.0,0.981
,20.2254946,2.2719961,712.14897,1.9090249,4465.0,0.697547,,,458.0310383,,1,TESS,300812741.0,,0.004680553224722802,195.4103421659884,300812741.0,0.981
,20.2254946,2.2719961,712.14897,1.9090249,4465.0,0.697547,,,458.0310383,,1,TESS,300812741.0,,0.004680553224722802,195.4103421659884,300812741.0,0.993
,20.2254946,2.2719961,712.14897,1.9090249,4465.0,0.697547,,,458.0310383,,1,TESS,300812741.0,,0.004680553224722802,195.4103421659884,300812741.0,0.993
,20.2254946,2.2719961,712.14897,1.9090249,4465.0,0.697547,,,458.0310383,,1,TESS,300812741.0,,0.004680553224722802,195.4103421659884,300812741.0,0.981
,20.2254946,2.2719961,712.14897,1.9090249,4465.0,0.697547,,,458.0310383,,1,TESS,300812741.0,,0.004680553224722802,195.4103421659884,300812741.0,0.981
,20.2254946,2.2719961,712.14897,1.9090249,4465.0,0.697547,,,458.0310383,,1,TESS,300812741.0,,0.004680553224722802,195.4103421659884,300812741.0,0.981
,20.2254946,2.2719961,712.14897,1.9090249,4465.0,0.697547,,,458.0310383,,1,TESS,300812741.0,,0.004680553224722802,195.4103421659884,300812741.0,0.981
,16.0475029,3.334,13630.0,19.3344,6337.5,1.6,,,725.0,,0,TESS,155491828.0,,0.008656590821116186,36.46149369560674,155491828.0,0.523
,24.7373412,2.069051,6560.492087,1.8439453,3131.0,0.215535,,,157.0898896,,1,TESS,92226327.0,,0.0034850333142562476,1929.47973160284,92226327.0,0.857
,24.7373412,2.069051,6560.492087,1.8439453,3131.0,0.215535,,,157.0898896,,1,TESS,92226327.0,,0.0034850333142562476,1929.47973160284,92226327.0,0.857
,24.7373412,2.069051,6560.492087,1.8439453,3131.0,0.215535,,,157.0898896,,1,TESS,92226327.0,,0.0034850333142562476,1929.47973160284,92226327.0,0.692
,24.7373412,2.069051,6560.492087,1.8439453,3131.0,0.215535,,,157.0898896,,1,TESS,92226327.0,,0.0034850333142562476,1929.47973160284,92226327.0,0.692
,24.7373412,2.069051,6560.492087,1.8439453,3131.0,0.215535,,,157.0898896,,1,TESS,92226327.0,,0.0034850333142562476,1929.47973160284,92226327.0,0.857
,24.7373412,2.069051,6560.492087,1.8439453,3131.0,0.215535,,,157.0898896,,1,TESS,92226327.0,,0.0034850333142562476,1929.47973160284,92226327.0,0.857
,24.7373412,2.069051,6560.492087,1.8439453,3131.0,0.215535,,,157.0898896,,1,TESS,92226327.0,,0.0034850333142562476,1929.47973160284,92226327.0,0.692
,24.7373412,2.069051,6560.492087,1.8439453,3131.0,0.215535,,,157.0898896,,1,TESS,92226327.0,,0.0034850333142562476,1929.47973160284,92226327.0,0.692
,3.801591,2.752,18950.0,14.4297,6051.0,1.01,,,1242.0,,0,TESS,233497719.0,,0.030162809573645068,91.01115128568041,233497719.0,0.99
,3.801591,2.752,18950.0,14.4297,6051.0,1.01,,,1242.0,,0,TESS,233497719.0,,0.030162809573645068,91.01115128568041,233497719.0,0.989
,3.801591,2.752,18950.0,14.4297,6051.0,1.01,,,1242.0,,0,TESS,233497719.0,,0.030162809573645068,91.01115128568041,233497719.0,0.988
,3.801591,2.752,18950.0,14.4297,6051.0,1.01,,,1242.0,,0,TESS,233497719.0,,0.030162809573645068,91.01115128568041,233497719.0,0.987
,3.801591,2.752,18950.0,14.4297,6051.0,1.01,,,1242.0,,0,TESS,233497719.0,,0.030162809573645068,91.01115128568041,233497719.0,0.984
,3.801591,2.752,18950.0,14.4297,6051.0,1.01,,,1242.0,,0,TESS,233497719.0,,0.030162809573645068,91.01115128568041,233497719.0,0.983
,3.801591,2.752,18950.0,14.4297,6051.0,1.01,,,1242.0,,0,TESS,233497719.0,,0.030162809573645068,91.01115128568041,233497719.0,0.977
,3.801591,2.752,18950.0,14.4297,6051.0,1.01,,,1242.0,,0,TESS,233497719.0,,0.030162809573645068,91.01115128568041,233497719.0,0.976
,3.801591,2.752,18950.0,14.4297,6051.0,1.01,,,1242.0,,0,TESS,233497719.0,,0.030162809573645068,91.01115128568041,233497719.0,0.973
,3.801591,2.752,18950.0,14.4297,6051.0,1.01,,,1242.0,,0,TESS,233497719.0,,0.030162809573645068,91.01115128568041,233497719.0,0.968
,3.801591,2.752,18950.0,14.4297,6051.0,1.01,,,1242.0,,0,TESS,233497719.0,,0.030162809573645068,91.01115128568041,233497719.0,0.962
,3.801591,2.752,18950.0,14.4297,6051.0,1.01,,,1242.0,,0,TESS,233497719.0,,0.030162809573645068,91.01115128568041,233497719.0,0.953
,3.801591,2.752,18950.0,14.4297,6051.0,1.01,,,1242.0,,0,TESS,233497719.0,,0.030162809573645068,91.01115128568041,233497719.0,0.95
,3.801591,2.752,18950.0,14.4297,6051.0,1.01,,,1242.0,,0,TESS,233497719.0,,0.030162809573645068,91.01115128568041,233497719.0,0.925
,3.801591,2.752,18950.0,14.4297,6051.0,1.01,,,1242.0,,0,TESS,233497719.0,,0.030162809573645068,91.01115128568041,233497719.0,0.919
,3.801591,2.752,18950.0,14.4297,6051.0,1.01,,,1242.0,,0,TESS,233497719.0,,0.030162809573645068,91.01115128568041,233497719.0,0.901
,3.801591,2.752,18950.0,14.4297,6051.0,1.01,,,1242.0,,0,TESS,233497719.0,,0.030162809573645068,91.01115128568041,233497719.0,0.823
,3.801591,2.752,18950.0,14.4297,6051.0,1.01,,,1242.0,,0,TESS,233497719.0,,0.030162809573645068,91.01115128568041,233497719.0,0.82
,3.801591,2.752,18950.0,14.4297,6051.0,1.01,,,1242.0,,0,TESS,233497719.0,,0.030162809573645068,91.01115128568041,233497719.0,0.721
,3.801591,2.752,18950.0,14.4297,6051.0,1.01,,,1242.0,,0,TESS,233497719.0,,0.030162809573645068,91.01115128568041,233497719.0,0.522
,3.801591,2.752,18950.0,14.4297,6051.0,1.01,,,1242.0,,0,TESS,233497719.0,,0.030162809573645068,91.01115128568041,233497719.0,0.504
,3.801591,2.752,18950.0,14.4297,6051.0,1.01,,,1242.0,,0,TESS,233497719.0,,0.030162809573645068,91.01115128568041,233497719.0,0.356
,2.45457,2.39,19250.0,14.183,5565.0,0.97,,,1322.0,,1,TESS,446549906.0,,0.04057058125981026,95.69616324005634,446549906.0,0.975
,11.3071786,2.824,264.0,1.02968,4465.0,0.7,,,581.0,,1,TESS,300812741.0,,0.010406368413873641,248.99977958086788,300812741.0,0.993
,11.3071786,2.824,264.0,1.02968,4465.0,0.7,,,581.0,,1,TESS,300812741.0,,0.010406368413873641,248.99977958086788,300812741.0,0.993
,11.3071786,2.824,264.0,1.02968,4465.0,0.7,,,581.0,,1,TESS,300812741.0,,0.010406368413873641,248.99977958086788,300812741.0,0.981
,11.3071786,2.824,264.0,1.02968,4465.0,0.7,,,581.0,,1,TESS,300812741.0,,0.010406368413873641,248.99977958086788,300812741.0,0.981
,11.3071786,2.824,264.0,1.02968,4465.0,0.7,,,581.0,,1,TESS,300812741.0,,0.010406368413873641,248.99977958086788,300812741.0,0.981
,11.3071786,2.824,264.0,1.02968,4465.0,0.7,,,581.0,,1,TESS,300812741.0,,0.010406368413873641,248.99977958086788,300812741.0,0.981
,11.3071786,2.824,264.0,1.02968,4465.0,0.7,,,581.0,,1,TESS,300812741.0,,0.010406368413873641,248.99977958086788,300812741.0,0.993
,11.3071786,2.824,264.0,1.02968,4465.0,0.7,,,581.0,,1,TESS,300812741.0,,0.010406368413873641,248.99977958086788,300812741.0,0.993
,11.3071786,2.824,264.0,1.02968,4465.0,0.7,,,581.0,,1,TESS,300812741.0,,0.010406368413873641,248.99977958086788,300812741.0,0.981
,11.3071786,2.824,264.0,1.02968,4465.0,0.7,,,581.0,,1,TESS,300812741.0,,0.010406368413873641,248.99977958086788,300812741.0,0.981
,11.3071786,2.824,264.0,1.02968,4465.0,0.7,,,581.0,,1,TESS,300812741.0,,0.010406368413873641,248.99977958086788,300812741.0,0.981
,11.3071786,2.824,264.0,1.02968,4465.0,0.7,,,581.0,,1,TESS,300812741.0,,0.010406368413873641,248.99977958086788,300812741.0,0.981
,17.1019622,3.357,11430.0,10.1067,5302.3,0.93,,,589.0,,1,TESS,394287035.0,,0.008178886026260374,111.89932761435672,394287035.0,0.982
,17.1019622,3.357,11430.0,10.1067,5302.3,0.93,,,589.0,,1,TESS,394287035.0,,0.008178886026260374,111.89932761435672,394287035.0,0.98
,17.1019622,3.357,11430.0,10.1067,5302.3,0.93,,,589.0,,1,TESS,394287035.0,,0.008178886026260374,111.89932761435672,394287035.0,0.973
,7.7119842,4.058,3176.0,10.7188,6458.0,1.83,,,1340.0,,1,TESS,88902249.0,,0.021924750885745078,27.643189746258294,88902249.0,0.794
,3.7779418,1.4759325,3469.450739,1.5659937,3131.0,0.215535,,,394.3844097,,1,TESS,92226327.0,,0.016277960349138164,1414.7526866104565,92226327.0,0.857
,3.7779418,1.4759325,3469.450739,1.5659937,3131.0,0.215535,,,394.3844097,,1,TESS,92226327.0,,0.016277960349138164,1414.7526866104565,92226327.0,0.857
,3.7779418,1.4759325,3469.450739,1.5659937,3131.0,0.215535,,,394.3844097,,1,TESS,92226327.0,,0.016277960349138164,1414.7526866104565,92226327.0,0.692
,3.7779418,1.4759325,3469.450739,1.5659937,3131.0,0.215535,,,394.3844097,,1,TESS,92226327.0,,0.016277960349138164,1414.7526866104565,92226327.0,0.692
,3.7779418,1.4759325,3469.450739,1.5659937,3131.0,0.215535,,,394.3844097,,1,TESS,92226327.0,,0.016277960349138164,1414.7526866104565,92226327.0,0.857
,3.7779418,1.4759325,3469.450739,1.5659937,3131.0,0.215535,,,394.3844097,,1,TESS,92226327.0,,0.016277960349138164,1414.7526866104565,92226327.0,0.857
,3.7779418,1.4759325,3469.450739,1.5659937,3131.0,0.215535,,,394.3844097,,1,TESS,92226327.0,,0.016277960349138164,1414.7526866104565,92226327.0,0.692
,3.7779418,1.4759325,3469.450739,1.5659937,3131.0,0.215535,,,394.3844097,,1,TESS,92226327.0,,0.016277960349138164,1414.7526866104565,92226327.0,0.692
,5.9839451,5.3886513,3826.4375501,10.7016592,5609.0,1.71761,,,1278.9368045,,1,TESS,258920431.0,,0.03752159021923521,33.4112245293869,258920431.0,0.667
,5.9839451,5.3886513,3826.4375501,10.7016592,5609.0,1.71761,,,1278.9368045,,1,TESS,258920431.0,,0.03752159021923521,33.4112245293869,258920431.0,0.613
,5.9839451,5.3886513,3826.4375501,10.7016592,5609.0,1.71761,,,1278.9368045,,1,TESS,258920431.0,,0.03752159021923521,33.4112245293869,258920431.0,0.522
,5.9839451,5.3886513,3826.4375501,10.7016592,5609.0,1.71761,,,1278.9368045,,1,TESS,258920431.0,,0.03752159021923521,33.4112245293869,258920431.0,0.382
,1.1203828,1.665,1901.0,5.96207,6564.4,1.47,,,2267.0,,0,TESS,59859387.0,,0.061920798337824115,53.47957695858512,59859387.0,0.504
,1.1203828,1.665,1901.0,5.96207,6564.4,1.47,,,2267.0,,0,TESS,59859387.0,,0.061920798337824115,53.47957695858512,59859387.0,0.166
,1.1203828,1.665,1901.0,5.96207,6564.4,1.47,,,2267.0,,0,TESS,59859387.0,,0.061920798337824115,53.47957695858512,59859387.0,0.113
,4.5063838,2.0392007,12522.9613662,5.5521734,3477.0,0.493576,,,524.924579,,1,TESS,348755728.0,,0.018854740035173914,406.23841068064934,348755728.0,0.959
,4.5063838,2.0392007,12522.9613662,5.5521734,3477.0,0.493576,,,524.924579,,1,TESS,348755728.0,,0.018854740035173914,406.23841068064934,348755728.0,0.937
,4.5063838,2.0392007,12522.9613662,5.5521734,3477.0,0.493576,,,524.924579,,1,TESS,348755728.0,,0.018854740035173914,406.23841068064934,348755728.0,0.933
,6.5440665,3.777,6060.0,14.1513,6232.0,1.76,,,1176.0,,1,TESS,258510872.0,,0.02404850241023362,30.26076802029276,258510872.0,0.983
,6.5440665,3.777,6060.0,14.1513,6232.0,1.76,,,1176.0,,1,TESS,258510872.0,,0.02404850241023362,30.26076802029276,258510872.0,0.983
,6.5440665,3.777,6060.0,14.1513,6232.0,1.76,,,1176.0,,1,TESS,258510872.0,,0.02404850241023362,30.26076802029276,258510872.0,0.979
,6.5440665,3.777,6060.0,14.1513,6232.0,1.76,,,1176.0,,1,TESS,258510872.0,,0.02404850241023362,30.26076802029276,258510872.0,0.977
,6.5440665,3.777,6060.0,14.1513,6232.0,1.76,,,1176.0,,1,TESS,258510872.0,,0.02404850241023362,30.26076802029276,258510872.0,0.966
,6.5440665,3.777,6060.0,14.1513,6232.0,1.76,,,1176.0,,1,TESS,258510872.0,,0.02404850241023362,30.26076802029276,258510872.0,0.963
,6.5440665,3.777,6060.0,14.1513,6232.0,1.76,,,1176.0,,1,TESS,258510872.0,,0.02404850241023362,30.26076802029276,258510872.0,0.941
,6.5440665,3.777,6060.0,14.1513,6232.0,1.76,,,1176.0,,1,TESS,258510872.0,,0.02404850241023362,30.26076802029276,258510872.0,0.929
,6.5440665,3.777,6060.0,14.1513,6232.0,1.76,,,1176.0,,1,TESS,258510872.0,,0.02404850241023362,30.26076802029276,258510872.0,0.922
,6.5440665,3.777,6060.0,14.1513,6232.0,1.76,,,1176.0,,1,TESS,258510872.0,,0.02404850241023362,30.26076802029276,258510872.0,0.849
,6.5440665,3.777,6060.0,14.1513,6232.0,1.76,,,1176.0,,1,TESS,258510872.0,,0.02404850241023362,30.26076802029276,258510872.0,0.811
,6.5440665,3.777,6060.0,14.1513,6232.0,1.76,,,1176.0,,1,TESS,258510872.0,,0.02404850241023362,30.26076802029276,258510872.0,0.757
,6.5440665,3.777,6060.0,14.1513,6232.0,1.76,,,1176.0,,1,TESS,258510872.0,,0.02404850241023362,30.26076802029276,258510872.0,0.694
,6.5440665,3.777,6060.0,14.1513,6232.0,1.76,,,1176.0,,1,TESS,258510872.0,,0.02404850241023362,30.26076802029276,258510872.0,0.255
,7.2008611,2.03,50063.0,12.0629,3606.0,0.5,,,491.0,,1,TESS,236387002.0,,0.011746280294714334,344.0435440592119,236387002.0,0.206
,5.7998189,1.014374,8567.3390223,2.6346124,3179.0,0.240233,,,354.6027378,,1,TESS,389900760.0,,0.0072873970305679355,1234.2764061027963,389900760.0,0.981
,5.7998189,1.014374,8567.3390223,2.6346124,3179.0,0.240233,,,354.6027378,,1,TESS,389900760.0,,0.0072873970305679355,1234.2764061027963,389900760.0,0.96
,5.7998189,1.014374,8567.3390223,2.6346124,3179.0,0.240233,,,354.6027378,,1,TESS,389900760.0,,0.0072873970305679355,1234.2764061027963,389900760.0,0.935
,5.7998189,1.014374,8567.3390223,2.6346124,3179.0,0.240233,,,354.6027378,,1,TESS,389900760.0,,0.0072873970305679355,1234.2764061027963,389900760.0,0.924
,5.7998189,1.014374,8567.3390223,2.6346124,3179.0,0.240233,,,354.6027378,,1,TESS,389900760.0,,0.0072873970305679355,1234.2764061027963,389900760.0,0.734
,3.1901569,1.8262867,3648.2442456,15.146461,6474.57,1.98958,,,1867.7902797,,0,TESS,350445771.0,,0.023853145960559367,15.902359322298896,350445771.0,0.136
,61.6277,6.401,8878.0,11.7392,5581.0,1.07,,,601.0,,1,TESS,157698565.0,,0.004327734657516199,64.4225830540984,157698565.0,0.423
,48.5340395,6.661,62170.0,26.827,5937.0,1.03,,,144.0,,0,TESS,420645189.0,,0.005718495086904852,86.38466397512043,420645189.0,0.22
,48.5340395,6.661,62170.0,26.827,5937.0,1.03,,,144.0,,0,TESS,420645189.0,,0.005718495086904852,86.38466397512043,420645189.0,0.22
,48.5340395,6.661,62170.0,26.827,5937.0,1.03,,,144.0,,0,TESS,420645189.0,,0.005718495086904852,86.38466397512043,420645189.0,0.217
,48.5340395,6.661,62170.0,26.827,5937.0,1.03,,,144.0,,0,TESS,420645189.0,,0.005718495086904852,86.38466397512043,420645189.0,0.217
,48.5340395,6.661,62170.0,26.827,5937.0,1.03,,,144.0,,0,TESS,420645189.0,,0.005718495086904852,86.38466397512043,420645189.0,0.22
,48.5340395,6.661,62170.0,26.827,5937.0,1.03,,,144.0,,0,TESS,420645189.0,,0.005718495086904852,86.38466397512043,420645189.0,0.22
,48.5340395,6.661,62170.0,26.827,5937.0,1.03,,,144.0,,0,TESS,420645189.0,,0.005718495086904852,86.38466397512043,420645189.0,0.217
,48.5340395,6.661,62170.0,26.827,5937.0,1.03,,,144.0,,0,TESS,420645189.0,,0.005718495086904852,86.38466397512043,420645189.0,0.217
,48.5338626,6.137,4730.0,7.9008,5937.0,1.03,,,341.0,,0,TESS,420645189.0,,0.005268658198941822,75.7737877752525,420645189.0,0.22
,48.5338626,6.137,4730.0,7.9008,5937.0,1.03,,,341.0,,0,TESS,420645189.0,,0.005268658198941822,75.7737877752525,420645189.0,0.22
,48.5338626,6.137,4730.0,7.9008,5937.0,1.03,,,341.0,,0,TESS,420645189.0,,0.005268658198941822,75.7737877752525,420645189.0,0.217
,48.5338626,6.137,4730.0,7.9008,5937.0,1.03,,,341.0,,0,TESS,420645189.0,,0.005268658198941822,75.7737877752525,420645189.0,0.217
,48.5338626,6.137,4730.0,7.9008,5937.0,1.03,,,341.0,,0,TESS,420645189.0,,0.005268658198941822,75.7737877752525,420645189.0,0.22
,48.5338626,6.137,4730.0,7.9008,5937.0,1.03,,,341.0,,0,TESS,420645189.0,,0.005268658198941822,75.7737877752525,420645189.0,0.22
,48.5338626,6.137,4730.0,7.9008,5937.0,1.03,,,341.0,,0,TESS,420645189.0,,0.005268658198941822,75.7737877752525,420645189.0,0.217
,48.5338626,6.137,4730.0,7.9008,5937.0,1.03,,,341.0,,0,TESS,420645189.0,,0.005268658198941822,75.7737877752525,420645189.0,0.217
,45.5221456,4.3839392,3028.5453279,9.7055757,6303.91,1.61034,,,681.5974916,,1,TESS,91987762.0,,0.004012643313678515,32.15077683447709,91987762.0,0.944
,45.5221456,4.3839392,3028.5453279,9.7055757,6303.91,1.61034,,,681.5974916,,1,TESS,91987762.0,,0.004012643313678515,32.15077683447709,91987762.0,0.846
,45.5221456,4.3839392,3028.5453279,9.7055757,6303.91,1.61034,,,681.5974916,,1,TESS,91987762.0,,0.004012643313678515,32.15077683447709,91987762.0,0.839
,29.0902271,4.6769826,37562.3332736,12.1826517,3854.0,0.617863,,,323.8830195,,1,TESS,172370679.0,,0.00669896024018584,253.08645506979346,172370679.0,0.407
,3.8404319,5.242,3580.0,12.3434,5909.0,2.04,,,1761.0,,1,TESS,77156657.0,,0.056872942935652815,23.49705415751791,77156657.0,0.126
,16.3413889,5.3764481,372.0970618,2.629079,5991.11,1.12506,,,777.2060824,,1,TESS,21832928.0,,0.013708667704624476,53.83303999081702,21832928.0,0.985
,16.3413889,5.3764481,372.0970618,2.629079,5991.11,1.12506,,,777.2060824,,1,TESS,21832928.0,,0.013708667704624476,53.83303999081702,21832928.0,0.984
,16.3413889,5.3764481,372.0970618,2.629079,5991.11,1.12506,,,777.2060824,,1,TESS,21832928.0,,0.013708667704624476,53.83303999081702,21832928.0,0.972
,9.2292078,2.817,1606.0,3.21883,4406.0,0.77,,,690.0,,1,TESS,75878355.0,,0.012717776218029534,155.00632445305033,75878355.0,0.998
,9.2292078,2.817,1606.0,3.21883,4406.0,0.77,,,690.0,,1,TESS,75878355.0,,0.012717776218029534,155.00632445305033,75878355.0,0.998
,9.2292078,2.817,1606.0,3.21883,4406.0,0.77,,,690.0,,1,TESS,75878355.0,,0.012717776218029534,155.00632445305033,75878355.0,0.996
,9.2292078,2.817,1606.0,3.21883,4406.0,0.77,,,690.0,,1,TESS,75878355.0,,0.012717776218029534,155.00632445305033,75878355.0,0.996
,9.2292078,2.817,1606.0,3.21883,4406.0,0.77,,,690.0,,1,TESS,75878355.0,,0.012717776218029534,155.00632445305033,75878355.0,0.996
,9.2292078,2.817,1606.0,3.21883,4406.0,0.77,,,690.0,,1,TESS,75878355.0,,0.012717776218029534,155.00632445305033,75878355.0,0.996
,9.2292078,2.817,1606.0,3.21883,4406.0,0.77,,,690.0,,1,TESS,75878355.0,,0.012717776218029534,155.00632445305033,75878355.0,0.996
,9.2292078,2.817,1606.0,3.21883,4406.0,0.77,,,690.0,,1,TESS,75878355.0,,0.012717776218029534,155.00632445305033,75878355.0,0.996
,9.2292078,2.817,1606.0,3.21883,4406.0,0.77,,,690.0,,1,TESS,75878355.0,,0.012717776218029534,155.00632445305033,75878355.0,0.992
,9.2292078,2.817,1606.0,3.21883,4406.0,0.77,,,690.0,,1,TESS,75878355.0,,0.012717776218029534,155.00632445305033,75878355.0,0.992
,9.2292078,2.817,1606.0,3.21883,4406.0,0.77,,,690.0,,1,TESS,75878355.0,,0.012717776218029534,155.00632445305033,75878355.0,0.987
,9.2292078,2.817,1606.0,3.21883,4406.0,0.77,,,690.0,,1,TESS,75878355.0,,0.012717776218029534,155.00632445305033,75878355.0,0.987
,9.2292078,2.817,1606.0,3.21883,4406.0,0.77,,,690.0,,1,TESS,75878355.0,,0.012717776218029534,155.00632445305033,75878355.0,0.998
,9.2292078,2.817,1606.0,3.21883,4406.0,0.77,,,690.0,,1,TESS,75878355.0,,0.012717776218029534,155.00632445305033,75878355.0,0.998
,9.2292078,2.817,1606.0,3.21883,4406.0,0.77,,,690.0,,1,TESS,75878355.0,,0.012717776218029534,155.00632445305033,75878355.0,0.996
,9.2292078,2.817,1606.0,3.21883,4406.0,0.77,,,690.0,,1,TESS,75878355.0,,0.012717776218029534,155.00632445305033,75878355.0,0.996
,9.2292078,2.817,1606.0,3.21883,4406.0,0.77,,,690.0,,1,TESS,75878355.0,,0.012717776218029534,155.00632445305033,75878355.0,0.996
,9.2292078,2.817,1606.0,3.21883,4406.0,0.77,,,690.0,,1,TESS,75878355.0,,0.012717776218029534,155.00632445305033,75878355.0,0.996
,9.2292078,2.817,1606.0,3.21883,4406.0,0.77,,,690.0,,1,TESS,75878355.0,,0.012717776218029534,155.00632445305033,75878355.0,0.996
,9.2292078,2.817,1606.0,3.21883,4406.0,0.77,,,690.0,,1,TESS,75878355.0,,0.012717776218029534,155.00632445305033,75878355.0,0.996
,9.2292078,2.817,1606.0,3.21883,4406.0,0.77,,,690.0,,1,TESS,75878355.0,,0.012717776218029534,155.00632445305033,75878355.0,0.992
,9.2292078,2.817,1606.0,3.21883,4406.0,0.77,,,690.0,,1,TESS,75878355.0,,0.012717776218029534,155.00632445305033,75878355.0,0.992
,9.2292078,2.817,1606.0,3.21883,4406.0,0.77,,,690.0,,1,TESS,75878355.0,,0.012717776218029534,155.00632445305033,75878355.0,0.987
,9.2292078,2.817,1606.0,3.21883,4406.0,0.77,,,690.0,,1,TESS,75878355.0,,0.012717776218029534,155.00632445305033,75878355.0,0.987
,95.8531625,5.024,5975.0,5.95763,4406.0,0.77,,,356.0,,1,TESS,75878355.0,,0.0021838959485800764,168.34136404251993,75878355.0,0.998
,95.8531625,5.024,5975.0,5.95763,4406.0,0.77,,,356.0,,1,TESS,75878355.0,,0.0021838959485800764,168.34136404251993,75878355.0,0.998
,95.8531625,5.024,5975.0,5.95763,4406.0,0.77,,,356.0,,1,TESS,75878355.0,,0.0021838959485800764,168.34136404251993,75878355.0,0.996
,95.8531625,5.024,5975.0,5.95763,4406.0,0.77,,,356.0,,1,TESS,75878355.0,,0.0021838959485800764,168.34136404251993,75878355.0,0.996
,95.8531625,5.024,5975.0,5.95763,4406.0,0.77,,,356.0,,1,TESS,75878355.0,,0.0021838959485800764,168.34136404251993,75878355.0,0.996
,95.8531625,5.024,5975.0,5.95763,4406.0,0.77,,,356.0,,1,TESS,75878355.0,,0.0021838959485800764,168.34136404251993,75878355.0,0.996
,95.8531625,5.024,5975.0,5.95763,4406.0,0.77,,,356.0,,1,TESS,75878355.0,,0.0021838959485800764,168.34136404251993,75878355.0,0.996
,95.8531625,5.024,5975.0,5.95763,4406.0,0.77,,,356.0,,1,TESS,75878355.0,,0.0021838959485800764,168.34136404251993,75878355.0,0.996
,95.8531625,5.024,5975.0,5.95763,4406.0,0.77,,,356.0,,1,TESS,75878355.0,,0.0021838959485800764,168.34136404251993,75878355.0,0.992
,95.8531625,5.024,5975.0,5.95763,4406.0,0.77,,,356.0,,1,TESS,75878355.0,,0.0021838959485800764,168.34136404251993,75878355.0,0.992
,95.8531625,5.024,5975.0,5.95763,4406.0,0.77,,,356.0,,1,TESS,75878355.0,,0.0021838959485800764,168.34136404251993,75878355.0,0.987
,95.8531625,5.024,5975.0,5.95763,4406.0,0.77,,,356.0,,1,TESS,75878355.0,,0.0021838959485800764,168.34136404251993,75878355.0,0.987
,95.8531625,5.024,5975.0,5.95763,4406.0,0.77,,,356.0,,1,TESS,75878355.0,,0.0021838959485800764,168.34136404251993,75878355.0,0.998
,95.8531625,5.024,5975.0,5.95763,4406.0,0.77,,,356.0,,1,TESS,75878355.0,,0.0021838959485800764,168.34136404251993,75878355.0,0.998
,95.8531625,5.024,5975.0,5.95763,4406.0,0.77,,,356.0,,1,TESS,75878355.0,,0.0021838959485800764,168.34136404251993,75878355.0,0.996
,95.8531625,5.024,5975.0,5.95763,4406.0,0.77,,,356.0,,1,TESS,75878355.0,,0.0021838959485800764,168.34136404251993,75878355.0,0.996
,95.8531625,5.024,5975.0,5.95763,4406.0,0.77,,,356.0,,1,TESS,75878355.0,,0.0021838959485800764,168.34136404251993,75878355.0,0.996
,95.8531625,5.024,5975.0,5.95763,4406.0,0.77,,,356.0,,1,TESS,75878355.0,,0.0021838959485800764,168.34136404251993,75878355.0,0.996
,95.8531625,5.024,5975.0,5.95763,4406.0,0.77,,,356.0,,1,TESS,75878355.0,,0.0021838959485800764,168.34136404251993,75878355.0,0.996
,95.8531625,5.024,5975.0,5.95763,4406.0,0.77,,,356.0,,1,TESS,75878355.0,,0.0021838959485800764,168.34136404251993,75878355.0,0.996
,95.8531625,5.024,5975.0,5.95763,4406.0,0.77,,,356.0,,1,TESS,75878355.0,,0.0021838959485800764,168.34136404251993,75878355.0,0.992
,95.8531625,5.024,5975.0,5.95763,4406.0,0.77,,,356.0,,1,TESS,75878355.0,,0.0021838959485800764,168.34136404251993,75878355.0,0.992
,95.8531625,5.024,5975.0,5.95763,4406.0,0.77,,,356.0,,1,TESS,75878355.0,,0.0021838959485800764,168.34136404251993,75878355.0,0.987
,95.8531625,5.024,5975.0,5.95763,4406.0,0.77,,,356.0,,1,TESS,75878355.0,,0.0021838959485800764,168.34136404251993,75878355.0,0.987
,1.1258127,0.374,1440.0,13.1558,6423.0,1.24,,,1361.0,,0,TESS,124095888.0,,0.013841851985316475,8.320088857365697,124095888.0,0.244
,4.534451,4.936391,23574.842911,23.183789,6421.5,1.47459,,,1435.559122,,0,TESS,9727392.0,,0.04536005713664808,43.86114609394902,9727392.0,0.122
,22.84518,7.215,9210.0,15.1752,5963.1,1.57,,,862.0,,0,TESS,31656385.0,,0.013159230938504258,39.99362602518842,31656385.0,0.88
,0.659752,0.6731474,1138.1047916,4.3019481,5832.0,1.25112,,,2343.7030204,,0,TESS,344085117.0,,0.04251265105975105,61.4967118289027,344085117.0,0.89
,0.659752,0.6731474,1138.1047916,4.3019481,5832.0,1.25112,,,2343.7030204,,0,TESS,344085117.0,,0.04251265105975105,61.4967118289027,344085117.0,0.653
,0.659752,0.6731474,1138.1047916,4.3019481,5832.0,1.25112,,,2343.7030204,,0,TESS,344085117.0,,0.04251265105975105,61.4967118289027,344085117.0,0.415
,5.1750108,2.0076562,13020.075325,11.4726621,5177.0,0.892685,,,910.9289033,,1,TESS,401125028.0,,0.016164669838590242,98.92022331921113,401125028.0,0.99
,5.1750108,2.0076562,13020.075325,11.4726621,5177.0,0.892685,,,910.9289033,,1,TESS,401125028.0,,0.016164669838590242,98.92022331921113,401125028.0,0.979
,5.1750108,2.0076562,13020.075325,11.4726621,5177.0,0.892685,,,910.9289033,,1,TESS,401125028.0,,0.016164669838590242,98.92022331921113,401125028.0,0.967
,13.4758478,2.0643913,708.9461601,1.9840882,4111.0,0.618173,,,455.6136246,,1,TESS,37749396.0,,0.006382997580360652,180.09066252563755,37749396.0,0.985
,13.4758478,2.0643913,708.9461601,1.9840882,4111.0,0.618173,,,455.6136246,,1,TESS,37749396.0,,0.006382997580360652,180.09066252563755,37749396.0,0.959
,4.9088819,5.5607357,5548.8279627,15.9619759,6606.0,2.09179,,,1680.067326,,1,TESS,189625051.0,,0.047199611558526776,21.778499624956055,189625051.0,0.969
,4.9088819,5.5607357,5548.8279627,15.9619759,6606.0,2.09179,,,1680.067326,,1,TESS,189625051.0,,0.047199611558526776,21.778499624956055,189625051.0,0.9
,8.1587261,4.288,15337.0,12.7393,5600.0,1.0,,,1059.0,,1,TESS,183532609.0,,0.021898843467022977,94.50380283496705,183532609.0,0.644
,1.82069,3.049,12340.0,15.6593,6155.0,1.35,,,1958.0,,1,TESS,339522221.0,,0.06977665816767595,50.32345718359545,339522221.0,0.973
,5.17958,4.524,7620.0,14.829,6116.0,1.65,,,1416.0,,1,TESS,112099249.0,,0.03639291187386404,34.652234044535724,112099249.0,0.899
,4.5768651,3.5592795,10869.4903086,19.1571223,6687.0,1.78295,,,1599.5559785,,1,TESS,112604564.0,,0.032402814570585164,29.617516212836406,112604564.0,0.468
,4.5768651,3.5592795,10869.4903086,19.1571223,6687.0,1.78295,,,1599.5559785,,1,TESS,112604564.0,,0.032402814570585164,29.617516212836406,112604564.0,0.399
,13.3368173,4.384,8210.0,11.2448,5517.0,1.2,,,805.0,,1,TESS,332558858.0,,0.01369642111660197,64.92914480457415,332558858.0,0.841
,5.4693888,1.8076781,32411.855989,11.5779216,3770.0,0.638902,,,584.247334,,1,TESS,201177276.0,,0.01377117681952585,241.79242366634995,201177276.0,0.972
,5.4693888,1.8076781,32411.855989,11.5779216,3770.0,0.638902,,,584.247334,,1,TESS,201177276.0,,0.01377117681952585,241.79242366634995,201177276.0,0.953
,1.2730965,1.48,414.0,1.57925,5024.0,0.77,,,1412.0,,1,TESS,9006668.0,,0.04843832706193367,165.99629540574426,9006668.0,0.737
,1.2730965,1.48,414.0,1.57925,5024.0,0.77,,,1412.0,,1,TESS,9006668.0,,0.04843832706193367,165.99629540574426,9006668.0,0.221
,3.3639254,3.3430495,422.0610761,3.0449863,5890.3,1.28018,,,1387.0636575,,1,TESS,63898957.0,,0.04140809051274727,45.520242715223915,63898957.0,0.983
,3.3639254,3.3430495,422.0610761,3.0449863,5890.3,1.28018,,,1387.0636575,,1,TESS,63898957.0,,0.04140809051274727,45.520242715223915,63898957.0,0.983
,3.3639254,3.3430495,422.0610761,3.0449863,5890.3,1.28018,,,1387.0636575,,1,TESS,63898957.0,,0.04140809051274727,45.520242715223915,63898957.0,0.978
,3.3639254,3.3430495,422.0610761,3.0449863,5890.3,1.28018,,,1387.0636575,,1,TESS,63898957.0,,0.04140809051274727,45.520242715223915,63898957.0,0.978
,3.3639254,3.3430495,422.0610761,3.0449863,5890.3,1.28018,,,1387.0636575,,1,TESS,63898957.0,,0.04140809051274727,45.520242715223915,63898957.0,0.945
,3.3639254,3.3430495,422.0610761,3.0449863,5890.3,1.28018,,,1387.0636575,,1,TESS,63898957.0,,0.04140809051274727,45.520242715223915,63898957.0,0.945
,3.3639254,3.3430495,422.0610761,3.0449863,5890.3,1.28018,,,1387.0636575,,1,TESS,63898957.0,,0.04140809051274727,45.520242715223915,63898957.0,0.854
,3.3639254,3.3430495,422.0610761,3.0449863,5890.3,1.28018,,,1387.0636575,,1,TESS,63898957.0,,0.04140809051274727,45.520242715223915,63898957.0,0.854
,3.3639254,3.3430495,422.0610761,3.0449863,5890.3,1.28018,,,1387.0636575,,1,TESS,63898957.0,,0.04140809051274727,45.520242715223915,63898957.0,0.394
,3.3639254,3.3430495,422.0610761,3.0449863,5890.3,1.28018,,,1387.0636575,,1,TESS,63898957.0,,0.04140809051274727,45.520242715223915,63898957.0,0.394
,3.3639254,3.3430495,422.0610761,3.0449863,5890.3,1.28018,,,1387.0636575,,1,TESS,63898957.0,,0.04140809051274727,45.520242715223915,63898957.0,0.983
,3.3639254,3.3430495,422.0610761,3.0449863,5890.3,1.28018,,,1387.0636575,,1,TESS,63898957.0,,0.04140809051274727,45.520242715223915,63898957.0,0.983
,3.3639254,3.3430495,422.0610761,3.0449863,5890.3,1.28018,,,1387.0636575,,1,TESS,63898957.0,,0.04140809051274727,45.520242715223915,63898957.0,0.978
,3.3639254,3.3430495,422.0610761,3.0449863,5890.3,1.28018,,,1387.0636575,,1,TESS,63898957.0,,0.04140809051274727,45.520242715223915,63898957.0,0.978
,3.3639254,3.3430495,422.0610761,3.0449863,5890.3,1.28018,,,1387.0636575,,1,TESS,63898957.0,,0.04140809051274727,45.520242715223915,63898957.0,0.945
,3.3639254,3.3430495,422.0610761,3.0449863,5890.3,1.28018,,,1387.0636575,,1,TESS,63898957.0,,0.04140809051274727,45.520242715223915,63898957.0,0.945
,3.3639254,3.3430495,422.0610761,3.0449863,5890.3,1.28018,,,1387.0636575,,1,TESS,63898957.0,,0.04140809051274727,45.520242715223915,63898957.0,0.854
,3.3639254,3.3430495,422.0610761,3.0449863,5890.3,1.28018,,,1387.0636575,,1,TESS,63898957.0,,0.04140809051274727,45.520242715223915,63898957.0,0.854
,3.3639254,3.3430495,422.0610761,3.0449863,5890.3,1.28018,,,1387.0636575,,1,TESS,63898957.0,,0.04140809051274727,45.520242715223915,63898957.0,0.394
,3.3639254,3.3430495,422.0610761,3.0449863,5890.3,1.28018,,,1387.0636575,,1,TESS,63898957.0,,0.04140809051274727,45.520242715223915,63898957.0,0.394
,13.0393586,4.9218325,625.5995687,3.3482223,5890.3,1.31383,,,1007.5256829,,1,TESS,63898957.0,,0.015727487816107357,55.80432158043833,63898957.0,0.983
,13.0393586,4.9218325,625.5995687,3.3482223,5890.3,1.31383,,,1007.5256829,,1,TESS,63898957.0,,0.015727487816107357,55.80432158043833,63898957.0,0.983
,13.0393586,4.9218325,625.5995687,3.3482223,5890.3,1.31383,,,1007.5256829,,1,TESS,63898957.0,,0.015727487816107357,55.80432158043833,63898957.0,0.978
,13.0393586,4.9218325,625.5995687,3.3482223,5890.3,1.31383,,,1007.5256829,,1,TESS,63898957.0,,0.015727487816107357,55.80432158043833,63898957.0,0.978
,13.0393586,4.9218325,625.5995687,3.3482223,5890.3,1.31383,,,1007.5256829,,1,TESS,63898957.0,,0.015727487816107357,55.80432158043833,63898957.0,0.945
,13.0393586,4.9218325,625.5995687,3.3482223,5890.3,1.31383,,,1007.5256829,,1,TESS,63898957.0,,0.015727487816107357,55.80432158043833,63898957.0,0.945
,13.0393586,4.9218325,625.5995687,3.3482223,5890.3,1.31383,,,1007.5256829,,1,TESS,63898957.0,,0.015727487816107357,55.80432158043833,63898957.0,0.854
,13.0393586,4.9218325,625.5995687,3.3482223,5890.3,1.31383,,,1007.5256829,,1,TESS,63898957.0,,0.015727487816107357,55.80432158043833,63898957.0,0.854
,13.0393586,4.9218325,625.5995687,3.3482223,5890.3,1.31383,,,1007.5256829,,1,TESS,63898957.0,,0.015727487816107357,55.80432158043833,63898957.0,0.394
,13.0393586,4.9218325,625.5995687,3.3482223,5890.3,1.31383,,,1007.5256829,,1,TESS,63898957.0,,0.015727487816107357,55.80432158043833,63898957.0,0.394
,13.0393586,4.9218325,625.5995687,3.3482223,5890.3,1.31383,,,1007.5256829,,1,TESS,63898957.0,,0.015727487816107357,55.80432158043833,63898957.0,0.983
,13.0393586,4.9218325,625.5995687,3.3482223,5890.3,1.31383,,,1007.5256829,,1,TESS,63898957.0,,0.015727487816107357,55.80432158043833,63898957.0,0.983
,13.0393586,4.9218325,625.5995687,3.3482223,5890.3,1.31383,,,1007.5256829,,1,TESS,63898957.0,,0.015727487816107357,55.80432158043833,63898957.0,0.978
,13.0393586,4.9218325,625.5995687,3.3482223,5890.3,1.31383,,,1007.5256829,,1,TESS,63898957.0,,0.015727487816107357,55.80432158043833,63898957.0,0.978
,13.0393586,4.9218325,625.5995687,3.3482223,5890.3,1.31383,,,1007.5256829,,1,TESS,63898957.0,,0.015727487816107357,55.80432158043833,63898957.0,0.945
,13.0393586,4.9218325,625.5995687,3.3482223,5890.3,1.31383,,,1007.5256829,,1,TESS,63898957.0,,0.015727487816107357,55.80432158043833,63898957.0,0.945
,13.0393586,4.9218325,625.5995687,3.3482223,5890.3,1.31383,,,1007.5256829,,1,TESS,63898957.0,,0.015727487816107357,55.80432158043833,63898957.0,0.854
,13.0393586,4.9218325,625.5995687,3.3482223,5890.3,1.31383,,,1007.5256829,,1,TESS,63898957.0,,0.015727487816107357,55.80432158043833,63898957.0,0.854
,13.0393586,4.9218325,625.5995687,3.3482223,5890.3,1.31383,,,1007.5256829,,1,TESS,63898957.0,,0.015727487816107357,55.80432158043833,63898957.0,0.394
,13.0393586,4.9218325,625.5995687,3.3482223,5890.3,1.31383,,,1007.5256829,,1,TESS,63898957.0,,0.015727487816107357,55.80432158043833,63898957.0,0.394
,5.6107737,6.3384834,6651.6899169,18.3701736,6013.5,2.21327,,,1583.7517779,,1,TESS,386259537.0,,0.04707077618167307,19.710855458867506,386259537.0,0.714
,2.8970202,4.1502336,3080.9239308,,8862.0,,,,1278.5711929,,0,TESS,325172035.0,,0.059691125906843785,,325172035.0,0.281
,3.7246883,3.078,3320.0,10.8811,6144.0,1.74,,,1426.0,,1,TESS,461591646.0,,0.03443241104639983,28.040934105945002,461591646.0,0.994
,3.7246883,3.078,3320.0,10.8811,6144.0,1.74,,,1426.0,,1,TESS,461591646.0,,0.03443241104639983,28.040934105945002,461591646.0,0.99
,3.7246883,3.078,3320.0,10.8811,6144.0,1.74,,,1426.0,,1,TESS,461591646.0,,0.03443241104639983,28.040934105945002,461591646.0,0.93
,3.7246883,3.078,3320.0,10.8811,6144.0,1.74,,,1426.0,,1,TESS,461591646.0,,0.03443241104639983,28.040934105945002,461591646.0,0.925
,3.7246883,3.078,3320.0,10.8811,6144.0,1.74,,,1426.0,,1,TESS,461591646.0,,0.03443241104639983,28.040934105945002,461591646.0,0.883
,3.7246883,3.078,3320.0,10.8811,6144.0,1.74,,,1426.0,,1,TESS,461591646.0,,0.03443241104639983,28.040934105945002,461591646.0,0.488
,0.67554,0.922,680.0,15.6973,4872.0,2.74,,,2591.0,,0,TESS,258402425.0,,0.05686808227072154,2.7596817028561276,258402425.0,0.164
,34.5059318,3.8206653,17387.9834231,10.4625162,5025.77,0.801736,,,448.7222169,,1,TESS,55652896.0,,0.004613536832753182,158.84623537926208,55652896.0,0.975
,34.5059318,3.8206653,17387.9834231,10.4625162,5025.77,0.801736,,,448.7222169,,1,TESS,55652896.0,,0.004613536832753182,158.84623537926208,55652896.0,0.975
,34.5059318,3.8206653,17387.9834231,10.4625162,5025.77,0.801736,,,448.7222169,,1,TESS,55652896.0,,0.004613536832753182,158.84623537926208,55652896.0,0.897
,34.5059318,3.8206653,17387.9834231,10.4625162,5025.77,0.801736,,,448.7222169,,1,TESS,55652896.0,,0.004613536832753182,158.84623537926208,55652896.0,0.897
,34.5059318,3.8206653,17387.9834231,10.4625162,5025.77,0.801736,,,448.7222169,,1,TESS,55652896.0,,0.004613536832753182,158.84623537926208,55652896.0,0.865
,34.5059318,3.8206653,17387.9834231,10.4625162,5025.77,0.801736,,,448.7222169,,1,TESS,55652896.0,,0.004613536832753182,158.84623537926208,55652896.0,0.865
,34.5059318,3.8206653,17387.9834231,10.4625162,5025.77,0.801736,,,448.7222169,,1,TESS,55652896.0,,0.004613536832753182,158.84623537926208,55652896.0,0.821
,34.5059318,3.8206653,17387.9834231,10.4625162,5025.77,0.801736,,,448.7222169,,1,TESS,55652896.0,,0.004613536832753182,158.84623537926208,55652896.0,0.821
,34.5059318,3.8206653,17387.9834231,10.4625162,5025.77,0.801736,,,448.7222169,,1,TESS,55652896.0,,0.004613536832753182,158.84623537926208,55652896.0,0.806
,34.5059318,3.8206653,17387.9834231,10.4625162,5025.77,0.801736,,,448.7222169,,1,TESS,55652896.0,,0.004613536832753182,158.84623537926208,55652896.0,0.806
,34.5059318,3.8206653,17387.9834231,10.4625162,5025.77,0.801736,,,448.7222169,,1,TESS,55652896.0,,0.004613536832753182,158.84623537926208,55652896.0,0.756
,34.5059318,3.8206653,17387.9834231,10.4625162,5025.77,0.801736,,,448.7222169,,1,TESS,55652896.0,,0.004613536832753182,158.84623537926208,55652896.0,0.756
,34.5059318,3.8206653,17387.9834231,10.4625162,5025.77,0.801736,,,448.7222169,,1,TESS,55652896.0,,0.004613536832753182,158.84623537926208,55652896.0,0.733
,34.5059318,3.8206653,17387.9834231,10.4625162,5025.77,0.801736,,,448.7222169,,1,TESS,55652896.0,,0.004613536832753182,158.84623537926208,55652896.0,0.733
,34.5059318,3.8206653,17387.9834231,10.4625162,5025.77,0.801736,,,448.7222169,,1,TESS,55652896.0,,0.004613536832753182,158.84623537926208,55652896.0,0.687
,34.5059318,3.8206653,17387.9834231,10.4625162,5025.77,0.801736,,,448.7222169,,1,TESS,55652896.0,,0.004613536832753182,158.84623537926208,55652896.0,0.687
,34.5059318,3.8206653,17387.9834231,10.4625162,5025.77,0.801736,,,448.7222169,,1,TESS,55652896.0,,0.004613536832753182,158.84623537926208,55652896.0,0.641
,34.5059318,3.8206653,17387.9834231,10.4625162,5025.77,0.801736,,,448.7222169,,1,TESS,55652896.0,,0.004613536832753182,158.84623537926208,55652896.0,0.641
,34.5059318,3.8206653,17387.9834231,10.4625162,5025.77,0.801736,,,448.7222169,,1,TESS,55652896.0,,0.004613536832753182,158.84623537926208,55652896.0,0.331
,34.5059318,3.8206653,17387.9834231,10.4625162,5025.77,0.801736,,,448.7222169,,1,TESS,55652896.0,,0.004613536832753182,158.84623537926208,55652896.0,0.331
,34.5059318,3.8206653,17387.9834231,10.4625162,5025.77,0.801736,,,448.7222169,,1,TESS,55652896.0,,0.004613536832753182,158.84623537926208,55652896.0,0.31
,34.5059318,3.8206653,17387.9834231,10.4625162,5025.77,0.801736,,,448.7222169,,1,TESS,55652896.0,,0.004613536832753182,158.84623537926208,55652896.0,0.31
,34.5059318,3.8206653,17387.9834231,10.4625162,5025.77,0.801736,,,448.7222169,,1,TESS,55652896.0,,0.004613536832753182,158.84623537926208,55652896.0,0.145
,34.5059318,3.8206653,17387.9834231,10.4625162,5025.77,0.801736,,,448.7222169,,1,TESS,55652896.0,,0.004613536832753182,158.84623537926208,55652896.0,0.145
,34.5059318,3.8206653,17387.9834231,10.4625162,5025.77,0.801736,,,448.7222169,,1,TESS,55652896.0,,0.004613536832753182,158.84623537926208,55652896.0,0.975
,34.5059318,3.8206653,17387.9834231,10.4625162,5025.77,0.801736,,,448.7222169,,1,TESS,55652896.0,,0.004613536832753182,158.84623537926208,55652896.0,0.975
,34.5059318,3.8206653,17387.9834231,10.4625162,5025.77,0.801736,,,448.7222169,,1,TESS,55652896.0,,0.004613536832753182,158.84623537926208,55652896.0,0.897
,34.5059318,3.8206653,17387.9834231,10.4625162,5025.77,0.801736,,,448.7222169,,1,TESS,55652896.0,,0.004613536832753182,158.84623537926208,55652896.0,0.897
,34.5059318,3.8206653,17387.9834231,10.4625162,5025.77,0.801736,,,448.7222169,,1,TESS,55652896.0,,0.004613536832753182,158.84623537926208,55652896.0,0.865
,34.5059318,3.8206653,17387.9834231,10.4625162,5025.77,0.801736,,,448.7222169,,1,TESS,55652896.0,,0.004613536832753182,158.84623537926208,55652896.0,0.865
,34.5059318,3.8206653,17387.9834231,10.4625162,5025.77,0.801736,,,448.7222169,,1,TESS,55652896.0,,0.004613536832753182,158.84623537926208,55652896.0,0.821
,34.5059318,3.8206653,17387.9834231,10.4625162,5025.77,0.801736,,,448.7222169,,1,TESS,55652896.0,,0.004613536832753182,158.84623537926208,55652896.0,0.821
,34.5059318,3.8206653,17387.9834231,10.4625162,5025.77,0.801736,,,448.7222169,,1,TESS,55652896.0,,0.004613536832753182,158.84623537926208,55652896.0,0.806
,34.5059318,3.8206653,17387.9834231,10.4625162,5025.77,0.801736,,,448.7222169,,1,TESS,55652896.0,,0.004613536832753182,158.84623537926208,55652896.0,0.806
,34.5059318,3.8206653,17387.9834231,10.4625162,5025.77,0.801736,,,448.7222169,,1,TESS,55652896.0,,0.004613536832753182,158.84623537926208,55652896.0,0.756
,34.5059318,3.8206653,17387.9834231,10.4625162,5025.77,0.801736,,,448.7222169,,1,TESS,55652896.0,,0.004613536832753182,158.84623537926208,55652896.0,0.756
,34.5059318,3.8206653,17387.9834231,10.4625162,5025.77,0.801736,,,448.7222169,,1,TESS,55652896.0,,0.004613536832753182,158.84623537926208,55652896.0,0.733
,34.5059318,3.8206653,17387.9834231,10.4625162,5025.77,0.801736,,,448.7222169,,1,TESS,55652896.0,,0.004613536832753182,158.84623537926208,55652896.0,0.733
,34.5059318,3.8206653,17387.9834231,10.4625162,5025.77,0.801736,,,448.7222169,,1,TESS,55652896.0,,0.004613536832753182,158.84623537926208,55652896.0,0.687
,34.5059318,3.8206653,17387.9834231,10.4625162,5025.77,0.801736,,,448.7222169,,1,TESS,55652896.0,,0.004613536832753182,158.84623537926208,55652896.0,0.687
,34.5059318,3.8206653,17387.9834231,10.4625162,5025.77,0.801736,,,448.7222169,,1,TESS,55652896.0,,0.004613536832753182,158.84623537926208,55652896.0,0.641
,34.5059318,3.8206653,17387.9834231,10.4625162,5025.77,0.801736,,,448.7222169,,1,TESS,55652896.0,,0.004613536832753182,158.84623537926208,55652896.0,0.641
,34.5059318,3.8206653,17387.9834231,10.4625162,5025.77,0.801736,,,448.7222169,,1,TESS,55652896.0,,0.004613536832753182,158.84623537926208,55652896.0,0.331
,34.5059318,3.8206653,17387.9834231,10.4625162,5025.77,0.801736,,,448.7222169,,1,TESS,55652896.0,,0.004613536832753182,158.84623537926208,55652896.0,0.331
,34.5059318,3.8206653,17387.9834231,10.4625162,5025.77,0.801736,,,448.7222169,,1,TESS,55652896.0,,0.004613536832753182,158.84623537926208,55652896.0,0.31
,34.5059318,3.8206653,17387.9834231,10.4625162,5025.77,0.801736,,,448.7222169,,1,TESS,55652896.0,,0.004613536832753182,158.84623537926208,55652896.0,0.31
,34.5059318,3.8206653,17387.9834231,10.4625162,5025.77,0.801736,,,448.7222169,,1,TESS,55652896.0,,0.004613536832753182,158.84623537926208,55652896.0,0.145
,34.5059318,3.8206653,17387.9834231,10.4625162,5025.77,0.801736,,,448.7222169,,1,TESS,55652896.0,,0.004613536832753182,158.84623537926208,55652896.0,0.145
,17.3890454,2.6516541,2971.7532268,6.4840125,5025.77,0.801736,,,563.8759593,,1,TESS,55652896.0,,0.006353746550990117,70.684639238301,55652896.0,0.975
,17.3890454,2.6516541,2971.7532268,6.4840125,5025.77,0.801736,,,563.8759593,,1,TESS,55652896.0,,0.006353746550990117,70.684639238301,55652896.0,0.975
,17.3890454,2.6516541,2971.7532268,6.4840125,5025.77,0.801736,,,563.8759593,,1,TESS,55652896.0,,0.006353746550990117,70.684639238301,55652896.0,0.897
,17.3890454,2.6516541,2971.7532268,6.4840125,5025.77,0.801736,,,563.8759593,,1,TESS,55652896.0,,0.006353746550990117,70.684639238301,55652896.0,0.897
,17.3890454,2.6516541,2971.7532268,6.4840125,5025.77,0.801736,,,563.8759593,,1,TESS,55652896.0,,0.006353746550990117,70.684639238301,55652896.0,0.865
,17.3890454,2.6516541,2971.7532268,6.4840125,5025.77,0.801736,,,563.8759593,,1,TESS,55652896.0,,0.006353746550990117,70.684639238301,55652896.0,0.865
,17.3890454,2.6516541,2971.7532268,6.4840125,5025.77,0.801736,,,563.8759593,,1,TESS,55652896.0,,0.006353746550990117,70.684639238301,55652896.0,0.821
,17.3890454,2.6516541,2971.7532268,6.4840125,5025.77,0.801736,,,563.8759593,,1,TESS,55652896.0,,0.006353746550990117,70.684639238301,55652896.0,0.821
,17.3890454,2.6516541,2971.7532268,6.4840125,5025.77,0.801736,,,563.8759593,,1,TESS,55652896.0,,0.006353746550990117,70.684639238301,55652896.0,0.806
,17.3890454,2.6516541,2971.7532268,6.4840125,5025.77,0.801736,,,563.8759593,,1,TESS,55652896.0,,0.006353746550990117,70.684639238301,55652896.0,0.806
,17.3890454,2.6516541,2971.7532268,6.4840125,5025.77,0.801736,,,563.8759593,,1,TESS,55652896.0,,0.006353746550990117,70.684639238301,55652896.0,0.756
,17.3890454,2.6516541,2971.7532268,6.4840125,5025.77,0.801736,,,563.8759593,,1,TESS,55652896.0,,0.006353746550990117,70.684639238301,55652896.0,0.756
,17.3890454,2.6516541,2971.7532268,6.4840125,5025.77,0.801736,,,563.8759593,,1,TESS,55652896.0,,0.006353746550990117,70.684639238301,55652896.0,0.733
,17.3890454,2.6516541,2971.7532268,6.4840125,5025.77,0.801736,,,563.8759593,,1,TESS,55652896.0,,0.006353746550990117,70.684639238301,55652896.0,0.733
,17.3890454,2.6516541,2971.7532268,6.4840125,5025.77,0.801736,,,563.8759593,,1,TESS,55652896.0,,0.006353746550990117,70.684639238301,55652896.0,0.687
,17.3890454,2.6516541,2971.7532268,6.4840125,5025.77,0.801736,,,563.8759593,,1,TESS,55652896.0,,0.006353746550990117,70.684639238301,55652896.0,0.687
,17.3890454,2.6516541,2971.7532268,6.4840125,5025.77,0.801736,,,563.8759593,,1,TESS,55652896.0,,0.006353746550990117,70.684639238301,55652896.0,0.641
,17.3890454,2.6516541,2971.7532268,6.4840125,5025.77,0.801736,,,563.8759593,,1,TESS,55652896.0,,0.006353746550990117,70.684639238301,55652896.0,0.641
,17.3890454,2.6516541,2971.7532268,6.4840125,5025.77,0.801736,,,563.8759593,,1,TESS,55652896.0,,0.006353746550990117,70.684639238301,55652896.0,0.331
,17.3890454,2.6516541,2971.7532268,6.4840125,5025.77,0.801736,,,563.8759593,,1,TESS,55652896.0,,0.006353746550990117,70.684639238301,55652896.0,0.331
,17.3890454,2.6516541,2971.7532268,6.4840125,5025.77,0.801736,,,563.8759593,,1,TESS,55652896.0,,0.006353746550990117,70.684639238301,55652896.0,0.31
,17.3890454,2.6516541,2971.7532268,6.4840125,5025.77,0.801736,,,563.8759593,,1,TESS,55652896.0,,0.006353746550990117,70.684639238301,55652896.0,0.31
,17.3890454,2.6516541,2971.7532268,6.4840125,5025.77,0.801736,,,563.8759593,,1,TESS,55652896.0,,0.006353746550990117,70.684639238301,55652896.0,0.145
,17.3890454,2.6516541,2971.7532268,6.4840125,5025.77,0.801736,,,563.8759593,,1,TESS,55652896.0,,0.006353746550990117,70.684639238301,55652896.0,0.145
,17.3890454,2.6516541,2971.7532268,6.4840125,5025.77,0.801736,,,563.8759593,,1,TESS,55652896.0,,0.006353746550990117,70.684639238301,55652896.0,0.975
,17.3890454,2.6516541,2971.7532268,6.4840125,5025.77,0.801736,,,563.8759593,,1,TESS,55652896.0,,0.006353746550990117,70.684639238301,55652896.0,0.975
,17.3890454,2.6516541,2971.7532268,6.4840125,5025.77,0.801736,,,563.8759593,,1,TESS,55652896.0,,0.006353746550990117,70.684639238301,55652896.0,0.897
,17.3890454,2.6516541,2971.7532268,6.4840125,5025.77,0.801736,,,563.8759593,,1,TESS,55652896.0,,0.006353746550990117,70.684639238301,55652896.0,0.897
,17.3890454,2.6516541,2971.7532268,6.4840125,5025.77,0.801736,,,563.8759593,,1,TESS,55652896.0,,0.006353746550990117,70.684639238301,55652896.0,0.865
,17.3890454,2.6516541,2971.7532268,6.4840125,5025.77,0.801736,,,563.8759593,,1,TESS,55652896.0,,0.006353746550990117,70.684639238301,55652896.0,0.865
,17.3890454,2.6516541,2971.7532268,6.4840125,5025.77,0.801736,,,563.8759593,,1,TESS,55652896.0,,0.006353746550990117,70.684639238301,55652896.0,0.821
,17.3890454,2.6516541,2971.7532268,6.4840125,5025.77,0.801736,,,563.8759593,,1,TESS,55652896.0,,0.006353746550990117,70.684639238301,55652896.0,0.821
,17.3890454,2.6516541,2971.7532268,6.4840125,5025.77,0.801736,,,563.8759593,,1,TESS,55652896.0,,0.006353746550990117,70.684639238301,55652896.0,0.806
,17.3890454,2.6516541,2971.7532268,6.4840125,5025.77,0.801736,,,563.8759593,,1,TESS,55652896.0,,0.006353746550990117,70.684639238301,55652896.0,0.806
,17.3890454,2.6516541,2971.7532268,6.4840125,5025.77,0.801736,,,563.8759593,,1,TESS,55652896.0,,0.006353746550990117,70.684639238301,55652896.0,0.756
,17.3890454,2.6516541,2971.7532268,6.4840125,5025.77,0.801736,,,563.8759593,,1,TESS,55652896.0,,0.006353746550990117,70.684639238301,55652896.0,0.756
,17.3890454,2.6516541,2971.7532268,6.4840125,5025.77,0.801736,,,563.8759593,,1,TESS,55652896.0,,0.006353746550990117,70.684639238301,55652896.0,0.733
,17.3890454,2.6516541,2971.7532268,6.4840125,5025.77,0.801736,,,563.8759593,,1,TESS,55652896.0,,0.006353746550990117,70.684639238301,55652896.0,0.733
,17.3890454,2.6516541,2971.7532268,6.4840125,5025.77,0.801736,,,563.8759593,,1,TESS,55652896.0,,0.006353746550990117,70.684639238301,55652896.0,0.687
,17.3890454,2.6516541,2971.7532268,6.4840125,5025.77,0.801736,,,563.8759593,,1,TESS,55652896.0,,0.006353746550990117,70.684639238301,55652896.0,0.687
,17.3890454,2.6516541,2971.7532268,6.4840125,5025.77,0.801736,,,563.8759593,,1,TESS,55652896.0,,0.006353746550990117,70.684639238301,55652896.0,0.641
,17.3890454,2.6516541,2971.7532268,6.4840125,5025.77,0.801736,,,563.8759593,,1,TESS,55652896.0,,0.006353746550990117,70.684639238301,55652896.0,0.641
,17.3890454,2.6516541,2971.7532268,6.4840125,5025.77,0.801736,,,563.8759593,,1,TESS,55652896.0,,0.006353746550990117,70.684639238301,55652896.0,0.331
,17.3890454,2.6516541,2971.7532268,6.4840125,5025.77,0.801736,,,563.8759593,,1,TESS,55652896.0,,0.006353746550990117,70.684639238301,55652896.0,0.331
,17.3890454,2.6516541,2971.7532268,6.4840125,5025.77,0.801736,,,563.8759593,,1,TESS,55652896.0,,0.006353746550990117,70.684639238301,55652896.0,0.31
,17.3890454,2.6516541,2971.7532268,6.4840125,5025.77,0.801736,,,563.8759593,,1,TESS,55652896.0,,0.006353746550990117,70.684639238301,55652896.0,0.31
,17.3890454,2.6516541,2971.7532268,6.4840125,5025.77,0.801736,,,563.8759593,,1,TESS,55652896.0,,0.006353746550990117,70.684639238301,55652896.0,0.145
,17.3890454,2.6516541,2971.7532268,6.4840125,5025.77,0.801736,,,563.8759593,,1,TESS,55652896.0,,0.006353746550990117,70.684639238301,55652896.0,0.145
,2.1357026,1.9116457,29272.618489,11.6264152,3678.2,0.666652,,,799.5461856,,1,TESS,382602147.0,,0.03729540930122541,216.555846290449,382602147.0,0.974
,2.1357026,1.9116457,29272.618489,11.6264152,3678.2,0.666652,,,799.5461856,,1,TESS,382602147.0,,0.03729540930122541,216.555846290449,382602147.0,0.962
,2.1357026,1.9116457,29272.618489,11.6264152,3678.2,0.666652,,,799.5461856,,1,TESS,382602147.0,,0.03729540930122541,216.555846290449,382602147.0,0.946
,6.89132,5.369,5940.0,11.3151,5488.0,1.41,,,1419.0,,0,TESS,394509844.0,,0.03246233406382755,46.39483650413574,394509844.0,0.829
,6.89132,5.369,5940.0,11.3151,5488.0,1.41,,,1419.0,,0,TESS,394509844.0,,0.03246233406382755,46.39483650413574,394509844.0,0.738
,6.89132,5.369,5940.0,11.3151,5488.0,1.41,,,1419.0,,0,TESS,394509844.0,,0.03246233406382755,46.39483650413574,394509844.0,0.537
,16.3152,1.992,2500.0,2.23088,3625.0,0.31,,,630.0,,0,TESS,166184426.0,,0.005087280559725286,502.3281327220844,166184426.0,0.9
,16.3152,1.992,2500.0,2.23088,3625.0,0.31,,,630.0,,0,TESS,166184426.0,,0.005087280559725286,502.3281327220844,166184426.0,0.754
,3.1385875,3.541,584.0,4.70639,6278.0,1.55,,,3201.0,,0,TESS,260043723.0,,0.047008937844798315,26.365560133015045,260043723.0,0.135
,1.46503,1.145,3162.12,5.43222,5912.5,0.88,,,1379.0,,0,TESS,188593930.0,,0.032564747463511914,107.15776132280061,188593930.0,0.599
,1.46503,1.145,3162.12,5.43222,5912.5,0.88,,,1379.0,,0,TESS,188593930.0,,0.032564747463511914,107.15776132280061,188593930.0,0.561
,1.46503,1.145,3162.12,5.43222,5912.5,0.88,,,1379.0,,0,TESS,188593930.0,,0.032564747463511914,107.15776132280061,188593930.0,0.559
,1.6363822,5.2796046,2383.8690387,10.6745489,6361.0,1.6787,,,2119.2651364,,0,TESS,29336129.0,,0.13443284789985577,20.921042763538434,29336129.0,0.239
,3.3704313,4.608,5610.0,13.6938,5765.0,1.85,,,1723.0,,1,TESS,305739565.0,,0.056966002430139,29.916783436796337,305739565.0,0.994
,1.8012697,3.182,1800.0,3.19942,4570.0,0.75,,,1576.0,,0,TESS,284747017.0,,0.07360548521214681,175.84497085279168,284747017.0,0.637
,1.8012697,3.182,1800.0,3.19942,4570.0,0.75,,,1576.0,,0,TESS,284747017.0,,0.07360548521214681,175.84497085279168,284747017.0,0.338
,1.8012697,3.182,1800.0,3.19942,4570.0,0.75,,,1576.0,,0,TESS,284747017.0,,0.07360548521214681,175.84497085279168,284747017.0,0.3
,5.5455798,3.1170996,8040.2832674,10.3353813,5354.0,1.07607,,,1002.1907807,,1,TESS,281196902.0,,0.023420301160241914,75.26937995863204,281196902.0,0.944
,7.327945,2.896,13710.0,9.49027,4521.0,0.79,,,697.0,,1,TESS,188570092.0,,0.016466644602348472,152.22301279510634,188570092.0,0.949
,3.3969441,2.4148687,10192.131158,14.4039682,5864.0,1.27071,,,1373.2191493,,1,TESS,327952677.0,,0.029620601626171868,49.124788532666045,327952677.0,0.994
,2.1570462,2.3436622,17928.3672773,14.5949243,5863.0,1.04535,,,1448.8262904,,0,TESS,117689799.0,,0.04527144100128992,84.16606922001473,117689799.0,0.225
,2.1570462,2.3436622,17928.3672773,14.5949243,5863.0,1.04535,,,1448.8262904,,0,TESS,117689799.0,,0.04527144100128992,84.16606922001473,117689799.0,0.179
,2.1570462,2.3436622,17928.3672773,14.5949243,5863.0,1.04535,,,1448.8262904,,0,TESS,117689799.0,,0.04527144100128992,84.16606922001473,117689799.0,0.156
,1.7561019,2.858,11010.0,8.43478,4896.0,0.81,,,1571.0,,0,TESS,86451883.0,,0.06781117343353923,154.7532554147826,86451883.0,0.216
,3.4654953,4.1612558,5884.1905569,14.2776184,5570.3,1.77738,,,1552.6711273,,1,TESS,228381868.0,,0.05003199867235911,28.865240873709702,228381868.0,0.725
,1.7113115,1.562,9840.0,,6845.2,,,,1740.0,,0,TESS,40779013.0,,0.03803125950401053,,40779013.0,0.251
,1.7113115,1.562,9840.0,,6845.2,,,,1740.0,,0,TESS,40779013.0,,0.03803125950401053,,40779013.0,0.242
,1.7113115,1.562,9840.0,,6845.2,,,,1740.0,,0,TESS,40779013.0,,0.03803125950401053,,40779013.0,0.171
,3.6015056,3.024,13630.0,12.3972,6055.0,1.03,,,1353.0,,1,TESS,287145649.0,,0.03498536793675299,88.68468704927203,287145649.0,0.965
,0.8831279,1.651686,2068.0674877,4.3749094,5151.4,0.86,,,1609.5701933,,1,TESS,358070912.0,,0.0779278366734952,108.05044431685857,358070912.0,0.987
,0.8831279,1.651686,2068.0674877,4.3749094,5151.4,0.86,,,1609.5701933,,1,TESS,358070912.0,,0.0779278366734952,108.05044431685857,358070912.0,0.975
,0.8831279,1.651686,2068.0674877,4.3749094,5151.4,0.86,,,1609.5701933,,1,TESS,358070912.0,,0.0779278366734952,108.05044431685857,358070912.0,0.962
,1.5380702,2.226,8770.0,18.9812,6125.0,2.06,,,1862.0,,0,TESS,89876424.0,,0.06030283759959836,24.34177600298461,89876424.0,0.338
,4.2021893,2.742,9310.0,14.1363,6702.0,1.42,,,1332.0,,0,TESS,16187321.0,,0.027188208505304127,46.58844042735089,16187321.0,0.948
,11.8886495,4.803,7800.0,11.0233,5773.9,1.21,,,954.0,,1,TESS,308073360.0,,0.016833282813040557,64.19058671596024,308073360.0,0.992
,11.8886495,4.803,7800.0,11.0233,5773.9,1.21,,,954.0,,1,TESS,308073360.0,,0.016833282813040557,64.19058671596024,308073360.0,0.992
,11.8886495,4.803,7800.0,11.0233,5773.9,1.21,,,954.0,,1,TESS,308073360.0,,0.016833282813040557,64.19058671596024,308073360.0,0.989
,11.8886495,4.803,7800.0,11.0233,5773.9,1.21,,,954.0,,1,TESS,308073360.0,,0.016833282813040557,64.19058671596024,308073360.0,0.955
,2.090218,3.329,8180.0,19.2766,6328.0,2.08,,,2186.0,,0,TESS,468977648.0,,0.06636070044765864,22.013668958984862,468977648.0,0.191
,2.090218,3.329,8180.0,19.2766,6328.0,2.08,,,2186.0,,0,TESS,468977648.0,,0.06636070044765864,22.013668958984862,468977648.0,0.123
,1.8639309,3.297,3640.0,14.7339,6527.4,1.57,,,3289.0,,0,TESS,269269740.0,,0.07370176487180567,16.767408526894457,269269740.0,0.193
,2.8300213,1.646,3790.0,6.47417,6205.0,1.01,,,1292.0,,0,TESS,253030300.0,,0.02423421064837023,90.42135307943414,253030300.0,0.402
,2.8300213,1.646,3790.0,6.47417,6205.0,1.01,,,1292.0,,0,TESS,253030300.0,,0.02423421064837023,90.42135307943414,253030300.0,0.105
,8.2064867,2.9678542,29281.2259569,14.6693181,5236.1,0.824569,,,757.8882131,,0,TESS,373614579.0,,0.015068639669982856,136.07219843920112,373614579.0,0.917
,8.2064867,2.9678542,29281.2259569,14.6693181,5236.1,0.824569,,,757.8882131,,0,TESS,373614579.0,,0.015068639669982856,136.07219843920112,373614579.0,0.621
,8.2064867,2.9678542,29281.2259569,14.6693181,5236.1,0.824569,,,757.8882131,,0,TESS,373614579.0,,0.015068639669982856,136.07219843920112,373614579.0,0.434
,5.7042858,4.061264,940.986289,5.0247868,5560.5,1.61148,,,1249.9428806,,1,TESS,169765334.0,,0.029665296941692388,37.26902224717807,169765334.0,0.932
,5.7042858,4.061264,940.986289,5.0247868,5560.5,1.61148,,,1249.9428806,,1,TESS,169765334.0,,0.029665296941692388,37.26902224717807,169765334.0,0.73
,4.4178042,2.5881434,6790.1682056,6.4020317,4864.0,0.785799,,,861.4483375,,1,TESS,160390955.0,,0.0244101599876797,165.67038505375425,160390955.0,0.997
,4.4178042,2.5881434,6790.1682056,6.4020317,4864.0,0.785799,,,861.4483375,,1,TESS,160390955.0,,0.0244101599876797,165.67038505375425,160390955.0,0.997
,4.4178042,2.5881434,6790.1682056,6.4020317,4864.0,0.785799,,,861.4483375,,1,TESS,160390955.0,,0.0244101599876797,165.67038505375425,160390955.0,0.984
,1.0590994,0.9853402,5155.2973108,10.6616565,9332.0,1.42848,,,2988.2080302,,0,TESS,239136269.0,,0.038764860079671615,45.35282459318563,239136269.0,0.141
,1.0590994,0.9853402,5155.2973108,10.6616565,9332.0,1.42848,,,2988.2080302,,0,TESS,239136269.0,,0.038764860079671615,45.35282459318563,239136269.0,0.101
,3.244299,2.6887498,5692.0048309,12.9273057,5999.0,1.5585901,,,1567.7850348,,1,TESS,95660472.0,,0.034531724797204205,34.06035886852698,95660472.0,0.512
,7.1404043,1.719,8300.0,10.5731,5886.6,1.11,,,751.0,,0,TESS,39077574.0,,0.010030944547781976,74.24605948170225,39077574.0,0.34
,7.1404043,1.719,8300.0,10.5731,5886.6,1.11,,,751.0,,0,TESS,39077574.0,,0.010030944547781976,74.24605948170225,39077574.0,0.238
,3.5608112,3.389,4890.0,10.4972,5659.0,1.47,,,1390.0,,1,TESS,145750719.0,,0.0396562254356509,44.37740588816287,145750719.0,0.908
,2.4843369,1.154,4450.0,8.59746,5608.0,1.76,,,991.0,,0,TESS,262531275.0,,0.01935459418845001,60.20321402655656,262531275.0,0.116
,4.8435717,2.561,6120.0,15.3767,5552.0,1.01,,,1429.0,,0,TESS,337274055.0,,0.02203091830257791,25.88362729146314,337274055.0,0.167
,3.6525305,4.153,9770.0,14.7302,5930.0,1.47,,,1553.0,,1,TESS,306648160.0,,0.04737583017928906,45.027441913177675,306648160.0,0.991
,5.2667367,2.788,2910.0,8.71675,5938.0,1.6,,,1106.0,,1,TESS,396133015.0,,0.022056668552965408,38.29867969784728,396133015.0,0.518
,0.6680065,0.835,550.0,15.4569,5159.0,3.77,,,2613.0,,0,TESS,300810086.0,,0.05208282329071502,2.3020666497675695,300810086.0,0.663
,0.6680065,0.835,550.0,15.4569,5159.0,3.77,,,2613.0,,0,TESS,300810086.0,,0.05208282329071502,2.3020666497675695,300810086.0,0.462
,0.6680065,0.835,550.0,15.4569,5159.0,3.77,,,2613.0,,0,TESS,300810086.0,,0.05208282329071502,2.3020666497675695,300810086.0,0.29
,0.6680065,0.835,550.0,15.4569,5159.0,3.77,,,2613.0,,0,TESS,300810086.0,,0.05208282329071502,2.3020666497675695,300810086.0,0.256
,0.6680065,0.835,550.0,15.4569,5159.0,3.77,,,2613.0,,0,TESS,300810086.0,,0.05208282329071502,2.3020666497675695,300810086.0,0.168
,0.6680065,0.835,550.0,15.4569,5159.0,3.77,,,2613.0,,0,TESS,300810086.0,,0.05208282329071502,2.3020666497675695,300810086.0,0.154
,1.2669382,1.93,2580.0,7.13535,6296.0,1.36,,,1985.0,,1,TESS,452006073.0,,0.06347323336051325,50.674460748213306,452006073.0,0.939
,4.6658007,2.609,565.0,2.17821,6365.0,1.02,,,1068.0,,1,TESS,391903064.0,,0.023298966105119553,119.08275161832631,391903064.0,0.819
,4.6658007,2.609,565.0,2.17821,6365.0,1.02,,,1068.0,,1,TESS,391903064.0,,0.023298966105119553,119.08275161832631,391903064.0,0.712
,4.6658007,2.609,565.0,2.17821,6365.0,1.02,,,1068.0,,1,TESS,391903064.0,,0.023298966105119553,119.08275161832631,391903064.0,0.687
,4.6658007,2.609,565.0,2.17821,6365.0,1.02,,,1068.0,,1,TESS,391903064.0,,0.023298966105119553,119.08275161832631,391903064.0,0.651
,4.6658007,2.609,565.0,2.17821,6365.0,1.02,,,1068.0,,1,TESS,391903064.0,,0.023298966105119553,119.08275161832631,391903064.0,0.639
,4.6658007,2.609,565.0,2.17821,6365.0,1.02,,,1068.0,,1,TESS,391903064.0,,0.023298966105119553,119.08275161832631,391903064.0,0.386
,4.6658007,2.609,565.0,2.17821,6365.0,1.02,,,1068.0,,1,TESS,391903064.0,,0.023298966105119553,119.08275161832631,391903064.0,0.218
,4.6658007,2.609,565.0,2.17821,6365.0,1.02,,,1068.0,,1,TESS,391903064.0,,0.023298966105119553,119.08275161832631,391903064.0,0.148
,4.6658007,2.609,565.0,2.17821,6365.0,1.02,,,1068.0,,1,TESS,391903064.0,,0.023298966105119553,119.08275161832631,391903064.0,0.142
,4.6658007,2.609,565.0,2.17821,6365.0,1.02,,,1068.0,,1,TESS,391903064.0,,0.023298966105119553,119.08275161832631,391903064.0,0.138
,56.0045056,10.4337079,767.9192527,4.6074444,6321.0,1.41189,,,596.6666471,,1,TESS,29781292.0,,0.007762550962385909,36.17389964080246,29781292.0,0.59
,56.0045056,10.4337079,767.9192527,4.6074444,6321.0,1.41189,,,596.6666471,,1,TESS,29781292.0,,0.007762550962385909,36.17389964080246,29781292.0,0.59
,56.0045056,10.4337079,767.9192527,4.6074444,6321.0,1.41189,,,596.6666471,,1,TESS,29781292.0,,0.007762550962385909,36.17389964080246,29781292.0,0.59
,56.0045056,10.4337079,767.9192527,4.6074444,6321.0,1.41189,,,596.6666471,,1,TESS,29781292.0,,0.007762550962385909,36.17389964080246,29781292.0,0.151
,56.0045056,10.4337079,767.9192527,4.6074444,6321.0,1.41189,,,596.6666471,,1,TESS,29781292.0,,0.007762550962385909,36.17389964080246,29781292.0,0.151
,56.0045056,10.4337079,767.9192527,4.6074444,6321.0,1.41189,,,596.6666471,,1,TESS,29781292.0,,0.007762550962385909,36.17389964080246,29781292.0,0.151
,56.0045056,10.4337079,767.9192527,4.6074444,6321.0,1.41189,,,596.6666471,,1,TESS,29781292.0,,0.007762550962385909,36.17389964080246,29781292.0,0.106
,56.0045056,10.4337079,767.9192527,4.6074444,6321.0,1.41189,,,596.6666471,,1,TESS,29781292.0,,0.007762550962385909,36.17389964080246,29781292.0,0.106
,56.0045056,10.4337079,767.9192527,4.6074444,6321.0,1.41189,,,596.6666471,,1,TESS,29781292.0,,0.007762550962385909,36.17389964080246,29781292.0,0.106
,56.0045056,10.4337079,767.9192527,4.6074444,6321.0,1.41189,,,596.6666471,,1,TESS,29781292.0,,0.007762550962385909,36.17389964080246,29781292.0,0.59
,56.0045056,10.4337079,767.9192527,4.6074444,6321.0,1.41189,,,596.6666471,,1,TESS,29781292.0,,0.007762550962385909,36.17389964080246,29781292.0,0.59
,56.0045056,10.4337079,767.9192527,4.6074444,6321.0,1.41189,,,596.6666471,,1,TESS,29781292.0,,0.007762550962385909,36.17389964080246,29781292.0,0.59
,56.0045056,10.4337079,767.9192527,4.6074444,6321.0,1.41189,,,596.6666471,,1,TESS,29781292.0,,0.007762550962385909,36.17389964080246,29781292.0,0.151
,56.0045056,10.4337079,767.9192527,4.6074444,6321.0,1.41189,,,596.6666471,,1,TESS,29781292.0,,0.007762550962385909,36.17389964080246,29781292.0,0.151
,56.0045056,10.4337079,767.9192527,4.6074444,6321.0,1.41189,,,596.6666471,,1,TESS,29781292.0,,0.007762550962385909,36.17389964080246,29781292.0,0.151
,56.0045056,10.4337079,767.9192527,4.6074444,6321.0,1.41189,,,596.6666471,,1,TESS,29781292.0,,0.007762550962385909,36.17389964080246,29781292.0,0.106
,56.0045056,10.4337079,767.9192527,4.6074444,6321.0,1.41189,,,596.6666471,,1,TESS,29781292.0,,0.007762550962385909,36.17389964080246,29781292.0,0.106
,56.0045056,10.4337079,767.9192527,4.6074444,6321.0,1.41189,,,596.6666471,,1,TESS,29781292.0,,0.007762550962385909,36.17389964080246,29781292.0,0.106
,56.0045056,10.4337079,767.9192527,4.6074444,6321.0,1.41189,,,596.6666471,,1,TESS,29781292.0,,0.007762550962385909,36.17389964080246,29781292.0,0.59
,56.0045056,10.4337079,767.9192527,4.6074444,6321.0,1.41189,,,596.6666471,,1,TESS,29781292.0,,0.007762550962385909,36.17389964080246,29781292.0,0.59
,56.0045056,10.4337079,767.9192527,4.6074444,6321.0,1.41189,,,596.6666471,,1,TESS,29781292.0,,0.007762550962385909,36.17389964080246,29781292.0,0.59
,56.0045056,10.4337079,767.9192527,4.6074444,6321.0,1.41189,,,596.6666471,,1,TESS,29781292.0,,0.007762550962385909,36.17389964080246,29781292.0,0.151
,56.0045056,10.4337079,767.9192527,4.6074444,6321.0,1.41189,,,596.6666471,,1,TESS,29781292.0,,0.007762550962385909,36.17389964080246,29781292.0,0.151
,56.0045056,10.4337079,767.9192527,4.6074444,6321.0,1.41189,,,596.6666471,,1,TESS,29781292.0,,0.007762550962385909,36.17389964080246,29781292.0,0.151
,56.0045056,10.4337079,767.9192527,4.6074444,6321.0,1.41189,,,596.6666471,,1,TESS,29781292.0,,0.007762550962385909,36.17389964080246,29781292.0,0.106
,56.0045056,10.4337079,767.9192527,4.6074444,6321.0,1.41189,,,596.6666471,,1,TESS,29781292.0,,0.007762550962385909,36.17389964080246,29781292.0,0.106
,56.0045056,10.4337079,767.9192527,4.6074444,6321.0,1.41189,,,596.6666471,,1,TESS,29781292.0,,0.007762550962385909,36.17389964080246,29781292.0,0.106
,84.2607645,10.925059,440.1660616,3.4359102,6321.0,1.41189,,,520.7120401,,1,TESS,29781292.0,,0.0054024051899216555,37.28489356100878,29781292.0,0.59
,84.2607645,10.925059,440.1660616,3.4359102,6321.0,1.41189,,,520.7120401,,1,TESS,29781292.0,,0.0054024051899216555,37.28489356100878,29781292.0,0.59
,84.2607645,10.925059,440.1660616,3.4359102,6321.0,1.41189,,,520.7120401,,1,TESS,29781292.0,,0.0054024051899216555,37.28489356100878,29781292.0,0.59
,84.2607645,10.925059,440.1660616,3.4359102,6321.0,1.41189,,,520.7120401,,1,TESS,29781292.0,,0.0054024051899216555,37.28489356100878,29781292.0,0.151
,84.2607645,10.925059,440.1660616,3.4359102,6321.0,1.41189,,,520.7120401,,1,TESS,29781292.0,,0.0054024051899216555,37.28489356100878,29781292.0,0.151
,84.2607645,10.925059,440.1660616,3.4359102,6321.0,1.41189,,,520.7120401,,1,TESS,29781292.0,,0.0054024051899216555,37.28489356100878,29781292.0,0.151
,84.2607645,10.925059,440.1660616,3.4359102,6321.0,1.41189,,,520.7120401,,1,TESS,29781292.0,,0.0054024051899216555,37.28489356100878,29781292.0,0.106
,84.2607645,10.925059,440.1660616,3.4359102,6321.0,1.41189,,,520.7120401,,1,TESS,29781292.0,,0.0054024051899216555,37.28489356100878,29781292.0,0.106
,84.2607645,10.925059,440.1660616,3.4359102,6321.0,1.41189,,,520.7120401,,1,TESS,29781292.0,,0.0054024051899216555,37.28489356100878,29781292.0,0.106
,84.2607645,10.925059,440.1660616,3.4359102,6321.0,1.41189,,,520.7120401,,1,TESS,29781292.0,,0.0054024051899216555,37.28489356100878,29781292.0,0.59
,84.2607645,10.925059,440.1660616,3.4359102,6321.0,1.41189,,,520.7120401,,1,TESS,29781292.0,,0.0054024051899216555,37.28489356100878,29781292.0,0.59
,84.2607645,10.925059,440.1660616,3.4359102,6321.0,1.41189,,,520.7120401,,1,TESS,29781292.0,,0.0054024051899216555,37.28489356100878,29781292.0,0.59
,84.2607645,10.925059,440.1660616,3.4359102,6321.0,1.41189,,,520.7120401,,1,TESS,29781292.0,,0.0054024051899216555,37.28489356100878,29781292.0,0.151
,84.2607645,10.925059,440.1660616,3.4359102,6321.0,1.41189,,,520.7120401,,1,TESS,29781292.0,,0.0054024051899216555,37.28489356100878,29781292.0,0.151
,84.2607645,10.925059,440.1660616,3.4359102,6321.0,1.41189,,,520.7120401,,1,TESS,29781292.0,,0.0054024051899216555,37.28489356100878,29781292.0,0.151
,84.2607645,10.925059,440.1660616,3.4359102,6321.0,1.41189,,,520.7120401,,1,TESS,29781292.0,,0.0054024051899216555,37.28489356100878,29781292.0,0.106
,84.2607645,10.925059,440.1660616,3.4359102,6321.0,1.41189,,,520.7120401,,1,TESS,29781292.0,,0.0054024051899216555,37.28489356100878,29781292.0,0.106
,84.2607645,10.925059,440.1660616,3.4359102,6321.0,1.41189,,,520.7120401,,1,TESS,29781292.0,,0.0054024051899216555,37.28489356100878,29781292.0,0.106
,84.2607645,10.925059,440.1660616,3.4359102,6321.0,1.41189,,,520.7120401,,1,TESS,29781292.0,,0.0054024051899216555,37.28489356100878,29781292.0,0.59
,84.2607645,10.925059,440.1660616,3.4359102,6321.0,1.41189,,,520.7120401,,1,TESS,29781292.0,,0.0054024051899216555,37.28489356100878,29781292.0,0.59
,84.2607645,10.925059,440.1660616,3.4359102,6321.0,1.41189,,,520.7120401,,1,TESS,29781292.0,,0.0054024051899216555,37.28489356100878,29781292.0,0.59
,84.2607645,10.925059,440.1660616,3.4359102,6321.0,1.41189,,,520.7120401,,1,TESS,29781292.0,,0.0054024051899216555,37.28489356100878,29781292.0,0.151
,84.2607645,10.925059,440.1660616,3.4359102,6321.0,1.41189,,,520.7120401,,1,TESS,29781292.0,,0.0054024051899216555,37.28489356100878,29781292.0,0.151
,84.2607645,10.925059,440.1660616,3.4359102,6321.0,1.41189,,,520.7120401,,1,TESS,29781292.0,,0.0054024051899216555,37.28489356100878,29781292.0,0.151
,84.2607645,10.925059,440.1660616,3.4359102,6321.0,1.41189,,,520.7120401,,1,TESS,29781292.0,,0.0054024051899216555,37.28489356100878,29781292.0,0.106
,84.2607645,10.925059,440.1660616,3.4359102,6321.0,1.41189,,,520.7120401,,1,TESS,29781292.0,,0.0054024051899216555,37.28489356100878,29781292.0,0.106
,84.2607645,10.925059,440.1660616,3.4359102,6321.0,1.41189,,,520.7120401,,1,TESS,29781292.0,,0.0054024051899216555,37.28489356100878,29781292.0,0.106
,22.8909855,2.465657,253.4100012,2.5594629,6321.0,1.41189,,,803.9912632,,1,TESS,29781292.0,,0.004488042166045302,38.68352190942939,29781292.0,0.59
,22.8909855,2.465657,253.4100012,2.5594629,6321.0,1.41189,,,803.9912632,,1,TESS,29781292.0,,0.004488042166045302,38.68352190942939,29781292.0,0.59
,22.8909855,2.465657,253.4100012,2.5594629,6321.0,1.41189,,,803.9912632,,1,TESS,29781292.0,,0.004488042166045302,38.68352190942939,29781292.0,0.59
,22.8909855,2.465657,253.4100012,2.5594629,6321.0,1.41189,,,803.9912632,,1,TESS,29781292.0,,0.004488042166045302,38.68352190942939,29781292.0,0.151
,22.8909855,2.465657,253.4100012,2.5594629,6321.0,1.41189,,,803.9912632,,1,TESS,29781292.0,,0.004488042166045302,38.68352190942939,29781292.0,0.151
,22.8909855,2.465657,253.4100012,2.5594629,6321.0,1.41189,,,803.9912632,,1,TESS,29781292.0,,0.004488042166045302,38.68352190942939,29781292.0,0.151
,22.8909855,2.465657,253.4100012,2.5594629,6321.0,1.41189,,,803.9912632,,1,TESS,29781292.0,,0.004488042166045302,38.68352190942939,29781292.0,0.106
,22.8909855,2.465657,253.4100012,2.5594629,6321.0,1.41189,,,803.9912632,,1,TESS,29781292.0,,0.004488042166045302,38.68352190942939,29781292.0,0.106
,22.8909855,2.465657,253.4100012,2.5594629,6321.0,1.41189,,,803.9912632,,1,TESS,29781292.0,,0.004488042166045302,38.68352190942939,29781292.0,0.106
,22.8909855,2.465657,253.4100012,2.5594629,6321.0,1.41189,,,803.9912632,,1,TESS,29781292.0,,0.004488042166045302,38.68352190942939,29781292.0,0.59
,22.8909855,2.465657,253.4100012,2.5594629,6321.0,1.41189,,,803.9912632,,1,TESS,29781292.0,,0.004488042166045302,38.68352190942939,29781292.0,0.59
,22.8909855,2.465657,253.4100012,2.5594629,6321.0,1.41189,,,803.9912632,,1,TESS,29781292.0,,0.004488042166045302,38.68352190942939,29781292.0,0.59
,22.8909855,2.465657,253.4100012,2.5594629,6321.0,1.41189,,,803.9912632,,1,TESS,29781292.0,,0.004488042166045302,38.68352190942939,29781292.0,0.151
,22.8909855,2.465657,253.4100012,2.5594629,6321.0,1.41189,,,803.9912632,,1,TESS,29781292.0,,0.004488042166045302,38.68352190942939,29781292.0,0.151
,22.8909855,2.465657,253.4100012,2.5594629,6321.0,1.41189,,,803.9912632,,1,TESS,29781292.0,,0.004488042166045302,38.68352190942939,29781292.0,0.151
,22.8909855,2.465657,253.4100012,2.5594629,6321.0,1.41189,,,803.9912632,,1,TESS,29781292.0,,0.004488042166045302,38.68352190942939,29781292.0,0.106
,22.8909855,2.465657,253.4100012,2.5594629,6321.0,1.41189,,,803.9912632,,1,TESS,29781292.0,,0.004488042166045302,38.68352190942939,29781292.0,0.106
,22.8909855,2.465657,253.4100012,2.5594629,6321.0,1.41189,,,803.9912632,,1,TESS,29781292.0,,0.004488042166045302,38.68352190942939,29781292.0,0.106
,22.8909855,2.465657,253.4100012,2.5594629,6321.0,1.41189,,,803.9912632,,1,TESS,29781292.0,,0.004488042166045302,38.68352190942939,29781292.0,0.59
,22.8909855,2.465657,253.4100012,2.5594629,6321.0,1.41189,,,803.9912632,,1,TESS,29781292.0,,0.004488042166045302,38.68352190942939,29781292.0,0.59
,22.8909855,2.465657,253.4100012,2.5594629,6321.0,1.41189,,,803.9912632,,1,TESS,29781292.0,,0.004488042166045302,38.68352190942939,29781292.0,0.59
,22.8909855,2.465657,253.4100012,2.5594629,6321.0,1.41189,,,803.9912632,,1,TESS,29781292.0,,0.004488042166045302,38.68352190942939,29781292.0,0.151
,22.8909855,2.465657,253.4100012,2.5594629,6321.0,1.41189,,,803.9912632,,1,TESS,29781292.0,,0.004488042166045302,38.68352190942939,29781292.0,0.151
,22.8909855,2.465657,253.4100012,2.5594629,6321.0,1.41189,,,803.9912632,,1,TESS,29781292.0,,0.004488042166045302,38.68352190942939,29781292.0,0.151
,22.8909855,2.465657,253.4100012,2.5594629,6321.0,1.41189,,,803.9912632,,1,TESS,29781292.0,,0.004488042166045302,38.68352190942939,29781292.0,0.106
,22.8909855,2.465657,253.4100012,2.5594629,6321.0,1.41189,,,803.9912632,,1,TESS,29781292.0,,0.004488042166045302,38.68352190942939,29781292.0,0.106
,22.8909855,2.465657,253.4100012,2.5594629,6321.0,1.41189,,,803.9912632,,1,TESS,29781292.0,,0.004488042166045302,38.68352190942939,29781292.0,0.106
,2.6340964,3.477,2250.0,4.1106,5163.2,0.83,,,1601.0,,0,TESS,429414530.0,,0.054999884479678934,133.15946959815912,429414530.0,0.257
,4.6141256,1.566,4920.0,10.7957,6888.0,1.33,,,1001.0,,0,TESS,268042363.0,,0.01414135744609483,42.21467829694908,268042363.0,0.483
,1.1468708,1.3965477,2762.6275979,11.7343018,6755.0,1.99145,,,2702.390069,,0,TESS,114103134.0,,0.050737611757080955,20.063552612428218,114103134.0,0.282
,1.680148,1.217,1420.0,9.76407,5750.5,2.35,,,1364.0,,0,TESS,419419534.0,,0.030180872206375272,14.894522035236974,419419534.0,0.113
,1.3090665,2.844,209.0,0.97952,4779.8,0.78,,,1906.0,,0,TESS,277103955.0,,0.09052251831990843,217.8307654781216,277103955.0,0.139
,6.1836286,2.573,9990.0,13.3233,6504.0,1.29,,,1042.0,,0,TESS,61117473.0,,0.017337446917646333,56.27841683276194,61117473.0,0.909
,4.7150255,3.302,4566.0,17.6148,5756.9,1.2,,,1827.0,,0,TESS,9033144.0,,0.02917976416405591,14.71568465548369,9033144.0,0.165
,4.8542148,5.588206,7842.3157995,18.9133256,7259.3,2.0394399,,,1779.7012929,,0,TESS,34551972.0,,0.0479669574300757,21.92343126982699,34551972.0,0.603
,4.8542148,5.588206,7842.3157995,18.9133256,7259.3,2.0394399,,,1779.7012929,,0,TESS,34551972.0,,0.0479669574300757,21.92343126982699,34551972.0,0.537
,4.8542148,5.588206,7842.3157995,18.9133256,7259.3,2.0394399,,,1779.7012929,,0,TESS,34551972.0,,0.0479669574300757,21.92343126982699,34551972.0,0.354
,4.8542148,5.588206,7842.3157995,18.9133256,7259.3,2.0394399,,,1779.7012929,,0,TESS,34551972.0,,0.0479669574300757,21.92343126982699,34551972.0,0.281
,4.8542148,5.588206,7842.3157995,18.9133256,7259.3,2.0394399,,,1779.7012929,,0,TESS,34551972.0,,0.0479669574300757,21.92343126982699,34551972.0,0.251
,4.8542148,5.588206,7842.3157995,18.9133256,7259.3,2.0394399,,,1779.7012929,,0,TESS,34551972.0,,0.0479669574300757,21.92343126982699,34551972.0,0.248
,4.8542148,5.588206,7842.3157995,18.9133256,7259.3,2.0394399,,,1779.7012929,,0,TESS,34551972.0,,0.0479669574300757,21.92343126982699,34551972.0,0.191
,4.5117221,1.785,313.0,1.40246,5245.0,0.79,,,850.0,,1,TESS,150030205.0,,0.01648483609243837,159.13406246326437,150030205.0,0.997
,4.5117221,1.785,313.0,1.40246,5245.0,0.79,,,850.0,,1,TESS,150030205.0,,0.01648483609243837,159.13406246326437,150030205.0,0.997
,4.5117221,1.785,313.0,1.40246,5245.0,0.79,,,850.0,,1,TESS,150030205.0,,0.01648483609243837,159.13406246326437,150030205.0,0.997
,4.5117221,1.785,313.0,1.40246,5245.0,0.79,,,850.0,,1,TESS,150030205.0,,0.01648483609243837,159.13406246326437,150030205.0,0.997
,4.5117221,1.785,313.0,1.40246,5245.0,0.79,,,850.0,,1,TESS,150030205.0,,0.01648483609243837,159.13406246326437,150030205.0,0.997
,4.5117221,1.785,313.0,1.40246,5245.0,0.79,,,850.0,,1,TESS,150030205.0,,0.01648483609243837,159.13406246326437,150030205.0,0.997
,4.5117221,1.785,313.0,1.40246,5245.0,0.79,,,850.0,,1,TESS,150030205.0,,0.01648483609243837,159.13406246326437,150030205.0,0.996
,4.5117221,1.785,313.0,1.40246,5245.0,0.79,,,850.0,,1,TESS,150030205.0,,0.01648483609243837,159.13406246326437,150030205.0,0.996
,4.5117221,1.785,313.0,1.40246,5245.0,0.79,,,850.0,,1,TESS,150030205.0,,0.01648483609243837,159.13406246326437,150030205.0,0.996
,4.5117221,1.785,313.0,1.40246,5245.0,0.79,,,850.0,,1,TESS,150030205.0,,0.01648483609243837,159.13406246326437,150030205.0,0.996
,4.5117221,1.785,313.0,1.40246,5245.0,0.79,,,850.0,,1,TESS,150030205.0,,0.01648483609243837,159.13406246326437,150030205.0,0.995
,4.5117221,1.785,313.0,1.40246,5245.0,0.79,,,850.0,,1,TESS,150030205.0,,0.01648483609243837,159.13406246326437,150030205.0,0.995
,4.5117221,1.785,313.0,1.40246,5245.0,0.79,,,850.0,,1,TESS,150030205.0,,0.01648483609243837,159.13406246326437,150030205.0,0.99
,4.5117221,1.785,313.0,1.40246,5245.0,0.79,,,850.0,,1,TESS,150030205.0,,0.01648483609243837,159.13406246326437,150030205.0,0.99
,4.5117221,1.785,313.0,1.40246,5245.0,0.79,,,850.0,,1,TESS,150030205.0,,0.01648483609243837,159.13406246326437,150030205.0,0.989
,4.5117221,1.785,313.0,1.40246,5245.0,0.79,,,850.0,,1,TESS,150030205.0,,0.01648483609243837,159.13406246326437,150030205.0,0.989
,4.5117221,1.785,313.0,1.40246,5245.0,0.79,,,850.0,,1,TESS,150030205.0,,0.01648483609243837,159.13406246326437,150030205.0,0.987
,4.5117221,1.785,313.0,1.40246,5245.0,0.79,,,850.0,,1,TESS,150030205.0,,0.01648483609243837,159.13406246326437,150030205.0,0.987
,4.5117221,1.785,313.0,1.40246,5245.0,0.79,,,850.0,,1,TESS,150030205.0,,0.01648483609243837,159.13406246326437,150030205.0,0.986
,4.5117221,1.785,313.0,1.40246,5245.0,0.79,,,850.0,,1,TESS,150030205.0,,0.01648483609243837,159.13406246326437,150030205.0,0.986
,4.5117221,1.785,313.0,1.40246,5245.0,0.79,,,850.0,,1,TESS,150030205.0,,0.01648483609243837,159.13406246326437,150030205.0,0.985
,4.5117221,1.785,313.0,1.40246,5245.0,0.79,,,850.0,,1,TESS,150030205.0,,0.01648483609243837,159.13406246326437,150030205.0,0.985
,4.5117221,1.785,313.0,1.40246,5245.0,0.79,,,850.0,,1,TESS,150030205.0,,0.01648483609243837,159.13406246326437,150030205.0,0.963
,4.5117221,1.785,313.0,1.40246,5245.0,0.79,,,850.0,,1,TESS,150030205.0,,0.01648483609243837,159.13406246326437,150030205.0,0.963
,4.5117221,1.785,313.0,1.40246,5245.0,0.79,,,850.0,,1,TESS,150030205.0,,0.01648483609243837,159.13406246326437,150030205.0,0.954
,4.5117221,1.785,313.0,1.40246,5245.0,0.79,,,850.0,,1,TESS,150030205.0,,0.01648483609243837,159.13406246326437,150030205.0,0.954
,4.5117221,1.785,313.0,1.40246,5245.0,0.79,,,850.0,,1,TESS,150030205.0,,0.01648483609243837,159.13406246326437,150030205.0,0.871
,4.5117221,1.785,313.0,1.40246,5245.0,0.79,,,850.0,,1,TESS,150030205.0,,0.01648483609243837,159.13406246326437,150030205.0,0.871
,4.5117221,1.785,313.0,1.40246,5245.0,0.79,,,850.0,,1,TESS,150030205.0,,0.01648483609243837,159.13406246326437,150030205.0,0.81
,4.5117221,1.785,313.0,1.40246,5245.0,0.79,,,850.0,,1,TESS,150030205.0,,0.01648483609243837,159.13406246326437,150030205.0,0.81
,4.5117221,1.785,313.0,1.40246,5245.0,0.79,,,850.0,,1,TESS,150030205.0,,0.01648483609243837,159.13406246326437,150030205.0,0.711
,4.5117221,1.785,313.0,1.40246,5245.0,0.79,,,850.0,,1,TESS,150030205.0,,0.01648483609243837,159.13406246326437,150030205.0,0.711
,4.5117221,1.785,313.0,1.40246,5245.0,0.79,,,850.0,,1,TESS,150030205.0,,0.01648483609243837,159.13406246326437,150030205.0,0.523
,4.5117221,1.785,313.0,1.40246,5245.0,0.79,,,850.0,,1,TESS,150030205.0,,0.01648483609243837,159.13406246326437,150030205.0,0.523
,4.5117221,1.785,313.0,1.40246,5245.0,0.79,,,850.0,,1,TESS,150030205.0,,0.01648483609243837,159.13406246326437,150030205.0,0.369
,4.5117221,1.785,313.0,1.40246,5245.0,0.79,,,850.0,,1,TESS,150030205.0,,0.01648483609243837,159.13406246326437,150030205.0,0.369
,4.5117221,1.785,313.0,1.40246,5245.0,0.79,,,850.0,,1,TESS,150030205.0,,0.01648483609243837,159.13406246326437,150030205.0,0.997
,4.5117221,1.785,313.0,1.40246,5245.0,0.79,,,850.0,,1,TESS,150030205.0,,0.01648483609243837,159.13406246326437,150030205.0,0.997
,4.5117221,1.785,313.0,1.40246,5245.0,0.79,,,850.0,,1,TESS,150030205.0,,0.01648483609243837,159.13406246326437,150030205.0,0.997
,4.5117221,1.785,313.0,1.40246,5245.0,0.79,,,850.0,,1,TESS,150030205.0,,0.01648483609243837,159.13406246326437,150030205.0,0.997
,4.5117221,1.785,313.0,1.40246,5245.0,0.79,,,850.0,,1,TESS,150030205.0,,0.01648483609243837,159.13406246326437,150030205.0,0.997
,4.5117221,1.785,313.0,1.40246,5245.0,0.79,,,850.0,,1,TESS,150030205.0,,0.01648483609243837,159.13406246326437,150030205.0,0.997
,4.5117221,1.785,313.0,1.40246,5245.0,0.79,,,850.0,,1,TESS,150030205.0,,0.01648483609243837,159.13406246326437,150030205.0,0.996
,4.5117221,1.785,313.0,1.40246,5245.0,0.79,,,850.0,,1,TESS,150030205.0,,0.01648483609243837,159.13406246326437,150030205.0,0.996
,4.5117221,1.785,313.0,1.40246,5245.0,0.79,,,850.0,,1,TESS,150030205.0,,0.01648483609243837,159.13406246326437,150030205.0,0.996
,4.5117221,1.785,313.0,1.40246,5245.0,0.79,,,850.0,,1,TESS,150030205.0,,0.01648483609243837,159.13406246326437,150030205.0,0.996
,4.5117221,1.785,313.0,1.40246,5245.0,0.79,,,850.0,,1,TESS,150030205.0,,0.01648483609243837,159.13406246326437,150030205.0,0.995
,4.5117221,1.785,313.0,1.40246,5245.0,0.79,,,850.0,,1,TESS,150030205.0,,0.01648483609243837,159.13406246326437,150030205.0,0.995
,4.5117221,1.785,313.0,1.40246,5245.0,0.79,,,850.0,,1,TESS,150030205.0,,0.01648483609243837,159.13406246326437,150030205.0,0.99
,4.5117221,1.785,313.0,1.40246,5245.0,0.79,,,850.0,,1,TESS,150030205.0,,0.01648483609243837,159.13406246326437,150030205.0,0.99
,4.5117221,1.785,313.0,1.40246,5245.0,0.79,,,850.0,,1,TESS,150030205.0,,0.01648483609243837,159.13406246326437,150030205.0,0.989
,4.5117221,1.785,313.0,1.40246,5245.0,0.79,,,850.0,,1,TESS,150030205.0,,0.01648483609243837,159.13406246326437,150030205.0,0.989
,4.5117221,1.785,313.0,1.40246,5245.0,0.79,,,850.0,,1,TESS,150030205.0,,0.01648483609243837,159.13406246326437,150030205.0,0.987
,4.5117221,1.785,313.0,1.40246,5245.0,0.79,,,850.0,,1,TESS,150030205.0,,0.01648483609243837,159.13406246326437,150030205.0,0.987
,4.5117221,1.785,313.0,1.40246,5245.0,0.79,,,850.0,,1,TESS,150030205.0,,0.01648483609243837,159.13406246326437,150030205.0,0.986
,4.5117221,1.785,313.0,1.40246,5245.0,0.79,,,850.0,,1,TESS,150030205.0,,0.01648483609243837,159.13406246326437,150030205.0,0.986
,4.5117221,1.785,313.0,1.40246,5245.0,0.79,,,850.0,,1,TESS,150030205.0,,0.01648483609243837,159.13406246326437,150030205.0,0.985
,4.5117221,1.785,313.0,1.40246,5245.0,0.79,,,850.0,,1,TESS,150030205.0,,0.01648483609243837,159.13406246326437,150030205.0,0.985
,4.5117221,1.785,313.0,1.40246,5245.0,0.79,,,850.0,,1,TESS,150030205.0,,0.01648483609243837,159.13406246326437,150030205.0,0.963
,4.5117221,1.785,313.0,1.40246,5245.0,0.79,,,850.0,,1,TESS,150030205.0,,0.01648483609243837,159.13406246326437,150030205.0,0.963
,4.5117221,1.785,313.0,1.40246,5245.0,0.79,,,850.0,,1,TESS,150030205.0,,0.01648483609243837,159.13406246326437,150030205.0,0.954
,4.5117221,1.785,313.0,1.40246,5245.0,0.79,,,850.0,,1,TESS,150030205.0,,0.01648483609243837,159.13406246326437,150030205.0,0.954
,4.5117221,1.785,313.0,1.40246,5245.0,0.79,,,850.0,,1,TESS,150030205.0,,0.01648483609243837,159.13406246326437,150030205.0,0.871
,4.5117221,1.785,313.0,1.40246,5245.0,0.79,,,850.0,,1,TESS,150030205.0,,0.01648483609243837,159.13406246326437,150030205.0,0.871
,4.5117221,1.785,313.0,1.40246,5245.0,0.79,,,850.0,,1,TESS,150030205.0,,0.01648483609243837,159.13406246326437,150030205.0,0.81
,4.5117221,1.785,313.0,1.40246,5245.0,0.79,,,850.0,,1,TESS,150030205.0,,0.01648483609243837,159.13406246326437,150030205.0,0.81
,4.5117221,1.785,313.0,1.40246,5245.0,0.79,,,850.0,,1,TESS,150030205.0,,0.01648483609243837,159.13406246326437,150030205.0,0.711
,4.5117221,1.785,313.0,1.40246,5245.0,0.79,,,850.0,,1,TESS,150030205.0,,0.01648483609243837,159.13406246326437,150030205.0,0.711
,4.5117221,1.785,313.0,1.40246,5245.0,0.79,,,850.0,,1,TESS,150030205.0,,0.01648483609243837,159.13406246326437,150030205.0,0.523
,4.5117221,1.785,313.0,1.40246,5245.0,0.79,,,850.0,,1,TESS,150030205.0,,0.01648483609243837,159.13406246326437,150030205.0,0.523
,4.5117221,1.785,313.0,1.40246,5245.0,0.79,,,850.0,,1,TESS,150030205.0,,0.01648483609243837,159.13406246326437,150030205.0,0.369
,4.5117221,1.785,313.0,1.40246,5245.0,0.79,,,850.0,,1,TESS,150030205.0,,0.01648483609243837,159.13406246326437,150030205.0,0.369
,39.361947,4.535,552.0,1.84555,5245.0,0.79,,,606.0,,1,TESS,150030205.0,,0.004800533193475188,162.0642854984464,150030205.0,0.997
,39.361947,4.535,552.0,1.84555,5245.0,0.79,,,606.0,,1,TESS,150030205.0,,0.004800533193475188,162.0642854984464,150030205.0,0.997
,39.361947,4.535,552.0,1.84555,5245.0,0.79,,,606.0,,1,TESS,150030205.0,,0.004800533193475188,162.0642854984464,150030205.0,0.997
,39.361947,4.535,552.0,1.84555,5245.0,0.79,,,606.0,,1,TESS,150030205.0,,0.004800533193475188,162.0642854984464,150030205.0,0.997
,39.361947,4.535,552.0,1.84555,5245.0,0.79,,,606.0,,1,TESS,150030205.0,,0.004800533193475188,162.0642854984464,150030205.0,0.997
,39.361947,4.535,552.0,1.84555,5245.0,0.79,,,606.0,,1,TESS,150030205.0,,0.004800533193475188,162.0642854984464,150030205.0,0.997
,39.361947,4.535,552.0,1.84555,5245.0,0.79,,,606.0,,1,TESS,150030205.0,,0.004800533193475188,162.0642854984464,150030205.0,0.996
,39.361947,4.535,552.0,1.84555,5245.0,0.79,,,606.0,,1,TESS,150030205.0,,0.004800533193475188,162.0642854984464,150030205.0,0.996
,39.361947,4.535,552.0,1.84555,5245.0,0.79,,,606.0,,1,TESS,150030205.0,,0.004800533193475188,162.0642854984464,150030205.0,0.996
,39.361947,4.535,552.0,1.84555,5245.0,0.79,,,606.0,,1,TESS,150030205.0,,0.004800533193475188,162.0642854984464,150030205.0,0.996
,39.361947,4.535,552.0,1.84555,5245.0,0.79,,,606.0,,1,TESS,150030205.0,,0.004800533193475188,162.0642854984464,150030205.0,0.995
,39.361947,4.535,552.0,1.84555,5245.0,0.79,,,606.0,,1,TESS,150030205.0,,0.004800533193475188,162.0642854984464,150030205.0,0.995
,39.361947,4.535,552.0,1.84555,5245.0,0.79,,,606.0,,1,TESS,150030205.0,,0.004800533193475188,162.0642854984464,150030205.0,0.99
,39.361947,4.535,552.0,1.84555,5245.0,0.79,,,606.0,,1,TESS,150030205.0,,0.004800533193475188,162.0642854984464,150030205.0,0.99
,39.361947,4.535,552.0,1.84555,5245.0,0.79,,,606.0,,1,TESS,150030205.0,,0.004800533193475188,162.0642854984464,150030205.0,0.989
,39.361947,4.535,552.0,1.84555,5245.0,0.79,,,606.0,,1,TESS,150030205.0,,0.004800533193475188,162.0642854984464,150030205.0,0.989
,39.361947,4.535,552.0,1.84555,5245.0,0.79,,,606.0,,1,TESS,150030205.0,,0.004800533193475188,162.0642854984464,150030205.0,0.987
,39.361947,4.535,552.0,1.84555,5245.0,0.79,,,606.0,,1,TESS,150030205.0,,0.004800533193475188,162.0642854984464,150030205.0,0.987
,39.361947,4.535,552.0,1.84555,5245.0,0.79,,,606.0,,1,TESS,150030205.0,,0.004800533193475188,162.0642854984464,150030205.0,0.986
,39.361947,4.535,552.0,1.84555,5245.0,0.79,,,606.0,,1,TESS,150030205.0,,0.004800533193475188,162.0642854984464,150030205.0,0.986
,39.361947,4.535,552.0,1.84555,5245.0,0.79,,,606.0,,1,TESS,150030205.0,,0.004800533193475188,162.0642854984464,150030205.0,0.985
,39.361947,4.535,552.0,1.84555,5245.0,0.79,,,606.0,,1,TESS,150030205.0,,0.004800533193475188,162.0642854984464,150030205.0,0.985
,39.361947,4.535,552.0,1.84555,5245.0,0.79,,,606.0,,1,TESS,150030205.0,,0.004800533193475188,162.0642854984464,150030205.0,0.963
,39.361947,4.535,552.0,1.84555,5245.0,0.79,,,606.0,,1,TESS,150030205.0,,0.004800533193475188,162.0642854984464,150030205.0,0.963
,39.361947,4.535,552.0,1.84555,5245.0,0.79,,,606.0,,1,TESS,150030205.0,,0.004800533193475188,162.0642854984464,150030205.0,0.954
,39.361947,4.535,552.0,1.84555,5245.0,0.79,,,606.0,,1,TESS,150030205.0,,0.004800533193475188,162.0642854984464,150030205.0,0.954
,39.361947,4.535,552.0,1.84555,5245.0,0.79,,,606.0,,1,TESS,150030205.0,,0.004800533193475188,162.0642854984464,150030205.0,0.871
,39.361947,4.535,552.0,1.84555,5245.0,0.79,,,606.0,,1,TESS,150030205.0,,0.004800533193475188,162.0642854984464,150030205.0,0.871
,39.361947,4.535,552.0,1.84555,5245.0,0.79,,,606.0,,1,TESS,150030205.0,,0.004800533193475188,162.0642854984464,150030205.0,0.81
,39.361947,4.535,552.0,1.84555,5245.0,0.79,,,606.0,,1,TESS,150030205.0,,0.004800533193475188,162.0642854984464,150030205.0,0.81
,39.361947,4.535,552.0,1.84555,5245.0,0.79,,,606.0,,1,TESS,150030205.0,,0.004800533193475188,162.0642854984464,150030205.0,0.711
,39.361947,4.535,552.0,1.84555,5245.0,0.79,,,606.0,,1,TESS,150030205.0,,0.004800533193475188,162.0642854984464,150030205.0,0.711
,39.361947,4.535,552.0,1.84555,5245.0,0.79,,,606.0,,1,TESS,150030205.0,,0.004800533193475188,162.0642854984464,150030205.0,0.523
,39.361947,4.535,552.0,1.84555,5245.0,0.79,,,606.0,,1,TESS,150030205.0,,0.004800533193475188,162.0642854984464,150030205.0,0.523
,39.361947,4.535,552.0,1.84555,5245.0,0.79,,,606.0,,1,TESS,150030205.0,,0.004800533193475188,162.0642854984464,150030205.0,0.369
,39.361947,4.535,552.0,1.84555,5245.0,0.79,,,606.0,,1,TESS,150030205.0,,0.004800533193475188,162.0642854984464,150030205.0,0.369
,39.361947,4.535,552.0,1.84555,5245.0,0.79,,,606.0,,1,TESS,150030205.0,,0.004800533193475188,162.0642854984464,150030205.0,0.997
,39.361947,4.535,552.0,1.84555,5245.0,0.79,,,606.0,,1,TESS,150030205.0,,0.004800533193475188,162.0642854984464,150030205.0,0.997
,39.361947,4.535,552.0,1.84555,5245.0,0.79,,,606.0,,1,TESS,150030205.0,,0.004800533193475188,162.0642854984464,150030205.0,0.997
,39.361947,4.535,552.0,1.84555,5245.0,0.79,,,606.0,,1,TESS,150030205.0,,0.004800533193475188,162.0642854984464,150030205.0,0.997
,39.361947,4.535,552.0,1.84555,5245.0,0.79,,,606.0,,1,TESS,150030205.0,,0.004800533193475188,162.0642854984464,150030205.0,0.997
,39.361947,4.535,552.0,1.84555,5245.0,0.79,,,606.0,,1,TESS,150030205.0,,0.004800533193475188,162.0642854984464,150030205.0,0.997
,39.361947,4.535,552.0,1.84555,5245.0,0.79,,,606.0,,1,TESS,150030205.0,,0.004800533193475188,162.0642854984464,150030205.0,0.996
,39.361947,4.535,552.0,1.84555,5245.0,0.79,,,606.0,,1,TESS,150030205.0,,0.004800533193475188,162.0642854984464,150030205.0,0.996
,39.361947,4.535,552.0,1.84555,5245.0,0.79,,,606.0,,1,TESS,150030205.0,,0.004800533193475188,162.0642854984464,150030205.0,0.996
,39.361947,4.535,552.0,1.84555,5245.0,0.79,,,606.0,,1,TESS,150030205.0,,0.004800533193475188,162.0642854984464,150030205.0,0.996
,39.361947,4.535,552.0,1.84555,5245.0,0.79,,,606.0,,1,TESS,150030205.0,,0.004800533193475188,162.0642854984464,150030205.0,0.995
,39.361947,4.535,552.0,1.84555,5245.0,0.79,,,606.0,,1,TESS,150030205.0,,0.004800533193475188,162.0642854984464,150030205.0,0.995
,39.361947,4.535,552.0,1.84555,5245.0,0.79,,,606.0,,1,TESS,150030205.0,,0.004800533193475188,162.0642854984464,150030205.0,0.99
,39.361947,4.535,552.0,1.84555,5245.0,0.79,,,606.0,,1,TESS,150030205.0,,0.004800533193475188,162.0642854984464,150030205.0,0.99
,39.361947,4.535,552.0,1.84555,5245.0,0.79,,,606.0,,1,TESS,150030205.0,,0.004800533193475188,162.0642854984464,150030205.0,0.989
,39.361947,4.535,552.0,1.84555,5245.0,0.79,,,606.0,,1,TESS,150030205.0,,0.004800533193475188,162.0642854984464,150030205.0,0.989
,39.361947,4.535,552.0,1.84555,5245.0,0.79,,,606.0,,1,TESS,150030205.0,,0.004800533193475188,162.0642854984464,150030205.0,0.987
,39.361947,4.535,552.0,1.84555,5245.0,0.79,,,606.0,,1,TESS,150030205.0,,0.004800533193475188,162.0642854984464,150030205.0,0.987
,39.361947,4.535,552.0,1.84555,5245.0,0.79,,,606.0,,1,TESS,150030205.0,,0.004800533193475188,162.0642854984464,150030205.0,0.986
,39.361947,4.535,552.0,1.84555,5245.0,0.79,,,606.0,,1,TESS,150030205.0,,0.004800533193475188,162.0642854984464,150030205.0,0.986
,39.361947,4.535,552.0,1.84555,5245.0,0.79,,,606.0,,1,TESS,150030205.0,,0.004800533193475188,162.0642854984464,150030205.0,0.985
,39.361947,4.535,552.0,1.84555,5245.0,0.79,,,606.0,,1,TESS,150030205.0,,0.004800533193475188,162.0642854984464,150030205.0,0.985
,39.361947,4.535,552.0,1.84555,5245.0,0.79,,,606.0,,1,TESS,150030205.0,,0.004800533193475188,162.0642854984464,150030205.0,0.963
,39.361947,4.535,552.0,1.84555,5245.0,0.79,,,606.0,,1,TESS,150030205.0,,0.004800533193475188,162.0642854984464,150030205.0,0.963
,39.361947,4.535,552.0,1.84555,5245.0,0.79,,,606.0,,1,TESS,150030205.0,,0.004800533193475188,162.0642854984464,150030205.0,0.954
,39.361947,4.535,552.0,1.84555,5245.0,0.79,,,606.0,,1,TESS,150030205.0,,0.004800533193475188,162.0642854984464,150030205.0,0.954
,39.361947,4.535,552.0,1.84555,5245.0,0.79,,,606.0,,1,TESS,150030205.0,,0.004800533193475188,162.0642854984464,150030205.0,0.871
,39.361947,4.535,552.0,1.84555,5245.0,0.79,,,606.0,,1,TESS,150030205.0,,0.004800533193475188,162.0642854984464,150030205.0,0.871
,39.361947,4.535,552.0,1.84555,5245.0,0.79,,,606.0,,1,TESS,150030205.0,,0.004800533193475188,162.0642854984464,150030205.0,0.81
,39.361947,4.535,552.0,1.84555,5245.0,0.79,,,606.0,,1,TESS,150030205.0,,0.004800533193475188,162.0642854984464,150030205.0,0.81
,39.361947,4.535,552.0,1.84555,5245.0,0.79,,,606.0,,1,TESS,150030205.0,,0.004800533193475188,162.0642854984464,150030205.0,0.711
,39.361947,4.535,552.0,1.84555,5245.0,0.79,,,606.0,,1,TESS,150030205.0,,0.004800533193475188,162.0642854984464,150030205.0,0.711
,39.361947,4.535,552.0,1.84555,5245.0,0.79,,,606.0,,1,TESS,150030205.0,,0.004800533193475188,162.0642854984464,150030205.0,0.523
,39.361947,4.535,552.0,1.84555,5245.0,0.79,,,606.0,,1,TESS,150030205.0,,0.004800533193475188,162.0642854984464,150030205.0,0.523
,39.361947,4.535,552.0,1.84555,5245.0,0.79,,,606.0,,1,TESS,150030205.0,,0.004800533193475188,162.0642854984464,150030205.0,0.369
,39.361947,4.535,552.0,1.84555,5245.0,0.79,,,606.0,,1,TESS,150030205.0,,0.004800533193475188,162.0642854984464,150030205.0,0.369
,3.3004862,2.959105,2403.5706041,8.5365984,6408.0,1.30784,,,1546.3199559,,0,TESS,123106490.0,,0.03735693247562369,32.98277381096008,123106490.0,0.109
,3.55562,1.838,2610.0,11.1675,5671.0,1.34,,,1428.0,,0,TESS,66356824.0,,0.021538671859166244,20.928041197546698,66356824.0,0.878
,2.9918201,2.231,3410.0,5.2899,5301.0,0.89,,,1175.0,,0,TESS,290302097.0,,0.031070829438813997,121.85951323383252,290302097.0,0.384
,2.9918201,2.231,3410.0,5.2899,5301.0,0.89,,,1175.0,,0,TESS,290302097.0,,0.031070829438813997,121.85951323383252,290302097.0,0.236
,2.9918201,2.231,3410.0,5.2899,5301.0,0.89,,,1175.0,,0,TESS,290302097.0,,0.031070829438813997,121.85951323383252,290302097.0,0.195
,2.9918201,2.231,3410.0,5.2899,5301.0,0.89,,,1175.0,,0,TESS,290302097.0,,0.031070829438813997,121.85951323383252,290302097.0,0.149
,1.5716819,1.9672248,743.4097278,4.5091786,4752.8,0.982066,,,1319.1647872,,0,TESS,219388773.0,,0.052152854739221974,36.56228620171122,219388773.0,0.171
,1.5716819,1.9672248,743.4097278,4.5091786,4752.8,0.982066,,,1319.1647872,,0,TESS,219388773.0,,0.052152854739221974,36.56228620171122,219388773.0,0.138
,2.5057108,1.962,3170.0,12.9673,8330.0,2.26,,,1956.0,,0,TESS,82302240.0,,0.032625472437044736,18.852117711510417,82302240.0,0.32
,2.5057108,1.962,3170.0,12.9673,8330.0,2.26,,,1956.0,,0,TESS,82302240.0,,0.032625472437044736,18.852117711510417,82302240.0,0.122
,3.578757,3.1806502,11391.7385882,12.1416042,5482.59,1.06062,,,1171.9596007,,1,TESS,159098316.0,,0.03703159787705156,77.27479556620511,159098316.0,0.955
,7.8127906,6.304,8120.0,22.0599,8451.0,2.38,,,1874.0,,0,TESS,64531556.0,,0.03362008259453798,16.685873606930457,64531556.0,0.312
,7.8127906,6.304,8120.0,22.0599,8451.0,2.38,,,1874.0,,0,TESS,64531556.0,,0.03362008259453798,16.685873606930457,64531556.0,0.289
,7.8127906,6.304,8120.0,22.0599,8451.0,2.38,,,1874.0,,0,TESS,64531556.0,,0.03362008259453798,16.685873606930457,64531556.0,0.137
,0.9263237,0.81,952.0,1.67823,3573.0,0.43,,,1162.0,,1,TESS,239332587.0,,0.036434346311016594,338.01333472539955,239332587.0,0.999
,0.9263237,0.81,952.0,1.67823,3573.0,0.43,,,1162.0,,1,TESS,239332587.0,,0.036434346311016594,338.01333472539955,239332587.0,0.999
,0.9263237,0.81,952.0,1.67823,3573.0,0.43,,,1162.0,,1,TESS,239332587.0,,0.036434346311016594,338.01333472539955,239332587.0,0.999
,0.9263237,0.81,952.0,1.67823,3573.0,0.43,,,1162.0,,1,TESS,239332587.0,,0.036434346311016594,338.01333472539955,239332587.0,0.999
,0.9263237,0.81,952.0,1.67823,3573.0,0.43,,,1162.0,,1,TESS,239332587.0,,0.036434346311016594,338.01333472539955,239332587.0,0.997
,3.6344447,3.871,9230.0,14.25,6272.0,1.42,,,1616.0,,1,TESS,35857242.0,,0.044378626759008666,45.453985617955134,35857242.0,0.611
,0.8334976,1.452144,3841.4834968,9.0185699,6071.0,1.3925,,,2352.0540215,,0,TESS,48276576.0,,0.07259288686049772,47.23061656333582,48276576.0,0.476
,3.7353995,1.836,2360.0,8.61993,5895.0,1.53,,,1085.0,,0,TESS,118308828.0,,0.02047973694558711,31.761757018036345,118308828.0,0.328
,3.7353995,1.836,2360.0,8.61993,5895.0,1.53,,,1085.0,,0,TESS,118308828.0,,0.02047973694558711,31.761757018036345,118308828.0,0.158
,3.4671474,2.405,4770.0,11.6401,5886.0,1.58,,,1239.0,,1,TESS,151920165.0,,0.028902241689832183,35.205049000726454,151920165.0,0.975
,5.006622,1.66,1290.0,2.22447,4006.0,0.6,,,731.0,,1,TESS,193336820.0,,0.0138150365837565,260.69728986359996,193336820.0,0.993
,5.1830043,2.783,670.0,3.63045,6156.0,1.34,,,1202.0,,1,TESS,120826158.0,,0.022372802662180544,50.83394913525573,120826158.0,0.988
,5.1830043,2.783,670.0,3.63045,6156.0,1.34,,,1202.0,,1,TESS,120826158.0,,0.022372802662180544,50.83394913525573,120826158.0,0.979
,5.1830043,2.783,670.0,3.63045,6156.0,1.34,,,1202.0,,1,TESS,120826158.0,,0.022372802662180544,50.83394913525573,120826158.0,0.975
,5.1830043,2.783,670.0,3.63045,6156.0,1.34,,,1202.0,,1,TESS,120826158.0,,0.022372802662180544,50.83394913525573,120826158.0,0.964
,5.1830043,2.783,670.0,3.63045,6156.0,1.34,,,1202.0,,1,TESS,120826158.0,,0.022372802662180544,50.83394913525573,120826158.0,0.945
,5.1830043,2.783,670.0,3.63045,6156.0,1.34,,,1202.0,,1,TESS,120826158.0,,0.022372802662180544,50.83394913525573,120826158.0,0.945
,5.1830043,2.783,670.0,3.63045,6156.0,1.34,,,1202.0,,1,TESS,120826158.0,,0.022372802662180544,50.83394913525573,120826158.0,0.933
,5.1830043,2.783,670.0,3.63045,6156.0,1.34,,,1202.0,,1,TESS,120826158.0,,0.022372802662180544,50.83394913525573,120826158.0,0.905
,5.1830043,2.783,670.0,3.63045,6156.0,1.34,,,1202.0,,1,TESS,120826158.0,,0.022372802662180544,50.83394913525573,120826158.0,0.898
,5.1830043,2.783,670.0,3.63045,6156.0,1.34,,,1202.0,,1,TESS,120826158.0,,0.022372802662180544,50.83394913525573,120826158.0,0.862
,5.1830043,2.783,670.0,3.63045,6156.0,1.34,,,1202.0,,1,TESS,120826158.0,,0.022372802662180544,50.83394913525573,120826158.0,0.659
,5.1830043,2.783,670.0,3.63045,6156.0,1.34,,,1202.0,,1,TESS,120826158.0,,0.022372802662180544,50.83394913525573,120826158.0,0.302
,5.1830043,2.783,670.0,3.63045,6156.0,1.34,,,1202.0,,1,TESS,120826158.0,,0.022372802662180544,50.83394913525573,120826158.0,0.262
,2.2963814,2.649,7950.0,20.9239,6620.0,1.87,,,2361.0,,0,TESS,284305328.0,,0.0480647500442662,18.158578846730016,284305328.0,0.128
,4.7559737,2.5469696,398.6310113,1.725417,5175.2,0.841842,,,909.5327855,,1,TESS,120896927.0,,0.022313776126136414,133.90068234364486,120896927.0,0.492
,4.7559737,2.5469696,398.6310113,1.725417,5175.2,0.841842,,,909.5327855,,1,TESS,120896927.0,,0.022313776126136414,133.90068234364486,120896927.0,0.492
,4.7559737,2.5469696,398.6310113,1.725417,5175.2,0.841842,,,909.5327855,,1,TESS,120896927.0,,0.022313776126136414,133.90068234364486,120896927.0,0.492
,4.7559737,2.5469696,398.6310113,1.725417,5175.2,0.841842,,,909.5327855,,1,TESS,120896927.0,,0.022313776126136414,133.90068234364486,120896927.0,0.492
,17.1807214,2.1004813,680.1385904,2.1954034,5175.2,0.841842,,,592.7674866,,1,TESS,120896927.0,,0.005094084929077142,141.11353193480474,120896927.0,0.492
,17.1807214,2.1004813,680.1385904,2.1954034,5175.2,0.841842,,,592.7674866,,1,TESS,120896927.0,,0.005094084929077142,141.11353193480474,120896927.0,0.492
,17.1807214,2.1004813,680.1385904,2.1954034,5175.2,0.841842,,,592.7674866,,1,TESS,120896927.0,,0.005094084929077142,141.11353193480474,120896927.0,0.492
,17.1807214,2.1004813,680.1385904,2.1954034,5175.2,0.841842,,,592.7674866,,1,TESS,120896927.0,,0.005094084929077142,141.11353193480474,120896927.0,0.492
,2.0976705,3.3618036,2503.6856881,14.488932,5914.8,2.7729599,,,2395.3326749,,0,TESS,407146536.0,,0.06677652530158801,11.926336433997152,407146536.0,0.76
,2.0976705,3.3618036,2503.6856881,14.488932,5914.8,2.7729599,,,2395.3326749,,0,TESS,407146536.0,,0.06677652530158801,11.926336433997152,407146536.0,0.759
,2.0976705,3.3618036,2503.6856881,14.488932,5914.8,2.7729599,,,2395.3326749,,0,TESS,407146536.0,,0.06677652530158801,11.926336433997152,407146536.0,0.584
,2.0976705,3.3618036,2503.6856881,14.488932,5914.8,2.7729599,,,2395.3326749,,0,TESS,407146536.0,,0.06677652530158801,11.926336433997152,407146536.0,0.466
,5.7626055,3.963,7420.0,,5558.7,,,,1141.0,,0,TESS,384386061.0,,0.02865457279802677,,384386061.0,0.872
,82.9294114,7.4967507,13067.7332328,11.4756331,5271.0,0.960919,,,182.8021957,,1,TESS,349972412.0,,0.0037666324536707965,99.23090400358912,349972412.0,0.991
,82.9294114,7.4967507,13067.7332328,11.4756331,5271.0,0.960919,,,182.8021957,,1,TESS,349972412.0,,0.0037666324536707965,99.23090400358912,349972412.0,0.991
,82.9294114,7.4967507,13067.7332328,11.4756331,5271.0,0.960919,,,182.8021957,,1,TESS,349972412.0,,0.0037666324536707965,99.23090400358912,349972412.0,0.953
,82.9294114,7.4967507,13067.7332328,11.4756331,5271.0,0.960919,,,182.8021957,,1,TESS,349972412.0,,0.0037666324536707965,99.23090400358912,349972412.0,0.953
,82.9294114,7.4967507,13067.7332328,11.4756331,5271.0,0.960919,,,182.8021957,,1,TESS,349972412.0,,0.0037666324536707965,99.23090400358912,349972412.0,0.92
,82.9294114,7.4967507,13067.7332328,11.4756331,5271.0,0.960919,,,182.8021957,,1,TESS,349972412.0,,0.0037666324536707965,99.23090400358912,349972412.0,0.92
,82.9294114,7.4967507,13067.7332328,11.4756331,5271.0,0.960919,,,182.8021957,,1,TESS,349972412.0,,0.0037666324536707965,99.23090400358912,349972412.0,0.898
,82.9294114,7.4967507,13067.7332328,11.4756331,5271.0,0.960919,,,182.8021957,,1,TESS,349972412.0,,0.0037666324536707965,99.23090400358912,349972412.0,0.898
,82.9294114,7.4967507,13067.7332328,11.4756331,5271.0,0.960919,,,182.8021957,,1,TESS,349972412.0,,0.0037666324536707965,99.23090400358912,349972412.0,0.865
,82.9294114,7.4967507,13067.7332328,11.4756331,5271.0,0.960919,,,182.8021957,,1,TESS,349972412.0,,0.0037666324536707965,99.23090400358912,349972412.0,0.865
,82.9294114,7.4967507,13067.7332328,11.4756331,5271.0,0.960919,,,182.8021957,,1,TESS,349972412.0,,0.0037666324536707965,99.23090400358912,349972412.0,0.174
,82.9294114,7.4967507,13067.7332328,11.4756331,5271.0,0.960919,,,182.8021957,,1,TESS,349972412.0,,0.0037666324536707965,99.23090400358912,349972412.0,0.174
,82.9294114,7.4967507,13067.7332328,11.4756331,5271.0,0.960919,,,182.8021957,,1,TESS,349972412.0,,0.0037666324536707965,99.23090400358912,349972412.0,0.991
,82.9294114,7.4967507,13067.7332328,11.4756331,5271.0,0.960919,,,182.8021957,,1,TESS,349972412.0,,0.0037666324536707965,99.23090400358912,349972412.0,0.991
,82.9294114,7.4967507,13067.7332328,11.4756331,5271.0,0.960919,,,182.8021957,,1,TESS,349972412.0,,0.0037666324536707965,99.23090400358912,349972412.0,0.953
,82.9294114,7.4967507,13067.7332328,11.4756331,5271.0,0.960919,,,182.8021957,,1,TESS,349972412.0,,0.0037666324536707965,99.23090400358912,349972412.0,0.953
,82.9294114,7.4967507,13067.7332328,11.4756331,5271.0,0.960919,,,182.8021957,,1,TESS,349972412.0,,0.0037666324536707965,99.23090400358912,349972412.0,0.92
,82.9294114,7.4967507,13067.7332328,11.4756331,5271.0,0.960919,,,182.8021957,,1,TESS,349972412.0,,0.0037666324536707965,99.23090400358912,349972412.0,0.92
,82.9294114,7.4967507,13067.7332328,11.4756331,5271.0,0.960919,,,182.8021957,,1,TESS,349972412.0,,0.0037666324536707965,99.23090400358912,349972412.0,0.898
,82.9294114,7.4967507,13067.7332328,11.4756331,5271.0,0.960919,,,182.8021957,,1,TESS,349972412.0,,0.0037666324536707965,99.23090400358912,349972412.0,0.898
,82.9294114,7.4967507,13067.7332328,11.4756331,5271.0,0.960919,,,182.8021957,,1,TESS,349972412.0,,0.0037666324536707965,99.23090400358912,349972412.0,0.865
,82.9294114,7.4967507,13067.7332328,11.4756331,5271.0,0.960919,,,182.8021957,,1,TESS,349972412.0,,0.0037666324536707965,99.23090400358912,349972412.0,0.865
,82.9294114,7.4967507,13067.7332328,11.4756331,5271.0,0.960919,,,182.8021957,,1,TESS,349972412.0,,0.0037666324536707965,99.23090400358912,349972412.0,0.174
,82.9294114,7.4967507,13067.7332328,11.4756331,5271.0,0.960919,,,182.8021957,,1,TESS,349972412.0,,0.0037666324536707965,99.23090400358912,349972412.0,0.174
,2.4261538,2.1344641,754.8303067,2.6600255,5271.0,0.960919,,,1234.029846,,1,TESS,349972412.0,,0.03665719899508572,106.67868843929419,349972412.0,0.991
,2.4261538,2.1344641,754.8303067,2.6600255,5271.0,0.960919,,,1234.029846,,1,TESS,349972412.0,,0.03665719899508572,106.67868843929419,349972412.0,0.991
,2.4261538,2.1344641,754.8303067,2.6600255,5271.0,0.960919,,,1234.029846,,1,TESS,349972412.0,,0.03665719899508572,106.67868843929419,349972412.0,0.953
,2.4261538,2.1344641,754.8303067,2.6600255,5271.0,0.960919,,,1234.029846,,1,TESS,349972412.0,,0.03665719899508572,106.67868843929419,349972412.0,0.953
,2.4261538,2.1344641,754.8303067,2.6600255,5271.0,0.960919,,,1234.029846,,1,TESS,349972412.0,,0.03665719899508572,106.67868843929419,349972412.0,0.92
,2.4261538,2.1344641,754.8303067,2.6600255,5271.0,0.960919,,,1234.029846,,1,TESS,349972412.0,,0.03665719899508572,106.67868843929419,349972412.0,0.92
,2.4261538,2.1344641,754.8303067,2.6600255,5271.0,0.960919,,,1234.029846,,1,TESS,349972412.0,,0.03665719899508572,106.67868843929419,349972412.0,0.898
,2.4261538,2.1344641,754.8303067,2.6600255,5271.0,0.960919,,,1234.029846,,1,TESS,349972412.0,,0.03665719899508572,106.67868843929419,349972412.0,0.898
,2.4261538,2.1344641,754.8303067,2.6600255,5271.0,0.960919,,,1234.029846,,1,TESS,349972412.0,,0.03665719899508572,106.67868843929419,349972412.0,0.865
,2.4261538,2.1344641,754.8303067,2.6600255,5271.0,0.960919,,,1234.029846,,1,TESS,349972412.0,,0.03665719899508572,106.67868843929419,349972412.0,0.865
,2.4261538,2.1344641,754.8303067,2.6600255,5271.0,0.960919,,,1234.029846,,1,TESS,349972412.0,,0.03665719899508572,106.67868843929419,349972412.0,0.174
,2.4261538,2.1344641,754.8303067,2.6600255,5271.0,0.960919,,,1234.029846,,1,TESS,349972412.0,,0.03665719899508572,106.67868843929419,349972412.0,0.174
,2.4261538,2.1344641,754.8303067,2.6600255,5271.0,0.960919,,,1234.029846,,1,TESS,349972412.0,,0.03665719899508572,106.67868843929419,349972412.0,0.991
,2.4261538,2.1344641,754.8303067,2.6600255,5271.0,0.960919,,,1234.029846,,1,TESS,349972412.0,,0.03665719899508572,106.67868843929419,349972412.0,0.991
,2.4261538,2.1344641,754.8303067,2.6600255,5271.0,0.960919,,,1234.029846,,1,TESS,349972412.0,,0.03665719899508572,106.67868843929419,349972412.0,0.953
,2.4261538,2.1344641,754.8303067,2.6600255,5271.0,0.960919,,,1234.029846,,1,TESS,349972412.0,,0.03665719899508572,106.67868843929419,349972412.0,0.953
,2.4261538,2.1344641,754.8303067,2.6600255,5271.0,0.960919,,,1234.029846,,1,TESS,349972412.0,,0.03665719899508572,106.67868843929419,349972412.0,0.92
,2.4261538,2.1344641,754.8303067,2.6600255,5271.0,0.960919,,,1234.029846,,1,TESS,349972412.0,,0.03665719899508572,106.67868843929419,349972412.0,0.92
,2.4261538,2.1344641,754.8303067,2.6600255,5271.0,0.960919,,,1234.029846,,1,TESS,349972412.0,,0.03665719899508572,106.67868843929419,349972412.0,0.898
,2.4261538,2.1344641,754.8303067,2.6600255,5271.0,0.960919,,,1234.029846,,1,TESS,349972412.0,,0.03665719899508572,106.67868843929419,349972412.0,0.898
,2.4261538,2.1344641,754.8303067,2.6600255,5271.0,0.960919,,,1234.029846,,1,TESS,349972412.0,,0.03665719899508572,106.67868843929419,349972412.0,0.865
,2.4261538,2.1344641,754.8303067,2.6600255,5271.0,0.960919,,,1234.029846,,1,TESS,349972412.0,,0.03665719899508572,106.67868843929419,349972412.0,0.865
,2.4261538,2.1344641,754.8303067,2.6600255,5271.0,0.960919,,,1234.029846,,1,TESS,349972412.0,,0.03665719899508572,106.67868843929419,349972412.0,0.174
,2.4261538,2.1344641,754.8303067,2.6600255,5271.0,0.960919,,,1234.029846,,1,TESS,349972412.0,,0.03665719899508572,106.67868843929419,349972412.0,0.174
,15.5718552,4.931,380.0,2.44317,6352.33,1.31,,,912.0,,1,TESS,366443426.0,,0.013194210332984254,63.66139483641046,366443426.0,0.372
,15.5718552,4.931,380.0,2.44317,6352.33,1.31,,,912.0,,1,TESS,366443426.0,,0.013194210332984254,63.66139483641046,366443426.0,0.372
,15.5718552,4.931,380.0,2.44317,6352.33,1.31,,,912.0,,1,TESS,366443426.0,,0.013194210332984254,63.66139483641046,366443426.0,0.372
,15.5718552,4.931,380.0,2.44317,6352.33,1.31,,,912.0,,1,TESS,366443426.0,,0.013194210332984254,63.66139483641046,366443426.0,0.372
,31.7180208,2.3326321,292.8649645,2.2998049,6352.33,1.30883,,,696.5022874,,1,TESS,366443426.0,,0.003064283381735729,55.37138007934389,366443426.0,0.372
,31.7180208,2.3326321,292.8649645,2.2998049,6352.33,1.30883,,,696.5022874,,1,TESS,366443426.0,,0.003064283381735729,55.37138007934389,366443426.0,0.372
,31.7180208,2.3326321,292.8649645,2.2998049,6352.33,1.30883,,,696.5022874,,1,TESS,366443426.0,,0.003064283381735729,55.37138007934389,366443426.0,0.372
,31.7180208,2.3326321,292.8649645,2.2998049,6352.33,1.30883,,,696.5022874,,1,TESS,366443426.0,,0.003064283381735729,55.37138007934389,366443426.0,0.372
,4.7633952,3.0078272,13160.629831,10.2196833,5258.0,0.87551,,,938.3708227,,1,TESS,139733308.0,,0.026310252871118652,126.00906660984454,139733308.0,0.918
,0.3643225,0.2120684,38216.7895418,6.9527391,3473.0,0.347331,,,1086.4738962,,0,TESS,369480087.0,,0.024253737616427573,790.5736333003986,369480087.0,0.192
,0.3994445,0.8028796,330.8173737,0.9086617,3702.0,0.485948,,,1247.0250186,,1,TESS,380887434.0,,0.08374959018612202,400.6667816741329,380887434.0,0.995
,0.3994445,0.8028796,330.8173737,0.9086617,3702.0,0.485948,,,1247.0250186,,1,TESS,380887434.0,,0.08374959018612202,400.6667816741329,380887434.0,0.955
,0.3994445,0.8028796,330.8173737,0.9086617,3702.0,0.485948,,,1247.0250186,,1,TESS,380887434.0,,0.08374959018612202,400.6667816741329,380887434.0,0.741
,13.1757294,2.1570272,2479.3477138,1.9602373,3349.0,0.388609,,,325.2663942,,1,TESS,153065527.0,,0.006821340232527152,645.2381355139023,153065527.0,0.988
,13.1757294,2.1570272,2479.3477138,1.9602373,3349.0,0.388609,,,325.2663942,,1,TESS,153065527.0,,0.006821340232527152,645.2381355139023,153065527.0,0.988
,13.1757294,2.1570272,2479.3477138,1.9602373,3349.0,0.388609,,,325.2663942,,1,TESS,153065527.0,,0.006821340232527152,645.2381355139023,153065527.0,0.933
,13.1757294,2.1570272,2479.3477138,1.9602373,3349.0,0.388609,,,325.2663942,,1,TESS,153065527.0,,0.006821340232527152,645.2381355139023,153065527.0,0.933
,13.1757294,2.1570272,2479.3477138,1.9602373,3349.0,0.388609,,,325.2663942,,1,TESS,153065527.0,,0.006821340232527152,645.2381355139023,153065527.0,0.85
,13.1757294,2.1570272,2479.3477138,1.9602373,3349.0,0.388609,,,325.2663942,,1,TESS,153065527.0,,0.006821340232527152,645.2381355139023,153065527.0,0.85
,13.1757294,2.1570272,2479.3477138,1.9602373,3349.0,0.388609,,,325.2663942,,1,TESS,153065527.0,,0.006821340232527152,645.2381355139023,153065527.0,0.756
,13.1757294,2.1570272,2479.3477138,1.9602373,3349.0,0.388609,,,325.2663942,,1,TESS,153065527.0,,0.006821340232527152,645.2381355139023,153065527.0,0.756
,13.1757294,2.1570272,2479.3477138,1.9602373,3349.0,0.388609,,,325.2663942,,1,TESS,153065527.0,,0.006821340232527152,645.2381355139023,153065527.0,0.682
,13.1757294,2.1570272,2479.3477138,1.9602373,3349.0,0.388609,,,325.2663942,,1,TESS,153065527.0,,0.006821340232527152,645.2381355139023,153065527.0,0.682
,13.1757294,2.1570272,2479.3477138,1.9602373,3349.0,0.388609,,,325.2663942,,1,TESS,153065527.0,,0.006821340232527152,645.2381355139023,153065527.0,0.674
,13.1757294,2.1570272,2479.3477138,1.9602373,3349.0,0.388609,,,325.2663942,,1,TESS,153065527.0,,0.006821340232527152,645.2381355139023,153065527.0,0.674
,13.1757294,2.1570272,2479.3477138,1.9602373,3349.0,0.388609,,,325.2663942,,1,TESS,153065527.0,,0.006821340232527152,645.2381355139023,153065527.0,0.988
,13.1757294,2.1570272,2479.3477138,1.9602373,3349.0,0.388609,,,325.2663942,,1,TESS,153065527.0,,0.006821340232527152,645.2381355139023,153065527.0,0.988
,13.1757294,2.1570272,2479.3477138,1.9602373,3349.0,0.388609,,,325.2663942,,1,TESS,153065527.0,,0.006821340232527152,645.2381355139023,153065527.0,0.933
,13.1757294,2.1570272,2479.3477138,1.9602373,3349.0,0.388609,,,325.2663942,,1,TESS,153065527.0,,0.006821340232527152,645.2381355139023,153065527.0,0.933
,13.1757294,2.1570272,2479.3477138,1.9602373,3349.0,0.388609,,,325.2663942,,1,TESS,153065527.0,,0.006821340232527152,645.2381355139023,153065527.0,0.85
,13.1757294,2.1570272,2479.3477138,1.9602373,3349.0,0.388609,,,325.2663942,,1,TESS,153065527.0,,0.006821340232527152,645.2381355139023,153065527.0,0.85
,13.1757294,2.1570272,2479.3477138,1.9602373,3349.0,0.388609,,,325.2663942,,1,TESS,153065527.0,,0.006821340232527152,645.2381355139023,153065527.0,0.756
,13.1757294,2.1570272,2479.3477138,1.9602373,3349.0,0.388609,,,325.2663942,,1,TESS,153065527.0,,0.006821340232527152,645.2381355139023,153065527.0,0.756
,13.1757294,2.1570272,2479.3477138,1.9602373,3349.0,0.388609,,,325.2663942,,1,TESS,153065527.0,,0.006821340232527152,645.2381355139023,153065527.0,0.682
,13.1757294,2.1570272,2479.3477138,1.9602373,3349.0,0.388609,,,325.2663942,,1,TESS,153065527.0,,0.006821340232527152,645.2381355139023,153065527.0,0.682
,13.1757294,2.1570272,2479.3477138,1.9602373,3349.0,0.388609,,,325.2663942,,1,TESS,153065527.0,,0.006821340232527152,645.2381355139023,153065527.0,0.674
,13.1757294,2.1570272,2479.3477138,1.9602373,3349.0,0.388609,,,325.2663942,,1,TESS,153065527.0,,0.006821340232527152,645.2381355139023,153065527.0,0.674
,6.614911,0.9654605,1060.5715819,1.2731554,3349.0,0.388609,,,409.2506857,,1,TESS,153065527.0,,0.006081339655203854,654.2999471604917,153065527.0,0.988
,6.614911,0.9654605,1060.5715819,1.2731554,3349.0,0.388609,,,409.2506857,,1,TESS,153065527.0,,0.006081339655203854,654.2999471604917,153065527.0,0.988
,6.614911,0.9654605,1060.5715819,1.2731554,3349.0,0.388609,,,409.2506857,,1,TESS,153065527.0,,0.006081339655203854,654.2999471604917,153065527.0,0.933
,6.614911,0.9654605,1060.5715819,1.2731554,3349.0,0.388609,,,409.2506857,,1,TESS,153065527.0,,0.006081339655203854,654.2999471604917,153065527.0,0.933
,6.614911,0.9654605,1060.5715819,1.2731554,3349.0,0.388609,,,409.2506857,,1,TESS,153065527.0,,0.006081339655203854,654.2999471604917,153065527.0,0.85
,6.614911,0.9654605,1060.5715819,1.2731554,3349.0,0.388609,,,409.2506857,,1,TESS,153065527.0,,0.006081339655203854,654.2999471604917,153065527.0,0.85
,6.614911,0.9654605,1060.5715819,1.2731554,3349.0,0.388609,,,409.2506857,,1,TESS,153065527.0,,0.006081339655203854,654.2999471604917,153065527.0,0.756
,6.614911,0.9654605,1060.5715819,1.2731554,3349.0,0.388609,,,409.2506857,,1,TESS,153065527.0,,0.006081339655203854,654.2999471604917,153065527.0,0.756
,6.614911,0.9654605,1060.5715819,1.2731554,3349.0,0.388609,,,409.2506857,,1,TESS,153065527.0,,0.006081339655203854,654.2999471604917,153065527.0,0.682
,6.614911,0.9654605,1060.5715819,1.2731554,3349.0,0.388609,,,409.2506857,,1,TESS,153065527.0,,0.006081339655203854,654.2999471604917,153065527.0,0.682
,6.614911,0.9654605,1060.5715819,1.2731554,3349.0,0.388609,,,409.2506857,,1,TESS,153065527.0,,0.006081339655203854,654.2999471604917,153065527.0,0.674
,6.614911,0.9654605,1060.5715819,1.2731554,3349.0,0.388609,,,409.2506857,,1,TESS,153065527.0,,0.006081339655203854,654.2999471604917,153065527.0,0.674
,6.614911,0.9654605,1060.5715819,1.2731554,3349.0,0.388609,,,409.2506857,,1,TESS,153065527.0,,0.006081339655203854,654.2999471604917,153065527.0,0.988
,6.614911,0.9654605,1060.5715819,1.2731554,3349.0,0.388609,,,409.2506857,,1,TESS,153065527.0,,0.006081339655203854,654.2999471604917,153065527.0,0.988
,6.614911,0.9654605,1060.5715819,1.2731554,3349.0,0.388609,,,409.2506857,,1,TESS,153065527.0,,0.006081339655203854,654.2999471604917,153065527.0,0.933
,6.614911,0.9654605,1060.5715819,1.2731554,3349.0,0.388609,,,409.2506857,,1,TESS,153065527.0,,0.006081339655203854,654.2999471604917,153065527.0,0.933
,6.614911,0.9654605,1060.5715819,1.2731554,3349.0,0.388609,,,409.2506857,,1,TESS,153065527.0,,0.006081339655203854,654.2999471604917,153065527.0,0.85
,6.614911,0.9654605,1060.5715819,1.2731554,3349.0,0.388609,,,409.2506857,,1,TESS,153065527.0,,0.006081339655203854,654.2999471604917,153065527.0,0.85
,6.614911,0.9654605,1060.5715819,1.2731554,3349.0,0.388609,,,409.2506857,,1,TESS,153065527.0,,0.006081339655203854,654.2999471604917,153065527.0,0.756
,6.614911,0.9654605,1060.5715819,1.2731554,3349.0,0.388609,,,409.2506857,,1,TESS,153065527.0,,0.006081339655203854,654.2999471604917,153065527.0,0.756
,6.614911,0.9654605,1060.5715819,1.2731554,3349.0,0.388609,,,409.2506857,,1,TESS,153065527.0,,0.006081339655203854,654.2999471604917,153065527.0,0.682
,6.614911,0.9654605,1060.5715819,1.2731554,3349.0,0.388609,,,409.2506857,,1,TESS,153065527.0,,0.006081339655203854,654.2999471604917,153065527.0,0.682
,6.614911,0.9654605,1060.5715819,1.2731554,3349.0,0.388609,,,409.2506857,,1,TESS,153065527.0,,0.006081339655203854,654.2999471604917,153065527.0,0.674
,6.614911,0.9654605,1060.5715819,1.2731554,3349.0,0.388609,,,409.2506857,,1,TESS,153065527.0,,0.006081339655203854,654.2999471604917,153065527.0,0.674
,7.1385672,2.464,2064.0,3.60516,5144.5,0.77,,,787.0,,1,TESS,262715204.0,,0.014381970946132984,158.80368352643413,262715204.0,0.966
,7.1385672,2.464,2064.0,3.60516,5144.5,0.77,,,787.0,,1,TESS,262715204.0,,0.014381970946132984,158.80368352643413,262715204.0,0.966
,7.1385672,2.464,2064.0,3.60516,5144.5,0.77,,,787.0,,1,TESS,262715204.0,,0.014381970946132984,158.80368352643413,262715204.0,0.966
,7.1385672,2.464,2064.0,3.60516,5144.5,0.77,,,787.0,,1,TESS,262715204.0,,0.014381970946132984,158.80368352643413,262715204.0,0.966
,3.4715644,2.13,1050.0,2.65245,5144.5,0.77,,,1163.0,,1,TESS,262715204.0,,0.025564843024314398,149.2432938061605,262715204.0,0.966
,3.4715644,2.13,1050.0,2.65245,5144.5,0.77,,,1163.0,,1,TESS,262715204.0,,0.025564843024314398,149.2432938061605,262715204.0,0.966
,3.4715644,2.13,1050.0,2.65245,5144.5,0.77,,,1163.0,,1,TESS,262715204.0,,0.025564843024314398,149.2432938061605,262715204.0,0.966
,3.4715644,2.13,1050.0,2.65245,5144.5,0.77,,,1163.0,,1,TESS,262715204.0,,0.025564843024314398,149.2432938061605,262715204.0,0.966
,1.1578392,1.363,9660.0,11.2362,6409.0,1.18,,,1973.0,,0,TESS,159334269.0,,0.049049699321744494,76.51352336795524,159334269.0,0.642
,25.1290153,4.271,465.0,1.93226,5871.0,1.04,,,627.0,,1,TESS,404518509.0,,0.007081786966728412,124.54368440808898,404518509.0,0.775
,25.1290153,4.271,465.0,1.93226,5871.0,1.04,,,627.0,,1,TESS,404518509.0,,0.007081786966728412,124.54368440808898,404518509.0,0.307
,3.9649053,1.6788114,1160.5626137,1.4999935,3476.0,0.426767,,,522.5103737,,1,TESS,271169413.0,,0.01764240731421749,515.809847182391,271169413.0,0.995
,3.9649053,1.6788114,1160.5626137,1.4999935,3476.0,0.426767,,,522.5103737,,1,TESS,271169413.0,,0.01764240731421749,515.809847182391,271169413.0,0.994
,3.9649053,1.6788114,1160.5626137,1.4999935,3476.0,0.426767,,,522.5103737,,1,TESS,271169413.0,,0.01764240731421749,515.809847182391,271169413.0,0.985
,3.9649053,1.6788114,1160.5626137,1.4999935,3476.0,0.426767,,,522.5103737,,1,TESS,271169413.0,,0.01764240731421749,515.809847182391,271169413.0,0.921
,2.921685,3.17791,17562.44572,19.091127,6332.0,1.37266,,,1576.1185868,,0,TESS,172464366.0,,0.045320736074663304,48.18610918659999,172464366.0,0.225
,3.1774814,2.824,14190.0,13.9016,6071.0,1.12,,,1393.0,,1,TESS,310002617.0,,0.037031425305492145,73.426498255573,310002617.0,0.414
,16.3363665,1.9933922,3884.6785375,2.0492403,3365.0,0.326568,,,290.9398052,,1,TESS,166184428.0,,0.005084240006582246,925.0585182796922,166184428.0,0.97
,16.3363665,1.9933922,3884.6785375,2.0492403,3365.0,0.326568,,,290.9398052,,1,TESS,166184428.0,,0.005084240006582246,925.0585182796922,166184428.0,0.933
,2.2887763,4.8634851,1890.6463423,2.8057654,3953.0,0.617703,,,805.0445873,,0,TESS,399642071.0,,0.08853866968601903,240.16379251103714,399642071.0,0.491
,2.2887763,4.8634851,1890.6463423,2.8057654,3953.0,0.617703,,,805.0445873,,0,TESS,399642071.0,,0.08853866968601903,240.16379251103714,399642071.0,0.329
,225.1037885,4.0237136,10850.1349366,13.2081506,5965.99,1.25231,,,341.1480504,,1,TESS,349576261.0,,0.0007447885902742168,62.19437566382395,349576261.0,0.371
,30.3599812,6.0823745,19347.5990647,11.2141216,4815.0,0.795118,,,452.3403225,,1,TESS,48451130.0,,0.008347576660736458,153.84966448947566,48451130.0,0.125
,6.8659582,3.455761,334.0145589,2.8144915,6212.63,1.5000401,,,1224.6157859,,1,TESS,317548889.0,,0.020971587154849057,42.166296618757755,317548889.0,0.985
,6.8659582,3.455761,334.0145589,2.8144915,6212.63,1.5000401,,,1224.6157859,,1,TESS,317548889.0,,0.020971587154849057,42.166296618757755,317548889.0,0.929
,6.8659582,3.455761,334.0145589,2.8144915,6212.63,1.5000401,,,1224.6157859,,1,TESS,317548889.0,,0.020971587154849057,42.166296618757755,317548889.0,0.811
,9.5730706,3.7949677,370.8091141,2.3053058,6101.0,1.11672,,,941.9166541,,1,TESS,100990000.0,,0.016517548035051108,69.77393760240159,100990000.0,0.212
,9.5730706,3.7949677,370.8091141,2.3053058,6101.0,1.11672,,,941.9166541,,1,TESS,100990000.0,,0.016517548035051108,69.77393760240159,100990000.0,0.212
,9.5730706,3.7949677,370.8091141,2.3053058,6101.0,1.11672,,,941.9166541,,1,TESS,100990000.0,,0.016517548035051108,69.77393760240159,100990000.0,0.171
,9.5730706,3.7949677,370.8091141,2.3053058,6101.0,1.11672,,,941.9166541,,1,TESS,100990000.0,,0.016517548035051108,69.77393760240159,100990000.0,0.171
,9.5730706,3.7949677,370.8091141,2.3053058,6101.0,1.11672,,,941.9166541,,1,TESS,100990000.0,,0.016517548035051108,69.77393760240159,100990000.0,0.212
,9.5730706,3.7949677,370.8091141,2.3053058,6101.0,1.11672,,,941.9166541,,1,TESS,100990000.0,,0.016517548035051108,69.77393760240159,100990000.0,0.212
,9.5730706,3.7949677,370.8091141,2.3053058,6101.0,1.11672,,,941.9166541,,1,TESS,100990000.0,,0.016517548035051108,69.77393760240159,100990000.0,0.171
,9.5730706,3.7949677,370.8091141,2.3053058,6101.0,1.11672,,,941.9166541,,1,TESS,100990000.0,,0.016517548035051108,69.77393760240159,100990000.0,0.171
,88.495683,6.9510849,2838.5756569,5.1574303,5509.61,0.939951,,,209.1701491,,1,TESS,27769688.0,,0.0032727984862677808,106.71702822868944,27769688.0,0.549
,22.3428773,6.700128,5934.9200116,11.3355032,6184.0,1.42864,,,804.6793626,,1,TESS,273231214.0,,0.012494899190059965,46.18843623775589,273231214.0,0.299
,22.3428773,6.700128,5934.9200116,11.3355032,6184.0,1.42864,,,804.6793626,,1,TESS,273231214.0,,0.012494899190059965,46.18843623775589,273231214.0,0.299
,22.3428773,6.700128,5934.9200116,11.3355032,6184.0,1.42864,,,804.6793626,,1,TESS,273231214.0,,0.012494899190059965,46.18843623775589,273231214.0,0.216
,22.3428773,6.700128,5934.9200116,11.3355032,6184.0,1.42864,,,804.6793626,,1,TESS,273231214.0,,0.012494899190059965,46.18843623775589,273231214.0,0.216
,22.3428773,6.700128,5934.9200116,11.3355032,6184.0,1.42864,,,804.6793626,,1,TESS,273231214.0,,0.012494899190059965,46.18843623775589,273231214.0,0.205
,22.3428773,6.700128,5934.9200116,11.3355032,6184.0,1.42864,,,804.6793626,,1,TESS,273231214.0,,0.012494899190059965,46.18843623775589,273231214.0,0.205
,22.3428773,6.700128,5934.9200116,11.3355032,6184.0,1.42864,,,804.6793626,,1,TESS,273231214.0,,0.012494899190059965,46.18843623775589,273231214.0,0.104
,22.3428773,6.700128,5934.9200116,11.3355032,6184.0,1.42864,,,804.6793626,,1,TESS,273231214.0,,0.012494899190059965,46.18843623775589,273231214.0,0.104
,22.3428773,6.700128,5934.9200116,11.3355032,6184.0,1.42864,,,804.6793626,,1,TESS,273231214.0,,0.012494899190059965,46.18843623775589,273231214.0,0.299
,22.3428773,6.700128,5934.9200116,11.3355032,6184.0,1.42864,,,804.6793626,,1,TESS,273231214.0,,0.012494899190059965,46.18843623775589,273231214.0,0.299
,22.3428773,6.700128,5934.9200116,11.3355032,6184.0,1.42864,,,804.6793626,,1,TESS,273231214.0,,0.012494899190059965,46.18843623775589,273231214.0,0.216
,22.3428773,6.700128,5934.9200116,11.3355032,6184.0,1.42864,,,804.6793626,,1,TESS,273231214.0,,0.012494899190059965,46.18843623775589,273231214.0,0.216
,22.3428773,6.700128,5934.9200116,11.3355032,6184.0,1.42864,,,804.6793626,,1,TESS,273231214.0,,0.012494899190059965,46.18843623775589,273231214.0,0.205
,22.3428773,6.700128,5934.9200116,11.3355032,6184.0,1.42864,,,804.6793626,,1,TESS,273231214.0,,0.012494899190059965,46.18843623775589,273231214.0,0.205
,22.3428773,6.700128,5934.9200116,11.3355032,6184.0,1.42864,,,804.6793626,,1,TESS,273231214.0,,0.012494899190059965,46.18843623775589,273231214.0,0.104
,22.3428773,6.700128,5934.9200116,11.3355032,6184.0,1.42864,,,804.6793626,,1,TESS,273231214.0,,0.012494899190059965,46.18843623775589,273231214.0,0.104
,,6.6171206,3767.5217478,8.9205086,6184.0,1.42864,,,875.0669002,,1,TESS,273231214.0,,,47.34526263052636,273231214.0,0.299
,,6.6171206,3767.5217478,8.9205086,6184.0,1.42864,,,875.0669002,,1,TESS,273231214.0,,,47.34526263052636,273231214.0,0.299
,,6.6171206,3767.5217478,8.9205086,6184.0,1.42864,,,875.0669002,,1,TESS,273231214.0,,,47.34526263052636,273231214.0,0.216
,,6.6171206,3767.5217478,8.9205086,6184.0,1.42864,,,875.0669002,,1,TESS,273231214.0,,,47.34526263052636,273231214.0,0.216
,,6.6171206,3767.5217478,8.9205086,6184.0,1.42864,,,875.0669002,,1,TESS,273231214.0,,,47.34526263052636,273231214.0,0.205
,,6.6171206,3767.5217478,8.9205086,6184.0,1.42864,,,875.0669002,,1,TESS,273231214.0,,,47.34526263052636,273231214.0,0.205
,,6.6171206,3767.5217478,8.9205086,6184.0,1.42864,,,875.0669002,,1,TESS,273231214.0,,,47.34526263052636,273231214.0,0.104
,,6.6171206,3767.5217478,8.9205086,6184.0,1.42864,,,875.0669002,,1,TESS,273231214.0,,,47.34526263052636,273231214.0,0.104
,,6.6171206,3767.5217478,8.9205086,6184.0,1.42864,,,875.0669002,,1,TESS,273231214.0,,,47.34526263052636,273231214.0,0.299
,,6.6171206,3767.5217478,8.9205086,6184.0,1.42864,,,875.0669002,,1,TESS,273231214.0,,,47.34526263052636,273231214.0,0.299
,,6.6171206,3767.5217478,8.9205086,6184.0,1.42864,,,875.0669002,,1,TESS,273231214.0,,,47.34526263052636,273231214.0,0.216
,,6.6171206,3767.5217478,8.9205086,6184.0,1.42864,,,875.0669002,,1,TESS,273231214.0,,,47.34526263052636,273231214.0,0.216
,,6.6171206,3767.5217478,8.9205086,6184.0,1.42864,,,875.0669002,,1,TESS,273231214.0,,,47.34526263052636,273231214.0,0.205
,,6.6171206,3767.5217478,8.9205086,6184.0,1.42864,,,875.0669002,,1,TESS,273231214.0,,,47.34526263052636,273231214.0,0.205
,,6.6171206,3767.5217478,8.9205086,6184.0,1.42864,,,875.0669002,,1,TESS,273231214.0,,,47.34526263052636,273231214.0,0.104
,,6.6171206,3767.5217478,8.9205086,6184.0,1.42864,,,875.0669002,,1,TESS,273231214.0,,,47.34526263052636,273231214.0,0.104
,31.0343214,12.0587354,1572.1891091,10.1577688,5234.0,2.56935,,,614.6639792,,1,TESS,219854519.0,,0.016190052979819555,15.237303989049169,219854519.0,0.291
,0.760019,0.638738,1865.5886518,7.2902589,5690.2,1.65999,,,2529.0245379,,0,TESS,374200604.0,,0.03501765334059338,35.10184786690988,374200604.0,0.248
,0.760019,0.638738,1865.5886518,7.2902589,5690.2,1.65999,,,2529.0245379,,0,TESS,374200604.0,,0.03501765334059338,35.10184786690988,374200604.0,0.166
,0.760019,0.638738,1865.5886518,7.2902589,5690.2,1.65999,,,2529.0245379,,0,TESS,374200604.0,,0.03501765334059338,35.10184786690988,374200604.0,0.153
,4.040413,3.5274466,143.394396,1.5473747,6101.0,1.11672,,,1255.7050544,,1,TESS,100990000.0,,0.036376712022006256,59.88816607619137,100990000.0,0.212
,4.040413,3.5274466,143.394396,1.5473747,6101.0,1.11672,,,1255.7050544,,1,TESS,100990000.0,,0.036376712022006256,59.88816607619137,100990000.0,0.212
,4.040413,3.5274466,143.394396,1.5473747,6101.0,1.11672,,,1255.7050544,,1,TESS,100990000.0,,0.036376712022006256,59.88816607619137,100990000.0,0.171
,4.040413,3.5274466,143.394396,1.5473747,6101.0,1.11672,,,1255.7050544,,1,TESS,100990000.0,,0.036376712022006256,59.88816607619137,100990000.0,0.171
,4.040413,3.5274466,143.394396,1.5473747,6101.0,1.11672,,,1255.7050544,,1,TESS,100990000.0,,0.036376712022006256,59.88816607619137,100990000.0,0.212
,4.040413,3.5274466,143.394396,1.5473747,6101.0,1.11672,,,1255.7050544,,1,TESS,100990000.0,,0.036376712022006256,59.88816607619137,100990000.0,0.212
,4.040413,3.5274466,143.394396,1.5473747,6101.0,1.11672,,,1255.7050544,,1,TESS,100990000.0,,0.036376712022006256,59.88816607619137,100990000.0,0.171
,4.040413,3.5274466,143.394396,1.5473747,6101.0,1.11672,,,1255.7050544,,1,TESS,100990000.0,,0.036376712022006256,59.88816607619137,100990000.0,0.171
,3.6311186,2.416,6300.0,15.6552,5979.9,1.63,,,,,0,TESS,198616607.0,,0.02772332071762357,25.705337314950484,198616607.0,0.21
,5.5460893,2.2804171,1956.6215347,8.8601851,6963.86,1.88937,,,1588.5463022,,0,TESS,158555987.0,,0.017132320327554046,24.924200355703178,158555987.0,0.158
,4.3780194,8.4203321,1604.3825129,14.3632742,4913.0,3.41348,,,1162.0764027,,1,TESS,394918211.0,,0.08013833092978898,7.776801516687983,394918211.0,0.962
,4.3780194,8.4203321,1604.3825129,14.3632742,4913.0,3.41348,,,1162.0764027,,1,TESS,394918211.0,,0.08013833092978898,7.776801516687983,394918211.0,0.756
,3.2535266,5.1881112,6160.5328004,16.5212632,6368.0,2.06072,,,1869.3790626,,1,TESS,97766057.0,,0.06644214841568444,22.570011098673515,97766057.0,0.969
,3.2535266,5.1881112,6160.5328004,16.5212632,6368.0,2.06072,,,1869.3790626,,1,TESS,97766057.0,,0.06644214841568444,22.570011098673515,97766057.0,0.893
,82.6901439,7.5240298,6529.5765126,6.8236925,5073.0,0.831915,,,344.1684282,,1,TESS,232608943.0,,0.003791277009843211,140.2316714269341,232608943.0,0.151
,82.6901439,7.5240298,6529.5765126,6.8236925,5073.0,0.831915,,,344.1684282,,1,TESS,232608943.0,,0.003791277009843211,140.2316714269341,232608943.0,0.151
,82.6901439,7.5240298,6529.5765126,6.8236925,5073.0,0.831915,,,344.1684282,,1,TESS,232608943.0,,0.003791277009843211,140.2316714269341,232608943.0,0.151
,82.6901439,7.5240298,6529.5765126,6.8236925,5073.0,0.831915,,,344.1684282,,1,TESS,232608943.0,,0.003791277009843211,140.2316714269341,232608943.0,0.151
,482.8191,10.8504687,6928.144617,6.9087752,5073.0,0.831915,,,672.6687765,,1,TESS,232608943.0,,0.0009363814779924491,145.14925530507824,232608943.0,0.151
,482.8191,10.8504687,6928.144617,6.9087752,5073.0,0.831915,,,672.6687765,,1,TESS,232608943.0,,0.0009363814779924491,145.14925530507824,232608943.0,0.151
,482.8191,10.8504687,6928.144617,6.9087752,5073.0,0.831915,,,672.6687765,,1,TESS,232608943.0,,0.0009363814779924491,145.14925530507824,232608943.0,0.151
,482.8191,10.8504687,6928.144617,6.9087752,5073.0,0.831915,,,672.6687765,,1,TESS,232608943.0,,0.0009363814779924491,145.14925530507824,232608943.0,0.151
,3.9813082,3.1,464.0,2.36323,6011.9,1.16,,,1561.0,,1,TESS,467651916.0,,0.03244327211715578,83.08180446994588,467651916.0,0.995
,3.9813082,3.1,464.0,2.36323,6011.9,1.16,,,1561.0,,1,TESS,467651916.0,,0.03244327211715578,83.08180446994588,467651916.0,0.99
,3.9813082,3.1,464.0,2.36323,6011.9,1.16,,,1561.0,,1,TESS,467651916.0,,0.03244327211715578,83.08180446994588,467651916.0,0.969
,10.9245478,1.8716477,653.537141,1.9015018,4884.0,0.74413,,,621.4224577,,1,TESS,4646810.0,,0.007138539916123043,180.7493199830543,4646810.0,0.44
,7.0080817,3.179,14900.0,13.1807,6307.0,1.06,,,1033.0,,0,TESS,99330090.0,,0.01890079742446497,85.76484660427717,99330090.0,0.661
,4.3345378,3.336,10000.0,14.3572,6314.8,1.43,,,1347.0,,1,TESS,165464482.0,,0.032068009342041716,48.51326424084978,165464482.0,0.993
,4.6174254,4.5173138,9412.560054,16.6632337,6411.0,1.67219,,,1504.8598368,,1,TESS,470171739.0,,0.040763280471161116,33.899179604557794,470171739.0,0.991
,4.6174254,4.5173138,9412.560054,16.6632337,6411.0,1.67219,,,1504.8598368,,1,TESS,470171739.0,,0.040763280471161116,33.899179604557794,470171739.0,0.98
,4.6174254,4.5173138,9412.560054,16.6632337,6411.0,1.67219,,,1504.8598368,,1,TESS,470171739.0,,0.040763280471161116,33.899179604557794,470171739.0,0.954
,4.6174254,4.5173138,9412.560054,16.6632337,6411.0,1.67219,,,1504.8598368,,1,TESS,470171739.0,,0.040763280471161116,33.899179604557794,470171739.0,0.89
,4.6174254,4.5173138,9412.560054,16.6632337,6411.0,1.67219,,,1504.8598368,,1,TESS,470171739.0,,0.040763280471161116,33.899179604557794,470171739.0,0.833
,3.3207642,2.487,940.0,3.02356,6142.0,0.95,,,1371.0,,1,TESS,467331291.0,,0.031205166178250397,102.8230835234344,467331291.0,0.994
,3.3207642,2.487,940.0,3.02356,6142.0,0.95,,,1371.0,,1,TESS,467331291.0,,0.031205166178250397,102.8230835234344,467331291.0,0.979
,3.3207642,2.487,940.0,3.02356,6142.0,0.95,,,1371.0,,1,TESS,467331291.0,,0.031205166178250397,102.8230835234344,467331291.0,0.935
,3.3207642,2.487,940.0,3.02356,6142.0,0.95,,,1371.0,,1,TESS,467331291.0,,0.031205166178250397,102.8230835234344,467331291.0,0.866
,4.5195089,3.1628648,17738.8625444,14.3049176,5887.0,1.0321,,,1127.8807531,,1,TESS,293457754.0,,0.029159369974547364,86.68721394853223,293457754.0,0.391
,271.938639,11.1292466,483.1688883,3.5295923,5490.04,1.5819,,,268.5690786,,1,TESS,307958020.0,,0.0017052325111558784,38.783753721847425,307958020.0,0.779
,271.938639,11.1292466,483.1688883,3.5295923,5490.04,1.5819,,,268.5690786,,1,TESS,307958020.0,,0.0017052325111558784,38.783753721847425,307958020.0,0.777
,271.938639,11.1292466,483.1688883,3.5295923,5490.04,1.5819,,,268.5690786,,1,TESS,307958020.0,,0.0017052325111558784,38.783753721847425,307958020.0,0.767
,271.938639,11.1292466,483.1688883,3.5295923,5490.04,1.5819,,,268.5690786,,1,TESS,307958020.0,,0.0017052325111558784,38.783753721847425,307958020.0,0.269
,0.8706763,1.007,1861.0,6.52133,6121.0,1.47,,,1729.0,,0,TESS,17150865.0,,0.04819050584631233,43.759666956271936,17150865.0,0.46
,0.8706763,1.007,1861.0,6.52133,6121.0,1.47,,,1729.0,,0,TESS,17150865.0,,0.04819050584631233,43.759666956271936,17150865.0,0.235
,0.8706763,1.007,1861.0,6.52133,6121.0,1.47,,,1729.0,,0,TESS,17150865.0,,0.04819050584631233,43.759666956271936,17150865.0,0.217
,10.2829583,3.5348916,865.1246457,2.7186716,5700.0,0.894563,,,779.8300521,,1,TESS,58824746.0,,0.01432342183116611,117.04830384980357,58824746.0,0.94
,0.8185672,0.9809687,44712.1811611,4.1552603,31000.0,0.18,,,5028.0545421,,0,TESS,398733009.0,,0.04993321715404992,2589.5801757301056,398733009.0,0.101
,22.0933922,5.4095076,2633.6009111,9.7603293,6798.4,1.75449,,,950.1073168,,1,TESS,436873727.0,,0.010201971138452785,27.645281619061954,436873727.0,0.959
,22.0933922,5.4095076,2633.6009111,9.7603293,6798.4,1.75449,,,950.1073168,,1,TESS,436873727.0,,0.010201971138452785,27.645281619061954,436873727.0,0.873
,7.4332642,3.051,6000.0,10.213,6227.0,1.32,,,1026.0,,1,TESS,23769326.0,,0.01710217689926981,57.523404595563974,23769326.0,0.474
,7.4332642,3.051,6000.0,10.213,6227.0,1.32,,,1026.0,,1,TESS,23769326.0,,0.01710217689926981,57.523404595563974,23769326.0,0.257
,2.49221,1.605,1480.0,1.71311,3450.0,0.45,,,714.0,,0,TESS,29960109.0,,0.026833613091165186,504.30243714374075,29960109.0,0.991
,2.49221,1.605,1480.0,1.71311,3450.0,0.45,,,714.0,,0,TESS,29960109.0,,0.026833613091165186,504.30243714374075,29960109.0,0.986
,7.4463034,2.0033138,4045.7241785,2.4048644,3353.0,0.375859,,,392.8439471,,1,TESS,22233480.0,,0.011209777977386638,699.543956647038,22233480.0,0.997
,7.4463034,2.0033138,4045.7241785,2.4048644,3353.0,0.375859,,,392.8439471,,1,TESS,22233480.0,,0.011209777977386638,699.543956647038,22233480.0,0.991
,7.4463034,2.0033138,4045.7241785,2.4048644,3353.0,0.375859,,,392.8439471,,1,TESS,22233480.0,,0.011209777977386638,699.543956647038,22233480.0,0.991
,1.8498567,2.518276,195.4102498,1.7193265,5834.0,1.0173301,,,1499.3048942,,1,TESS,158241252.0,,0.0567223203306703,66.10441693746897,158241252.0,0.992
,1.8498567,2.518276,195.4102498,1.7193265,5834.0,1.0173301,,,1499.3048942,,1,TESS,158241252.0,,0.0567223203306703,66.10441693746897,158241252.0,0.983
,1.8498567,2.518276,195.4102498,1.7193265,5834.0,1.0173301,,,1499.3048942,,1,TESS,158241252.0,,0.0567223203306703,66.10441693746897,158241252.0,0.979
,1.8498567,2.518276,195.4102498,1.7193265,5834.0,1.0173301,,,1499.3048942,,1,TESS,158241252.0,,0.0567223203306703,66.10441693746897,158241252.0,0.945
,1.8498567,2.518276,195.4102498,1.7193265,5834.0,1.0173301,,,1499.3048942,,1,TESS,158241252.0,,0.0567223203306703,66.10441693746897,158241252.0,0.93
,1.8498567,2.518276,195.4102498,1.7193265,5834.0,1.0173301,,,1499.3048942,,1,TESS,158241252.0,,0.0567223203306703,66.10441693746897,158241252.0,0.837
,1.8498567,2.518276,195.4102498,1.7193265,5834.0,1.0173301,,,1499.3048942,,1,TESS,158241252.0,,0.0567223203306703,66.10441693746897,158241252.0,0.759
,1.8498567,2.518276,195.4102498,1.7193265,5834.0,1.0173301,,,1499.3048942,,1,TESS,158241252.0,,0.0567223203306703,66.10441693746897,158241252.0,0.601
,5.9739124,3.1235464,232.5621027,2.3917735,6308.31,1.2845,,,1198.7446729,,1,TESS,178155732.0,,0.02178601844896753,40.653577560961565,178155732.0,0.629
,5.9739124,3.1235464,232.5621027,2.3917735,6308.31,1.2845,,,1198.7446729,,1,TESS,178155732.0,,0.02178601844896753,40.653577560961565,178155732.0,0.629
,5.9739124,3.1235464,232.5621027,2.3917735,6308.31,1.2845,,,1198.7446729,,1,TESS,178155732.0,,0.02178601844896753,40.653577560961565,178155732.0,0.629
,5.9739124,3.1235464,232.5621027,2.3917735,6308.31,1.2845,,,1198.7446729,,1,TESS,178155732.0,,0.02178601844896753,40.653577560961565,178155732.0,0.616
,5.9739124,3.1235464,232.5621027,2.3917735,6308.31,1.2845,,,1198.7446729,,1,TESS,178155732.0,,0.02178601844896753,40.653577560961565,178155732.0,0.616
,5.9739124,3.1235464,232.5621027,2.3917735,6308.31,1.2845,,,1198.7446729,,1,TESS,178155732.0,,0.02178601844896753,40.653577560961565,178155732.0,0.616
,5.9739124,3.1235464,232.5621027,2.3917735,6308.31,1.2845,,,1198.7446729,,1,TESS,178155732.0,,0.02178601844896753,40.653577560961565,178155732.0,0.629
,5.9739124,3.1235464,232.5621027,2.3917735,6308.31,1.2845,,,1198.7446729,,1,TESS,178155732.0,,0.02178601844896753,40.653577560961565,178155732.0,0.629
,5.9739124,3.1235464,232.5621027,2.3917735,6308.31,1.2845,,,1198.7446729,,1,TESS,178155732.0,,0.02178601844896753,40.653577560961565,178155732.0,0.629
,5.9739124,3.1235464,232.5621027,2.3917735,6308.31,1.2845,,,1198.7446729,,1,TESS,178155732.0,,0.02178601844896753,40.653577560961565,178155732.0,0.616
,5.9739124,3.1235464,232.5621027,2.3917735,6308.31,1.2845,,,1198.7446729,,1,TESS,178155732.0,,0.02178601844896753,40.653577560961565,178155732.0,0.616
,5.9739124,3.1235464,232.5621027,2.3917735,6308.31,1.2845,,,1198.7446729,,1,TESS,178155732.0,,0.02178601844896753,40.653577560961565,178155732.0,0.616
,5.9739124,3.1235464,232.5621027,2.3917735,6308.31,1.2845,,,1198.7446729,,1,TESS,178155732.0,,0.02178601844896753,40.653577560961565,178155732.0,0.629
,5.9739124,3.1235464,232.5621027,2.3917735,6308.31,1.2845,,,1198.7446729,,1,TESS,178155732.0,,0.02178601844896753,40.653577560961565,178155732.0,0.629
,5.9739124,3.1235464,232.5621027,2.3917735,6308.31,1.2845,,,1198.7446729,,1,TESS,178155732.0,,0.02178601844896753,40.653577560961565,178155732.0,0.629
,5.9739124,3.1235464,232.5621027,2.3917735,6308.31,1.2845,,,1198.7446729,,1,TESS,178155732.0,,0.02178601844896753,40.653577560961565,178155732.0,0.616
,5.9739124,3.1235464,232.5621027,2.3917735,6308.31,1.2845,,,1198.7446729,,1,TESS,178155732.0,,0.02178601844896753,40.653577560961565,178155732.0,0.616
,5.9739124,3.1235464,232.5621027,2.3917735,6308.31,1.2845,,,1198.7446729,,1,TESS,178155732.0,,0.02178601844896753,40.653577560961565,178155732.0,0.616
,3.58529,2.495,180.0,1.77141,6308.31,1.28,,,1404.0,,1,TESS,178155732.0,,0.028995794517368258,57.36330728103003,178155732.0,0.629
,3.58529,2.495,180.0,1.77141,6308.31,1.28,,,1404.0,,1,TESS,178155732.0,,0.028995794517368258,57.36330728103003,178155732.0,0.629
,3.58529,2.495,180.0,1.77141,6308.31,1.28,,,1404.0,,1,TESS,178155732.0,,0.028995794517368258,57.36330728103003,178155732.0,0.629
,3.58529,2.495,180.0,1.77141,6308.31,1.28,,,1404.0,,1,TESS,178155732.0,,0.028995794517368258,57.36330728103003,178155732.0,0.616
,3.58529,2.495,180.0,1.77141,6308.31,1.28,,,1404.0,,1,TESS,178155732.0,,0.028995794517368258,57.36330728103003,178155732.0,0.616
,3.58529,2.495,180.0,1.77141,6308.31,1.28,,,1404.0,,1,TESS,178155732.0,,0.028995794517368258,57.36330728103003,178155732.0,0.616
,3.58529,2.495,180.0,1.77141,6308.31,1.28,,,1404.0,,1,TESS,178155732.0,,0.028995794517368258,57.36330728103003,178155732.0,0.629
,3.58529,2.495,180.0,1.77141,6308.31,1.28,,,1404.0,,1,TESS,178155732.0,,0.028995794517368258,57.36330728103003,178155732.0,0.629
,3.58529,2.495,180.0,1.77141,6308.31,1.28,,,1404.0,,1,TESS,178155732.0,,0.028995794517368258,57.36330728103003,178155732.0,0.629
,3.58529,2.495,180.0,1.77141,6308.31,1.28,,,1404.0,,1,TESS,178155732.0,,0.028995794517368258,57.36330728103003,178155732.0,0.616
,3.58529,2.495,180.0,1.77141,6308.31,1.28,,,1404.0,,1,TESS,178155732.0,,0.028995794517368258,57.36330728103003,178155732.0,0.616
,3.58529,2.495,180.0,1.77141,6308.31,1.28,,,1404.0,,1,TESS,178155732.0,,0.028995794517368258,57.36330728103003,178155732.0,0.616
,3.58529,2.495,180.0,1.77141,6308.31,1.28,,,1404.0,,1,TESS,178155732.0,,0.028995794517368258,57.36330728103003,178155732.0,0.629
,3.58529,2.495,180.0,1.77141,6308.31,1.28,,,1404.0,,1,TESS,178155732.0,,0.028995794517368258,57.36330728103003,178155732.0,0.629
,3.58529,2.495,180.0,1.77141,6308.31,1.28,,,1404.0,,1,TESS,178155732.0,,0.028995794517368258,57.36330728103003,178155732.0,0.629
,3.58529,2.495,180.0,1.77141,6308.31,1.28,,,1404.0,,1,TESS,178155732.0,,0.028995794517368258,57.36330728103003,178155732.0,0.616
,3.58529,2.495,180.0,1.77141,6308.31,1.28,,,1404.0,,1,TESS,178155732.0,,0.028995794517368258,57.36330728103003,178155732.0,0.616
,3.58529,2.495,180.0,1.77141,6308.31,1.28,,,1404.0,,1,TESS,178155732.0,,0.028995794517368258,57.36330728103003,178155732.0,0.616
,11.2304605,3.6009978,208.629137,2.0754665,6308.31,1.2845,,,971.2859803,,1,TESS,178155732.0,,0.013360233486714425,48.43322688580752,178155732.0,0.629
,11.2304605,3.6009978,208.629137,2.0754665,6308.31,1.2845,,,971.2859803,,1,TESS,178155732.0,,0.013360233486714425,48.43322688580752,178155732.0,0.629
,11.2304605,3.6009978,208.629137,2.0754665,6308.31,1.2845,,,971.2859803,,1,TESS,178155732.0,,0.013360233486714425,48.43322688580752,178155732.0,0.629
,11.2304605,3.6009978,208.629137,2.0754665,6308.31,1.2845,,,971.2859803,,1,TESS,178155732.0,,0.013360233486714425,48.43322688580752,178155732.0,0.616
,11.2304605,3.6009978,208.629137,2.0754665,6308.31,1.2845,,,971.2859803,,1,TESS,178155732.0,,0.013360233486714425,48.43322688580752,178155732.0,0.616
,11.2304605,3.6009978,208.629137,2.0754665,6308.31,1.2845,,,971.2859803,,1,TESS,178155732.0,,0.013360233486714425,48.43322688580752,178155732.0,0.616
,11.2304605,3.6009978,208.629137,2.0754665,6308.31,1.2845,,,971.2859803,,1,TESS,178155732.0,,0.013360233486714425,48.43322688580752,178155732.0,0.629
,11.2304605,3.6009978,208.629137,2.0754665,6308.31,1.2845,,,971.2859803,,1,TESS,178155732.0,,0.013360233486714425,48.43322688580752,178155732.0,0.629
,11.2304605,3.6009978,208.629137,2.0754665,6308.31,1.2845,,,971.2859803,,1,TESS,178155732.0,,0.013360233486714425,48.43322688580752,178155732.0,0.629
,11.2304605,3.6009978,208.629137,2.0754665,6308.31,1.2845,,,971.2859803,,1,TESS,178155732.0,,0.013360233486714425,48.43322688580752,178155732.0,0.616
,11.2304605,3.6009978,208.629137,2.0754665,6308.31,1.2845,,,971.2859803,,1,TESS,178155732.0,,0.013360233486714425,48.43322688580752,178155732.0,0.616
,11.2304605,3.6009978,208.629137,2.0754665,6308.31,1.2845,,,971.2859803,,1,TESS,178155732.0,,0.013360233486714425,48.43322688580752,178155732.0,0.616
,11.2304605,3.6009978,208.629137,2.0754665,6308.31,1.2845,,,971.2859803,,1,TESS,178155732.0,,0.013360233486714425,48.43322688580752,178155732.0,0.629
,11.2304605,3.6009978,208.629137,2.0754665,6308.31,1.2845,,,971.2859803,,1,TESS,178155732.0,,0.013360233486714425,48.43322688580752,178155732.0,0.629
,11.2304605,3.6009978,208.629137,2.0754665,6308.31,1.2845,,,971.2859803,,1,TESS,178155732.0,,0.013360233486714425,48.43322688580752,178155732.0,0.629
,11.2304605,3.6009978,208.629137,2.0754665,6308.31,1.2845,,,971.2859803,,1,TESS,178155732.0,,0.013360233486714425,48.43322688580752,178155732.0,0.616
,11.2304605,3.6009978,208.629137,2.0754665,6308.31,1.2845,,,971.2859803,,1,TESS,178155732.0,,0.013360233486714425,48.43322688580752,178155732.0,0.616
,11.2304605,3.6009978,208.629137,2.0754665,6308.31,1.2845,,,971.2859803,,1,TESS,178155732.0,,0.013360233486714425,48.43322688580752,178155732.0,0.616
,16.067522,2.6182382,2929.6501469,4.7909617,5718.0,0.860124,,,625.1939631,,1,TESS,94986319.0,,0.006789675349467714,127.63516492118903,94986319.0,0.967
,16.067522,2.6182382,2929.6501469,4.7909617,5718.0,0.860124,,,625.1939631,,1,TESS,94986319.0,,0.006789675349467714,127.63516492118903,94986319.0,0.967
,16.067522,2.6182382,2929.6501469,4.7909617,5718.0,0.860124,,,625.1939631,,1,TESS,94986319.0,,0.006789675349467714,127.63516492118903,94986319.0,0.967
,16.067522,2.6182382,2929.6501469,4.7909617,5718.0,0.860124,,,625.1939631,,1,TESS,94986319.0,,0.006789675349467714,127.63516492118903,94986319.0,0.967
,5.1976858,1.8810737,437.4376044,1.9257346,5718.0,0.860124,,,910.7399798,,1,TESS,94986319.0,,0.015079416729080527,117.9568402291546,94986319.0,0.967
,5.1976858,1.8810737,437.4376044,1.9257346,5718.0,0.860124,,,910.7399798,,1,TESS,94986319.0,,0.015079416729080527,117.9568402291546,94986319.0,0.967
,5.1976858,1.8810737,437.4376044,1.9257346,5718.0,0.860124,,,910.7399798,,1,TESS,94986319.0,,0.015079416729080527,117.9568402291546,94986319.0,0.967
,5.1976858,1.8810737,437.4376044,1.9257346,5718.0,0.860124,,,910.7399798,,1,TESS,94986319.0,,0.015079416729080527,117.9568402291546,94986319.0,0.967
,10.4419896,1.714349,3992.4372644,1.8605473,3271.0,0.292425,,,317.8151042,,1,TESS,219041246.0,,0.006840766059401306,1153.337848445453,219041246.0,0.902
,1.4344602,0.9348877,1028.2187852,1.393219,3421.0,0.37103,,,691.2885073,,1,TESS,230055368.0,,0.027155617865997673,529.7201986603109,230055368.0,0.916
,5.4911302,1.9062098,448.451647,2.430675,5874.0,1.10649,,,1093.0345624,,1,TESS,71582156.0,,0.014464309684489684,75.90349287957235,71582156.0,0.991
,5.4911302,1.9062098,448.451647,2.430675,5874.0,1.10649,,,1093.0345624,,1,TESS,71582156.0,,0.014464309684489684,75.90349287957235,71582156.0,0.983
,5.4911302,1.9062098,448.451647,2.430675,5874.0,1.10649,,,1093.0345624,,1,TESS,71582156.0,,0.014464309684489684,75.90349287957235,71582156.0,0.975
,4.2889696,2.517,5850.0,20.7112,6736.9,2.61,,,1404.0,,1,TESS,293607057.0,,0.024452259811110773,13.637832121250261,293607057.0,0.136
,0.5734766,0.9004508,818.3903403,1.4969531,3466.0,0.420908,,,988.2507357,,1,TESS,4918918.0,,0.06542338537851229,365.21105301691966,4918918.0,0.983
,6.3084728,2.871,3690.0,6.00429,5840.0,0.97,,,1012.0,,1,TESS,282485660.0,,0.01896259253267954,102.3535792128621,282485660.0,0.97
,2.5432595,1.12,21300.0,10.6224,3757.0,0.66,,,615.0,,1,TESS,424196109.0,,0.018349156231253043,188.7705742559932,424196109.0,0.974
,1.7100122,1.79,12680.0,17.2191,5720.0,1.51,,,1493.0,,1,TESS,134537478.0,,0.04361567216655744,42.76597282650606,134537478.0,0.86
,3.1979646,5.69,2060.0,12.9757,5990.0,2.93,,,2096.0,,0,TESS,185226925.0,,0.07413569563726441,12.235046541403433,185226925.0,0.212
,14.69808,3.7370696,1897.6641496,3.177884,4362.0,0.733789,,,512.9439621,,1,TESS,374180079.0,,0.01059398458110973,187.90711692861757,374180079.0,0.984
,14.69808,3.7370696,1897.6641496,3.177884,4362.0,0.733789,,,512.9439621,,1,TESS,374180079.0,,0.01059398458110973,187.90711692861757,374180079.0,0.984
,14.69808,3.7370696,1897.6641496,3.177884,4362.0,0.733789,,,512.9439621,,1,TESS,374180079.0,,0.01059398458110973,187.90711692861757,374180079.0,0.91
,14.69808,3.7370696,1897.6641496,3.177884,4362.0,0.733789,,,512.9439621,,1,TESS,374180079.0,,0.01059398458110973,187.90711692861757,374180079.0,0.91
,14.69808,3.7370696,1897.6641496,3.177884,4362.0,0.733789,,,512.9439621,,1,TESS,374180079.0,,0.01059398458110973,187.90711692861757,374180079.0,0.777
,14.69808,3.7370696,1897.6641496,3.177884,4362.0,0.733789,,,512.9439621,,1,TESS,374180079.0,,0.01059398458110973,187.90711692861757,374180079.0,0.777
,14.69808,3.7370696,1897.6641496,3.177884,4362.0,0.733789,,,512.9439621,,1,TESS,374180079.0,,0.01059398458110973,187.90711692861757,374180079.0,0.984
,14.69808,3.7370696,1897.6641496,3.177884,4362.0,0.733789,,,512.9439621,,1,TESS,374180079.0,,0.01059398458110973,187.90711692861757,374180079.0,0.984
,14.69808,3.7370696,1897.6641496,3.177884,4362.0,0.733789,,,512.9439621,,1,TESS,374180079.0,,0.01059398458110973,187.90711692861757,374180079.0,0.91
,14.69808,3.7370696,1897.6641496,3.177884,4362.0,0.733789,,,512.9439621,,1,TESS,374180079.0,,0.01059398458110973,187.90711692861757,374180079.0,0.91
,14.69808,3.7370696,1897.6641496,3.177884,4362.0,0.733789,,,512.9439621,,1,TESS,374180079.0,,0.01059398458110973,187.90711692861757,374180079.0,0.777
,14.69808,3.7370696,1897.6641496,3.177884,4362.0,0.733789,,,512.9439621,,1,TESS,374180079.0,,0.01059398458110973,187.90711692861757,374180079.0,0.777
,19.4834833,4.6663301,1509.6832721,3.5483433,4362.0,0.733789,,,466.947359,,1,TESS,374180079.0,,0.009979243312079188,119.90424162947502,374180079.0,0.984
,19.4834833,4.6663301,1509.6832721,3.5483433,4362.0,0.733789,,,466.947359,,1,TESS,374180079.0,,0.009979243312079188,119.90424162947502,374180079.0,0.984
,19.4834833,4.6663301,1509.6832721,3.5483433,4362.0,0.733789,,,466.947359,,1,TESS,374180079.0,,0.009979243312079188,119.90424162947502,374180079.0,0.91
,19.4834833,4.6663301,1509.6832721,3.5483433,4362.0,0.733789,,,466.947359,,1,TESS,374180079.0,,0.009979243312079188,119.90424162947502,374180079.0,0.91
,19.4834833,4.6663301,1509.6832721,3.5483433,4362.0,0.733789,,,466.947359,,1,TESS,374180079.0,,0.009979243312079188,119.90424162947502,374180079.0,0.777
,19.4834833,4.6663301,1509.6832721,3.5483433,4362.0,0.733789,,,466.947359,,1,TESS,374180079.0,,0.009979243312079188,119.90424162947502,374180079.0,0.777
,19.4834833,4.6663301,1509.6832721,3.5483433,4362.0,0.733789,,,466.947359,,1,TESS,374180079.0,,0.009979243312079188,119.90424162947502,374180079.0,0.984
,19.4834833,4.6663301,1509.6832721,3.5483433,4362.0,0.733789,,,466.947359,,1,TESS,374180079.0,,0.009979243312079188,119.90424162947502,374180079.0,0.984
,19.4834833,4.6663301,1509.6832721,3.5483433,4362.0,0.733789,,,466.947359,,1,TESS,374180079.0,,0.009979243312079188,119.90424162947502,374180079.0,0.91
,19.4834833,4.6663301,1509.6832721,3.5483433,4362.0,0.733789,,,466.947359,,1,TESS,374180079.0,,0.009979243312079188,119.90424162947502,374180079.0,0.91
,19.4834833,4.6663301,1509.6832721,3.5483433,4362.0,0.733789,,,466.947359,,1,TESS,374180079.0,,0.009979243312079188,119.90424162947502,374180079.0,0.777
,19.4834833,4.6663301,1509.6832721,3.5483433,4362.0,0.733789,,,466.947359,,1,TESS,374180079.0,,0.009979243312079188,119.90424162947502,374180079.0,0.777
,5.4435354,3.5,3219.0,7.30242,6313.0,1.25,,,1248.0,,1,TESS,408310006.0,,0.02679018716716264,60.36529854350213,408310006.0,0.225
,3.5248693,3.1475424,24987.7992456,9.045877,3965.0,0.613,,,688.5833009,,0,TESS,403693875.0,,0.037206372006398786,305.3701950121974,403693875.0,0.395
,3.5248693,3.1475424,24987.7992456,9.045877,3965.0,0.613,,,688.5833009,,0,TESS,403693875.0,,0.037206372006398786,305.3701950121974,403693875.0,0.337
,8.8652886,3.2904518,1699.9442212,4.2853969,5368.0,0.697439,,,691.3376127,,1,TESS,366411016.0,,0.015465052958225877,92.56622345430178,366411016.0,0.857
,7.0491608,3.5024531,300.5227138,2.8464941,6337.87,1.42717,,,1199.7417985,,1,TESS,407966340.0,,0.020702541637399933,37.08998625874724,407966340.0,0.986
,7.0491608,3.5024531,300.5227138,2.8464941,6337.87,1.42717,,,1199.7417985,,1,TESS,407966340.0,,0.020702541637399933,37.08998625874724,407966340.0,0.986
,7.0491608,3.5024531,300.5227138,2.8464941,6337.87,1.42717,,,1199.7417985,,1,TESS,407966340.0,,0.020702541637399933,37.08998625874724,407966340.0,0.98
,7.0491608,3.5024531,300.5227138,2.8464941,6337.87,1.42717,,,1199.7417985,,1,TESS,407966340.0,,0.020702541637399933,37.08998625874724,407966340.0,0.98
,7.0491608,3.5024531,300.5227138,2.8464941,6337.87,1.42717,,,1199.7417985,,1,TESS,407966340.0,,0.020702541637399933,37.08998625874724,407966340.0,0.964
,7.0491608,3.5024531,300.5227138,2.8464941,6337.87,1.42717,,,1199.7417985,,1,TESS,407966340.0,,0.020702541637399933,37.08998625874724,407966340.0,0.964
,7.0491608,3.5024531,300.5227138,2.8464941,6337.87,1.42717,,,1199.7417985,,1,TESS,407966340.0,,0.020702541637399933,37.08998625874724,407966340.0,0.954
,7.0491608,3.5024531,300.5227138,2.8464941,6337.87,1.42717,,,1199.7417985,,1,TESS,407966340.0,,0.020702541637399933,37.08998625874724,407966340.0,0.954
,7.0491608,3.5024531,300.5227138,2.8464941,6337.87,1.42717,,,1199.7417985,,1,TESS,407966340.0,,0.020702541637399933,37.08998625874724,407966340.0,0.929
,7.0491608,3.5024531,300.5227138,2.8464941,6337.87,1.42717,,,1199.7417985,,1,TESS,407966340.0,,0.020702541637399933,37.08998625874724,407966340.0,0.929
,7.0491608,3.5024531,300.5227138,2.8464941,6337.87,1.42717,,,1199.7417985,,1,TESS,407966340.0,,0.020702541637399933,37.08998625874724,407966340.0,0.894
,7.0491608,3.5024531,300.5227138,2.8464941,6337.87,1.42717,,,1199.7417985,,1,TESS,407966340.0,,0.020702541637399933,37.08998625874724,407966340.0,0.894
,7.0491608,3.5024531,300.5227138,2.8464941,6337.87,1.42717,,,1199.7417985,,1,TESS,407966340.0,,0.020702541637399933,37.08998625874724,407966340.0,0.779
,7.0491608,3.5024531,300.5227138,2.8464941,6337.87,1.42717,,,1199.7417985,,1,TESS,407966340.0,,0.020702541637399933,37.08998625874724,407966340.0,0.779
,7.0491608,3.5024531,300.5227138,2.8464941,6337.87,1.42717,,,1199.7417985,,1,TESS,407966340.0,,0.020702541637399933,37.08998625874724,407966340.0,0.768
,7.0491608,3.5024531,300.5227138,2.8464941,6337.87,1.42717,,,1199.7417985,,1,TESS,407966340.0,,0.020702541637399933,37.08998625874724,407966340.0,0.768
,7.0491608,3.5024531,300.5227138,2.8464941,6337.87,1.42717,,,1199.7417985,,1,TESS,407966340.0,,0.020702541637399933,37.08998625874724,407966340.0,0.986
,7.0491608,3.5024531,300.5227138,2.8464941,6337.87,1.42717,,,1199.7417985,,1,TESS,407966340.0,,0.020702541637399933,37.08998625874724,407966340.0,0.986
,7.0491608,3.5024531,300.5227138,2.8464941,6337.87,1.42717,,,1199.7417985,,1,TESS,407966340.0,,0.020702541637399933,37.08998625874724,407966340.0,0.98
,7.0491608,3.5024531,300.5227138,2.8464941,6337.87,1.42717,,,1199.7417985,,1,TESS,407966340.0,,0.020702541637399933,37.08998625874724,407966340.0,0.98
,7.0491608,3.5024531,300.5227138,2.8464941,6337.87,1.42717,,,1199.7417985,,1,TESS,407966340.0,,0.020702541637399933,37.08998625874724,407966340.0,0.964
,7.0491608,3.5024531,300.5227138,2.8464941,6337.87,1.42717,,,1199.7417985,,1,TESS,407966340.0,,0.020702541637399933,37.08998625874724,407966340.0,0.964
,7.0491608,3.5024531,300.5227138,2.8464941,6337.87,1.42717,,,1199.7417985,,1,TESS,407966340.0,,0.020702541637399933,37.08998625874724,407966340.0,0.954
,7.0491608,3.5024531,300.5227138,2.8464941,6337.87,1.42717,,,1199.7417985,,1,TESS,407966340.0,,0.020702541637399933,37.08998625874724,407966340.0,0.954
,7.0491608,3.5024531,300.5227138,2.8464941,6337.87,1.42717,,,1199.7417985,,1,TESS,407966340.0,,0.020702541637399933,37.08998625874724,407966340.0,0.929
,7.0491608,3.5024531,300.5227138,2.8464941,6337.87,1.42717,,,1199.7417985,,1,TESS,407966340.0,,0.020702541637399933,37.08998625874724,407966340.0,0.929
,7.0491608,3.5024531,300.5227138,2.8464941,6337.87,1.42717,,,1199.7417985,,1,TESS,407966340.0,,0.020702541637399933,37.08998625874724,407966340.0,0.894
,7.0491608,3.5024531,300.5227138,2.8464941,6337.87,1.42717,,,1199.7417985,,1,TESS,407966340.0,,0.020702541637399933,37.08998625874724,407966340.0,0.894
,7.0491608,3.5024531,300.5227138,2.8464941,6337.87,1.42717,,,1199.7417985,,1,TESS,407966340.0,,0.020702541637399933,37.08998625874724,407966340.0,0.779
,7.0491608,3.5024531,300.5227138,2.8464941,6337.87,1.42717,,,1199.7417985,,1,TESS,407966340.0,,0.020702541637399933,37.08998625874724,407966340.0,0.779
,7.0491608,3.5024531,300.5227138,2.8464941,6337.87,1.42717,,,1199.7417985,,1,TESS,407966340.0,,0.020702541637399933,37.08998625874724,407966340.0,0.768
,7.0491608,3.5024531,300.5227138,2.8464941,6337.87,1.42717,,,1199.7417985,,1,TESS,407966340.0,,0.020702541637399933,37.08998625874724,407966340.0,0.768
,3.0440441,1.3542885,82.7350431,1.3337425,6337.87,1.42717,,,1587.2668665,,1,TESS,407966340.0,,0.018537407762130653,46.50988575961298,407966340.0,0.986
,3.0440441,1.3542885,82.7350431,1.3337425,6337.87,1.42717,,,1587.2668665,,1,TESS,407966340.0,,0.018537407762130653,46.50988575961298,407966340.0,0.986
,3.0440441,1.3542885,82.7350431,1.3337425,6337.87,1.42717,,,1587.2668665,,1,TESS,407966340.0,,0.018537407762130653,46.50988575961298,407966340.0,0.98
,3.0440441,1.3542885,82.7350431,1.3337425,6337.87,1.42717,,,1587.2668665,,1,TESS,407966340.0,,0.018537407762130653,46.50988575961298,407966340.0,0.98
,3.0440441,1.3542885,82.7350431,1.3337425,6337.87,1.42717,,,1587.2668665,,1,TESS,407966340.0,,0.018537407762130653,46.50988575961298,407966340.0,0.964
,3.0440441,1.3542885,82.7350431,1.3337425,6337.87,1.42717,,,1587.2668665,,1,TESS,407966340.0,,0.018537407762130653,46.50988575961298,407966340.0,0.964
,3.0440441,1.3542885,82.7350431,1.3337425,6337.87,1.42717,,,1587.2668665,,1,TESS,407966340.0,,0.018537407762130653,46.50988575961298,407966340.0,0.954
,3.0440441,1.3542885,82.7350431,1.3337425,6337.87,1.42717,,,1587.2668665,,1,TESS,407966340.0,,0.018537407762130653,46.50988575961298,407966340.0,0.954
,3.0440441,1.3542885,82.7350431,1.3337425,6337.87,1.42717,,,1587.2668665,,1,TESS,407966340.0,,0.018537407762130653,46.50988575961298,407966340.0,0.929
,3.0440441,1.3542885,82.7350431,1.3337425,6337.87,1.42717,,,1587.2668665,,1,TESS,407966340.0,,0.018537407762130653,46.50988575961298,407966340.0,0.929
,3.0440441,1.3542885,82.7350431,1.3337425,6337.87,1.42717,,,1587.2668665,,1,TESS,407966340.0,,0.018537407762130653,46.50988575961298,407966340.0,0.894
,3.0440441,1.3542885,82.7350431,1.3337425,6337.87,1.42717,,,1587.2668665,,1,TESS,407966340.0,,0.018537407762130653,46.50988575961298,407966340.0,0.894
,3.0440441,1.3542885,82.7350431,1.3337425,6337.87,1.42717,,,1587.2668665,,1,TESS,407966340.0,,0.018537407762130653,46.50988575961298,407966340.0,0.779
,3.0440441,1.3542885,82.7350431,1.3337425,6337.87,1.42717,,,1587.2668665,,1,TESS,407966340.0,,0.018537407762130653,46.50988575961298,407966340.0,0.779
,3.0440441,1.3542885,82.7350431,1.3337425,6337.87,1.42717,,,1587.2668665,,1,TESS,407966340.0,,0.018537407762130653,46.50988575961298,407966340.0,0.768
,3.0440441,1.3542885,82.7350431,1.3337425,6337.87,1.42717,,,1587.2668665,,1,TESS,407966340.0,,0.018537407762130653,46.50988575961298,407966340.0,0.768
,3.0440441,1.3542885,82.7350431,1.3337425,6337.87,1.42717,,,1587.2668665,,1,TESS,407966340.0,,0.018537407762130653,46.50988575961298,407966340.0,0.986
,3.0440441,1.3542885,82.7350431,1.3337425,6337.87,1.42717,,,1587.2668665,,1,TESS,407966340.0,,0.018537407762130653,46.50988575961298,407966340.0,0.986
,3.0440441,1.3542885,82.7350431,1.3337425,6337.87,1.42717,,,1587.2668665,,1,TESS,407966340.0,,0.018537407762130653,46.50988575961298,407966340.0,0.98
,3.0440441,1.3542885,82.7350431,1.3337425,6337.87,1.42717,,,1587.2668665,,1,TESS,407966340.0,,0.018537407762130653,46.50988575961298,407966340.0,0.98
,3.0440441,1.3542885,82.7350431,1.3337425,6337.87,1.42717,,,1587.2668665,,1,TESS,407966340.0,,0.018537407762130653,46.50988575961298,407966340.0,0.964
,3.0440441,1.3542885,82.7350431,1.3337425,6337.87,1.42717,,,1587.2668665,,1,TESS,407966340.0,,0.018537407762130653,46.50988575961298,407966340.0,0.964
,3.0440441,1.3542885,82.7350431,1.3337425,6337.87,1.42717,,,1587.2668665,,1,TESS,407966340.0,,0.018537407762130653,46.50988575961298,407966340.0,0.954
,3.0440441,1.3542885,82.7350431,1.3337425,6337.87,1.42717,,,1587.2668665,,1,TESS,407966340.0,,0.018537407762130653,46.50988575961298,407966340.0,0.954
,3.0440441,1.3542885,82.7350431,1.3337425,6337.87,1.42717,,,1587.2668665,,1,TESS,407966340.0,,0.018537407762130653,46.50988575961298,407966340.0,0.929
,3.0440441,1.3542885,82.7350431,1.3337425,6337.87,1.42717,,,1587.2668665,,1,TESS,407966340.0,,0.018537407762130653,46.50988575961298,407966340.0,0.929
,3.0440441,1.3542885,82.7350431,1.3337425,6337.87,1.42717,,,1587.2668665,,1,TESS,407966340.0,,0.018537407762130653,46.50988575961298,407966340.0,0.894
,3.0440441,1.3542885,82.7350431,1.3337425,6337.87,1.42717,,,1587.2668665,,1,TESS,407966340.0,,0.018537407762130653,46.50988575961298,407966340.0,0.894
,3.0440441,1.3542885,82.7350431,1.3337425,6337.87,1.42717,,,1587.2668665,,1,TESS,407966340.0,,0.018537407762130653,46.50988575961298,407966340.0,0.779
,3.0440441,1.3542885,82.7350431,1.3337425,6337.87,1.42717,,,1587.2668665,,1,TESS,407966340.0,,0.018537407762130653,46.50988575961298,407966340.0,0.779
,3.0440441,1.3542885,82.7350431,1.3337425,6337.87,1.42717,,,1587.2668665,,1,TESS,407966340.0,,0.018537407762130653,46.50988575961298,407966340.0,0.768
,3.0440441,1.3542885,82.7350431,1.3337425,6337.87,1.42717,,,1587.2668665,,1,TESS,407966340.0,,0.018537407762130653,46.50988575961298,407966340.0,0.768
,15.6146058,5.8168055,467.1437307,3.0272584,5809.0,1.3820699,,,855.9604214,,1,TESS,418604868.0,,0.015521806844883102,50.97432592973273,418604868.0,0.976
,2.774207,2.393565,693.389889,2.582442,5280.0,0.945062,,,1170.9058394,,0,TESS,274138511.0,,0.03594968706448235,103.97197333115658,274138511.0,0.212
,2.774207,2.393565,693.389889,2.582442,5280.0,0.945062,,,1170.9058394,,0,TESS,274138511.0,,0.03594968706448235,103.97197333115658,274138511.0,0.11
,4.0785273,1.561,4530.0,3.74681,3580.0,0.48,,,695.0,,1,TESS,246965431.0,,0.01594734109103404,322.6820666394527,246965431.0,0.972
,2.294185,2.750763,697.472004,1.95611,5062.0,0.707445,,,1065.3910768,,0,TESS,59003115.0,,0.049958971451027796,182.2804617185593,59003115.0,0.122
,6.1406882,3.3861325,2627.6198191,5.4273017,5708.0,1.05042,,,1004.561242,,1,TESS,151724385.0,,0.02297606532266703,89.20610668298167,151724385.0,0.973
,4.2403543,2.353,842.0,2.64301,5670.0,0.93,,,1113.0,,1,TESS,437011608.0,,0.023121102334134537,120.53534539501234,437011608.0,0.986
,4.2403543,2.353,842.0,2.64301,5670.0,0.93,,,1113.0,,1,TESS,437011608.0,,0.023121102334134537,120.53534539501234,437011608.0,0.985
,4.2403543,2.353,842.0,2.64301,5670.0,0.93,,,1113.0,,1,TESS,437011608.0,,0.023121102334134537,120.53534539501234,437011608.0,0.985
,6.8242909,2.787,700.0,2.23971,3999.0,0.87,,,671.0,,0,TESS,268405086.0,,0.017016419873159643,139.54503061683067,268405086.0,0.778
,4.1645448,1.5725422,2612.2397484,1.9881393,3521.0,0.343358,,,487.3029274,,1,TESS,328081248.0,,0.015733434062495118,660.8749692838624,328081248.0,0.996
,2.6282606,1.2408211,731.2082684,2.8331017,4821.0,0.817034,,,1037.8197981,,1,TESS,151759246.0,,0.019671138526764012,91.09965036971784,151759246.0,0.982
,5.3829728,1.382,1078.0,3.5038,5134.0,0.76,,,816.0,,1,TESS,466382581.0,,0.010697310766201912,87.80921788000555,466382581.0,0.418
,6.3980642,2.004,1656.0,2.62025,4695.0,0.63,,,671.0,,1,TESS,101011575.0,,0.01305082238096575,241.19861510702773,101011575.0,0.964
,6.3980642,2.004,1656.0,2.62025,4695.0,0.63,,,671.0,,1,TESS,101011575.0,,0.01305082238096575,241.19861510702773,101011575.0,0.964
,6.3980642,2.004,1656.0,2.62025,4695.0,0.63,,,671.0,,1,TESS,101011575.0,,0.01305082238096575,241.19861510702773,101011575.0,0.897
,6.3980642,2.004,1656.0,2.62025,4695.0,0.63,,,671.0,,1,TESS,101011575.0,,0.01305082238096575,241.19861510702773,101011575.0,0.897
,6.3980642,2.004,1656.0,2.62025,4695.0,0.63,,,671.0,,1,TESS,101011575.0,,0.01305082238096575,241.19861510702773,101011575.0,0.964
,6.3980642,2.004,1656.0,2.62025,4695.0,0.63,,,671.0,,1,TESS,101011575.0,,0.01305082238096575,241.19861510702773,101011575.0,0.964
,6.3980642,2.004,1656.0,2.62025,4695.0,0.63,,,671.0,,1,TESS,101011575.0,,0.01305082238096575,241.19861510702773,101011575.0,0.897
,6.3980642,2.004,1656.0,2.62025,4695.0,0.63,,,671.0,,1,TESS,101011575.0,,0.01305082238096575,241.19861510702773,101011575.0,0.897
,18.8792871,3.262,1199.0,1.99787,4695.0,0.63,,,502.0,,1,TESS,101011575.0,,0.007199247813054234,300.3894136445267,101011575.0,0.964
,18.8792871,3.262,1199.0,1.99787,4695.0,0.63,,,502.0,,1,TESS,101011575.0,,0.007199247813054234,300.3894136445267,101011575.0,0.964
,18.8792871,3.262,1199.0,1.99787,4695.0,0.63,,,502.0,,1,TESS,101011575.0,,0.007199247813054234,300.3894136445267,101011575.0,0.897
,18.8792871,3.262,1199.0,1.99787,4695.0,0.63,,,502.0,,1,TESS,101011575.0,,0.007199247813054234,300.3894136445267,101011575.0,0.897
,18.8792871,3.262,1199.0,1.99787,4695.0,0.63,,,502.0,,1,TESS,101011575.0,,0.007199247813054234,300.3894136445267,101011575.0,0.964
,18.8792871,3.262,1199.0,1.99787,4695.0,0.63,,,502.0,,1,TESS,101011575.0,,0.007199247813054234,300.3894136445267,101011575.0,0.964
,18.8792871,3.262,1199.0,1.99787,4695.0,0.63,,,502.0,,1,TESS,101011575.0,,0.007199247813054234,300.3894136445267,101011575.0,0.897
,18.8792871,3.262,1199.0,1.99787,4695.0,0.63,,,502.0,,1,TESS,101011575.0,,0.007199247813054234,300.3894136445267,101011575.0,0.897
,10.778833,3.416,1130.0,2.6584,5391.0,0.84,,,791.0,,1,TESS,377064495.0,,0.013204892661675847,159.89604640130062,377064495.0,0.963
,10.778833,3.416,1130.0,2.6584,5391.0,0.84,,,791.0,,1,TESS,377064495.0,,0.013204892661675847,159.89604640130062,377064495.0,0.963
,10.778833,3.416,1130.0,2.6584,5391.0,0.84,,,791.0,,1,TESS,377064495.0,,0.013204892661675847,159.89604640130062,377064495.0,0.963
,10.778833,3.416,1130.0,2.6584,5391.0,0.84,,,791.0,,1,TESS,377064495.0,,0.013204892661675847,159.89604640130062,377064495.0,0.963
,10.778833,3.416,1130.0,2.6584,5391.0,0.84,,,791.0,,1,TESS,377064495.0,,0.013204892661675847,159.89604640130062,377064495.0,0.792
,10.778833,3.416,1130.0,2.6584,5391.0,0.84,,,791.0,,1,TESS,377064495.0,,0.013204892661675847,159.89604640130062,377064495.0,0.792
,10.778833,3.416,1130.0,2.6584,5391.0,0.84,,,791.0,,1,TESS,377064495.0,,0.013204892661675847,159.89604640130062,377064495.0,0.792
,10.778833,3.416,1130.0,2.6584,5391.0,0.84,,,791.0,,1,TESS,377064495.0,,0.013204892661675847,159.89604640130062,377064495.0,0.792
,10.778833,3.416,1130.0,2.6584,5391.0,0.84,,,791.0,,1,TESS,377064495.0,,0.013204892661675847,159.89604640130062,377064495.0,0.963
,10.778833,3.416,1130.0,2.6584,5391.0,0.84,,,791.0,,1,TESS,377064495.0,,0.013204892661675847,159.89604640130062,377064495.0,0.963
,10.778833,3.416,1130.0,2.6584,5391.0,0.84,,,791.0,,1,TESS,377064495.0,,0.013204892661675847,159.89604640130062,377064495.0,0.963
,10.778833,3.416,1130.0,2.6584,5391.0,0.84,,,791.0,,1,TESS,377064495.0,,0.013204892661675847,159.89604640130062,377064495.0,0.963
,10.778833,3.416,1130.0,2.6584,5391.0,0.84,,,791.0,,1,TESS,377064495.0,,0.013204892661675847,159.89604640130062,377064495.0,0.792
,10.778833,3.416,1130.0,2.6584,5391.0,0.84,,,791.0,,1,TESS,377064495.0,,0.013204892661675847,159.89604640130062,377064495.0,0.792
,10.778833,3.416,1130.0,2.6584,5391.0,0.84,,,791.0,,1,TESS,377064495.0,,0.013204892661675847,159.89604640130062,377064495.0,0.792
,10.778833,3.416,1130.0,2.6584,5391.0,0.84,,,791.0,,1,TESS,377064495.0,,0.013204892661675847,159.89604640130062,377064495.0,0.792
,10.778833,3.416,1130.0,2.6584,5391.0,0.84,,,791.0,,1,TESS,377064495.0,,0.013204892661675847,159.89604640130062,377064495.0,0.963
,10.778833,3.416,1130.0,2.6584,5391.0,0.84,,,791.0,,1,TESS,377064495.0,,0.013204892661675847,159.89604640130062,377064495.0,0.963
,10.778833,3.416,1130.0,2.6584,5391.0,0.84,,,791.0,,1,TESS,377064495.0,,0.013204892661675847,159.89604640130062,377064495.0,0.963
,10.778833,3.416,1130.0,2.6584,5391.0,0.84,,,791.0,,1,TESS,377064495.0,,0.013204892661675847,159.89604640130062,377064495.0,0.963
,10.778833,3.416,1130.0,2.6584,5391.0,0.84,,,791.0,,1,TESS,377064495.0,,0.013204892661675847,159.89604640130062,377064495.0,0.792
,10.778833,3.416,1130.0,2.6584,5391.0,0.84,,,791.0,,1,TESS,377064495.0,,0.013204892661675847,159.89604640130062,377064495.0,0.792
,10.778833,3.416,1130.0,2.6584,5391.0,0.84,,,791.0,,1,TESS,377064495.0,,0.013204892661675847,159.89604640130062,377064495.0,0.792
,10.778833,3.416,1130.0,2.6584,5391.0,0.84,,,791.0,,1,TESS,377064495.0,,0.013204892661675847,159.89604640130062,377064495.0,0.792
,10.778833,3.416,1130.0,2.6584,5391.0,0.84,,,791.0,,1,TESS,377064495.0,,0.013204892661675847,159.89604640130062,377064495.0,0.963
,10.778833,3.416,1130.0,2.6584,5391.0,0.84,,,791.0,,1,TESS,377064495.0,,0.013204892661675847,159.89604640130062,377064495.0,0.963
,10.778833,3.416,1130.0,2.6584,5391.0,0.84,,,791.0,,1,TESS,377064495.0,,0.013204892661675847,159.89604640130062,377064495.0,0.963
,10.778833,3.416,1130.0,2.6584,5391.0,0.84,,,791.0,,1,TESS,377064495.0,,0.013204892661675847,159.89604640130062,377064495.0,0.963
,10.778833,3.416,1130.0,2.6584,5391.0,0.84,,,791.0,,1,TESS,377064495.0,,0.013204892661675847,159.89604640130062,377064495.0,0.792
,10.778833,3.416,1130.0,2.6584,5391.0,0.84,,,791.0,,1,TESS,377064495.0,,0.013204892661675847,159.89604640130062,377064495.0,0.792
,10.778833,3.416,1130.0,2.6584,5391.0,0.84,,,791.0,,1,TESS,377064495.0,,0.013204892661675847,159.89604640130062,377064495.0,0.792
,10.778833,3.416,1130.0,2.6584,5391.0,0.84,,,791.0,,1,TESS,377064495.0,,0.013204892661675847,159.89604640130062,377064495.0,0.792
,0.4465713,1.077,294.0,1.48867,5391.0,0.84,,,2262.0,,1,TESS,377064495.0,,0.10048786344533492,132.66313668076276,377064495.0,0.963
,0.4465713,1.077,294.0,1.48867,5391.0,0.84,,,2262.0,,1,TESS,377064495.0,,0.10048786344533492,132.66313668076276,377064495.0,0.963
,0.4465713,1.077,294.0,1.48867,5391.0,0.84,,,2262.0,,1,TESS,377064495.0,,0.10048786344533492,132.66313668076276,377064495.0,0.963
,0.4465713,1.077,294.0,1.48867,5391.0,0.84,,,2262.0,,1,TESS,377064495.0,,0.10048786344533492,132.66313668076276,377064495.0,0.963
,0.4465713,1.077,294.0,1.48867,5391.0,0.84,,,2262.0,,1,TESS,377064495.0,,0.10048786344533492,132.66313668076276,377064495.0,0.792
,0.4465713,1.077,294.0,1.48867,5391.0,0.84,,,2262.0,,1,TESS,377064495.0,,0.10048786344533492,132.66313668076276,377064495.0,0.792
,0.4465713,1.077,294.0,1.48867,5391.0,0.84,,,2262.0,,1,TESS,377064495.0,,0.10048786344533492,132.66313668076276,377064495.0,0.792
,0.4465713,1.077,294.0,1.48867,5391.0,0.84,,,2262.0,,1,TESS,377064495.0,,0.10048786344533492,132.66313668076276,377064495.0,0.792
,0.4465713,1.077,294.0,1.48867,5391.0,0.84,,,2262.0,,1,TESS,377064495.0,,0.10048786344533492,132.66313668076276,377064495.0,0.963
,0.4465713,1.077,294.0,1.48867,5391.0,0.84,,,2262.0,,1,TESS,377064495.0,,0.10048786344533492,132.66313668076276,377064495.0,0.963
,0.4465713,1.077,294.0,1.48867,5391.0,0.84,,,2262.0,,1,TESS,377064495.0,,0.10048786344533492,132.66313668076276,377064495.0,0.963
,0.4465713,1.077,294.0,1.48867,5391.0,0.84,,,2262.0,,1,TESS,377064495.0,,0.10048786344533492,132.66313668076276,377064495.0,0.963
,0.4465713,1.077,294.0,1.48867,5391.0,0.84,,,2262.0,,1,TESS,377064495.0,,0.10048786344533492,132.66313668076276,377064495.0,0.792
,0.4465713,1.077,294.0,1.48867,5391.0,0.84,,,2262.0,,1,TESS,377064495.0,,0.10048786344533492,132.66313668076276,377064495.0,0.792
,0.4465713,1.077,294.0,1.48867,5391.0,0.84,,,2262.0,,1,TESS,377064495.0,,0.10048786344533492,132.66313668076276,377064495.0,0.792
,0.4465713,1.077,294.0,1.48867,5391.0,0.84,,,2262.0,,1,TESS,377064495.0,,0.10048786344533492,132.66313668076276,377064495.0,0.792
,0.4465713,1.077,294.0,1.48867,5391.0,0.84,,,2262.0,,1,TESS,377064495.0,,0.10048786344533492,132.66313668076276,377064495.0,0.963
,0.4465713,1.077,294.0,1.48867,5391.0,0.84,,,2262.0,,1,TESS,377064495.0,,0.10048786344533492,132.66313668076276,377064495.0,0.963
,0.4465713,1.077,294.0,1.48867,5391.0,0.84,,,2262.0,,1,TESS,377064495.0,,0.10048786344533492,132.66313668076276,377064495.0,0.963
,0.4465713,1.077,294.0,1.48867,5391.0,0.84,,,2262.0,,1,TESS,377064495.0,,0.10048786344533492,132.66313668076276,377064495.0,0.963
,0.4465713,1.077,294.0,1.48867,5391.0,0.84,,,2262.0,,1,TESS,377064495.0,,0.10048786344533492,132.66313668076276,377064495.0,0.792
,0.4465713,1.077,294.0,1.48867,5391.0,0.84,,,2262.0,,1,TESS,377064495.0,,0.10048786344533492,132.66313668076276,377064495.0,0.792
,0.4465713,1.077,294.0,1.48867,5391.0,0.84,,,2262.0,,1,TESS,377064495.0,,0.10048786344533492,132.66313668076276,377064495.0,0.792
,0.4465713,1.077,294.0,1.48867,5391.0,0.84,,,2262.0,,1,TESS,377064495.0,,0.10048786344533492,132.66313668076276,377064495.0,0.792
,0.4465713,1.077,294.0,1.48867,5391.0,0.84,,,2262.0,,1,TESS,377064495.0,,0.10048786344533492,132.66313668076276,377064495.0,0.963
,0.4465713,1.077,294.0,1.48867,5391.0,0.84,,,2262.0,,1,TESS,377064495.0,,0.10048786344533492,132.66313668076276,377064495.0,0.963
,0.4465713,1.077,294.0,1.48867,5391.0,0.84,,,2262.0,,1,TESS,377064495.0,,0.10048786344533492,132.66313668076276,377064495.0,0.963
,0.4465713,1.077,294.0,1.48867,5391.0,0.84,,,2262.0,,1,TESS,377064495.0,,0.10048786344533492,132.66313668076276,377064495.0,0.963
,0.4465713,1.077,294.0,1.48867,5391.0,0.84,,,2262.0,,1,TESS,377064495.0,,0.10048786344533492,132.66313668076276,377064495.0,0.792
,0.4465713,1.077,294.0,1.48867,5391.0,0.84,,,2262.0,,1,TESS,377064495.0,,0.10048786344533492,132.66313668076276,377064495.0,0.792
,0.4465713,1.077,294.0,1.48867,5391.0,0.84,,,2262.0,,1,TESS,377064495.0,,0.10048786344533492,132.66313668076276,377064495.0,0.792
,0.4465713,1.077,294.0,1.48867,5391.0,0.84,,,2262.0,,1,TESS,377064495.0,,0.10048786344533492,132.66313668076276,377064495.0,0.792
,25.7122157,5.9710228,1151.454738,2.8781392,5391.0,0.840576,,,331.7873984,,1,TESS,377064495.0,,0.00967604733743339,139.00269790684487,377064495.0,0.963
,25.7122157,5.9710228,1151.454738,2.8781392,5391.0,0.840576,,,331.7873984,,1,TESS,377064495.0,,0.00967604733743339,139.00269790684487,377064495.0,0.963
,25.7122157,5.9710228,1151.454738,2.8781392,5391.0,0.840576,,,331.7873984,,1,TESS,377064495.0,,0.00967604733743339,139.00269790684487,377064495.0,0.963
,25.7122157,5.9710228,1151.454738,2.8781392,5391.0,0.840576,,,331.7873984,,1,TESS,377064495.0,,0.00967604733743339,139.00269790684487,377064495.0,0.963
,25.7122157,5.9710228,1151.454738,2.8781392,5391.0,0.840576,,,331.7873984,,1,TESS,377064495.0,,0.00967604733743339,139.00269790684487,377064495.0,0.792
,25.7122157,5.9710228,1151.454738,2.8781392,5391.0,0.840576,,,331.7873984,,1,TESS,377064495.0,,0.00967604733743339,139.00269790684487,377064495.0,0.792
,25.7122157,5.9710228,1151.454738,2.8781392,5391.0,0.840576,,,331.7873984,,1,TESS,377064495.0,,0.00967604733743339,139.00269790684487,377064495.0,0.792
,25.7122157,5.9710228,1151.454738,2.8781392,5391.0,0.840576,,,331.7873984,,1,TESS,377064495.0,,0.00967604733743339,139.00269790684487,377064495.0,0.792
,25.7122157,5.9710228,1151.454738,2.8781392,5391.0,0.840576,,,331.7873984,,1,TESS,377064495.0,,0.00967604733743339,139.00269790684487,377064495.0,0.963
,25.7122157,5.9710228,1151.454738,2.8781392,5391.0,0.840576,,,331.7873984,,1,TESS,377064495.0,,0.00967604733743339,139.00269790684487,377064495.0,0.963
,25.7122157,5.9710228,1151.454738,2.8781392,5391.0,0.840576,,,331.7873984,,1,TESS,377064495.0,,0.00967604733743339,139.00269790684487,377064495.0,0.963
,25.7122157,5.9710228,1151.454738,2.8781392,5391.0,0.840576,,,331.7873984,,1,TESS,377064495.0,,0.00967604733743339,139.00269790684487,377064495.0,0.963
,25.7122157,5.9710228,1151.454738,2.8781392,5391.0,0.840576,,,331.7873984,,1,TESS,377064495.0,,0.00967604733743339,139.00269790684487,377064495.0,0.792
,25.7122157,5.9710228,1151.454738,2.8781392,5391.0,0.840576,,,331.7873984,,1,TESS,377064495.0,,0.00967604733743339,139.00269790684487,377064495.0,0.792
,25.7122157,5.9710228,1151.454738,2.8781392,5391.0,0.840576,,,331.7873984,,1,TESS,377064495.0,,0.00967604733743339,139.00269790684487,377064495.0,0.792
,25.7122157,5.9710228,1151.454738,2.8781392,5391.0,0.840576,,,331.7873984,,1,TESS,377064495.0,,0.00967604733743339,139.00269790684487,377064495.0,0.792
,25.7122157,5.9710228,1151.454738,2.8781392,5391.0,0.840576,,,331.7873984,,1,TESS,377064495.0,,0.00967604733743339,139.00269790684487,377064495.0,0.963
,25.7122157,5.9710228,1151.454738,2.8781392,5391.0,0.840576,,,331.7873984,,1,TESS,377064495.0,,0.00967604733743339,139.00269790684487,377064495.0,0.963
,25.7122157,5.9710228,1151.454738,2.8781392,5391.0,0.840576,,,331.7873984,,1,TESS,377064495.0,,0.00967604733743339,139.00269790684487,377064495.0,0.963
,25.7122157,5.9710228,1151.454738,2.8781392,5391.0,0.840576,,,331.7873984,,1,TESS,377064495.0,,0.00967604733743339,139.00269790684487,377064495.0,0.963
,25.7122157,5.9710228,1151.454738,2.8781392,5391.0,0.840576,,,331.7873984,,1,TESS,377064495.0,,0.00967604733743339,139.00269790684487,377064495.0,0.792
,25.7122157,5.9710228,1151.454738,2.8781392,5391.0,0.840576,,,331.7873984,,1,TESS,377064495.0,,0.00967604733743339,139.00269790684487,377064495.0,0.792
,25.7122157,5.9710228,1151.454738,2.8781392,5391.0,0.840576,,,331.7873984,,1,TESS,377064495.0,,0.00967604733743339,139.00269790684487,377064495.0,0.792
,25.7122157,5.9710228,1151.454738,2.8781392,5391.0,0.840576,,,331.7873984,,1,TESS,377064495.0,,0.00967604733743339,139.00269790684487,377064495.0,0.792
,25.7122157,5.9710228,1151.454738,2.8781392,5391.0,0.840576,,,331.7873984,,1,TESS,377064495.0,,0.00967604733743339,139.00269790684487,377064495.0,0.963
,25.7122157,5.9710228,1151.454738,2.8781392,5391.0,0.840576,,,331.7873984,,1,TESS,377064495.0,,0.00967604733743339,139.00269790684487,377064495.0,0.963
,25.7122157,5.9710228,1151.454738,2.8781392,5391.0,0.840576,,,331.7873984,,1,TESS,377064495.0,,0.00967604733743339,139.00269790684487,377064495.0,0.963
,25.7122157,5.9710228,1151.454738,2.8781392,5391.0,0.840576,,,331.7873984,,1,TESS,377064495.0,,0.00967604733743339,139.00269790684487,377064495.0,0.963
,25.7122157,5.9710228,1151.454738,2.8781392,5391.0,0.840576,,,331.7873984,,1,TESS,377064495.0,,0.00967604733743339,139.00269790684487,377064495.0,0.792
,25.7122157,5.9710228,1151.454738,2.8781392,5391.0,0.840576,,,331.7873984,,1,TESS,377064495.0,,0.00967604733743339,139.00269790684487,377064495.0,0.792
,25.7122157,5.9710228,1151.454738,2.8781392,5391.0,0.840576,,,331.7873984,,1,TESS,377064495.0,,0.00967604733743339,139.00269790684487,377064495.0,0.792
,25.7122157,5.9710228,1151.454738,2.8781392,5391.0,0.840576,,,331.7873984,,1,TESS,377064495.0,,0.00967604733743339,139.00269790684487,377064495.0,0.792
,,6.6489216,914.6281731,3.1858058,5391.0,0.840576,,,156.6701468,,1,TESS,377064495.0,,,90.11683589596333,377064495.0,0.963
,,6.6489216,914.6281731,3.1858058,5391.0,0.840576,,,156.6701468,,1,TESS,377064495.0,,,90.11683589596333,377064495.0,0.963
,,6.6489216,914.6281731,3.1858058,5391.0,0.840576,,,156.6701468,,1,TESS,377064495.0,,,90.11683589596333,377064495.0,0.963
,,6.6489216,914.6281731,3.1858058,5391.0,0.840576,,,156.6701468,,1,TESS,377064495.0,,,90.11683589596333,377064495.0,0.963
,,6.6489216,914.6281731,3.1858058,5391.0,0.840576,,,156.6701468,,1,TESS,377064495.0,,,90.11683589596333,377064495.0,0.792
,,6.6489216,914.6281731,3.1858058,5391.0,0.840576,,,156.6701468,,1,TESS,377064495.0,,,90.11683589596333,377064495.0,0.792
,,6.6489216,914.6281731,3.1858058,5391.0,0.840576,,,156.6701468,,1,TESS,377064495.0,,,90.11683589596333,377064495.0,0.792
,,6.6489216,914.6281731,3.1858058,5391.0,0.840576,,,156.6701468,,1,TESS,377064495.0,,,90.11683589596333,377064495.0,0.792
,,6.6489216,914.6281731,3.1858058,5391.0,0.840576,,,156.6701468,,1,TESS,377064495.0,,,90.11683589596333,377064495.0,0.963
,,6.6489216,914.6281731,3.1858058,5391.0,0.840576,,,156.6701468,,1,TESS,377064495.0,,,90.11683589596333,377064495.0,0.963
,,6.6489216,914.6281731,3.1858058,5391.0,0.840576,,,156.6701468,,1,TESS,377064495.0,,,90.11683589596333,377064495.0,0.963
,,6.6489216,914.6281731,3.1858058,5391.0,0.840576,,,156.6701468,,1,TESS,377064495.0,,,90.11683589596333,377064495.0,0.963
,,6.6489216,914.6281731,3.1858058,5391.0,0.840576,,,156.6701468,,1,TESS,377064495.0,,,90.11683589596333,377064495.0,0.792
,,6.6489216,914.6281731,3.1858058,5391.0,0.840576,,,156.6701468,,1,TESS,377064495.0,,,90.11683589596333,377064495.0,0.792
,,6.6489216,914.6281731,3.1858058,5391.0,0.840576,,,156.6701468,,1,TESS,377064495.0,,,90.11683589596333,377064495.0,0.792
,,6.6489216,914.6281731,3.1858058,5391.0,0.840576,,,156.6701468,,1,TESS,377064495.0,,,90.11683589596333,377064495.0,0.792
,,6.6489216,914.6281731,3.1858058,5391.0,0.840576,,,156.6701468,,1,TESS,377064495.0,,,90.11683589596333,377064495.0,0.963
,,6.6489216,914.6281731,3.1858058,5391.0,0.840576,,,156.6701468,,1,TESS,377064495.0,,,90.11683589596333,377064495.0,0.963
,,6.6489216,914.6281731,3.1858058,5391.0,0.840576,,,156.6701468,,1,TESS,377064495.0,,,90.11683589596333,377064495.0,0.963
,,6.6489216,914.6281731,3.1858058,5391.0,0.840576,,,156.6701468,,1,TESS,377064495.0,,,90.11683589596333,377064495.0,0.963
,,6.6489216,914.6281731,3.1858058,5391.0,0.840576,,,156.6701468,,1,TESS,377064495.0,,,90.11683589596333,377064495.0,0.792
,,6.6489216,914.6281731,3.1858058,5391.0,0.840576,,,156.6701468,,1,TESS,377064495.0,,,90.11683589596333,377064495.0,0.792
,,6.6489216,914.6281731,3.1858058,5391.0,0.840576,,,156.6701468,,1,TESS,377064495.0,,,90.11683589596333,377064495.0,0.792
,,6.6489216,914.6281731,3.1858058,5391.0,0.840576,,,156.6701468,,1,TESS,377064495.0,,,90.11683589596333,377064495.0,0.792
,,6.6489216,914.6281731,3.1858058,5391.0,0.840576,,,156.6701468,,1,TESS,377064495.0,,,90.11683589596333,377064495.0,0.963
,,6.6489216,914.6281731,3.1858058,5391.0,0.840576,,,156.6701468,,1,TESS,377064495.0,,,90.11683589596333,377064495.0,0.963
,,6.6489216,914.6281731,3.1858058,5391.0,0.840576,,,156.6701468,,1,TESS,377064495.0,,,90.11683589596333,377064495.0,0.963
,,6.6489216,914.6281731,3.1858058,5391.0,0.840576,,,156.6701468,,1,TESS,377064495.0,,,90.11683589596333,377064495.0,0.963
,,6.6489216,914.6281731,3.1858058,5391.0,0.840576,,,156.6701468,,1,TESS,377064495.0,,,90.11683589596333,377064495.0,0.792
,,6.6489216,914.6281731,3.1858058,5391.0,0.840576,,,156.6701468,,1,TESS,377064495.0,,,90.11683589596333,377064495.0,0.792
,,6.6489216,914.6281731,3.1858058,5391.0,0.840576,,,156.6701468,,1,TESS,377064495.0,,,90.11683589596333,377064495.0,0.792
,,6.6489216,914.6281731,3.1858058,5391.0,0.840576,,,156.6701468,,1,TESS,377064495.0,,,90.11683589596333,377064495.0,0.792
,3.0617364,1.947,6620.0,8.08218,6783.0,0.98,,,1369.0,,0,TESS,132534906.0,,0.02649640213833668,101.34467769157767,132534906.0,0.823
,1.7509117,1.4130673,70067.1013669,16.6835695,3333.0,0.443812,,,666.1259003,,0,TESS,262499797.0,,0.03362694004817271,251.73070963173228,262499797.0,0.67
,1.7509117,1.4130673,70067.1013669,16.6835695,3333.0,0.443812,,,666.1259003,,0,TESS,262499797.0,,0.03362694004817271,251.73070963173228,262499797.0,0.667
,1.7509117,1.4130673,70067.1013669,16.6835695,3333.0,0.443812,,,666.1259003,,0,TESS,262499797.0,,0.03362694004817271,251.73070963173228,262499797.0,0.632
,1.7509117,1.4130673,70067.1013669,16.6835695,3333.0,0.443812,,,666.1259003,,0,TESS,262499797.0,,0.03362694004817271,251.73070963173228,262499797.0,0.46
,1.7509117,1.4130673,70067.1013669,16.6835695,3333.0,0.443812,,,666.1259003,,0,TESS,262499797.0,,0.03362694004817271,251.73070963173228,262499797.0,0.331
,1.7447031,1.066,160.0,0.591815,3445.0,0.43,,,896.0,,1,TESS,260708537.0,,0.02545800807364665,456.82178422636036,260708537.0,0.997
,1.7447031,1.066,160.0,0.591815,3445.0,0.43,,,896.0,,1,TESS,260708537.0,,0.02545800807364665,456.82178422636036,260708537.0,0.966
,1.7447031,1.066,160.0,0.591815,3445.0,0.43,,,896.0,,1,TESS,260708537.0,,0.02545800807364665,456.82178422636036,260708537.0,0.943
,1.7447031,1.066,160.0,0.591815,3445.0,0.43,,,896.0,,1,TESS,260708537.0,,0.02545800807364665,456.82178422636036,260708537.0,0.942
,1.7447031,1.066,160.0,0.591815,3445.0,0.43,,,896.0,,1,TESS,260708537.0,,0.02545800807364665,456.82178422636036,260708537.0,0.941
,1.7447031,1.066,160.0,0.591815,3445.0,0.43,,,896.0,,1,TESS,260708537.0,,0.02545800807364665,456.82178422636036,260708537.0,0.781
,1.7447031,1.066,160.0,0.591815,3445.0,0.43,,,896.0,,1,TESS,260708537.0,,0.02545800807364665,456.82178422636036,260708537.0,0.677
,1.5229985,1.196,58060.0,8.99483,3237.0,0.35,,,687.0,,1,TESS,335590096.0,,0.03272053910097583,717.6143369325773,335590096.0,0.942
,7.1887332,2.9505752,285.257999,1.5254582,5581.0,0.882675,,,830.5601795,,1,TESS,119292328.0,,0.01710184940800923,122.58491245910785,119292328.0,0.992
,7.1887332,2.9505752,285.257999,1.5254582,5581.0,0.882675,,,830.5601795,,1,TESS,119292328.0,,0.01710184940800923,122.58491245910785,119292328.0,0.987
,7.1887332,2.9505752,285.257999,1.5254582,5581.0,0.882675,,,830.5601795,,1,TESS,119292328.0,,0.01710184940800923,122.58491245910785,119292328.0,0.977
,7.1887332,2.9505752,285.257999,1.5254582,5581.0,0.882675,,,830.5601795,,1,TESS,119292328.0,,0.01710184940800923,122.58491245910785,119292328.0,0.961
,5.4589863,3.39,1230.0,4.40571,6223.0,1.24,,,1247.0,,1,TESS,27064468.0,,0.0258747670646993,63.36847785558089,27064468.0,0.33
,5.4589863,3.39,1230.0,4.40571,6223.0,1.24,,,1247.0,,1,TESS,27064468.0,,0.0258747670646993,63.36847785558089,27064468.0,0.33
,5.4589863,3.39,1230.0,4.40571,6223.0,1.24,,,1247.0,,1,TESS,27064468.0,,0.0258747670646993,63.36847785558089,27064468.0,0.33
,5.4589863,3.39,1230.0,4.40571,6223.0,1.24,,,1247.0,,1,TESS,27064468.0,,0.0258747670646993,63.36847785558089,27064468.0,0.33
,17.9051919,4.555,771.0,3.00633,6223.0,1.24,,,824.0,,1,TESS,27064468.0,,0.010599811902882082,85.30628487391176,27064468.0,0.33
,17.9051919,4.555,771.0,3.00633,6223.0,1.24,,,824.0,,1,TESS,27064468.0,,0.010599811902882082,85.30628487391176,27064468.0,0.33
,17.9051919,4.555,771.0,3.00633,6223.0,1.24,,,824.0,,1,TESS,27064468.0,,0.010599811902882082,85.30628487391176,27064468.0,0.33
,17.9051919,4.555,771.0,3.00633,6223.0,1.24,,,824.0,,1,TESS,27064468.0,,0.010599811902882082,85.30628487391176,27064468.0,0.33
,2.594675,0.313,1070.0,1.89426,3495.0,0.31,,,375.0,,1,TESS,407591297.0,,0.005026319850168778,298.19783046466085,407591297.0,0.966
,2.594675,0.313,1070.0,1.89426,3495.0,0.31,,,375.0,,1,TESS,407591297.0,,0.005026319850168778,298.19783046466085,407591297.0,0.381
,11.3909685,3.8062467,16337.7657792,11.1984741,5027.0,0.875936,,,667.4487415,,1,TESS,366576758.0,,0.013922750459707214,130.27916380936148,366576758.0,0.959
,10.590923,4.105,10290.0,11.1189,6017.1,1.05,,,919.0,,1,TESS,8260536.0,,0.016149835665291577,83.23226678736363,8260536.0,0.809
,10.590923,4.105,10290.0,11.1189,6017.1,1.05,,,919.0,,1,TESS,8260536.0,,0.016149835665291577,83.23226678736363,8260536.0,0.809
,10.590923,4.105,10290.0,11.1189,6017.1,1.05,,,919.0,,1,TESS,8260536.0,,0.016149835665291577,83.23226678736363,8260536.0,0.809
,10.590923,4.105,10290.0,11.1189,6017.1,1.05,,,919.0,,1,TESS,8260536.0,,0.016149835665291577,83.23226678736363,8260536.0,0.809
,4.7728997,2.906,920.0,3.30213,6017.1,1.05,,,1222.0,,1,TESS,8260536.0,,0.025368924529525484,84.37221563196742,8260536.0,0.809
,4.7728997,2.906,920.0,3.30213,6017.1,1.05,,,1222.0,,1,TESS,8260536.0,,0.025368924529525484,84.37221563196742,8260536.0,0.809
,4.7728997,2.906,920.0,3.30213,6017.1,1.05,,,1222.0,,1,TESS,8260536.0,,0.025368924529525484,84.37221563196742,8260536.0,0.809
,4.7728997,2.906,920.0,3.30213,6017.1,1.05,,,1222.0,,1,TESS,8260536.0,,0.025368924529525484,84.37221563196742,8260536.0,0.809
,3.251249,2.123,12040.0,19.6899,6951.0,1.66,,,1436.0,,0,TESS,457743020.0,,0.027207492320547526,31.055567145135825,457743020.0,0.114
,10.0546003,2.640621,1321.020031,2.1128666,3920.0,0.550856,,,470.166566,,1,TESS,173103335.0,,0.010942839223956854,295.9137529231736,173103335.0,0.99
,3.1148931,2.3721346,25980.7010915,12.1120086,4973.0,0.74956,,,956.8339703,,1,TESS,366622912.0,,0.031731085841930844,177.0999841676441,366622912.0,0.281
,9.8850244,2.4234353,9891.3681761,11.9173601,5522.0,0.819196,,,728.1185957,,0,TESS,308307606.0,,0.010215095716678689,69.64600980640397,308307606.0,0.313
,9.8850244,2.4234353,9891.3681761,11.9173601,5522.0,0.819196,,,728.1185957,,0,TESS,308307606.0,,0.010215095716678689,69.64600980640397,308307606.0,0.159
,3.0390851,1.6455076,12337.5570732,10.9147317,5316.0,0.864673,,,1091.9857549,,1,TESS,461239485.0,,0.022560347430432993,103.5626230787784,461239485.0,0.7
,4.1197036,4.547,2690.0,9.06392,5848.8,1.79,,,1584.0,,1,TESS,454069765.0,,0.04598834037894194,32.74312660181955,454069765.0,0.969
,6.5562078,2.314,2970.0,8.40415,6845.0,1.47,,,879.0,,1,TESS,123482865.0,,0.014706163836648046,42.050276197312435,123482865.0,0.281
,9.5064017,3.258,8710.0,14.3253,5999.0,1.09,,,1147.0,,0,TESS,408549705.0,,0.014279850956120044,42.44345227994745,408549705.0,0.613
,9.5064017,3.258,8710.0,14.3253,5999.0,1.09,,,1147.0,,0,TESS,408549705.0,,0.014279850956120044,42.44345227994745,408549705.0,0.204
,3.7711066,2.3375061,1647.6730314,3.3409641,4590.0,0.757521,,,852.9098252,,1,TESS,148673433.0,,0.025826924760991413,147.613941432671,148673433.0,0.769
,1.5428486,1.1958898,2154.4855781,1.9653032,3439.0,0.420028,,,709.8873414,,1,TESS,27649847.0,,0.03229658459098038,557.807509008866,27649847.0,0.998
,1.5428486,1.1958898,2154.4855781,1.9653032,3439.0,0.420028,,,709.8873414,,1,TESS,27649847.0,,0.03229658459098038,557.807509008866,27649847.0,0.994
,1.5428486,1.1958898,2154.4855781,1.9653032,3439.0,0.420028,,,709.8873414,,1,TESS,27649847.0,,0.03229658459098038,557.807509008866,27649847.0,0.993
,1.5428486,1.1958898,2154.4855781,1.9653032,3439.0,0.420028,,,709.8873414,,1,TESS,27649847.0,,0.03229658459098038,557.807509008866,27649847.0,0.984
,1.5428486,1.1958898,2154.4855781,1.9653032,3439.0,0.420028,,,709.8873414,,1,TESS,27649847.0,,0.03229658459098038,557.807509008866,27649847.0,0.981
,1.5428486,1.1958898,2154.4855781,1.9653032,3439.0,0.420028,,,709.8873414,,1,TESS,27649847.0,,0.03229658459098038,557.807509008866,27649847.0,0.947
,1.5428486,1.1958898,2154.4855781,1.9653032,3439.0,0.420028,,,709.8873414,,1,TESS,27649847.0,,0.03229658459098038,557.807509008866,27649847.0,0.93
,1.5428486,1.1958898,2154.4855781,1.9653032,3439.0,0.420028,,,709.8873414,,1,TESS,27649847.0,,0.03229658459098038,557.807509008866,27649847.0,0.903
,4.2914879,2.3462656,19180.7233775,9.3875781,3937.0,0.675707,,,675.4063492,,1,TESS,259172249.0,,0.022780226344688185,217.64958871145873,259172249.0,0.991
,4.2914879,2.3462656,19180.7233775,9.3875781,3937.0,0.675707,,,675.4063492,,1,TESS,259172249.0,,0.022780226344688185,217.64958871145873,259172249.0,0.987
,4.2914879,2.3462656,19180.7233775,9.3875781,3937.0,0.675707,,,675.4063492,,1,TESS,259172249.0,,0.022780226344688185,217.64958871145873,259172249.0,0.974
,4.2914879,2.3462656,19180.7233775,9.3875781,3937.0,0.675707,,,675.4063492,,1,TESS,259172249.0,,0.022780226344688185,217.64958871145873,259172249.0,0.972
,4.2914879,2.3462656,19180.7233775,9.3875781,3937.0,0.675707,,,675.4063492,,1,TESS,259172249.0,,0.022780226344688185,217.64958871145873,259172249.0,0.565
,13.7252522,3.1694157,4945.7679342,20.3352568,6104.0,1.86397,,,1072.2931079,,0,TESS,238197709.0,,0.00962160732457067,11.960088990384765,238197709.0,0.112
,10.3469945,2.5934713,1601.254739,1.0318727,3278.0,0.256167,,,307.2680329,,0,TESS,303364023.0,,0.01044373839490404,1503.8612708317564,303364023.0,0.915
,3.5381039,2.441937,11844.6534836,12.0728557,6084.0,1.0424401,,,1257.6993121,,0,TESS,404610583.0,,0.028757599176713465,81.26477502124075,404610583.0,0.864
,4.7267257,3.014,283.0,1.45952,5655.0,0.92,,,1190.0,,1,TESS,137151335.0,,0.02656877936164158,132.8513985080635,137151335.0,0.237
,79.5839995,4.3996752,585.7148869,1.9748837,5391.0,0.79137,,,355.2207257,,1,TESS,164652245.0,,0.0023034755862454716,150.176887986298,164652245.0,0.129
,38.4787613,5.1869737,23972.8957136,12.5609376,5439.49,0.810043,,,214.0696563,,1,TESS,299087490.0,,0.005616706375956994,151.94148865289222,299087490.0,0.206
,0.4489589,0.7637477,674.8277016,1.015263,3419.0,0.377509,,,1022.913907,,1,TESS,259233660.0,,0.07088136103314423,654.6894799290097,259233660.0,0.67
,10.9048392,1.5530648,4030.7760993,1.5489482,3272.0,0.242121,,,296.3966212,,1,TESS,102734241.0,,0.005934157478092549,1680.0209796069319,102734241.0,0.849
,12.7614706,1.0497761,1215.2495801,0.9705763,3376.0,0.269427,,,299.5067987,,1,TESS,52005579.0,,0.0034275572198174758,1290.0473592000258,52005579.0,0.831
,0.2381823,0.4763536,493.9763957,0.9617386,3423.0,0.369077,,,1256.4567156,,1,TESS,261135533.0,,0.08333139445930798,534.0619452310042,261135533.0,0.924
,0.2381823,0.4763536,493.9763957,0.9617386,3423.0,0.369077,,,1256.4567156,,1,TESS,261135533.0,,0.08333139445930798,534.0619452310042,261135533.0,0.883
,0.2381823,0.4763536,493.9763957,0.9617386,3423.0,0.369077,,,1256.4567156,,1,TESS,261135533.0,,0.08333139445930798,534.0619452310042,261135533.0,0.721
,0.8573727,0.5478598,2045.7091221,1.2465478,3098.0,0.235048,,,649.3272227,,1,TESS,286201103.0,,0.0266249328411022,1316.514749647494,286201103.0,0.919
,0.8573727,0.5478598,2045.7091221,1.2465478,3098.0,0.235048,,,649.3272227,,1,TESS,286201103.0,,0.0266249328411022,1316.514749647494,286201103.0,0.907
,0.8573727,0.5478598,2045.7091221,1.2465478,3098.0,0.235048,,,649.3272227,,1,TESS,286201103.0,,0.0266249328411022,1316.514749647494,286201103.0,0.305
,4.0236805,3.71,8925.0,14.9702,5807.0,1.57,,,1382.0,,1,TESS,327369524.0,,0.038418391254615526,39.824746299552665,327369524.0,0.996
,4.0236805,3.71,8925.0,14.9702,5807.0,1.57,,,1382.0,,1,TESS,327369524.0,,0.038418391254615526,39.824746299552665,327369524.0,0.996
,4.0236805,3.71,8925.0,14.9702,5807.0,1.57,,,1382.0,,1,TESS,327369524.0,,0.038418391254615526,39.824746299552665,327369524.0,0.996
,1.5275639,1.3727055,2892.4227936,2.6103318,3433.0,0.427953,,,707.9554489,,1,TESS,35009898.0,,0.03744266340667584,424.49275592240633,35009898.0,0.998
,1.5275639,1.3727055,2892.4227936,2.6103318,3433.0,0.427953,,,707.9554489,,1,TESS,35009898.0,,0.03744266340667584,424.49275592240633,35009898.0,0.998
,1.5275639,1.3727055,2892.4227936,2.6103318,3433.0,0.427953,,,707.9554489,,1,TESS,35009898.0,,0.03744266340667584,424.49275592240633,35009898.0,0.997
,1.5275639,1.3727055,2892.4227936,2.6103318,3433.0,0.427953,,,707.9554489,,1,TESS,35009898.0,,0.03744266340667584,424.49275592240633,35009898.0,0.994
,1.5275639,1.3727055,2892.4227936,2.6103318,3433.0,0.427953,,,707.9554489,,1,TESS,35009898.0,,0.03744266340667584,424.49275592240633,35009898.0,0.993
,1.5275639,1.3727055,2892.4227936,2.6103318,3433.0,0.427953,,,707.9554489,,1,TESS,35009898.0,,0.03744266340667584,424.49275592240633,35009898.0,0.992
,1.5275639,1.3727055,2892.4227936,2.6103318,3433.0,0.427953,,,707.9554489,,1,TESS,35009898.0,,0.03744266340667584,424.49275592240633,35009898.0,0.989
,1.5275639,1.3727055,2892.4227936,2.6103318,3433.0,0.427953,,,707.9554489,,1,TESS,35009898.0,,0.03744266340667584,424.49275592240633,35009898.0,0.988
,1.5275639,1.3727055,2892.4227936,2.6103318,3433.0,0.427953,,,707.9554489,,1,TESS,35009898.0,,0.03744266340667584,424.49275592240633,35009898.0,0.979
,5.7998626,5.684,2387.0,11.022,5852.0,2.55,,,1484.0,,1,TESS,419523962.0,,0.04083430039047894,19.648599572200514,419523962.0,0.953
,16.1798603,6.495,2249.0,7.89958,5900.8,1.63,,,942.0,,1,TESS,262746281.0,,0.01672604053961341,36.03972307651347,262746281.0,0.981
,16.1798603,6.495,2249.0,7.89958,5900.8,1.63,,,942.0,,1,TESS,262746281.0,,0.01672604053961341,36.03972307651347,262746281.0,0.972
,16.1798603,6.495,2249.0,7.89958,5900.8,1.63,,,942.0,,1,TESS,262746281.0,,0.01672604053961341,36.03972307651347,262746281.0,0.971
,16.1798603,6.495,2249.0,7.89958,5900.8,1.63,,,942.0,,1,TESS,262746281.0,,0.01672604053961341,36.03972307651347,262746281.0,0.924
,16.1798603,6.495,2249.0,7.89958,5900.8,1.63,,,942.0,,1,TESS,262746281.0,,0.01672604053961341,36.03972307651347,262746281.0,0.123
,2.5761796,1.5879379,49904.2528728,12.1450869,3628.0,0.497905,,,661.8718403,,1,TESS,388076422.0,,0.02568302229259976,338.32672275690044,388076422.0,0.791
,2.5761796,1.5879379,49904.2528728,12.1450869,3628.0,0.497905,,,661.8718403,,1,TESS,388076422.0,,0.02568302229259976,338.32672275690044,388076422.0,0.521
,2.5761796,1.5879379,49904.2528728,12.1450869,3628.0,0.497905,,,661.8718403,,1,TESS,388076422.0,,0.02568302229259976,338.32672275690044,388076422.0,0.474
,2.5761796,1.5879379,49904.2528728,12.1450869,3628.0,0.497905,,,661.8718403,,1,TESS,388076422.0,,0.02568302229259976,338.32672275690044,388076422.0,0.464
,6.2031608,1.5987379,210.8404349,1.0214599,4633.87,0.630715,,,664.0808611,,1,TESS,397362481.0,,0.010738731570398678,202.07418839283017,397362481.0,0.996
,6.2031608,1.5987379,210.8404349,1.0214599,4633.87,0.630715,,,664.0808611,,1,TESS,397362481.0,,0.010738731570398678,202.07418839283017,397362481.0,0.996
,6.2031608,1.5987379,210.8404349,1.0214599,4633.87,0.630715,,,664.0808611,,1,TESS,397362481.0,,0.010738731570398678,202.07418839283017,397362481.0,0.99
,6.2031608,1.5987379,210.8404349,1.0214599,4633.87,0.630715,,,664.0808611,,1,TESS,397362481.0,,0.010738731570398678,202.07418839283017,397362481.0,0.99
,6.2031608,1.5987379,210.8404349,1.0214599,4633.87,0.630715,,,664.0808611,,1,TESS,397362481.0,,0.010738731570398678,202.07418839283017,397362481.0,0.982
,6.2031608,1.5987379,210.8404349,1.0214599,4633.87,0.630715,,,664.0808611,,1,TESS,397362481.0,,0.010738731570398678,202.07418839283017,397362481.0,0.982
,6.2031608,1.5987379,210.8404349,1.0214599,4633.87,0.630715,,,664.0808611,,1,TESS,397362481.0,,0.010738731570398678,202.07418839283017,397362481.0,0.973
,6.2031608,1.5987379,210.8404349,1.0214599,4633.87,0.630715,,,664.0808611,,1,TESS,397362481.0,,0.010738731570398678,202.07418839283017,397362481.0,0.973
,6.2031608,1.5987379,210.8404349,1.0214599,4633.87,0.630715,,,664.0808611,,1,TESS,397362481.0,,0.010738731570398678,202.07418839283017,397362481.0,0.969
,6.2031608,1.5987379,210.8404349,1.0214599,4633.87,0.630715,,,664.0808611,,1,TESS,397362481.0,,0.010738731570398678,202.07418839283017,397362481.0,0.969
,6.2031608,1.5987379,210.8404349,1.0214599,4633.87,0.630715,,,664.0808611,,1,TESS,397362481.0,,0.010738731570398678,202.07418839283017,397362481.0,0.968
,6.2031608,1.5987379,210.8404349,1.0214599,4633.87,0.630715,,,664.0808611,,1,TESS,397362481.0,,0.010738731570398678,202.07418839283017,397362481.0,0.968
,6.2031608,1.5987379,210.8404349,1.0214599,4633.87,0.630715,,,664.0808611,,1,TESS,397362481.0,,0.010738731570398678,202.07418839283017,397362481.0,0.932
,6.2031608,1.5987379,210.8404349,1.0214599,4633.87,0.630715,,,664.0808611,,1,TESS,397362481.0,,0.010738731570398678,202.07418839283017,397362481.0,0.932
,6.2031608,1.5987379,210.8404349,1.0214599,4633.87,0.630715,,,664.0808611,,1,TESS,397362481.0,,0.010738731570398678,202.07418839283017,397362481.0,0.927
,6.2031608,1.5987379,210.8404349,1.0214599,4633.87,0.630715,,,664.0808611,,1,TESS,397362481.0,,0.010738731570398678,202.07418839283017,397362481.0,0.927
,6.2031608,1.5987379,210.8404349,1.0214599,4633.87,0.630715,,,664.0808611,,1,TESS,397362481.0,,0.010738731570398678,202.07418839283017,397362481.0,0.996
,6.2031608,1.5987379,210.8404349,1.0214599,4633.87,0.630715,,,664.0808611,,1,TESS,397362481.0,,0.010738731570398678,202.07418839283017,397362481.0,0.996
,6.2031608,1.5987379,210.8404349,1.0214599,4633.87,0.630715,,,664.0808611,,1,TESS,397362481.0,,0.010738731570398678,202.07418839283017,397362481.0,0.99
,6.2031608,1.5987379,210.8404349,1.0214599,4633.87,0.630715,,,664.0808611,,1,TESS,397362481.0,,0.010738731570398678,202.07418839283017,397362481.0,0.99
,6.2031608,1.5987379,210.8404349,1.0214599,4633.87,0.630715,,,664.0808611,,1,TESS,397362481.0,,0.010738731570398678,202.07418839283017,397362481.0,0.982
,6.2031608,1.5987379,210.8404349,1.0214599,4633.87,0.630715,,,664.0808611,,1,TESS,397362481.0,,0.010738731570398678,202.07418839283017,397362481.0,0.982
,6.2031608,1.5987379,210.8404349,1.0214599,4633.87,0.630715,,,664.0808611,,1,TESS,397362481.0,,0.010738731570398678,202.07418839283017,397362481.0,0.973
,6.2031608,1.5987379,210.8404349,1.0214599,4633.87,0.630715,,,664.0808611,,1,TESS,397362481.0,,0.010738731570398678,202.07418839283017,397362481.0,0.973
,6.2031608,1.5987379,210.8404349,1.0214599,4633.87,0.630715,,,664.0808611,,1,TESS,397362481.0,,0.010738731570398678,202.07418839283017,397362481.0,0.969
,6.2031608,1.5987379,210.8404349,1.0214599,4633.87,0.630715,,,664.0808611,,1,TESS,397362481.0,,0.010738731570398678,202.07418839283017,397362481.0,0.969
,6.2031608,1.5987379,210.8404349,1.0214599,4633.87,0.630715,,,664.0808611,,1,TESS,397362481.0,,0.010738731570398678,202.07418839283017,397362481.0,0.968
,6.2031608,1.5987379,210.8404349,1.0214599,4633.87,0.630715,,,664.0808611,,1,TESS,397362481.0,,0.010738731570398678,202.07418839283017,397362481.0,0.968
,6.2031608,1.5987379,210.8404349,1.0214599,4633.87,0.630715,,,664.0808611,,1,TESS,397362481.0,,0.010738731570398678,202.07418839283017,397362481.0,0.932
,6.2031608,1.5987379,210.8404349,1.0214599,4633.87,0.630715,,,664.0808611,,1,TESS,397362481.0,,0.010738731570398678,202.07418839283017,397362481.0,0.932
,6.2031608,1.5987379,210.8404349,1.0214599,4633.87,0.630715,,,664.0808611,,1,TESS,397362481.0,,0.010738731570398678,202.07418839283017,397362481.0,0.927
,6.2031608,1.5987379,210.8404349,1.0214599,4633.87,0.630715,,,664.0808611,,1,TESS,397362481.0,,0.010738731570398678,202.07418839283017,397362481.0,0.927
,4.466068,1.6847832,210.7032691,0.9794583,4633.87,0.630715,,,740.9408412,,1,TESS,397362481.0,,0.015718367777890534,219.6336704638463,397362481.0,0.996
,4.466068,1.6847832,210.7032691,0.9794583,4633.87,0.630715,,,740.9408412,,1,TESS,397362481.0,,0.015718367777890534,219.6336704638463,397362481.0,0.996
,4.466068,1.6847832,210.7032691,0.9794583,4633.87,0.630715,,,740.9408412,,1,TESS,397362481.0,,0.015718367777890534,219.6336704638463,397362481.0,0.99
,4.466068,1.6847832,210.7032691,0.9794583,4633.87,0.630715,,,740.9408412,,1,TESS,397362481.0,,0.015718367777890534,219.6336704638463,397362481.0,0.99
,4.466068,1.6847832,210.7032691,0.9794583,4633.87,0.630715,,,740.9408412,,1,TESS,397362481.0,,0.015718367777890534,219.6336704638463,397362481.0,0.982
,4.466068,1.6847832,210.7032691,0.9794583,4633.87,0.630715,,,740.9408412,,1,TESS,397362481.0,,0.015718367777890534,219.6336704638463,397362481.0,0.982
,4.466068,1.6847832,210.7032691,0.9794583,4633.87,0.630715,,,740.9408412,,1,TESS,397362481.0,,0.015718367777890534,219.6336704638463,397362481.0,0.973
,4.466068,1.6847832,210.7032691,0.9794583,4633.87,0.630715,,,740.9408412,,1,TESS,397362481.0,,0.015718367777890534,219.6336704638463,397362481.0,0.973
,4.466068,1.6847832,210.7032691,0.9794583,4633.87,0.630715,,,740.9408412,,1,TESS,397362481.0,,0.015718367777890534,219.6336704638463,397362481.0,0.969
,4.466068,1.6847832,210.7032691,0.9794583,4633.87,0.630715,,,740.9408412,,1,TESS,397362481.0,,0.015718367777890534,219.6336704638463,397362481.0,0.969
,4.466068,1.6847832,210.7032691,0.9794583,4633.87,0.630715,,,740.9408412,,1,TESS,397362481.0,,0.015718367777890534,219.6336704638463,397362481.0,0.968
,4.466068,1.6847832,210.7032691,0.9794583,4633.87,0.630715,,,740.9408412,,1,TESS,397362481.0,,0.015718367777890534,219.6336704638463,397362481.0,0.968
,4.466068,1.6847832,210.7032691,0.9794583,4633.87,0.630715,,,740.9408412,,1,TESS,397362481.0,,0.015718367777890534,219.6336704638463,397362481.0,0.932
,4.466068,1.6847832,210.7032691,0.9794583,4633.87,0.630715,,,740.9408412,,1,TESS,397362481.0,,0.015718367777890534,219.6336704638463,397362481.0,0.932
,4.466068,1.6847832,210.7032691,0.9794583,4633.87,0.630715,,,740.9408412,,1,TESS,397362481.0,,0.015718367777890534,219.6336704638463,397362481.0,0.927
,4.466068,1.6847832,210.7032691,0.9794583,4633.87,0.630715,,,740.9408412,,1,TESS,397362481.0,,0.015718367777890534,219.6336704638463,397362481.0,0.927
,4.466068,1.6847832,210.7032691,0.9794583,4633.87,0.630715,,,740.9408412,,1,TESS,397362481.0,,0.015718367777890534,219.6336704638463,397362481.0,0.996
,4.466068,1.6847832,210.7032691,0.9794583,4633.87,0.630715,,,740.9408412,,1,TESS,397362481.0,,0.015718367777890534,219.6336704638463,397362481.0,0.996
,4.466068,1.6847832,210.7032691,0.9794583,4633.87,0.630715,,,740.9408412,,1,TESS,397362481.0,,0.015718367777890534,219.6336704638463,397362481.0,0.99
,4.466068,1.6847832,210.7032691,0.9794583,4633.87,0.630715,,,740.9408412,,1,TESS,397362481.0,,0.015718367777890534,219.6336704638463,397362481.0,0.99
,4.466068,1.6847832,210.7032691,0.9794583,4633.87,0.630715,,,740.9408412,,1,TESS,397362481.0,,0.015718367777890534,219.6336704638463,397362481.0,0.982
,4.466068,1.6847832,210.7032691,0.9794583,4633.87,0.630715,,,740.9408412,,1,TESS,397362481.0,,0.015718367777890534,219.6336704638463,397362481.0,0.982
,4.466068,1.6847832,210.7032691,0.9794583,4633.87,0.630715,,,740.9408412,,1,TESS,397362481.0,,0.015718367777890534,219.6336704638463,397362481.0,0.973
,4.466068,1.6847832,210.7032691,0.9794583,4633.87,0.630715,,,740.9408412,,1,TESS,397362481.0,,0.015718367777890534,219.6336704638463,397362481.0,0.973
,4.466068,1.6847832,210.7032691,0.9794583,4633.87,0.630715,,,740.9408412,,1,TESS,397362481.0,,0.015718367777890534,219.6336704638463,397362481.0,0.969
,4.466068,1.6847832,210.7032691,0.9794583,4633.87,0.630715,,,740.9408412,,1,TESS,397362481.0,,0.015718367777890534,219.6336704638463,397362481.0,0.969
,4.466068,1.6847832,210.7032691,0.9794583,4633.87,0.630715,,,740.9408412,,1,TESS,397362481.0,,0.015718367777890534,219.6336704638463,397362481.0,0.968
,4.466068,1.6847832,210.7032691,0.9794583,4633.87,0.630715,,,740.9408412,,1,TESS,397362481.0,,0.015718367777890534,219.6336704638463,397362481.0,0.968
,4.466068,1.6847832,210.7032691,0.9794583,4633.87,0.630715,,,740.9408412,,1,TESS,397362481.0,,0.015718367777890534,219.6336704638463,397362481.0,0.932
,4.466068,1.6847832,210.7032691,0.9794583,4633.87,0.630715,,,740.9408412,,1,TESS,397362481.0,,0.015718367777890534,219.6336704638463,397362481.0,0.932
,4.466068,1.6847832,210.7032691,0.9794583,4633.87,0.630715,,,740.9408412,,1,TESS,397362481.0,,0.015718367777890534,219.6336704638463,397362481.0,0.927
,4.466068,1.6847832,210.7032691,0.9794583,4633.87,0.630715,,,740.9408412,,1,TESS,397362481.0,,0.015718367777890534,219.6336704638463,397362481.0,0.927
,5.826731,4.571,1068.0,4.71778,6305.0,1.62,,,1617.0,,1,TESS,194736418.0,,0.03268699584232997,47.98393534851467,194736418.0,0.151
,11.1755425,5.482,7873.0,17.5706,6655.0,1.91,,,1154.0,,0,TESS,308050066.0,,0.020438977867521205,25.501578659857323,308050066.0,0.925
,11.1755425,5.482,7873.0,17.5706,6655.0,1.91,,,1154.0,,0,TESS,308050066.0,,0.020438977867521205,25.501578659857323,308050066.0,0.791
,11.1755425,5.482,7873.0,17.5706,6655.0,1.91,,,1154.0,,0,TESS,308050066.0,,0.020438977867521205,25.501578659857323,308050066.0,0.785
,11.1755425,5.482,7873.0,17.5706,6655.0,1.91,,,1154.0,,0,TESS,308050066.0,,0.020438977867521205,25.501578659857323,308050066.0,0.715
,11.1755425,5.482,7873.0,17.5706,6655.0,1.91,,,1154.0,,0,TESS,308050066.0,,0.020438977867521205,25.501578659857323,308050066.0,0.54
,7.4903271,5.800713,225.5988767,2.5277726,6111.67,1.61211,,,1221.8268955,,1,TESS,392681545.0,,0.0322677995805428,35.30700352942036,392681545.0,0.854
,7.4903271,5.800713,225.5988767,2.5277726,6111.67,1.61211,,,1221.8268955,,1,TESS,392681545.0,,0.0322677995805428,35.30700352942036,392681545.0,0.854
,7.4903271,5.800713,225.5988767,2.5277726,6111.67,1.61211,,,1221.8268955,,1,TESS,392681545.0,,0.0322677995805428,35.30700352942036,392681545.0,0.777
,7.4903271,5.800713,225.5988767,2.5277726,6111.67,1.61211,,,1221.8268955,,1,TESS,392681545.0,,0.0322677995805428,35.30700352942036,392681545.0,0.777
,7.4903271,5.800713,225.5988767,2.5277726,6111.67,1.61211,,,1221.8268955,,1,TESS,392681545.0,,0.0322677995805428,35.30700352942036,392681545.0,0.854
,7.4903271,5.800713,225.5988767,2.5277726,6111.67,1.61211,,,1221.8268955,,1,TESS,392681545.0,,0.0322677995805428,35.30700352942036,392681545.0,0.854
,7.4903271,5.800713,225.5988767,2.5277726,6111.67,1.61211,,,1221.8268955,,1,TESS,392681545.0,,0.0322677995805428,35.30700352942036,392681545.0,0.777
,7.4903271,5.800713,225.5988767,2.5277726,6111.67,1.61211,,,1221.8268955,,1,TESS,392681545.0,,0.0322677995805428,35.30700352942036,392681545.0,0.777
,12.5759948,6.529918,284.6855263,2.7981797,6111.67,1.61211,,,1028.0064164,,1,TESS,392681545.0,,0.021634862298544694,36.35918410111413,392681545.0,0.854
,12.5759948,6.529918,284.6855263,2.7981797,6111.67,1.61211,,,1028.0064164,,1,TESS,392681545.0,,0.021634862298544694,36.35918410111413,392681545.0,0.854
,12.5759948,6.529918,284.6855263,2.7981797,6111.67,1.61211,,,1028.0064164,,1,TESS,392681545.0,,0.021634862298544694,36.35918410111413,392681545.0,0.777
,12.5759948,6.529918,284.6855263,2.7981797,6111.67,1.61211,,,1028.0064164,,1,TESS,392681545.0,,0.021634862298544694,36.35918410111413,392681545.0,0.777
,12.5759948,6.529918,284.6855263,2.7981797,6111.67,1.61211,,,1028.0064164,,1,TESS,392681545.0,,0.021634862298544694,36.35918410111413,392681545.0,0.854
,12.5759948,6.529918,284.6855263,2.7981797,6111.67,1.61211,,,1028.0064164,,1,TESS,392681545.0,,0.021634862298544694,36.35918410111413,392681545.0,0.854
,12.5759948,6.529918,284.6855263,2.7981797,6111.67,1.61211,,,1028.0064164,,1,TESS,392681545.0,,0.021634862298544694,36.35918410111413,392681545.0,0.777
,12.5759948,6.529918,284.6855263,2.7981797,6111.67,1.61211,,,1028.0064164,,1,TESS,392681545.0,,0.021634862298544694,36.35918410111413,392681545.0,0.777
,4.7192734,1.301,1557.0,7.15211,6521.0,1.6,,,985.0,,0,TESS,48476907.0,,0.01148658453539175,30.438288807456953,48476907.0,0.291
,4.7192734,1.301,1557.0,7.15211,6521.0,1.6,,,985.0,,0,TESS,48476907.0,,0.01148658453539175,30.438288807456953,48476907.0,0.219
,4.7192734,1.301,1557.0,7.15211,6521.0,1.6,,,985.0,,0,TESS,48476907.0,,0.01148658453539175,30.438288807456953,48476907.0,0.207
,4.7192734,1.301,1557.0,7.15211,6521.0,1.6,,,985.0,,0,TESS,48476907.0,,0.01148658453539175,30.438288807456953,48476907.0,0.137
,3.691559,2.720758,16316.0231993,14.7244708,5720.0,1.0878299,,,1213.2274319,,1,TESS,147797743.0,,0.030709224852458174,75.25492407295548,147797743.0,0.431
,0.2792211,0.409,779.0,1.05678,3358.0,0.3,,,1143.0,,1,TESS,372207328.0,,0.06103286651198839,697.5380418273903,372207328.0,0.993
,0.2792211,0.409,779.0,1.05678,3358.0,0.3,,,1143.0,,1,TESS,372207328.0,,0.06103286651198839,697.5380418273903,372207328.0,0.991
,0.2792211,0.409,779.0,1.05678,3358.0,0.3,,,1143.0,,1,TESS,372207328.0,,0.06103286651198839,697.5380418273903,372207328.0,0.989
,0.2792211,0.409,779.0,1.05678,3358.0,0.3,,,1143.0,,1,TESS,372207328.0,,0.06103286651198839,697.5380418273903,372207328.0,0.982
,0.2792211,0.409,779.0,1.05678,3358.0,0.3,,,1143.0,,1,TESS,372207328.0,,0.06103286651198839,697.5380418273903,372207328.0,0.974
,0.2792211,0.409,779.0,1.05678,3358.0,0.3,,,1143.0,,1,TESS,372207328.0,,0.06103286651198839,697.5380418273903,372207328.0,0.973
,0.2792211,0.409,779.0,1.05678,3358.0,0.3,,,1143.0,,1,TESS,372207328.0,,0.06103286651198839,697.5380418273903,372207328.0,0.973
,0.2792211,0.409,779.0,1.05678,3358.0,0.3,,,1143.0,,1,TESS,372207328.0,,0.06103286651198839,697.5380418273903,372207328.0,0.953
,4.503645,1.973292,12525.725237,11.197034,3267.0,1.0,,,623.8430401,,0,TESS,348755723.0,,0.01825643434136466,99.90722205177715,348755723.0,0.448
,4.503645,1.973292,12525.725237,11.197034,3267.0,1.0,,,623.8430401,,0,TESS,348755723.0,,0.01825643434136466,99.90722205177715,348755723.0,0.367
,1.3888584,0.8267002,1372.5136834,0.9650619,3300.0,0.256456,,,604.3465776,,1,TESS,18318288.0,,0.024801549699572517,1473.6891157847851,18318288.0,0.99
,1.0014437,1.28,416.0,4.71785,6380.0,1.18,,,3627.0,,0,TESS,54085154.0,,0.05325644478497873,18.68981719721063,54085154.0,0.593
,2.5989031,1.6635706,1953.2615465,2.4312854,3719.0,0.512361,,,672.9286739,,1,TESS,54962195.0,,0.026671036929146553,330.4368264837031,54962195.0,0.997
,2.5989031,1.6635706,1953.2615465,2.4312854,3719.0,0.512361,,,672.9286739,,1,TESS,54962195.0,,0.026671036929146553,330.4368264837031,54962195.0,0.997
,2.5989031,1.6635706,1953.2615465,2.4312854,3719.0,0.512361,,,672.9286739,,1,TESS,54962195.0,,0.026671036929146553,330.4368264837031,54962195.0,0.997
,2.5989031,1.6635706,1953.2615465,2.4312854,3719.0,0.512361,,,672.9286739,,1,TESS,54962195.0,,0.026671036929146553,330.4368264837031,54962195.0,0.996
,2.5989031,1.6635706,1953.2615465,2.4312854,3719.0,0.512361,,,672.9286739,,1,TESS,54962195.0,,0.026671036929146553,330.4368264837031,54962195.0,0.996
,2.5989031,1.6635706,1953.2615465,2.4312854,3719.0,0.512361,,,672.9286739,,1,TESS,54962195.0,,0.026671036929146553,330.4368264837031,54962195.0,0.996
,2.5989031,1.6635706,1953.2615465,2.4312854,3719.0,0.512361,,,672.9286739,,1,TESS,54962195.0,,0.026671036929146553,330.4368264837031,54962195.0,0.985
,2.5989031,1.6635706,1953.2615465,2.4312854,3719.0,0.512361,,,672.9286739,,1,TESS,54962195.0,,0.026671036929146553,330.4368264837031,54962195.0,0.985
,2.5989031,1.6635706,1953.2615465,2.4312854,3719.0,0.512361,,,672.9286739,,1,TESS,54962195.0,,0.026671036929146553,330.4368264837031,54962195.0,0.985
,2.5989031,1.6635706,1953.2615465,2.4312854,3719.0,0.512361,,,672.9286739,,1,TESS,54962195.0,,0.026671036929146553,330.4368264837031,54962195.0,0.984
,2.5989031,1.6635706,1953.2615465,2.4312854,3719.0,0.512361,,,672.9286739,,1,TESS,54962195.0,,0.026671036929146553,330.4368264837031,54962195.0,0.984
,2.5989031,1.6635706,1953.2615465,2.4312854,3719.0,0.512361,,,672.9286739,,1,TESS,54962195.0,,0.026671036929146553,330.4368264837031,54962195.0,0.984
,2.5989031,1.6635706,1953.2615465,2.4312854,3719.0,0.512361,,,672.9286739,,1,TESS,54962195.0,,0.026671036929146553,330.4368264837031,54962195.0,0.98
,2.5989031,1.6635706,1953.2615465,2.4312854,3719.0,0.512361,,,672.9286739,,1,TESS,54962195.0,,0.026671036929146553,330.4368264837031,54962195.0,0.98
,2.5989031,1.6635706,1953.2615465,2.4312854,3719.0,0.512361,,,672.9286739,,1,TESS,54962195.0,,0.026671036929146553,330.4368264837031,54962195.0,0.98
,2.5989031,1.6635706,1953.2615465,2.4312854,3719.0,0.512361,,,672.9286739,,1,TESS,54962195.0,,0.026671036929146553,330.4368264837031,54962195.0,0.959
,2.5989031,1.6635706,1953.2615465,2.4312854,3719.0,0.512361,,,672.9286739,,1,TESS,54962195.0,,0.026671036929146553,330.4368264837031,54962195.0,0.959
,2.5989031,1.6635706,1953.2615465,2.4312854,3719.0,0.512361,,,672.9286739,,1,TESS,54962195.0,,0.026671036929146553,330.4368264837031,54962195.0,0.959
,2.5989031,1.6635706,1953.2615465,2.4312854,3719.0,0.512361,,,672.9286739,,1,TESS,54962195.0,,0.026671036929146553,330.4368264837031,54962195.0,0.948
,2.5989031,1.6635706,1953.2615465,2.4312854,3719.0,0.512361,,,672.9286739,,1,TESS,54962195.0,,0.026671036929146553,330.4368264837031,54962195.0,0.948
,2.5989031,1.6635706,1953.2615465,2.4312854,3719.0,0.512361,,,672.9286739,,1,TESS,54962195.0,,0.026671036929146553,330.4368264837031,54962195.0,0.948
,2.5989031,1.6635706,1953.2615465,2.4312854,3719.0,0.512361,,,672.9286739,,1,TESS,54962195.0,,0.026671036929146553,330.4368264837031,54962195.0,0.94
,2.5989031,1.6635706,1953.2615465,2.4312854,3719.0,0.512361,,,672.9286739,,1,TESS,54962195.0,,0.026671036929146553,330.4368264837031,54962195.0,0.94
,2.5989031,1.6635706,1953.2615465,2.4312854,3719.0,0.512361,,,672.9286739,,1,TESS,54962195.0,,0.026671036929146553,330.4368264837031,54962195.0,0.94
,2.5989031,1.6635706,1953.2615465,2.4312854,3719.0,0.512361,,,672.9286739,,1,TESS,54962195.0,,0.026671036929146553,330.4368264837031,54962195.0,0.926
,2.5989031,1.6635706,1953.2615465,2.4312854,3719.0,0.512361,,,672.9286739,,1,TESS,54962195.0,,0.026671036929146553,330.4368264837031,54962195.0,0.926
,2.5989031,1.6635706,1953.2615465,2.4312854,3719.0,0.512361,,,672.9286739,,1,TESS,54962195.0,,0.026671036929146553,330.4368264837031,54962195.0,0.926
,2.5989031,1.6635706,1953.2615465,2.4312854,3719.0,0.512361,,,672.9286739,,1,TESS,54962195.0,,0.026671036929146553,330.4368264837031,54962195.0,0.897
,2.5989031,1.6635706,1953.2615465,2.4312854,3719.0,0.512361,,,672.9286739,,1,TESS,54962195.0,,0.026671036929146553,330.4368264837031,54962195.0,0.897
,2.5989031,1.6635706,1953.2615465,2.4312854,3719.0,0.512361,,,672.9286739,,1,TESS,54962195.0,,0.026671036929146553,330.4368264837031,54962195.0,0.897
,2.5989031,1.6635706,1953.2615465,2.4312854,3719.0,0.512361,,,672.9286739,,1,TESS,54962195.0,,0.026671036929146553,330.4368264837031,54962195.0,0.997
,2.5989031,1.6635706,1953.2615465,2.4312854,3719.0,0.512361,,,672.9286739,,1,TESS,54962195.0,,0.026671036929146553,330.4368264837031,54962195.0,0.997
,2.5989031,1.6635706,1953.2615465,2.4312854,3719.0,0.512361,,,672.9286739,,1,TESS,54962195.0,,0.026671036929146553,330.4368264837031,54962195.0,0.997
,2.5989031,1.6635706,1953.2615465,2.4312854,3719.0,0.512361,,,672.9286739,,1,TESS,54962195.0,,0.026671036929146553,330.4368264837031,54962195.0,0.996
,2.5989031,1.6635706,1953.2615465,2.4312854,3719.0,0.512361,,,672.9286739,,1,TESS,54962195.0,,0.026671036929146553,330.4368264837031,54962195.0,0.996
,2.5989031,1.6635706,1953.2615465,2.4312854,3719.0,0.512361,,,672.9286739,,1,TESS,54962195.0,,0.026671036929146553,330.4368264837031,54962195.0,0.996
,2.5989031,1.6635706,1953.2615465,2.4312854,3719.0,0.512361,,,672.9286739,,1,TESS,54962195.0,,0.026671036929146553,330.4368264837031,54962195.0,0.985
,2.5989031,1.6635706,1953.2615465,2.4312854,3719.0,0.512361,,,672.9286739,,1,TESS,54962195.0,,0.026671036929146553,330.4368264837031,54962195.0,0.985
,2.5989031,1.6635706,1953.2615465,2.4312854,3719.0,0.512361,,,672.9286739,,1,TESS,54962195.0,,0.026671036929146553,330.4368264837031,54962195.0,0.985
,2.5989031,1.6635706,1953.2615465,2.4312854,3719.0,0.512361,,,672.9286739,,1,TESS,54962195.0,,0.026671036929146553,330.4368264837031,54962195.0,0.984
,2.5989031,1.6635706,1953.2615465,2.4312854,3719.0,0.512361,,,672.9286739,,1,TESS,54962195.0,,0.026671036929146553,330.4368264837031,54962195.0,0.984
,2.5989031,1.6635706,1953.2615465,2.4312854,3719.0,0.512361,,,672.9286739,,1,TESS,54962195.0,,0.026671036929146553,330.4368264837031,54962195.0,0.984
,2.5989031,1.6635706,1953.2615465,2.4312854,3719.0,0.512361,,,672.9286739,,1,TESS,54962195.0,,0.026671036929146553,330.4368264837031,54962195.0,0.98
,2.5989031,1.6635706,1953.2615465,2.4312854,3719.0,0.512361,,,672.9286739,,1,TESS,54962195.0,,0.026671036929146553,330.4368264837031,54962195.0,0.98
,2.5989031,1.6635706,1953.2615465,2.4312854,3719.0,0.512361,,,672.9286739,,1,TESS,54962195.0,,0.026671036929146553,330.4368264837031,54962195.0,0.98
,2.5989031,1.6635706,1953.2615465,2.4312854,3719.0,0.512361,,,672.9286739,,1,TESS,54962195.0,,0.026671036929146553,330.4368264837031,54962195.0,0.959
,2.5989031,1.6635706,1953.2615465,2.4312854,3719.0,0.512361,,,672.9286739,,1,TESS,54962195.0,,0.026671036929146553,330.4368264837031,54962195.0,0.959
,2.5989031,1.6635706,1953.2615465,2.4312854,3719.0,0.512361,,,672.9286739,,1,TESS,54962195.0,,0.026671036929146553,330.4368264837031,54962195.0,0.959
,2.5989031,1.6635706,1953.2615465,2.4312854,3719.0,0.512361,,,672.9286739,,1,TESS,54962195.0,,0.026671036929146553,330.4368264837031,54962195.0,0.948
,2.5989031,1.6635706,1953.2615465,2.4312854,3719.0,0.512361,,,672.9286739,,1,TESS,54962195.0,,0.026671036929146553,330.4368264837031,54962195.0,0.948
,2.5989031,1.6635706,1953.2615465,2.4312854,3719.0,0.512361,,,672.9286739,,1,TESS,54962195.0,,0.026671036929146553,330.4368264837031,54962195.0,0.948
,2.5989031,1.6635706,1953.2615465,2.4312854,3719.0,0.512361,,,672.9286739,,1,TESS,54962195.0,,0.026671036929146553,330.4368264837031,54962195.0,0.94
,2.5989031,1.6635706,1953.2615465,2.4312854,3719.0,0.512361,,,672.9286739,,1,TESS,54962195.0,,0.026671036929146553,330.4368264837031,54962195.0,0.94
,2.5989031,1.6635706,1953.2615465,2.4312854,3719.0,0.512361,,,672.9286739,,1,TESS,54962195.0,,0.026671036929146553,330.4368264837031,54962195.0,0.94
,2.5989031,1.6635706,1953.2615465,2.4312854,3719.0,0.512361,,,672.9286739,,1,TESS,54962195.0,,0.026671036929146553,330.4368264837031,54962195.0,0.926
,2.5989031,1.6635706,1953.2615465,2.4312854,3719.0,0.512361,,,672.9286739,,1,TESS,54962195.0,,0.026671036929146553,330.4368264837031,54962195.0,0.926
,2.5989031,1.6635706,1953.2615465,2.4312854,3719.0,0.512361,,,672.9286739,,1,TESS,54962195.0,,0.026671036929146553,330.4368264837031,54962195.0,0.926
,2.5989031,1.6635706,1953.2615465,2.4312854,3719.0,0.512361,,,672.9286739,,1,TESS,54962195.0,,0.026671036929146553,330.4368264837031,54962195.0,0.897
,2.5989031,1.6635706,1953.2615465,2.4312854,3719.0,0.512361,,,672.9286739,,1,TESS,54962195.0,,0.026671036929146553,330.4368264837031,54962195.0,0.897
,2.5989031,1.6635706,1953.2615465,2.4312854,3719.0,0.512361,,,672.9286739,,1,TESS,54962195.0,,0.026671036929146553,330.4368264837031,54962195.0,0.897
,2.5989031,1.6635706,1953.2615465,2.4312854,3719.0,0.512361,,,672.9286739,,1,TESS,54962195.0,,0.026671036929146553,330.4368264837031,54962195.0,0.997
,2.5989031,1.6635706,1953.2615465,2.4312854,3719.0,0.512361,,,672.9286739,,1,TESS,54962195.0,,0.026671036929146553,330.4368264837031,54962195.0,0.997
,2.5989031,1.6635706,1953.2615465,2.4312854,3719.0,0.512361,,,672.9286739,,1,TESS,54962195.0,,0.026671036929146553,330.4368264837031,54962195.0,0.997
,2.5989031,1.6635706,1953.2615465,2.4312854,3719.0,0.512361,,,672.9286739,,1,TESS,54962195.0,,0.026671036929146553,330.4368264837031,54962195.0,0.996
,2.5989031,1.6635706,1953.2615465,2.4312854,3719.0,0.512361,,,672.9286739,,1,TESS,54962195.0,,0.026671036929146553,330.4368264837031,54962195.0,0.996
,2.5989031,1.6635706,1953.2615465,2.4312854,3719.0,0.512361,,,672.9286739,,1,TESS,54962195.0,,0.026671036929146553,330.4368264837031,54962195.0,0.996
,2.5989031,1.6635706,1953.2615465,2.4312854,3719.0,0.512361,,,672.9286739,,1,TESS,54962195.0,,0.026671036929146553,330.4368264837031,54962195.0,0.985
,2.5989031,1.6635706,1953.2615465,2.4312854,3719.0,0.512361,,,672.9286739,,1,TESS,54962195.0,,0.026671036929146553,330.4368264837031,54962195.0,0.985
,2.5989031,1.6635706,1953.2615465,2.4312854,3719.0,0.512361,,,672.9286739,,1,TESS,54962195.0,,0.026671036929146553,330.4368264837031,54962195.0,0.985
,2.5989031,1.6635706,1953.2615465,2.4312854,3719.0,0.512361,,,672.9286739,,1,TESS,54962195.0,,0.026671036929146553,330.4368264837031,54962195.0,0.984
,2.5989031,1.6635706,1953.2615465,2.4312854,3719.0,0.512361,,,672.9286739,,1,TESS,54962195.0,,0.026671036929146553,330.4368264837031,54962195.0,0.984
,2.5989031,1.6635706,1953.2615465,2.4312854,3719.0,0.512361,,,672.9286739,,1,TESS,54962195.0,,0.026671036929146553,330.4368264837031,54962195.0,0.984
,2.5989031,1.6635706,1953.2615465,2.4312854,3719.0,0.512361,,,672.9286739,,1,TESS,54962195.0,,0.026671036929146553,330.4368264837031,54962195.0,0.98
,2.5989031,1.6635706,1953.2615465,2.4312854,3719.0,0.512361,,,672.9286739,,1,TESS,54962195.0,,0.026671036929146553,330.4368264837031,54962195.0,0.98
,2.5989031,1.6635706,1953.2615465,2.4312854,3719.0,0.512361,,,672.9286739,,1,TESS,54962195.0,,0.026671036929146553,330.4368264837031,54962195.0,0.98
,2.5989031,1.6635706,1953.2615465,2.4312854,3719.0,0.512361,,,672.9286739,,1,TESS,54962195.0,,0.026671036929146553,330.4368264837031,54962195.0,0.959
,2.5989031,1.6635706,1953.2615465,2.4312854,3719.0,0.512361,,,672.9286739,,1,TESS,54962195.0,,0.026671036929146553,330.4368264837031,54962195.0,0.959
,2.5989031,1.6635706,1953.2615465,2.4312854,3719.0,0.512361,,,672.9286739,,1,TESS,54962195.0,,0.026671036929146553,330.4368264837031,54962195.0,0.959
,2.5989031,1.6635706,1953.2615465,2.4312854,3719.0,0.512361,,,672.9286739,,1,TESS,54962195.0,,0.026671036929146553,330.4368264837031,54962195.0,0.948
,2.5989031,1.6635706,1953.2615465,2.4312854,3719.0,0.512361,,,672.9286739,,1,TESS,54962195.0,,0.026671036929146553,330.4368264837031,54962195.0,0.948
,2.5989031,1.6635706,1953.2615465,2.4312854,3719.0,0.512361,,,672.9286739,,1,TESS,54962195.0,,0.026671036929146553,330.4368264837031,54962195.0,0.948
,2.5989031,1.6635706,1953.2615465,2.4312854,3719.0,0.512361,,,672.9286739,,1,TESS,54962195.0,,0.026671036929146553,330.4368264837031,54962195.0,0.94
,2.5989031,1.6635706,1953.2615465,2.4312854,3719.0,0.512361,,,672.9286739,,1,TESS,54962195.0,,0.026671036929146553,330.4368264837031,54962195.0,0.94
,2.5989031,1.6635706,1953.2615465,2.4312854,3719.0,0.512361,,,672.9286739,,1,TESS,54962195.0,,0.026671036929146553,330.4368264837031,54962195.0,0.94
,2.5989031,1.6635706,1953.2615465,2.4312854,3719.0,0.512361,,,672.9286739,,1,TESS,54962195.0,,0.026671036929146553,330.4368264837031,54962195.0,0.926
,2.5989031,1.6635706,1953.2615465,2.4312854,3719.0,0.512361,,,672.9286739,,1,TESS,54962195.0,,0.026671036929146553,330.4368264837031,54962195.0,0.926
,2.5989031,1.6635706,1953.2615465,2.4312854,3719.0,0.512361,,,672.9286739,,1,TESS,54962195.0,,0.026671036929146553,330.4368264837031,54962195.0,0.926
,2.5989031,1.6635706,1953.2615465,2.4312854,3719.0,0.512361,,,672.9286739,,1,TESS,54962195.0,,0.026671036929146553,330.4368264837031,54962195.0,0.897
,2.5989031,1.6635706,1953.2615465,2.4312854,3719.0,0.512361,,,672.9286739,,1,TESS,54962195.0,,0.026671036929146553,330.4368264837031,54962195.0,0.897
,2.5989031,1.6635706,1953.2615465,2.4312854,3719.0,0.512361,,,672.9286739,,1,TESS,54962195.0,,0.026671036929146553,330.4368264837031,54962195.0,0.897
,4.6955986,2.1638721,1969.101717,2.6626375,3719.0,0.512361,,,552.5039779,,1,TESS,54962195.0,,0.019201244480298665,277.7435621526148,54962195.0,0.997
,4.6955986,2.1638721,1969.101717,2.6626375,3719.0,0.512361,,,552.5039779,,1,TESS,54962195.0,,0.019201244480298665,277.7435621526148,54962195.0,0.997
,4.6955986,2.1638721,1969.101717,2.6626375,3719.0,0.512361,,,552.5039779,,1,TESS,54962195.0,,0.019201244480298665,277.7435621526148,54962195.0,0.997
,4.6955986,2.1638721,1969.101717,2.6626375,3719.0,0.512361,,,552.5039779,,1,TESS,54962195.0,,0.019201244480298665,277.7435621526148,54962195.0,0.996
,4.6955986,2.1638721,1969.101717,2.6626375,3719.0,0.512361,,,552.5039779,,1,TESS,54962195.0,,0.019201244480298665,277.7435621526148,54962195.0,0.996
,4.6955986,2.1638721,1969.101717,2.6626375,3719.0,0.512361,,,552.5039779,,1,TESS,54962195.0,,0.019201244480298665,277.7435621526148,54962195.0,0.996
,4.6955986,2.1638721,1969.101717,2.6626375,3719.0,0.512361,,,552.5039779,,1,TESS,54962195.0,,0.019201244480298665,277.7435621526148,54962195.0,0.985
,4.6955986,2.1638721,1969.101717,2.6626375,3719.0,0.512361,,,552.5039779,,1,TESS,54962195.0,,0.019201244480298665,277.7435621526148,54962195.0,0.985
,4.6955986,2.1638721,1969.101717,2.6626375,3719.0,0.512361,,,552.5039779,,1,TESS,54962195.0,,0.019201244480298665,277.7435621526148,54962195.0,0.985
,4.6955986,2.1638721,1969.101717,2.6626375,3719.0,0.512361,,,552.5039779,,1,TESS,54962195.0,,0.019201244480298665,277.7435621526148,54962195.0,0.984
,4.6955986,2.1638721,1969.101717,2.6626375,3719.0,0.512361,,,552.5039779,,1,TESS,54962195.0,,0.019201244480298665,277.7435621526148,54962195.0,0.984
,4.6955986,2.1638721,1969.101717,2.6626375,3719.0,0.512361,,,552.5039779,,1,TESS,54962195.0,,0.019201244480298665,277.7435621526148,54962195.0,0.984
,4.6955986,2.1638721,1969.101717,2.6626375,3719.0,0.512361,,,552.5039779,,1,TESS,54962195.0,,0.019201244480298665,277.7435621526148,54962195.0,0.98
,4.6955986,2.1638721,1969.101717,2.6626375,3719.0,0.512361,,,552.5039779,,1,TESS,54962195.0,,0.019201244480298665,277.7435621526148,54962195.0,0.98
,4.6955986,2.1638721,1969.101717,2.6626375,3719.0,0.512361,,,552.5039779,,1,TESS,54962195.0,,0.019201244480298665,277.7435621526148,54962195.0,0.98
,4.6955986,2.1638721,1969.101717,2.6626375,3719.0,0.512361,,,552.5039779,,1,TESS,54962195.0,,0.019201244480298665,277.7435621526148,54962195.0,0.959
,4.6955986,2.1638721,1969.101717,2.6626375,3719.0,0.512361,,,552.5039779,,1,TESS,54962195.0,,0.019201244480298665,277.7435621526148,54962195.0,0.959
,4.6955986,2.1638721,1969.101717,2.6626375,3719.0,0.512361,,,552.5039779,,1,TESS,54962195.0,,0.019201244480298665,277.7435621526148,54962195.0,0.959
,4.6955986,2.1638721,1969.101717,2.6626375,3719.0,0.512361,,,552.5039779,,1,TESS,54962195.0,,0.019201244480298665,277.7435621526148,54962195.0,0.948
,4.6955986,2.1638721,1969.101717,2.6626375,3719.0,0.512361,,,552.5039779,,1,TESS,54962195.0,,0.019201244480298665,277.7435621526148,54962195.0,0.948
,4.6955986,2.1638721,1969.101717,2.6626375,3719.0,0.512361,,,552.5039779,,1,TESS,54962195.0,,0.019201244480298665,277.7435621526148,54962195.0,0.948
,4.6955986,2.1638721,1969.101717,2.6626375,3719.0,0.512361,,,552.5039779,,1,TESS,54962195.0,,0.019201244480298665,277.7435621526148,54962195.0,0.94
,4.6955986,2.1638721,1969.101717,2.6626375,3719.0,0.512361,,,552.5039779,,1,TESS,54962195.0,,0.019201244480298665,277.7435621526148,54962195.0,0.94
,4.6955986,2.1638721,1969.101717,2.6626375,3719.0,0.512361,,,552.5039779,,1,TESS,54962195.0,,0.019201244480298665,277.7435621526148,54962195.0,0.94
,4.6955986,2.1638721,1969.101717,2.6626375,3719.0,0.512361,,,552.5039779,,1,TESS,54962195.0,,0.019201244480298665,277.7435621526148,54962195.0,0.926
,4.6955986,2.1638721,1969.101717,2.6626375,3719.0,0.512361,,,552.5039779,,1,TESS,54962195.0,,0.019201244480298665,277.7435621526148,54962195.0,0.926
,4.6955986,2.1638721,1969.101717,2.6626375,3719.0,0.512361,,,552.5039779,,1,TESS,54962195.0,,0.019201244480298665,277.7435621526148,54962195.0,0.926
,4.6955986,2.1638721,1969.101717,2.6626375,3719.0,0.512361,,,552.5039779,,1,TESS,54962195.0,,0.019201244480298665,277.7435621526148,54962195.0,0.897
,4.6955986,2.1638721,1969.101717,2.6626375,3719.0,0.512361,,,552.5039779,,1,TESS,54962195.0,,0.019201244480298665,277.7435621526148,54962195.0,0.897
,4.6955986,2.1638721,1969.101717,2.6626375,3719.0,0.512361,,,552.5039779,,1,TESS,54962195.0,,0.019201244480298665,277.7435621526148,54962195.0,0.897
,4.6955986,2.1638721,1969.101717,2.6626375,3719.0,0.512361,,,552.5039779,,1,TESS,54962195.0,,0.019201244480298665,277.7435621526148,54962195.0,0.997
,4.6955986,2.1638721,1969.101717,2.6626375,3719.0,0.512361,,,552.5039779,,1,TESS,54962195.0,,0.019201244480298665,277.7435621526148,54962195.0,0.997
,4.6955986,2.1638721,1969.101717,2.6626375,3719.0,0.512361,,,552.5039779,,1,TESS,54962195.0,,0.019201244480298665,277.7435621526148,54962195.0,0.997
,4.6955986,2.1638721,1969.101717,2.6626375,3719.0,0.512361,,,552.5039779,,1,TESS,54962195.0,,0.019201244480298665,277.7435621526148,54962195.0,0.996
,4.6955986,2.1638721,1969.101717,2.6626375,3719.0,0.512361,,,552.5039779,,1,TESS,54962195.0,,0.019201244480298665,277.7435621526148,54962195.0,0.996
,4.6955986,2.1638721,1969.101717,2.6626375,3719.0,0.512361,,,552.5039779,,1,TESS,54962195.0,,0.019201244480298665,277.7435621526148,54962195.0,0.996
,4.6955986,2.1638721,1969.101717,2.6626375,3719.0,0.512361,,,552.5039779,,1,TESS,54962195.0,,0.019201244480298665,277.7435621526148,54962195.0,0.985
,4.6955986,2.1638721,1969.101717,2.6626375,3719.0,0.512361,,,552.5039779,,1,TESS,54962195.0,,0.019201244480298665,277.7435621526148,54962195.0,0.985
,4.6955986,2.1638721,1969.101717,2.6626375,3719.0,0.512361,,,552.5039779,,1,TESS,54962195.0,,0.019201244480298665,277.7435621526148,54962195.0,0.985
,4.6955986,2.1638721,1969.101717,2.6626375,3719.0,0.512361,,,552.5039779,,1,TESS,54962195.0,,0.019201244480298665,277.7435621526148,54962195.0,0.984
,4.6955986,2.1638721,1969.101717,2.6626375,3719.0,0.512361,,,552.5039779,,1,TESS,54962195.0,,0.019201244480298665,277.7435621526148,54962195.0,0.984
,4.6955986,2.1638721,1969.101717,2.6626375,3719.0,0.512361,,,552.5039779,,1,TESS,54962195.0,,0.019201244480298665,277.7435621526148,54962195.0,0.984
,4.6955986,2.1638721,1969.101717,2.6626375,3719.0,0.512361,,,552.5039779,,1,TESS,54962195.0,,0.019201244480298665,277.7435621526148,54962195.0,0.98
,4.6955986,2.1638721,1969.101717,2.6626375,3719.0,0.512361,,,552.5039779,,1,TESS,54962195.0,,0.019201244480298665,277.7435621526148,54962195.0,0.98
,4.6955986,2.1638721,1969.101717,2.6626375,3719.0,0.512361,,,552.5039779,,1,TESS,54962195.0,,0.019201244480298665,277.7435621526148,54962195.0,0.98
,4.6955986,2.1638721,1969.101717,2.6626375,3719.0,0.512361,,,552.5039779,,1,TESS,54962195.0,,0.019201244480298665,277.7435621526148,54962195.0,0.959
,4.6955986,2.1638721,1969.101717,2.6626375,3719.0,0.512361,,,552.5039779,,1,TESS,54962195.0,,0.019201244480298665,277.7435621526148,54962195.0,0.959
,4.6955986,2.1638721,1969.101717,2.6626375,3719.0,0.512361,,,552.5039779,,1,TESS,54962195.0,,0.019201244480298665,277.7435621526148,54962195.0,0.959
,4.6955986,2.1638721,1969.101717,2.6626375,3719.0,0.512361,,,552.5039779,,1,TESS,54962195.0,,0.019201244480298665,277.7435621526148,54962195.0,0.948
,4.6955986,2.1638721,1969.101717,2.6626375,3719.0,0.512361,,,552.5039779,,1,TESS,54962195.0,,0.019201244480298665,277.7435621526148,54962195.0,0.948
,4.6955986,2.1638721,1969.101717,2.6626375,3719.0,0.512361,,,552.5039779,,1,TESS,54962195.0,,0.019201244480298665,277.7435621526148,54962195.0,0.948
,4.6955986,2.1638721,1969.101717,2.6626375,3719.0,0.512361,,,552.5039779,,1,TESS,54962195.0,,0.019201244480298665,277.7435621526148,54962195.0,0.94
,4.6955986,2.1638721,1969.101717,2.6626375,3719.0,0.512361,,,552.5039779,,1,TESS,54962195.0,,0.019201244480298665,277.7435621526148,54962195.0,0.94
,4.6955986,2.1638721,1969.101717,2.6626375,3719.0,0.512361,,,552.5039779,,1,TESS,54962195.0,,0.019201244480298665,277.7435621526148,54962195.0,0.94
,4.6955986,2.1638721,1969.101717,2.6626375,3719.0,0.512361,,,552.5039779,,1,TESS,54962195.0,,0.019201244480298665,277.7435621526148,54962195.0,0.926
,4.6955986,2.1638721,1969.101717,2.6626375,3719.0,0.512361,,,552.5039779,,1,TESS,54962195.0,,0.019201244480298665,277.7435621526148,54962195.0,0.926
,4.6955986,2.1638721,1969.101717,2.6626375,3719.0,0.512361,,,552.5039779,,1,TESS,54962195.0,,0.019201244480298665,277.7435621526148,54962195.0,0.926
,4.6955986,2.1638721,1969.101717,2.6626375,3719.0,0.512361,,,552.5039779,,1,TESS,54962195.0,,0.019201244480298665,277.7435621526148,54962195.0,0.897
,4.6955986,2.1638721,1969.101717,2.6626375,3719.0,0.512361,,,552.5039779,,1,TESS,54962195.0,,0.019201244480298665,277.7435621526148,54962195.0,0.897
,4.6955986,2.1638721,1969.101717,2.6626375,3719.0,0.512361,,,552.5039779,,1,TESS,54962195.0,,0.019201244480298665,277.7435621526148,54962195.0,0.897
,4.6955986,2.1638721,1969.101717,2.6626375,3719.0,0.512361,,,552.5039779,,1,TESS,54962195.0,,0.019201244480298665,277.7435621526148,54962195.0,0.997
,4.6955986,2.1638721,1969.101717,2.6626375,3719.0,0.512361,,,552.5039779,,1,TESS,54962195.0,,0.019201244480298665,277.7435621526148,54962195.0,0.997
,4.6955986,2.1638721,1969.101717,2.6626375,3719.0,0.512361,,,552.5039779,,1,TESS,54962195.0,,0.019201244480298665,277.7435621526148,54962195.0,0.997
,4.6955986,2.1638721,1969.101717,2.6626375,3719.0,0.512361,,,552.5039779,,1,TESS,54962195.0,,0.019201244480298665,277.7435621526148,54962195.0,0.996
,4.6955986,2.1638721,1969.101717,2.6626375,3719.0,0.512361,,,552.5039779,,1,TESS,54962195.0,,0.019201244480298665,277.7435621526148,54962195.0,0.996
,4.6955986,2.1638721,1969.101717,2.6626375,3719.0,0.512361,,,552.5039779,,1,TESS,54962195.0,,0.019201244480298665,277.7435621526148,54962195.0,0.996
,4.6955986,2.1638721,1969.101717,2.6626375,3719.0,0.512361,,,552.5039779,,1,TESS,54962195.0,,0.019201244480298665,277.7435621526148,54962195.0,0.985
,4.6955986,2.1638721,1969.101717,2.6626375,3719.0,0.512361,,,552.5039779,,1,TESS,54962195.0,,0.019201244480298665,277.7435621526148,54962195.0,0.985
,4.6955986,2.1638721,1969.101717,2.6626375,3719.0,0.512361,,,552.5039779,,1,TESS,54962195.0,,0.019201244480298665,277.7435621526148,54962195.0,0.985
,4.6955986,2.1638721,1969.101717,2.6626375,3719.0,0.512361,,,552.5039779,,1,TESS,54962195.0,,0.019201244480298665,277.7435621526148,54962195.0,0.984
,4.6955986,2.1638721,1969.101717,2.6626375,3719.0,0.512361,,,552.5039779,,1,TESS,54962195.0,,0.019201244480298665,277.7435621526148,54962195.0,0.984
,4.6955986,2.1638721,1969.101717,2.6626375,3719.0,0.512361,,,552.5039779,,1,TESS,54962195.0,,0.019201244480298665,277.7435621526148,54962195.0,0.984
,4.6955986,2.1638721,1969.101717,2.6626375,3719.0,0.512361,,,552.5039779,,1,TESS,54962195.0,,0.019201244480298665,277.7435621526148,54962195.0,0.98
,4.6955986,2.1638721,1969.101717,2.6626375,3719.0,0.512361,,,552.5039779,,1,TESS,54962195.0,,0.019201244480298665,277.7435621526148,54962195.0,0.98
,4.6955986,2.1638721,1969.101717,2.6626375,3719.0,0.512361,,,552.5039779,,1,TESS,54962195.0,,0.019201244480298665,277.7435621526148,54962195.0,0.98
,4.6955986,2.1638721,1969.101717,2.6626375,3719.0,0.512361,,,552.5039779,,1,TESS,54962195.0,,0.019201244480298665,277.7435621526148,54962195.0,0.959
,4.6955986,2.1638721,1969.101717,2.6626375,3719.0,0.512361,,,552.5039779,,1,TESS,54962195.0,,0.019201244480298665,277.7435621526148,54962195.0,0.959
,4.6955986,2.1638721,1969.101717,2.6626375,3719.0,0.512361,,,552.5039779,,1,TESS,54962195.0,,0.019201244480298665,277.7435621526148,54962195.0,0.959
,4.6955986,2.1638721,1969.101717,2.6626375,3719.0,0.512361,,,552.5039779,,1,TESS,54962195.0,,0.019201244480298665,277.7435621526148,54962195.0,0.948
,4.6955986,2.1638721,1969.101717,2.6626375,3719.0,0.512361,,,552.5039779,,1,TESS,54962195.0,,0.019201244480298665,277.7435621526148,54962195.0,0.948
,4.6955986,2.1638721,1969.101717,2.6626375,3719.0,0.512361,,,552.5039779,,1,TESS,54962195.0,,0.019201244480298665,277.7435621526148,54962195.0,0.948
,4.6955986,2.1638721,1969.101717,2.6626375,3719.0,0.512361,,,552.5039779,,1,TESS,54962195.0,,0.019201244480298665,277.7435621526148,54962195.0,0.94
,4.6955986,2.1638721,1969.101717,2.6626375,3719.0,0.512361,,,552.5039779,,1,TESS,54962195.0,,0.019201244480298665,277.7435621526148,54962195.0,0.94
,4.6955986,2.1638721,1969.101717,2.6626375,3719.0,0.512361,,,552.5039779,,1,TESS,54962195.0,,0.019201244480298665,277.7435621526148,54962195.0,0.94
,4.6955986,2.1638721,1969.101717,2.6626375,3719.0,0.512361,,,552.5039779,,1,TESS,54962195.0,,0.019201244480298665,277.7435621526148,54962195.0,0.926
,4.6955986,2.1638721,1969.101717,2.6626375,3719.0,0.512361,,,552.5039779,,1,TESS,54962195.0,,0.019201244480298665,277.7435621526148,54962195.0,0.926
,4.6955986,2.1638721,1969.101717,2.6626375,3719.0,0.512361,,,552.5039779,,1,TESS,54962195.0,,0.019201244480298665,277.7435621526148,54962195.0,0.926
,4.6955986,2.1638721,1969.101717,2.6626375,3719.0,0.512361,,,552.5039779,,1,TESS,54962195.0,,0.019201244480298665,277.7435621526148,54962195.0,0.897
,4.6955986,2.1638721,1969.101717,2.6626375,3719.0,0.512361,,,552.5039779,,1,TESS,54962195.0,,0.019201244480298665,277.7435621526148,54962195.0,0.897
,4.6955986,2.1638721,1969.101717,2.6626375,3719.0,0.512361,,,552.5039779,,1,TESS,54962195.0,,0.019201244480298665,277.7435621526148,54962195.0,0.897
,7.1024749,2.7542652,1317.715762,1.9895244,3719.0,0.512361,,,481.3147406,,1,TESS,54962195.0,,0.01615789579583792,332.9071260055951,54962195.0,0.997
,7.1024749,2.7542652,1317.715762,1.9895244,3719.0,0.512361,,,481.3147406,,1,TESS,54962195.0,,0.01615789579583792,332.9071260055951,54962195.0,0.997
,7.1024749,2.7542652,1317.715762,1.9895244,3719.0,0.512361,,,481.3147406,,1,TESS,54962195.0,,0.01615789579583792,332.9071260055951,54962195.0,0.997
,7.1024749,2.7542652,1317.715762,1.9895244,3719.0,0.512361,,,481.3147406,,1,TESS,54962195.0,,0.01615789579583792,332.9071260055951,54962195.0,0.996
,7.1024749,2.7542652,1317.715762,1.9895244,3719.0,0.512361,,,481.3147406,,1,TESS,54962195.0,,0.01615789579583792,332.9071260055951,54962195.0,0.996
,7.1024749,2.7542652,1317.715762,1.9895244,3719.0,0.512361,,,481.3147406,,1,TESS,54962195.0,,0.01615789579583792,332.9071260055951,54962195.0,0.996
,7.1024749,2.7542652,1317.715762,1.9895244,3719.0,0.512361,,,481.3147406,,1,TESS,54962195.0,,0.01615789579583792,332.9071260055951,54962195.0,0.985
,7.1024749,2.7542652,1317.715762,1.9895244,3719.0,0.512361,,,481.3147406,,1,TESS,54962195.0,,0.01615789579583792,332.9071260055951,54962195.0,0.985
,7.1024749,2.7542652,1317.715762,1.9895244,3719.0,0.512361,,,481.3147406,,1,TESS,54962195.0,,0.01615789579583792,332.9071260055951,54962195.0,0.985
,7.1024749,2.7542652,1317.715762,1.9895244,3719.0,0.512361,,,481.3147406,,1,TESS,54962195.0,,0.01615789579583792,332.9071260055951,54962195.0,0.984
,7.1024749,2.7542652,1317.715762,1.9895244,3719.0,0.512361,,,481.3147406,,1,TESS,54962195.0,,0.01615789579583792,332.9071260055951,54962195.0,0.984
,7.1024749,2.7542652,1317.715762,1.9895244,3719.0,0.512361,,,481.3147406,,1,TESS,54962195.0,,0.01615789579583792,332.9071260055951,54962195.0,0.984
,7.1024749,2.7542652,1317.715762,1.9895244,3719.0,0.512361,,,481.3147406,,1,TESS,54962195.0,,0.01615789579583792,332.9071260055951,54962195.0,0.98
,7.1024749,2.7542652,1317.715762,1.9895244,3719.0,0.512361,,,481.3147406,,1,TESS,54962195.0,,0.01615789579583792,332.9071260055951,54962195.0,0.98
,7.1024749,2.7542652,1317.715762,1.9895244,3719.0,0.512361,,,481.3147406,,1,TESS,54962195.0,,0.01615789579583792,332.9071260055951,54962195.0,0.98
,7.1024749,2.7542652,1317.715762,1.9895244,3719.0,0.512361,,,481.3147406,,1,TESS,54962195.0,,0.01615789579583792,332.9071260055951,54962195.0,0.959
,7.1024749,2.7542652,1317.715762,1.9895244,3719.0,0.512361,,,481.3147406,,1,TESS,54962195.0,,0.01615789579583792,332.9071260055951,54962195.0,0.959
,7.1024749,2.7542652,1317.715762,1.9895244,3719.0,0.512361,,,481.3147406,,1,TESS,54962195.0,,0.01615789579583792,332.9071260055951,54962195.0,0.959
,7.1024749,2.7542652,1317.715762,1.9895244,3719.0,0.512361,,,481.3147406,,1,TESS,54962195.0,,0.01615789579583792,332.9071260055951,54962195.0,0.948
,7.1024749,2.7542652,1317.715762,1.9895244,3719.0,0.512361,,,481.3147406,,1,TESS,54962195.0,,0.01615789579583792,332.9071260055951,54962195.0,0.948
,7.1024749,2.7542652,1317.715762,1.9895244,3719.0,0.512361,,,481.3147406,,1,TESS,54962195.0,,0.01615789579583792,332.9071260055951,54962195.0,0.948
,7.1024749,2.7542652,1317.715762,1.9895244,3719.0,0.512361,,,481.3147406,,1,TESS,54962195.0,,0.01615789579583792,332.9071260055951,54962195.0,0.94
,7.1024749,2.7542652,1317.715762,1.9895244,3719.0,0.512361,,,481.3147406,,1,TESS,54962195.0,,0.01615789579583792,332.9071260055951,54962195.0,0.94
,7.1024749,2.7542652,1317.715762,1.9895244,3719.0,0.512361,,,481.3147406,,1,TESS,54962195.0,,0.01615789579583792,332.9071260055951,54962195.0,0.94
,7.1024749,2.7542652,1317.715762,1.9895244,3719.0,0.512361,,,481.3147406,,1,TESS,54962195.0,,0.01615789579583792,332.9071260055951,54962195.0,0.926
,7.1024749,2.7542652,1317.715762,1.9895244,3719.0,0.512361,,,481.3147406,,1,TESS,54962195.0,,0.01615789579583792,332.9071260055951,54962195.0,0.926
,7.1024749,2.7542652,1317.715762,1.9895244,3719.0,0.512361,,,481.3147406,,1,TESS,54962195.0,,0.01615789579583792,332.9071260055951,54962195.0,0.926
,7.1024749,2.7542652,1317.715762,1.9895244,3719.0,0.512361,,,481.3147406,,1,TESS,54962195.0,,0.01615789579583792,332.9071260055951,54962195.0,0.897
,7.1024749,2.7542652,1317.715762,1.9895244,3719.0,0.512361,,,481.3147406,,1,TESS,54962195.0,,0.01615789579583792,332.9071260055951,54962195.0,0.897
,7.1024749,2.7542652,1317.715762,1.9895244,3719.0,0.512361,,,481.3147406,,1,TESS,54962195.0,,0.01615789579583792,332.9071260055951,54962195.0,0.897
,7.1024749,2.7542652,1317.715762,1.9895244,3719.0,0.512361,,,481.3147406,,1,TESS,54962195.0,,0.01615789579583792,332.9071260055951,54962195.0,0.997
,7.1024749,2.7542652,1317.715762,1.9895244,3719.0,0.512361,,,481.3147406,,1,TESS,54962195.0,,0.01615789579583792,332.9071260055951,54962195.0,0.997
,7.1024749,2.7542652,1317.715762,1.9895244,3719.0,0.512361,,,481.3147406,,1,TESS,54962195.0,,0.01615789579583792,332.9071260055951,54962195.0,0.997
,7.1024749,2.7542652,1317.715762,1.9895244,3719.0,0.512361,,,481.3147406,,1,TESS,54962195.0,,0.01615789579583792,332.9071260055951,54962195.0,0.996
,7.1024749,2.7542652,1317.715762,1.9895244,3719.0,0.512361,,,481.3147406,,1,TESS,54962195.0,,0.01615789579583792,332.9071260055951,54962195.0,0.996
,7.1024749,2.7542652,1317.715762,1.9895244,3719.0,0.512361,,,481.3147406,,1,TESS,54962195.0,,0.01615789579583792,332.9071260055951,54962195.0,0.996
,7.1024749,2.7542652,1317.715762,1.9895244,3719.0,0.512361,,,481.3147406,,1,TESS,54962195.0,,0.01615789579583792,332.9071260055951,54962195.0,0.985
,7.1024749,2.7542652,1317.715762,1.9895244,3719.0,0.512361,,,481.3147406,,1,TESS,54962195.0,,0.01615789579583792,332.9071260055951,54962195.0,0.985
,7.1024749,2.7542652,1317.715762,1.9895244,3719.0,0.512361,,,481.3147406,,1,TESS,54962195.0,,0.01615789579583792,332.9071260055951,54962195.0,0.985
,7.1024749,2.7542652,1317.715762,1.9895244,3719.0,0.512361,,,481.3147406,,1,TESS,54962195.0,,0.01615789579583792,332.9071260055951,54962195.0,0.984
,7.1024749,2.7542652,1317.715762,1.9895244,3719.0,0.512361,,,481.3147406,,1,TESS,54962195.0,,0.01615789579583792,332.9071260055951,54962195.0,0.984
,7.1024749,2.7542652,1317.715762,1.9895244,3719.0,0.512361,,,481.3147406,,1,TESS,54962195.0,,0.01615789579583792,332.9071260055951,54962195.0,0.984
,7.1024749,2.7542652,1317.715762,1.9895244,3719.0,0.512361,,,481.3147406,,1,TESS,54962195.0,,0.01615789579583792,332.9071260055951,54962195.0,0.98
,7.1024749,2.7542652,1317.715762,1.9895244,3719.0,0.512361,,,481.3147406,,1,TESS,54962195.0,,0.01615789579583792,332.9071260055951,54962195.0,0.98
,7.1024749,2.7542652,1317.715762,1.9895244,3719.0,0.512361,,,481.3147406,,1,TESS,54962195.0,,0.01615789579583792,332.9071260055951,54962195.0,0.98
,7.1024749,2.7542652,1317.715762,1.9895244,3719.0,0.512361,,,481.3147406,,1,TESS,54962195.0,,0.01615789579583792,332.9071260055951,54962195.0,0.959
,7.1024749,2.7542652,1317.715762,1.9895244,3719.0,0.512361,,,481.3147406,,1,TESS,54962195.0,,0.01615789579583792,332.9071260055951,54962195.0,0.959
,7.1024749,2.7542652,1317.715762,1.9895244,3719.0,0.512361,,,481.3147406,,1,TESS,54962195.0,,0.01615789579583792,332.9071260055951,54962195.0,0.959
,7.1024749,2.7542652,1317.715762,1.9895244,3719.0,0.512361,,,481.3147406,,1,TESS,54962195.0,,0.01615789579583792,332.9071260055951,54962195.0,0.948
,7.1024749,2.7542652,1317.715762,1.9895244,3719.0,0.512361,,,481.3147406,,1,TESS,54962195.0,,0.01615789579583792,332.9071260055951,54962195.0,0.948
,7.1024749,2.7542652,1317.715762,1.9895244,3719.0,0.512361,,,481.3147406,,1,TESS,54962195.0,,0.01615789579583792,332.9071260055951,54962195.0,0.948
,7.1024749,2.7542652,1317.715762,1.9895244,3719.0,0.512361,,,481.3147406,,1,TESS,54962195.0,,0.01615789579583792,332.9071260055951,54962195.0,0.94
,7.1024749,2.7542652,1317.715762,1.9895244,3719.0,0.512361,,,481.3147406,,1,TESS,54962195.0,,0.01615789579583792,332.9071260055951,54962195.0,0.94
,7.1024749,2.7542652,1317.715762,1.9895244,3719.0,0.512361,,,481.3147406,,1,TESS,54962195.0,,0.01615789579583792,332.9071260055951,54962195.0,0.94
,7.1024749,2.7542652,1317.715762,1.9895244,3719.0,0.512361,,,481.3147406,,1,TESS,54962195.0,,0.01615789579583792,332.9071260055951,54962195.0,0.926
,7.1024749,2.7542652,1317.715762,1.9895244,3719.0,0.512361,,,481.3147406,,1,TESS,54962195.0,,0.01615789579583792,332.9071260055951,54962195.0,0.926
,7.1024749,2.7542652,1317.715762,1.9895244,3719.0,0.512361,,,481.3147406,,1,TESS,54962195.0,,0.01615789579583792,332.9071260055951,54962195.0,0.926
,7.1024749,2.7542652,1317.715762,1.9895244,3719.0,0.512361,,,481.3147406,,1,TESS,54962195.0,,0.01615789579583792,332.9071260055951,54962195.0,0.897
,7.1024749,2.7542652,1317.715762,1.9895244,3719.0,0.512361,,,481.3147406,,1,TESS,54962195.0,,0.01615789579583792,332.9071260055951,54962195.0,0.897
,7.1024749,2.7542652,1317.715762,1.9895244,3719.0,0.512361,,,481.3147406,,1,TESS,54962195.0,,0.01615789579583792,332.9071260055951,54962195.0,0.897
,7.1024749,2.7542652,1317.715762,1.9895244,3719.0,0.512361,,,481.3147406,,1,TESS,54962195.0,,0.01615789579583792,332.9071260055951,54962195.0,0.997
,7.1024749,2.7542652,1317.715762,1.9895244,3719.0,0.512361,,,481.3147406,,1,TESS,54962195.0,,0.01615789579583792,332.9071260055951,54962195.0,0.997
,7.1024749,2.7542652,1317.715762,1.9895244,3719.0,0.512361,,,481.3147406,,1,TESS,54962195.0,,0.01615789579583792,332.9071260055951,54962195.0,0.997
,7.1024749,2.7542652,1317.715762,1.9895244,3719.0,0.512361,,,481.3147406,,1,TESS,54962195.0,,0.01615789579583792,332.9071260055951,54962195.0,0.996
,7.1024749,2.7542652,1317.715762,1.9895244,3719.0,0.512361,,,481.3147406,,1,TESS,54962195.0,,0.01615789579583792,332.9071260055951,54962195.0,0.996
,7.1024749,2.7542652,1317.715762,1.9895244,3719.0,0.512361,,,481.3147406,,1,TESS,54962195.0,,0.01615789579583792,332.9071260055951,54962195.0,0.996
,7.1024749,2.7542652,1317.715762,1.9895244,3719.0,0.512361,,,481.3147406,,1,TESS,54962195.0,,0.01615789579583792,332.9071260055951,54962195.0,0.985
,7.1024749,2.7542652,1317.715762,1.9895244,3719.0,0.512361,,,481.3147406,,1,TESS,54962195.0,,0.01615789579583792,332.9071260055951,54962195.0,0.985
,7.1024749,2.7542652,1317.715762,1.9895244,3719.0,0.512361,,,481.3147406,,1,TESS,54962195.0,,0.01615789579583792,332.9071260055951,54962195.0,0.985
,7.1024749,2.7542652,1317.715762,1.9895244,3719.0,0.512361,,,481.3147406,,1,TESS,54962195.0,,0.01615789579583792,332.9071260055951,54962195.0,0.984
,7.1024749,2.7542652,1317.715762,1.9895244,3719.0,0.512361,,,481.3147406,,1,TESS,54962195.0,,0.01615789579583792,332.9071260055951,54962195.0,0.984
,7.1024749,2.7542652,1317.715762,1.9895244,3719.0,0.512361,,,481.3147406,,1,TESS,54962195.0,,0.01615789579583792,332.9071260055951,54962195.0,0.984
,7.1024749,2.7542652,1317.715762,1.9895244,3719.0,0.512361,,,481.3147406,,1,TESS,54962195.0,,0.01615789579583792,332.9071260055951,54962195.0,0.98
,7.1024749,2.7542652,1317.715762,1.9895244,3719.0,0.512361,,,481.3147406,,1,TESS,54962195.0,,0.01615789579583792,332.9071260055951,54962195.0,0.98
,7.1024749,2.7542652,1317.715762,1.9895244,3719.0,0.512361,,,481.3147406,,1,TESS,54962195.0,,0.01615789579583792,332.9071260055951,54962195.0,0.98
,7.1024749,2.7542652,1317.715762,1.9895244,3719.0,0.512361,,,481.3147406,,1,TESS,54962195.0,,0.01615789579583792,332.9071260055951,54962195.0,0.959
,7.1024749,2.7542652,1317.715762,1.9895244,3719.0,0.512361,,,481.3147406,,1,TESS,54962195.0,,0.01615789579583792,332.9071260055951,54962195.0,0.959
,7.1024749,2.7542652,1317.715762,1.9895244,3719.0,0.512361,,,481.3147406,,1,TESS,54962195.0,,0.01615789579583792,332.9071260055951,54962195.0,0.959
,7.1024749,2.7542652,1317.715762,1.9895244,3719.0,0.512361,,,481.3147406,,1,TESS,54962195.0,,0.01615789579583792,332.9071260055951,54962195.0,0.948
,7.1024749,2.7542652,1317.715762,1.9895244,3719.0,0.512361,,,481.3147406,,1,TESS,54962195.0,,0.01615789579583792,332.9071260055951,54962195.0,0.948
,7.1024749,2.7542652,1317.715762,1.9895244,3719.0,0.512361,,,481.3147406,,1,TESS,54962195.0,,0.01615789579583792,332.9071260055951,54962195.0,0.948
,7.1024749,2.7542652,1317.715762,1.9895244,3719.0,0.512361,,,481.3147406,,1,TESS,54962195.0,,0.01615789579583792,332.9071260055951,54962195.0,0.94
,7.1024749,2.7542652,1317.715762,1.9895244,3719.0,0.512361,,,481.3147406,,1,TESS,54962195.0,,0.01615789579583792,332.9071260055951,54962195.0,0.94
,7.1024749,2.7542652,1317.715762,1.9895244,3719.0,0.512361,,,481.3147406,,1,TESS,54962195.0,,0.01615789579583792,332.9071260055951,54962195.0,0.94
,7.1024749,2.7542652,1317.715762,1.9895244,3719.0,0.512361,,,481.3147406,,1,TESS,54962195.0,,0.01615789579583792,332.9071260055951,54962195.0,0.926
,7.1024749,2.7542652,1317.715762,1.9895244,3719.0,0.512361,,,481.3147406,,1,TESS,54962195.0,,0.01615789579583792,332.9071260055951,54962195.0,0.926
,7.1024749,2.7542652,1317.715762,1.9895244,3719.0,0.512361,,,481.3147406,,1,TESS,54962195.0,,0.01615789579583792,332.9071260055951,54962195.0,0.926
,7.1024749,2.7542652,1317.715762,1.9895244,3719.0,0.512361,,,481.3147406,,1,TESS,54962195.0,,0.01615789579583792,332.9071260055951,54962195.0,0.897
,7.1024749,2.7542652,1317.715762,1.9895244,3719.0,0.512361,,,481.3147406,,1,TESS,54962195.0,,0.01615789579583792,332.9071260055951,54962195.0,0.897
,7.1024749,2.7542652,1317.715762,1.9895244,3719.0,0.512361,,,481.3147406,,1,TESS,54962195.0,,0.01615789579583792,332.9071260055951,54962195.0,0.897
,8.044239,5.3289306,4937.505363,15.1761031,9333.0,2.0411401,,,1902.1841748,,0,TESS,294090620.0,,0.027602209960433537,21.43813699595688,294090620.0,0.947
,8.044239,5.3289306,4937.505363,15.1761031,9333.0,2.0411401,,,1902.1841748,,0,TESS,294090620.0,,0.027602209960433537,21.43813699595688,294090620.0,0.875
,8.044239,5.3289306,4937.505363,15.1761031,9333.0,2.0411401,,,1902.1841748,,0,TESS,294090620.0,,0.027602209960433537,21.43813699595688,294090620.0,0.79
,8.044239,5.3289306,4937.505363,15.1761031,9333.0,2.0411401,,,1902.1841748,,0,TESS,294090620.0,,0.027602209960433537,21.43813699595688,294090620.0,0.749
,8.044239,5.3289306,4937.505363,15.1761031,9333.0,2.0411401,,,1902.1841748,,0,TESS,294090620.0,,0.027602209960433537,21.43813699595688,294090620.0,0.667
,3.9451359,2.424,841.0,2.51666,5581.9,0.99,,,1146.0,,1,TESS,124573851.0,,0.02560114568760118,132.78433236711143,124573851.0,0.986
,3.9451359,2.424,841.0,2.51666,5581.9,0.99,,,1146.0,,1,TESS,124573851.0,,0.02560114568760118,132.78433236711143,124573851.0,0.981
,3.9451359,2.424,841.0,2.51666,5581.9,0.99,,,1146.0,,1,TESS,124573851.0,,0.02560114568760118,132.78433236711143,124573851.0,0.959
,3.9451359,2.424,841.0,2.51666,5581.9,0.99,,,1146.0,,1,TESS,124573851.0,,0.02560114568760118,132.78433236711143,124573851.0,0.934
,3.9451359,2.424,841.0,2.51666,5581.9,0.99,,,1146.0,,1,TESS,124573851.0,,0.02560114568760118,132.78433236711143,124573851.0,0.821
,,14.6473924,2626.7704894,8.1052869,6613.0,1.4927,,,949.6742375,,1,TESS,441546821.0,,,39.98391705657002,441546821.0,0.234
,1.8361503,4.12,2470.0,22.5152,5710.5,2.43,,,3780.0,,0,TESS,157568289.0,,0.0934927074167824,4.872426922246401,157568289.0,0.905
,1.8361503,4.12,2470.0,22.5152,5710.5,2.43,,,3780.0,,0,TESS,157568289.0,,0.0934927074167824,4.872426922246401,157568289.0,0.891
,1.8361503,4.12,2470.0,22.5152,5710.5,2.43,,,3780.0,,0,TESS,157568289.0,,0.0934927074167824,4.872426922246401,157568289.0,0.856
,4.7335575,3.2089234,930.2503519,5.3852666,5496.0,1.75896,,,1377.3240616,,1,TESS,27635334.0,,0.028246227174749762,32.07638457864586,27635334.0,0.518
,2.80944,3.151,1606.43,,4968.3,,,,1340.0,,0,TESS,453209605.0,,0.04673232555935932,,453209605.0,0.601
,2.80944,3.151,1606.43,,4968.3,,,,1340.0,,0,TESS,453209605.0,,0.04673232555935932,,453209605.0,0.323
,2.80944,3.151,1606.43,,4968.3,,,,1340.0,,0,TESS,453209605.0,,0.04673232555935932,,453209605.0,0.319
,2.80944,3.151,1606.43,,4968.3,,,,1340.0,,0,TESS,453209605.0,,0.04673232555935932,,453209605.0,0.236
,2.80944,3.151,1606.43,,4968.3,,,,1340.0,,0,TESS,453209605.0,,0.04673232555935932,,453209605.0,0.218
,2.80944,3.151,1606.43,,4968.3,,,,1340.0,,0,TESS,453209605.0,,0.04673232555935932,,453209605.0,0.151
,5.2146757,4.9830634,3754.150648,14.4476769,6080.0,2.27,,,1607.3541478,,0,TESS,52548453.0,,0.039816021542368546,17.98521577564969,52548453.0,0.961
,8.4134856,3.5568334,17479.6053306,20.5106959,5786.0,0.926261,,,857.7314308,,0,TESS,341729521.0,,0.017614743517564115,41.549981067210496,341729521.0,0.265
,8.4134856,3.5568334,17479.6053306,20.5106959,5786.0,0.926261,,,857.7314308,,0,TESS,341729521.0,,0.017614743517564115,41.549981067210496,341729521.0,0.197
,16.051106,1.3968229,2768.5212418,2.5869212,3482.0,0.419457,,,327.7656616,,1,TESS,150428135.0,,0.003625977799634758,413.69607008254644,150428135.0,0.907
,16.051106,1.3968229,2768.5212418,2.5869212,3482.0,0.419457,,,327.7656616,,1,TESS,150428135.0,,0.003625977799634758,413.69607008254644,150428135.0,0.907
,16.051106,1.3968229,2768.5212418,2.5869212,3482.0,0.419457,,,327.7656616,,1,TESS,150428135.0,,0.003625977799634758,413.69607008254644,150428135.0,0.907
,16.051106,1.3968229,2768.5212418,2.5869212,3482.0,0.419457,,,327.7656616,,1,TESS,150428135.0,,0.003625977799634758,413.69607008254644,150428135.0,0.907
,16.051106,1.3968229,2768.5212418,2.5869212,3482.0,0.419457,,,327.7656616,,1,TESS,150428135.0,,0.003625977799634758,413.69607008254644,150428135.0,0.9
,16.051106,1.3968229,2768.5212418,2.5869212,3482.0,0.419457,,,327.7656616,,1,TESS,150428135.0,,0.003625977799634758,413.69607008254644,150428135.0,0.9
,16.051106,1.3968229,2768.5212418,2.5869212,3482.0,0.419457,,,327.7656616,,1,TESS,150428135.0,,0.003625977799634758,413.69607008254644,150428135.0,0.9
,16.051106,1.3968229,2768.5212418,2.5869212,3482.0,0.419457,,,327.7656616,,1,TESS,150428135.0,,0.003625977799634758,413.69607008254644,150428135.0,0.9
,16.051106,1.3968229,2768.5212418,2.5869212,3482.0,0.419457,,,327.7656616,,1,TESS,150428135.0,,0.003625977799634758,413.69607008254644,150428135.0,0.72
,16.051106,1.3968229,2768.5212418,2.5869212,3482.0,0.419457,,,327.7656616,,1,TESS,150428135.0,,0.003625977799634758,413.69607008254644,150428135.0,0.72
,16.051106,1.3968229,2768.5212418,2.5869212,3482.0,0.419457,,,327.7656616,,1,TESS,150428135.0,,0.003625977799634758,413.69607008254644,150428135.0,0.72
,16.051106,1.3968229,2768.5212418,2.5869212,3482.0,0.419457,,,327.7656616,,1,TESS,150428135.0,,0.003625977799634758,413.69607008254644,150428135.0,0.72
,16.051106,1.3968229,2768.5212418,2.5869212,3482.0,0.419457,,,327.7656616,,1,TESS,150428135.0,,0.003625977799634758,413.69607008254644,150428135.0,0.907
,16.051106,1.3968229,2768.5212418,2.5869212,3482.0,0.419457,,,327.7656616,,1,TESS,150428135.0,,0.003625977799634758,413.69607008254644,150428135.0,0.907
,16.051106,1.3968229,2768.5212418,2.5869212,3482.0,0.419457,,,327.7656616,,1,TESS,150428135.0,,0.003625977799634758,413.69607008254644,150428135.0,0.907
,16.051106,1.3968229,2768.5212418,2.5869212,3482.0,0.419457,,,327.7656616,,1,TESS,150428135.0,,0.003625977799634758,413.69607008254644,150428135.0,0.907
,16.051106,1.3968229,2768.5212418,2.5869212,3482.0,0.419457,,,327.7656616,,1,TESS,150428135.0,,0.003625977799634758,413.69607008254644,150428135.0,0.9
,16.051106,1.3968229,2768.5212418,2.5869212,3482.0,0.419457,,,327.7656616,,1,TESS,150428135.0,,0.003625977799634758,413.69607008254644,150428135.0,0.9
,16.051106,1.3968229,2768.5212418,2.5869212,3482.0,0.419457,,,327.7656616,,1,TESS,150428135.0,,0.003625977799634758,413.69607008254644,150428135.0,0.9
,16.051106,1.3968229,2768.5212418,2.5869212,3482.0,0.419457,,,327.7656616,,1,TESS,150428135.0,,0.003625977799634758,413.69607008254644,150428135.0,0.9
,16.051106,1.3968229,2768.5212418,2.5869212,3482.0,0.419457,,,327.7656616,,1,TESS,150428135.0,,0.003625977799634758,413.69607008254644,150428135.0,0.72
,16.051106,1.3968229,2768.5212418,2.5869212,3482.0,0.419457,,,327.7656616,,1,TESS,150428135.0,,0.003625977799634758,413.69607008254644,150428135.0,0.72
,16.051106,1.3968229,2768.5212418,2.5869212,3482.0,0.419457,,,327.7656616,,1,TESS,150428135.0,,0.003625977799634758,413.69607008254644,150428135.0,0.72
,16.051106,1.3968229,2768.5212418,2.5869212,3482.0,0.419457,,,327.7656616,,1,TESS,150428135.0,,0.003625977799634758,413.69607008254644,150428135.0,0.72
,16.051106,1.3968229,2768.5212418,2.5869212,3482.0,0.419457,,,327.7656616,,1,TESS,150428135.0,,0.003625977799634758,413.69607008254644,150428135.0,0.907
,16.051106,1.3968229,2768.5212418,2.5869212,3482.0,0.419457,,,327.7656616,,1,TESS,150428135.0,,0.003625977799634758,413.69607008254644,150428135.0,0.907
,16.051106,1.3968229,2768.5212418,2.5869212,3482.0,0.419457,,,327.7656616,,1,TESS,150428135.0,,0.003625977799634758,413.69607008254644,150428135.0,0.907
,16.051106,1.3968229,2768.5212418,2.5869212,3482.0,0.419457,,,327.7656616,,1,TESS,150428135.0,,0.003625977799634758,413.69607008254644,150428135.0,0.907
,16.051106,1.3968229,2768.5212418,2.5869212,3482.0,0.419457,,,327.7656616,,1,TESS,150428135.0,,0.003625977799634758,413.69607008254644,150428135.0,0.9
,16.051106,1.3968229,2768.5212418,2.5869212,3482.0,0.419457,,,327.7656616,,1,TESS,150428135.0,,0.003625977799634758,413.69607008254644,150428135.0,0.9
,16.051106,1.3968229,2768.5212418,2.5869212,3482.0,0.419457,,,327.7656616,,1,TESS,150428135.0,,0.003625977799634758,413.69607008254644,150428135.0,0.9
,16.051106,1.3968229,2768.5212418,2.5869212,3482.0,0.419457,,,327.7656616,,1,TESS,150428135.0,,0.003625977799634758,413.69607008254644,150428135.0,0.9
,16.051106,1.3968229,2768.5212418,2.5869212,3482.0,0.419457,,,327.7656616,,1,TESS,150428135.0,,0.003625977799634758,413.69607008254644,150428135.0,0.72
,16.051106,1.3968229,2768.5212418,2.5869212,3482.0,0.419457,,,327.7656616,,1,TESS,150428135.0,,0.003625977799634758,413.69607008254644,150428135.0,0.72
,16.051106,1.3968229,2768.5212418,2.5869212,3482.0,0.419457,,,327.7656616,,1,TESS,150428135.0,,0.003625977799634758,413.69607008254644,150428135.0,0.72
,16.051106,1.3968229,2768.5212418,2.5869212,3482.0,0.419457,,,327.7656616,,1,TESS,150428135.0,,0.003625977799634758,413.69607008254644,150428135.0,0.72
,16.051106,1.3968229,2768.5212418,2.5869212,3482.0,0.419457,,,327.7656616,,1,TESS,150428135.0,,0.003625977799634758,413.69607008254644,150428135.0,0.907
,16.051106,1.3968229,2768.5212418,2.5869212,3482.0,0.419457,,,327.7656616,,1,TESS,150428135.0,,0.003625977799634758,413.69607008254644,150428135.0,0.907
,16.051106,1.3968229,2768.5212418,2.5869212,3482.0,0.419457,,,327.7656616,,1,TESS,150428135.0,,0.003625977799634758,413.69607008254644,150428135.0,0.907
,16.051106,1.3968229,2768.5212418,2.5869212,3482.0,0.419457,,,327.7656616,,1,TESS,150428135.0,,0.003625977799634758,413.69607008254644,150428135.0,0.907
,16.051106,1.3968229,2768.5212418,2.5869212,3482.0,0.419457,,,327.7656616,,1,TESS,150428135.0,,0.003625977799634758,413.69607008254644,150428135.0,0.9
,16.051106,1.3968229,2768.5212418,2.5869212,3482.0,0.419457,,,327.7656616,,1,TESS,150428135.0,,0.003625977799634758,413.69607008254644,150428135.0,0.9
,16.051106,1.3968229,2768.5212418,2.5869212,3482.0,0.419457,,,327.7656616,,1,TESS,150428135.0,,0.003625977799634758,413.69607008254644,150428135.0,0.9
,16.051106,1.3968229,2768.5212418,2.5869212,3482.0,0.419457,,,327.7656616,,1,TESS,150428135.0,,0.003625977799634758,413.69607008254644,150428135.0,0.9
,16.051106,1.3968229,2768.5212418,2.5869212,3482.0,0.419457,,,327.7656616,,1,TESS,150428135.0,,0.003625977799634758,413.69607008254644,150428135.0,0.72
,16.051106,1.3968229,2768.5212418,2.5869212,3482.0,0.419457,,,327.7656616,,1,TESS,150428135.0,,0.003625977799634758,413.69607008254644,150428135.0,0.72
,16.051106,1.3968229,2768.5212418,2.5869212,3482.0,0.419457,,,327.7656616,,1,TESS,150428135.0,,0.003625977799634758,413.69607008254644,150428135.0,0.72
,16.051106,1.3968229,2768.5212418,2.5869212,3482.0,0.419457,,,327.7656616,,1,TESS,150428135.0,,0.003625977799634758,413.69607008254644,150428135.0,0.72
,37.4236838,3.3650101,737.5519387,1.3296571,3482.0,0.419457,,,247.1816698,,1,TESS,150428135.0,,0.0037465246542768586,417.16998081230173,150428135.0,0.907
,37.4236838,3.3650101,737.5519387,1.3296571,3482.0,0.419457,,,247.1816698,,1,TESS,150428135.0,,0.0037465246542768586,417.16998081230173,150428135.0,0.907
,37.4236838,3.3650101,737.5519387,1.3296571,3482.0,0.419457,,,247.1816698,,1,TESS,150428135.0,,0.0037465246542768586,417.16998081230173,150428135.0,0.907
,37.4236838,3.3650101,737.5519387,1.3296571,3482.0,0.419457,,,247.1816698,,1,TESS,150428135.0,,0.0037465246542768586,417.16998081230173,150428135.0,0.907
,37.4236838,3.3650101,737.5519387,1.3296571,3482.0,0.419457,,,247.1816698,,1,TESS,150428135.0,,0.0037465246542768586,417.16998081230173,150428135.0,0.9
,37.4236838,3.3650101,737.5519387,1.3296571,3482.0,0.419457,,,247.1816698,,1,TESS,150428135.0,,0.0037465246542768586,417.16998081230173,150428135.0,0.9
,37.4236838,3.3650101,737.5519387,1.3296571,3482.0,0.419457,,,247.1816698,,1,TESS,150428135.0,,0.0037465246542768586,417.16998081230173,150428135.0,0.9
,37.4236838,3.3650101,737.5519387,1.3296571,3482.0,0.419457,,,247.1816698,,1,TESS,150428135.0,,0.0037465246542768586,417.16998081230173,150428135.0,0.9
,37.4236838,3.3650101,737.5519387,1.3296571,3482.0,0.419457,,,247.1816698,,1,TESS,150428135.0,,0.0037465246542768586,417.16998081230173,150428135.0,0.72
,37.4236838,3.3650101,737.5519387,1.3296571,3482.0,0.419457,,,247.1816698,,1,TESS,150428135.0,,0.0037465246542768586,417.16998081230173,150428135.0,0.72
,37.4236838,3.3650101,737.5519387,1.3296571,3482.0,0.419457,,,247.1816698,,1,TESS,150428135.0,,0.0037465246542768586,417.16998081230173,150428135.0,0.72
,37.4236838,3.3650101,737.5519387,1.3296571,3482.0,0.419457,,,247.1816698,,1,TESS,150428135.0,,0.0037465246542768586,417.16998081230173,150428135.0,0.72
,37.4236838,3.3650101,737.5519387,1.3296571,3482.0,0.419457,,,247.1816698,,1,TESS,150428135.0,,0.0037465246542768586,417.16998081230173,150428135.0,0.907
,37.4236838,3.3650101,737.5519387,1.3296571,3482.0,0.419457,,,247.1816698,,1,TESS,150428135.0,,0.0037465246542768586,417.16998081230173,150428135.0,0.907
,37.4236838,3.3650101,737.5519387,1.3296571,3482.0,0.419457,,,247.1816698,,1,TESS,150428135.0,,0.0037465246542768586,417.16998081230173,150428135.0,0.907
,37.4236838,3.3650101,737.5519387,1.3296571,3482.0,0.419457,,,247.1816698,,1,TESS,150428135.0,,0.0037465246542768586,417.16998081230173,150428135.0,0.907
,37.4236838,3.3650101,737.5519387,1.3296571,3482.0,0.419457,,,247.1816698,,1,TESS,150428135.0,,0.0037465246542768586,417.16998081230173,150428135.0,0.9
,37.4236838,3.3650101,737.5519387,1.3296571,3482.0,0.419457,,,247.1816698,,1,TESS,150428135.0,,0.0037465246542768586,417.16998081230173,150428135.0,0.9
,37.4236838,3.3650101,737.5519387,1.3296571,3482.0,0.419457,,,247.1816698,,1,TESS,150428135.0,,0.0037465246542768586,417.16998081230173,150428135.0,0.9
,37.4236838,3.3650101,737.5519387,1.3296571,3482.0,0.419457,,,247.1816698,,1,TESS,150428135.0,,0.0037465246542768586,417.16998081230173,150428135.0,0.9
,37.4236838,3.3650101,737.5519387,1.3296571,3482.0,0.419457,,,247.1816698,,1,TESS,150428135.0,,0.0037465246542768586,417.16998081230173,150428135.0,0.72
,37.4236838,3.3650101,737.5519387,1.3296571,3482.0,0.419457,,,247.1816698,,1,TESS,150428135.0,,0.0037465246542768586,417.16998081230173,150428135.0,0.72
,37.4236838,3.3650101,737.5519387,1.3296571,3482.0,0.419457,,,247.1816698,,1,TESS,150428135.0,,0.0037465246542768586,417.16998081230173,150428135.0,0.72
,37.4236838,3.3650101,737.5519387,1.3296571,3482.0,0.419457,,,247.1816698,,1,TESS,150428135.0,,0.0037465246542768586,417.16998081230173,150428135.0,0.72
,37.4236838,3.3650101,737.5519387,1.3296571,3482.0,0.419457,,,247.1816698,,1,TESS,150428135.0,,0.0037465246542768586,417.16998081230173,150428135.0,0.907
,37.4236838,3.3650101,737.5519387,1.3296571,3482.0,0.419457,,,247.1816698,,1,TESS,150428135.0,,0.0037465246542768586,417.16998081230173,150428135.0,0.907
,37.4236838,3.3650101,737.5519387,1.3296571,3482.0,0.419457,,,247.1816698,,1,TESS,150428135.0,,0.0037465246542768586,417.16998081230173,150428135.0,0.907
,37.4236838,3.3650101,737.5519387,1.3296571,3482.0,0.419457,,,247.1816698,,1,TESS,150428135.0,,0.0037465246542768586,417.16998081230173,150428135.0,0.907
,37.4236838,3.3650101,737.5519387,1.3296571,3482.0,0.419457,,,247.1816698,,1,TESS,150428135.0,,0.0037465246542768586,417.16998081230173,150428135.0,0.9
,37.4236838,3.3650101,737.5519387,1.3296571,3482.0,0.419457,,,247.1816698,,1,TESS,150428135.0,,0.0037465246542768586,417.16998081230173,150428135.0,0.9
,37.4236838,3.3650101,737.5519387,1.3296571,3482.0,0.419457,,,247.1816698,,1,TESS,150428135.0,,0.0037465246542768586,417.16998081230173,150428135.0,0.9
,37.4236838,3.3650101,737.5519387,1.3296571,3482.0,0.419457,,,247.1816698,,1,TESS,150428135.0,,0.0037465246542768586,417.16998081230173,150428135.0,0.9
,37.4236838,3.3650101,737.5519387,1.3296571,3482.0,0.419457,,,247.1816698,,1,TESS,150428135.0,,0.0037465246542768586,417.16998081230173,150428135.0,0.72
,37.4236838,3.3650101,737.5519387,1.3296571,3482.0,0.419457,,,247.1816698,,1,TESS,150428135.0,,0.0037465246542768586,417.16998081230173,150428135.0,0.72
,37.4236838,3.3650101,737.5519387,1.3296571,3482.0,0.419457,,,247.1816698,,1,TESS,150428135.0,,0.0037465246542768586,417.16998081230173,150428135.0,0.72
,37.4236838,3.3650101,737.5519387,1.3296571,3482.0,0.419457,,,247.1816698,,1,TESS,150428135.0,,0.0037465246542768586,417.16998081230173,150428135.0,0.72
,37.4236838,3.3650101,737.5519387,1.3296571,3482.0,0.419457,,,247.1816698,,1,TESS,150428135.0,,0.0037465246542768586,417.16998081230173,150428135.0,0.907
,37.4236838,3.3650101,737.5519387,1.3296571,3482.0,0.419457,,,247.1816698,,1,TESS,150428135.0,,0.0037465246542768586,417.16998081230173,150428135.0,0.907
,37.4236838,3.3650101,737.5519387,1.3296571,3482.0,0.419457,,,247.1816698,,1,TESS,150428135.0,,0.0037465246542768586,417.16998081230173,150428135.0,0.907
,37.4236838,3.3650101,737.5519387,1.3296571,3482.0,0.419457,,,247.1816698,,1,TESS,150428135.0,,0.0037465246542768586,417.16998081230173,150428135.0,0.907
,37.4236838,3.3650101,737.5519387,1.3296571,3482.0,0.419457,,,247.1816698,,1,TESS,150428135.0,,0.0037465246542768586,417.16998081230173,150428135.0,0.9
,37.4236838,3.3650101,737.5519387,1.3296571,3482.0,0.419457,,,247.1816698,,1,TESS,150428135.0,,0.0037465246542768586,417.16998081230173,150428135.0,0.9
,37.4236838,3.3650101,737.5519387,1.3296571,3482.0,0.419457,,,247.1816698,,1,TESS,150428135.0,,0.0037465246542768586,417.16998081230173,150428135.0,0.9
,37.4236838,3.3650101,737.5519387,1.3296571,3482.0,0.419457,,,247.1816698,,1,TESS,150428135.0,,0.0037465246542768586,417.16998081230173,150428135.0,0.9
,37.4236838,3.3650101,737.5519387,1.3296571,3482.0,0.419457,,,247.1816698,,1,TESS,150428135.0,,0.0037465246542768586,417.16998081230173,150428135.0,0.72
,37.4236838,3.3650101,737.5519387,1.3296571,3482.0,0.419457,,,247.1816698,,1,TESS,150428135.0,,0.0037465246542768586,417.16998081230173,150428135.0,0.72
,37.4236838,3.3650101,737.5519387,1.3296571,3482.0,0.419457,,,247.1816698,,1,TESS,150428135.0,,0.0037465246542768586,417.16998081230173,150428135.0,0.72
,37.4236838,3.3650101,737.5519387,1.3296571,3482.0,0.419457,,,247.1816698,,1,TESS,150428135.0,,0.0037465246542768586,417.16998081230173,150428135.0,0.72
,9.977273,2.2583631,459.8525479,0.9617288,3482.0,0.419457,,,384.055942,,1,TESS,150428135.0,,0.009431280682309681,497.1791233740787,150428135.0,0.907
,9.977273,2.2583631,459.8525479,0.9617288,3482.0,0.419457,,,384.055942,,1,TESS,150428135.0,,0.009431280682309681,497.1791233740787,150428135.0,0.907
,9.977273,2.2583631,459.8525479,0.9617288,3482.0,0.419457,,,384.055942,,1,TESS,150428135.0,,0.009431280682309681,497.1791233740787,150428135.0,0.907
,9.977273,2.2583631,459.8525479,0.9617288,3482.0,0.419457,,,384.055942,,1,TESS,150428135.0,,0.009431280682309681,497.1791233740787,150428135.0,0.907
,9.977273,2.2583631,459.8525479,0.9617288,3482.0,0.419457,,,384.055942,,1,TESS,150428135.0,,0.009431280682309681,497.1791233740787,150428135.0,0.9
,9.977273,2.2583631,459.8525479,0.9617288,3482.0,0.419457,,,384.055942,,1,TESS,150428135.0,,0.009431280682309681,497.1791233740787,150428135.0,0.9
,9.977273,2.2583631,459.8525479,0.9617288,3482.0,0.419457,,,384.055942,,1,TESS,150428135.0,,0.009431280682309681,497.1791233740787,150428135.0,0.9
,9.977273,2.2583631,459.8525479,0.9617288,3482.0,0.419457,,,384.055942,,1,TESS,150428135.0,,0.009431280682309681,497.1791233740787,150428135.0,0.9
,9.977273,2.2583631,459.8525479,0.9617288,3482.0,0.419457,,,384.055942,,1,TESS,150428135.0,,0.009431280682309681,497.1791233740787,150428135.0,0.72
,9.977273,2.2583631,459.8525479,0.9617288,3482.0,0.419457,,,384.055942,,1,TESS,150428135.0,,0.009431280682309681,497.1791233740787,150428135.0,0.72
,9.977273,2.2583631,459.8525479,0.9617288,3482.0,0.419457,,,384.055942,,1,TESS,150428135.0,,0.009431280682309681,497.1791233740787,150428135.0,0.72
,9.977273,2.2583631,459.8525479,0.9617288,3482.0,0.419457,,,384.055942,,1,TESS,150428135.0,,0.009431280682309681,497.1791233740787,150428135.0,0.72
,9.977273,2.2583631,459.8525479,0.9617288,3482.0,0.419457,,,384.055942,,1,TESS,150428135.0,,0.009431280682309681,497.1791233740787,150428135.0,0.907
,9.977273,2.2583631,459.8525479,0.9617288,3482.0,0.419457,,,384.055942,,1,TESS,150428135.0,,0.009431280682309681,497.1791233740787,150428135.0,0.907
,9.977273,2.2583631,459.8525479,0.9617288,3482.0,0.419457,,,384.055942,,1,TESS,150428135.0,,0.009431280682309681,497.1791233740787,150428135.0,0.907
,9.977273,2.2583631,459.8525479,0.9617288,3482.0,0.419457,,,384.055942,,1,TESS,150428135.0,,0.009431280682309681,497.1791233740787,150428135.0,0.907
,9.977273,2.2583631,459.8525479,0.9617288,3482.0,0.419457,,,384.055942,,1,TESS,150428135.0,,0.009431280682309681,497.1791233740787,150428135.0,0.9
,9.977273,2.2583631,459.8525479,0.9617288,3482.0,0.419457,,,384.055942,,1,TESS,150428135.0,,0.009431280682309681,497.1791233740787,150428135.0,0.9
,9.977273,2.2583631,459.8525479,0.9617288,3482.0,0.419457,,,384.055942,,1,TESS,150428135.0,,0.009431280682309681,497.1791233740787,150428135.0,0.9
,9.977273,2.2583631,459.8525479,0.9617288,3482.0,0.419457,,,384.055942,,1,TESS,150428135.0,,0.009431280682309681,497.1791233740787,150428135.0,0.9
,9.977273,2.2583631,459.8525479,0.9617288,3482.0,0.419457,,,384.055942,,1,TESS,150428135.0,,0.009431280682309681,497.1791233740787,150428135.0,0.72
,9.977273,2.2583631,459.8525479,0.9617288,3482.0,0.419457,,,384.055942,,1,TESS,150428135.0,,0.009431280682309681,497.1791233740787,150428135.0,0.72
,9.977273,2.2583631,459.8525479,0.9617288,3482.0,0.419457,,,384.055942,,1,TESS,150428135.0,,0.009431280682309681,497.1791233740787,150428135.0,0.72
,9.977273,2.2583631,459.8525479,0.9617288,3482.0,0.419457,,,384.055942,,1,TESS,150428135.0,,0.009431280682309681,497.1791233740787,150428135.0,0.72
,9.977273,2.2583631,459.8525479,0.9617288,3482.0,0.419457,,,384.055942,,1,TESS,150428135.0,,0.009431280682309681,497.1791233740787,150428135.0,0.907
,9.977273,2.2583631,459.8525479,0.9617288,3482.0,0.419457,,,384.055942,,1,TESS,150428135.0,,0.009431280682309681,497.1791233740787,150428135.0,0.907
,9.977273,2.2583631,459.8525479,0.9617288,3482.0,0.419457,,,384.055942,,1,TESS,150428135.0,,0.009431280682309681,497.1791233740787,150428135.0,0.907
,9.977273,2.2583631,459.8525479,0.9617288,3482.0,0.419457,,,384.055942,,1,TESS,150428135.0,,0.009431280682309681,497.1791233740787,150428135.0,0.907
,9.977273,2.2583631,459.8525479,0.9617288,3482.0,0.419457,,,384.055942,,1,TESS,150428135.0,,0.009431280682309681,497.1791233740787,150428135.0,0.9
,9.977273,2.2583631,459.8525479,0.9617288,3482.0,0.419457,,,384.055942,,1,TESS,150428135.0,,0.009431280682309681,497.1791233740787,150428135.0,0.9
,9.977273,2.2583631,459.8525479,0.9617288,3482.0,0.419457,,,384.055942,,1,TESS,150428135.0,,0.009431280682309681,497.1791233740787,150428135.0,0.9
,9.977273,2.2583631,459.8525479,0.9617288,3482.0,0.419457,,,384.055942,,1,TESS,150428135.0,,0.009431280682309681,497.1791233740787,150428135.0,0.9
,9.977273,2.2583631,459.8525479,0.9617288,3482.0,0.419457,,,384.055942,,1,TESS,150428135.0,,0.009431280682309681,497.1791233740787,150428135.0,0.72
,9.977273,2.2583631,459.8525479,0.9617288,3482.0,0.419457,,,384.055942,,1,TESS,150428135.0,,0.009431280682309681,497.1791233740787,150428135.0,0.72
,9.977273,2.2583631,459.8525479,0.9617288,3482.0,0.419457,,,384.055942,,1,TESS,150428135.0,,0.009431280682309681,497.1791233740787,150428135.0,0.72
,9.977273,2.2583631,459.8525479,0.9617288,3482.0,0.419457,,,384.055942,,1,TESS,150428135.0,,0.009431280682309681,497.1791233740787,150428135.0,0.72
,9.977273,2.2583631,459.8525479,0.9617288,3482.0,0.419457,,,384.055942,,1,TESS,150428135.0,,0.009431280682309681,497.1791233740787,150428135.0,0.907
,9.977273,2.2583631,459.8525479,0.9617288,3482.0,0.419457,,,384.055942,,1,TESS,150428135.0,,0.009431280682309681,497.1791233740787,150428135.0,0.907
,9.977273,2.2583631,459.8525479,0.9617288,3482.0,0.419457,,,384.055942,,1,TESS,150428135.0,,0.009431280682309681,497.1791233740787,150428135.0,0.907
,9.977273,2.2583631,459.8525479,0.9617288,3482.0,0.419457,,,384.055942,,1,TESS,150428135.0,,0.009431280682309681,497.1791233740787,150428135.0,0.907
,9.977273,2.2583631,459.8525479,0.9617288,3482.0,0.419457,,,384.055942,,1,TESS,150428135.0,,0.009431280682309681,497.1791233740787,150428135.0,0.9
,9.977273,2.2583631,459.8525479,0.9617288,3482.0,0.419457,,,384.055942,,1,TESS,150428135.0,,0.009431280682309681,497.1791233740787,150428135.0,0.9
,9.977273,2.2583631,459.8525479,0.9617288,3482.0,0.419457,,,384.055942,,1,TESS,150428135.0,,0.009431280682309681,497.1791233740787,150428135.0,0.9
,9.977273,2.2583631,459.8525479,0.9617288,3482.0,0.419457,,,384.055942,,1,TESS,150428135.0,,0.009431280682309681,497.1791233740787,150428135.0,0.9
,9.977273,2.2583631,459.8525479,0.9617288,3482.0,0.419457,,,384.055942,,1,TESS,150428135.0,,0.009431280682309681,497.1791233740787,150428135.0,0.72
,9.977273,2.2583631,459.8525479,0.9617288,3482.0,0.419457,,,384.055942,,1,TESS,150428135.0,,0.009431280682309681,497.1791233740787,150428135.0,0.72
,9.977273,2.2583631,459.8525479,0.9617288,3482.0,0.419457,,,384.055942,,1,TESS,150428135.0,,0.009431280682309681,497.1791233740787,150428135.0,0.72
,9.977273,2.2583631,459.8525479,0.9617288,3482.0,0.419457,,,384.055942,,1,TESS,150428135.0,,0.009431280682309681,497.1791233740787,150428135.0,0.72
,27.8096898,2.9558823,406.8232517,0.9491858,3482.0,0.419457,,,272.8976058,,1,TESS,150428135.0,,0.004428735566675373,451.5468529235485,150428135.0,0.907
,27.8096898,2.9558823,406.8232517,0.9491858,3482.0,0.419457,,,272.8976058,,1,TESS,150428135.0,,0.004428735566675373,451.5468529235485,150428135.0,0.907
,27.8096898,2.9558823,406.8232517,0.9491858,3482.0,0.419457,,,272.8976058,,1,TESS,150428135.0,,0.004428735566675373,451.5468529235485,150428135.0,0.907
,27.8096898,2.9558823,406.8232517,0.9491858,3482.0,0.419457,,,272.8976058,,1,TESS,150428135.0,,0.004428735566675373,451.5468529235485,150428135.0,0.907
,27.8096898,2.9558823,406.8232517,0.9491858,3482.0,0.419457,,,272.8976058,,1,TESS,150428135.0,,0.004428735566675373,451.5468529235485,150428135.0,0.9
,27.8096898,2.9558823,406.8232517,0.9491858,3482.0,0.419457,,,272.8976058,,1,TESS,150428135.0,,0.004428735566675373,451.5468529235485,150428135.0,0.9
,27.8096898,2.9558823,406.8232517,0.9491858,3482.0,0.419457,,,272.8976058,,1,TESS,150428135.0,,0.004428735566675373,451.5468529235485,150428135.0,0.9
,27.8096898,2.9558823,406.8232517,0.9491858,3482.0,0.419457,,,272.8976058,,1,TESS,150428135.0,,0.004428735566675373,451.5468529235485,150428135.0,0.9
,27.8096898,2.9558823,406.8232517,0.9491858,3482.0,0.419457,,,272.8976058,,1,TESS,150428135.0,,0.004428735566675373,451.5468529235485,150428135.0,0.72
,27.8096898,2.9558823,406.8232517,0.9491858,3482.0,0.419457,,,272.8976058,,1,TESS,150428135.0,,0.004428735566675373,451.5468529235485,150428135.0,0.72
,27.8096898,2.9558823,406.8232517,0.9491858,3482.0,0.419457,,,272.8976058,,1,TESS,150428135.0,,0.004428735566675373,451.5468529235485,150428135.0,0.72
,27.8096898,2.9558823,406.8232517,0.9491858,3482.0,0.419457,,,272.8976058,,1,TESS,150428135.0,,0.004428735566675373,451.5468529235485,150428135.0,0.72
,27.8096898,2.9558823,406.8232517,0.9491858,3482.0,0.419457,,,272.8976058,,1,TESS,150428135.0,,0.004428735566675373,451.5468529235485,150428135.0,0.907
,27.8096898,2.9558823,406.8232517,0.9491858,3482.0,0.419457,,,272.8976058,,1,TESS,150428135.0,,0.004428735566675373,451.5468529235485,150428135.0,0.907
,27.8096898,2.9558823,406.8232517,0.9491858,3482.0,0.419457,,,272.8976058,,1,TESS,150428135.0,,0.004428735566675373,451.5468529235485,150428135.0,0.907
,27.8096898,2.9558823,406.8232517,0.9491858,3482.0,0.419457,,,272.8976058,,1,TESS,150428135.0,,0.004428735566675373,451.5468529235485,150428135.0,0.907
,27.8096898,2.9558823,406.8232517,0.9491858,3482.0,0.419457,,,272.8976058,,1,TESS,150428135.0,,0.004428735566675373,451.5468529235485,150428135.0,0.9
,27.8096898,2.9558823,406.8232517,0.9491858,3482.0,0.419457,,,272.8976058,,1,TESS,150428135.0,,0.004428735566675373,451.5468529235485,150428135.0,0.9
,27.8096898,2.9558823,406.8232517,0.9491858,3482.0,0.419457,,,272.8976058,,1,TESS,150428135.0,,0.004428735566675373,451.5468529235485,150428135.0,0.9
,27.8096898,2.9558823,406.8232517,0.9491858,3482.0,0.419457,,,272.8976058,,1,TESS,150428135.0,,0.004428735566675373,451.5468529235485,150428135.0,0.9
,27.8096898,2.9558823,406.8232517,0.9491858,3482.0,0.419457,,,272.8976058,,1,TESS,150428135.0,,0.004428735566675373,451.5468529235485,150428135.0,0.72
,27.8096898,2.9558823,406.8232517,0.9491858,3482.0,0.419457,,,272.8976058,,1,TESS,150428135.0,,0.004428735566675373,451.5468529235485,150428135.0,0.72
,27.8096898,2.9558823,406.8232517,0.9491858,3482.0,0.419457,,,272.8976058,,1,TESS,150428135.0,,0.004428735566675373,451.5468529235485,150428135.0,0.72
,27.8096898,2.9558823,406.8232517,0.9491858,3482.0,0.419457,,,272.8976058,,1,TESS,150428135.0,,0.004428735566675373,451.5468529235485,150428135.0,0.72
,27.8096898,2.9558823,406.8232517,0.9491858,3482.0,0.419457,,,272.8976058,,1,TESS,150428135.0,,0.004428735566675373,451.5468529235485,150428135.0,0.907
,27.8096898,2.9558823,406.8232517,0.9491858,3482.0,0.419457,,,272.8976058,,1,TESS,150428135.0,,0.004428735566675373,451.5468529235485,150428135.0,0.907
,27.8096898,2.9558823,406.8232517,0.9491858,3482.0,0.419457,,,272.8976058,,1,TESS,150428135.0,,0.004428735566675373,451.5468529235485,150428135.0,0.907
,27.8096898,2.9558823,406.8232517,0.9491858,3482.0,0.419457,,,272.8976058,,1,TESS,150428135.0,,0.004428735566675373,451.5468529235485,150428135.0,0.907
,27.8096898,2.9558823,406.8232517,0.9491858,3482.0,0.419457,,,272.8976058,,1,TESS,150428135.0,,0.004428735566675373,451.5468529235485,150428135.0,0.9
,27.8096898,2.9558823,406.8232517,0.9491858,3482.0,0.419457,,,272.8976058,,1,TESS,150428135.0,,0.004428735566675373,451.5468529235485,150428135.0,0.9
,27.8096898,2.9558823,406.8232517,0.9491858,3482.0,0.419457,,,272.8976058,,1,TESS,150428135.0,,0.004428735566675373,451.5468529235485,150428135.0,0.9
,27.8096898,2.9558823,406.8232517,0.9491858,3482.0,0.419457,,,272.8976058,,1,TESS,150428135.0,,0.004428735566675373,451.5468529235485,150428135.0,0.9
,27.8096898,2.9558823,406.8232517,0.9491858,3482.0,0.419457,,,272.8976058,,1,TESS,150428135.0,,0.004428735566675373,451.5468529235485,150428135.0,0.72
,27.8096898,2.9558823,406.8232517,0.9491858,3482.0,0.419457,,,272.8976058,,1,TESS,150428135.0,,0.004428735566675373,451.5468529235485,150428135.0,0.72
,27.8096898,2.9558823,406.8232517,0.9491858,3482.0,0.419457,,,272.8976058,,1,TESS,150428135.0,,0.004428735566675373,451.5468529235485,150428135.0,0.72
,27.8096898,2.9558823,406.8232517,0.9491858,3482.0,0.419457,,,272.8976058,,1,TESS,150428135.0,,0.004428735566675373,451.5468529235485,150428135.0,0.72
,27.8096898,2.9558823,406.8232517,0.9491858,3482.0,0.419457,,,272.8976058,,1,TESS,150428135.0,,0.004428735566675373,451.5468529235485,150428135.0,0.907
,27.8096898,2.9558823,406.8232517,0.9491858,3482.0,0.419457,,,272.8976058,,1,TESS,150428135.0,,0.004428735566675373,451.5468529235485,150428135.0,0.907
,27.8096898,2.9558823,406.8232517,0.9491858,3482.0,0.419457,,,272.8976058,,1,TESS,150428135.0,,0.004428735566675373,451.5468529235485,150428135.0,0.907
,27.8096898,2.9558823,406.8232517,0.9491858,3482.0,0.419457,,,272.8976058,,1,TESS,150428135.0,,0.004428735566675373,451.5468529235485,150428135.0,0.907
,27.8096898,2.9558823,406.8232517,0.9491858,3482.0,0.419457,,,272.8976058,,1,TESS,150428135.0,,0.004428735566675373,451.5468529235485,150428135.0,0.9
,27.8096898,2.9558823,406.8232517,0.9491858,3482.0,0.419457,,,272.8976058,,1,TESS,150428135.0,,0.004428735566675373,451.5468529235485,150428135.0,0.9
,27.8096898,2.9558823,406.8232517,0.9491858,3482.0,0.419457,,,272.8976058,,1,TESS,150428135.0,,0.004428735566675373,451.5468529235485,150428135.0,0.9
,27.8096898,2.9558823,406.8232517,0.9491858,3482.0,0.419457,,,272.8976058,,1,TESS,150428135.0,,0.004428735566675373,451.5468529235485,150428135.0,0.9
,27.8096898,2.9558823,406.8232517,0.9491858,3482.0,0.419457,,,272.8976058,,1,TESS,150428135.0,,0.004428735566675373,451.5468529235485,150428135.0,0.72
,27.8096898,2.9558823,406.8232517,0.9491858,3482.0,0.419457,,,272.8976058,,1,TESS,150428135.0,,0.004428735566675373,451.5468529235485,150428135.0,0.72
,27.8096898,2.9558823,406.8232517,0.9491858,3482.0,0.419457,,,272.8976058,,1,TESS,150428135.0,,0.004428735566675373,451.5468529235485,150428135.0,0.72
,27.8096898,2.9558823,406.8232517,0.9491858,3482.0,0.419457,,,272.8976058,,1,TESS,150428135.0,,0.004428735566675373,451.5468529235485,150428135.0,0.72
,2.5404679,2.154,572.0,2.15331,6003.0,0.99,,,1391.0,,1,TESS,73228647.0,,0.035328137201810064,123.362403025314,73228647.0,0.971
,2.5404679,2.154,572.0,2.15331,6003.0,0.99,,,1391.0,,1,TESS,73228647.0,,0.035328137201810064,123.362403025314,73228647.0,0.971
,2.5404679,2.154,572.0,2.15331,6003.0,0.99,,,1391.0,,1,TESS,73228647.0,,0.035328137201810064,123.362403025314,73228647.0,0.963
,2.5404679,2.154,572.0,2.15331,6003.0,0.99,,,1391.0,,1,TESS,73228647.0,,0.035328137201810064,123.362403025314,73228647.0,0.963
,2.5404679,2.154,572.0,2.15331,6003.0,0.99,,,1391.0,,1,TESS,73228647.0,,0.035328137201810064,123.362403025314,73228647.0,0.971
,2.5404679,2.154,572.0,2.15331,6003.0,0.99,,,1391.0,,1,TESS,73228647.0,,0.035328137201810064,123.362403025314,73228647.0,0.971
,2.5404679,2.154,572.0,2.15331,6003.0,0.99,,,1391.0,,1,TESS,73228647.0,,0.035328137201810064,123.362403025314,73228647.0,0.963
,2.5404679,2.154,572.0,2.15331,6003.0,0.99,,,1391.0,,1,TESS,73228647.0,,0.035328137201810064,123.362403025314,73228647.0,0.963
,6.7418796,1.3710857,450.5420649,2.1138482,6003.0,0.986649,,,951.6478794,,1,TESS,73228647.0,,0.00847368595551055,100.82950962027107,73228647.0,0.971
,6.7418796,1.3710857,450.5420649,2.1138482,6003.0,0.986649,,,951.6478794,,1,TESS,73228647.0,,0.00847368595551055,100.82950962027107,73228647.0,0.971
,6.7418796,1.3710857,450.5420649,2.1138482,6003.0,0.986649,,,951.6478794,,1,TESS,73228647.0,,0.00847368595551055,100.82950962027107,73228647.0,0.963
,6.7418796,1.3710857,450.5420649,2.1138482,6003.0,0.986649,,,951.6478794,,1,TESS,73228647.0,,0.00847368595551055,100.82950962027107,73228647.0,0.963
,6.7418796,1.3710857,450.5420649,2.1138482,6003.0,0.986649,,,951.6478794,,1,TESS,73228647.0,,0.00847368595551055,100.82950962027107,73228647.0,0.971
,6.7418796,1.3710857,450.5420649,2.1138482,6003.0,0.986649,,,951.6478794,,1,TESS,73228647.0,,0.00847368595551055,100.82950962027107,73228647.0,0.971
,6.7418796,1.3710857,450.5420649,2.1138482,6003.0,0.986649,,,951.6478794,,1,TESS,73228647.0,,0.00847368595551055,100.82950962027107,73228647.0,0.963
,6.7418796,1.3710857,450.5420649,2.1138482,6003.0,0.986649,,,951.6478794,,1,TESS,73228647.0,,0.00847368595551055,100.82950962027107,73228647.0,0.963
,17.4682298,3.491,926.0,2.17884,5499.0,0.76,,,618.0,,1,TESS,130924120.0,,0.008327021950808897,195.05640513220536,130924120.0,0.997
,17.4682298,3.491,926.0,2.17884,5499.0,0.76,,,618.0,,1,TESS,130924120.0,,0.008327021950808897,195.05640513220536,130924120.0,0.996
,17.4682298,3.491,926.0,2.17884,5499.0,0.76,,,618.0,,1,TESS,130924120.0,,0.008327021950808897,195.05640513220536,130924120.0,0.99
,3.4716808,1.3816978,30624.6434599,8.027234,3399.0,0.426785,,,517.8926558,,1,TESS,178709444.0,,0.016582959175195495,475.2686720316392,178709444.0,0.995
,3.4716808,1.3816978,30624.6434599,8.027234,3399.0,0.426785,,,517.8926558,,1,TESS,178709444.0,,0.016582959175195495,475.2686720316392,178709444.0,0.993
,3.4716808,1.3816978,30624.6434599,8.027234,3399.0,0.426785,,,517.8926558,,1,TESS,178709444.0,,0.016582959175195495,475.2686720316392,178709444.0,0.992
,3.4716808,1.3816978,30624.6434599,8.027234,3399.0,0.426785,,,517.8926558,,1,TESS,178709444.0,,0.016582959175195495,475.2686720316392,178709444.0,0.991
,3.4716808,1.3816978,30624.6434599,8.027234,3399.0,0.426785,,,517.8926558,,1,TESS,178709444.0,,0.016582959175195495,475.2686720316392,178709444.0,0.985
,3.4716808,1.3816978,30624.6434599,8.027234,3399.0,0.426785,,,517.8926558,,1,TESS,178709444.0,,0.016582959175195495,475.2686720316392,178709444.0,0.983
,3.4716808,1.3816978,30624.6434599,8.027234,3399.0,0.426785,,,517.8926558,,1,TESS,178709444.0,,0.016582959175195495,475.2686720316392,178709444.0,0.973
,13.697384,4.783848,1061.94658,4.211945,5837.0,1.10089,,,800.1911623,,0,TESS,219239945.0,,0.014552194739788164,59.860075897269724,219239945.0,0.13
,13.697384,4.783848,1061.94658,4.211945,5837.0,1.10089,,,800.1911623,,0,TESS,219239945.0,,0.014552194739788164,59.860075897269724,219239945.0,0.112
,5.6057748,3.0213897,701.1882316,2.4097088,5767.0,0.906761,,,937.9808032,,1,TESS,178819686.0,,0.022457419546049937,120.75508178335532,178819686.0,0.996
,5.6057748,3.0213897,701.1882316,2.4097088,5767.0,0.906761,,,937.9808032,,1,TESS,178819686.0,,0.022457419546049937,120.75508178335532,178819686.0,0.996
,5.6057748,3.0213897,701.1882316,2.4097088,5767.0,0.906761,,,937.9808032,,1,TESS,178819686.0,,0.022457419546049937,120.75508178335532,178819686.0,0.996
,5.6057748,3.0213897,701.1882316,2.4097088,5767.0,0.906761,,,937.9808032,,1,TESS,178819686.0,,0.022457419546049937,120.75508178335532,178819686.0,0.996
,5.6057748,3.0213897,701.1882316,2.4097088,5767.0,0.906761,,,937.9808032,,1,TESS,178819686.0,,0.022457419546049937,120.75508178335532,178819686.0,0.988
,5.6057748,3.0213897,701.1882316,2.4097088,5767.0,0.906761,,,937.9808032,,1,TESS,178819686.0,,0.022457419546049937,120.75508178335532,178819686.0,0.988
,5.6057748,3.0213897,701.1882316,2.4097088,5767.0,0.906761,,,937.9808032,,1,TESS,178819686.0,,0.022457419546049937,120.75508178335532,178819686.0,0.961
,5.6057748,3.0213897,701.1882316,2.4097088,5767.0,0.906761,,,937.9808032,,1,TESS,178819686.0,,0.022457419546049937,120.75508178335532,178819686.0,0.961
,5.6057748,3.0213897,701.1882316,2.4097088,5767.0,0.906761,,,937.9808032,,1,TESS,178819686.0,,0.022457419546049937,120.75508178335532,178819686.0,0.928
,5.6057748,3.0213897,701.1882316,2.4097088,5767.0,0.906761,,,937.9808032,,1,TESS,178819686.0,,0.022457419546049937,120.75508178335532,178819686.0,0.928
,5.6057748,3.0213897,701.1882316,2.4097088,5767.0,0.906761,,,937.9808032,,1,TESS,178819686.0,,0.022457419546049937,120.75508178335532,178819686.0,0.996
,5.6057748,3.0213897,701.1882316,2.4097088,5767.0,0.906761,,,937.9808032,,1,TESS,178819686.0,,0.022457419546049937,120.75508178335532,178819686.0,0.996
,5.6057748,3.0213897,701.1882316,2.4097088,5767.0,0.906761,,,937.9808032,,1,TESS,178819686.0,,0.022457419546049937,120.75508178335532,178819686.0,0.996
,5.6057748,3.0213897,701.1882316,2.4097088,5767.0,0.906761,,,937.9808032,,1,TESS,178819686.0,,0.022457419546049937,120.75508178335532,178819686.0,0.996
,5.6057748,3.0213897,701.1882316,2.4097088,5767.0,0.906761,,,937.9808032,,1,TESS,178819686.0,,0.022457419546049937,120.75508178335532,178819686.0,0.988
,5.6057748,3.0213897,701.1882316,2.4097088,5767.0,0.906761,,,937.9808032,,1,TESS,178819686.0,,0.022457419546049937,120.75508178335532,178819686.0,0.988
,5.6057748,3.0213897,701.1882316,2.4097088,5767.0,0.906761,,,937.9808032,,1,TESS,178819686.0,,0.022457419546049937,120.75508178335532,178819686.0,0.961
,5.6057748,3.0213897,701.1882316,2.4097088,5767.0,0.906761,,,937.9808032,,1,TESS,178819686.0,,0.022457419546049937,120.75508178335532,178819686.0,0.961
,5.6057748,3.0213897,701.1882316,2.4097088,5767.0,0.906761,,,937.9808032,,1,TESS,178819686.0,,0.022457419546049937,120.75508178335532,178819686.0,0.928
,5.6057748,3.0213897,701.1882316,2.4097088,5767.0,0.906761,,,937.9808032,,1,TESS,178819686.0,,0.022457419546049937,120.75508178335532,178819686.0,0.928
,12.2772444,3.8398889,869.4629182,2.8635085,5767.0,0.906761,,,722.2799042,,1,TESS,178819686.0,,0.013031863264882064,106.03617624047975,178819686.0,0.996
,12.2772444,3.8398889,869.4629182,2.8635085,5767.0,0.906761,,,722.2799042,,1,TESS,178819686.0,,0.013031863264882064,106.03617624047975,178819686.0,0.996
,12.2772444,3.8398889,869.4629182,2.8635085,5767.0,0.906761,,,722.2799042,,1,TESS,178819686.0,,0.013031863264882064,106.03617624047975,178819686.0,0.996
,12.2772444,3.8398889,869.4629182,2.8635085,5767.0,0.906761,,,722.2799042,,1,TESS,178819686.0,,0.013031863264882064,106.03617624047975,178819686.0,0.996
,12.2772444,3.8398889,869.4629182,2.8635085,5767.0,0.906761,,,722.2799042,,1,TESS,178819686.0,,0.013031863264882064,106.03617624047975,178819686.0,0.988
,12.2772444,3.8398889,869.4629182,2.8635085,5767.0,0.906761,,,722.2799042,,1,TESS,178819686.0,,0.013031863264882064,106.03617624047975,178819686.0,0.988
,12.2772444,3.8398889,869.4629182,2.8635085,5767.0,0.906761,,,722.2799042,,1,TESS,178819686.0,,0.013031863264882064,106.03617624047975,178819686.0,0.961
,12.2772444,3.8398889,869.4629182,2.8635085,5767.0,0.906761,,,722.2799042,,1,TESS,178819686.0,,0.013031863264882064,106.03617624047975,178819686.0,0.961
,12.2772444,3.8398889,869.4629182,2.8635085,5767.0,0.906761,,,722.2799042,,1,TESS,178819686.0,,0.013031863264882064,106.03617624047975,178819686.0,0.928
,12.2772444,3.8398889,869.4629182,2.8635085,5767.0,0.906761,,,722.2799042,,1,TESS,178819686.0,,0.013031863264882064,106.03617624047975,178819686.0,0.928
,12.2772444,3.8398889,869.4629182,2.8635085,5767.0,0.906761,,,722.2799042,,1,TESS,178819686.0,,0.013031863264882064,106.03617624047975,178819686.0,0.996
,12.2772444,3.8398889,869.4629182,2.8635085,5767.0,0.906761,,,722.2799042,,1,TESS,178819686.0,,0.013031863264882064,106.03617624047975,178819686.0,0.996
,12.2772444,3.8398889,869.4629182,2.8635085,5767.0,0.906761,,,722.2799042,,1,TESS,178819686.0,,0.013031863264882064,106.03617624047975,178819686.0,0.996
,12.2772444,3.8398889,869.4629182,2.8635085,5767.0,0.906761,,,722.2799042,,1,TESS,178819686.0,,0.013031863264882064,106.03617624047975,178819686.0,0.996
,12.2772444,3.8398889,869.4629182,2.8635085,5767.0,0.906761,,,722.2799042,,1,TESS,178819686.0,,0.013031863264882064,106.03617624047975,178819686.0,0.988
,12.2772444,3.8398889,869.4629182,2.8635085,5767.0,0.906761,,,722.2799042,,1,TESS,178819686.0,,0.013031863264882064,106.03617624047975,178819686.0,0.988
,12.2772444,3.8398889,869.4629182,2.8635085,5767.0,0.906761,,,722.2799042,,1,TESS,178819686.0,,0.013031863264882064,106.03617624047975,178819686.0,0.961
,12.2772444,3.8398889,869.4629182,2.8635085,5767.0,0.906761,,,722.2799042,,1,TESS,178819686.0,,0.013031863264882064,106.03617624047975,178819686.0,0.961
,12.2772444,3.8398889,869.4629182,2.8635085,5767.0,0.906761,,,722.2799042,,1,TESS,178819686.0,,0.013031863264882064,106.03617624047975,178819686.0,0.928
,12.2772444,3.8398889,869.4629182,2.8635085,5767.0,0.906761,,,722.2799042,,1,TESS,178819686.0,,0.013031863264882064,106.03617624047975,178819686.0,0.928
,2.3260077,0.9960868,3279.7891318,1.3960869,3231.0,0.241857,,,501.0620836,,1,TESS,277634430.0,,0.017843283976745436,1682.754635804969,277634430.0,0.995
,2.3260077,0.9960868,3279.7891318,1.3960869,3231.0,0.241857,,,501.0620836,,1,TESS,277634430.0,,0.017843283976745436,1682.754635804969,277634430.0,0.979
,2.3260077,0.9960868,3279.7891318,1.3960869,3231.0,0.241857,,,501.0620836,,1,TESS,277634430.0,,0.017843283976745436,1682.754635804969,277634430.0,0.955
,2.3260077,0.9960868,3279.7891318,1.3960869,3231.0,0.241857,,,501.0620836,,1,TESS,277634430.0,,0.017843283976745436,1682.754635804969,277634430.0,0.95
,2.3260077,0.9960868,3279.7891318,1.3960869,3231.0,0.241857,,,501.0620836,,1,TESS,277634430.0,,0.017843283976745436,1682.754635804969,277634430.0,0.929
,2.3260077,0.9960868,3279.7891318,1.3960869,3231.0,0.241857,,,501.0620836,,1,TESS,277634430.0,,0.017843283976745436,1682.754635804969,277634430.0,0.908
,2.3260077,0.9960868,3279.7891318,1.3960869,3231.0,0.241857,,,501.0620836,,1,TESS,277634430.0,,0.017843283976745436,1682.754635804969,277634430.0,0.519
,2.3260077,0.9960868,3279.7891318,1.3960869,3231.0,0.241857,,,501.0620836,,1,TESS,277634430.0,,0.017843283976745436,1682.754635804969,277634430.0,0.303
,2.3260077,0.9960868,3279.7891318,1.3960869,3231.0,0.241857,,,501.0620836,,1,TESS,277634430.0,,0.017843283976745436,1682.754635804969,277634430.0,0.273
,2.3260077,0.9960868,3279.7891318,1.3960869,3231.0,0.241857,,,501.0620836,,1,TESS,277634430.0,,0.017843283976745436,1682.754635804969,277634430.0,0.184
,2.3260077,0.9960868,3279.7891318,1.3960869,3231.0,0.241857,,,501.0620836,,1,TESS,277634430.0,,0.017843283976745436,1682.754635804969,277634430.0,0.175
,15.6653322,2.9937799,1317.653048,2.0999942,3806.0,0.533024,,,383.2694675,,1,TESS,306996324.0,,0.007962858830078362,298.7891219283077,306996324.0,0.934
,15.6653322,2.9937799,1317.653048,2.0999942,3806.0,0.533024,,,383.2694675,,1,TESS,306996324.0,,0.007962858830078362,298.7891219283077,306996324.0,0.934
,15.6653322,2.9937799,1317.653048,2.0999942,3806.0,0.533024,,,383.2694675,,1,TESS,306996324.0,,0.007962858830078362,298.7891219283077,306996324.0,0.909
,15.6653322,2.9937799,1317.653048,2.0999942,3806.0,0.533024,,,383.2694675,,1,TESS,306996324.0,,0.007962858830078362,298.7891219283077,306996324.0,0.909
,15.6653322,2.9937799,1317.653048,2.0999942,3806.0,0.533024,,,383.2694675,,1,TESS,306996324.0,,0.007962858830078362,298.7891219283077,306996324.0,0.934
,15.6653322,2.9937799,1317.653048,2.0999942,3806.0,0.533024,,,383.2694675,,1,TESS,306996324.0,,0.007962858830078362,298.7891219283077,306996324.0,0.934
,15.6653322,2.9937799,1317.653048,2.0999942,3806.0,0.533024,,,383.2694675,,1,TESS,306996324.0,,0.007962858830078362,298.7891219283077,306996324.0,0.909
,15.6653322,2.9937799,1317.653048,2.0999942,3806.0,0.533024,,,383.2694675,,1,TESS,306996324.0,,0.007962858830078362,298.7891219283077,306996324.0,0.909
,8.2466133,2.4120909,1071.2067848,1.7687315,3806.0,0.533024,,,474.6704725,,1,TESS,306996324.0,,0.01218728020049111,342.4122986426816,306996324.0,0.934
,8.2466133,2.4120909,1071.2067848,1.7687315,3806.0,0.533024,,,474.6704725,,1,TESS,306996324.0,,0.01218728020049111,342.4122986426816,306996324.0,0.934
,8.2466133,2.4120909,1071.2067848,1.7687315,3806.0,0.533024,,,474.6704725,,1,TESS,306996324.0,,0.01218728020049111,342.4122986426816,306996324.0,0.909
,8.2466133,2.4120909,1071.2067848,1.7687315,3806.0,0.533024,,,474.6704725,,1,TESS,306996324.0,,0.01218728020049111,342.4122986426816,306996324.0,0.909
,8.2466133,2.4120909,1071.2067848,1.7687315,3806.0,0.533024,,,474.6704725,,1,TESS,306996324.0,,0.01218728020049111,342.4122986426816,306996324.0,0.934
,8.2466133,2.4120909,1071.2067848,1.7687315,3806.0,0.533024,,,474.6704725,,1,TESS,306996324.0,,0.01218728020049111,342.4122986426816,306996324.0,0.934
,8.2466133,2.4120909,1071.2067848,1.7687315,3806.0,0.533024,,,474.6704725,,1,TESS,306996324.0,,0.01218728020049111,342.4122986426816,306996324.0,0.909
,8.2466133,2.4120909,1071.2067848,1.7687315,3806.0,0.533024,,,474.6704725,,1,TESS,306996324.0,,0.01218728020049111,342.4122986426816,306996324.0,0.909
,8.0239811,1.7082731,4010.0577601,2.5926653,3331.0,0.406516,,,388.6156751,,1,TESS,429358906.0,,0.008870664645972597,596.5648395136755,429358906.0,0.985
,8.0239811,1.7082731,4010.0577601,2.5926653,3331.0,0.406516,,,388.6156751,,1,TESS,429358906.0,,0.008870664645972597,596.5648395136755,429358906.0,0.973
,8.0239811,1.7082731,4010.0577601,2.5926653,3331.0,0.406516,,,388.6156751,,1,TESS,429358906.0,,0.008870664645972597,596.5648395136755,429358906.0,0.904
,8.0239811,1.7082731,4010.0577601,2.5926653,3331.0,0.406516,,,388.6156751,,1,TESS,429358906.0,,0.008870664645972597,596.5648395136755,429358906.0,0.305
,8.0239811,1.7082731,4010.0577601,2.5926653,3331.0,0.406516,,,388.6156751,,1,TESS,429358906.0,,0.008870664645972597,596.5648395136755,429358906.0,0.283
,0.3219233,0.199,204.0,2.66076,3518.0,0.46,,,1296.0,,1,TESS,34068865.0,,0.025756649467351192,28.81500504735155,34068865.0,0.987
,0.3219233,0.199,204.0,2.66076,3518.0,0.46,,,1296.0,,1,TESS,34068865.0,,0.025756649467351192,28.81500504735155,34068865.0,0.983
,0.3219233,0.199,204.0,2.66076,3518.0,0.46,,,1296.0,,1,TESS,34068865.0,,0.025756649467351192,28.81500504735155,34068865.0,0.97
,0.3219233,0.199,204.0,2.66076,3518.0,0.46,,,1296.0,,1,TESS,34068865.0,,0.025756649467351192,28.81500504735155,34068865.0,0.96
,0.3219233,0.199,204.0,2.66076,3518.0,0.46,,,1296.0,,1,TESS,34068865.0,,0.025756649467351192,28.81500504735155,34068865.0,0.938
,0.3219233,0.199,204.0,2.66076,3518.0,0.46,,,1296.0,,1,TESS,34068865.0,,0.025756649467351192,28.81500504735155,34068865.0,0.89
,0.7683904,1.0241242,903.9933214,1.1406447,3329.0,0.374139,,,830.8904817,,1,TESS,36724087.0,,0.05553406100954339,694.8068867691089,36724087.0,0.995
,0.7683904,1.0241242,903.9933214,1.1406447,3329.0,0.374139,,,830.8904817,,1,TESS,36724087.0,,0.05553406100954339,694.8068867691089,36724087.0,0.995
,0.7683904,1.0241242,903.9933214,1.1406447,3329.0,0.374139,,,830.8904817,,1,TESS,36724087.0,,0.05553406100954339,694.8068867691089,36724087.0,0.995
,0.7683904,1.0241242,903.9933214,1.1406447,3329.0,0.374139,,,830.8904817,,1,TESS,36724087.0,,0.05553406100954339,694.8068867691089,36724087.0,0.995
,0.7683904,1.0241242,903.9933214,1.1406447,3329.0,0.374139,,,830.8904817,,1,TESS,36724087.0,,0.05553406100954339,694.8068867691089,36724087.0,0.986
,0.7683904,1.0241242,903.9933214,1.1406447,3329.0,0.374139,,,830.8904817,,1,TESS,36724087.0,,0.05553406100954339,694.8068867691089,36724087.0,0.986
,0.7683904,1.0241242,903.9933214,1.1406447,3329.0,0.374139,,,830.8904817,,1,TESS,36724087.0,,0.05553406100954339,694.8068867691089,36724087.0,0.983
,0.7683904,1.0241242,903.9933214,1.1406447,3329.0,0.374139,,,830.8904817,,1,TESS,36724087.0,,0.05553406100954339,694.8068867691089,36724087.0,0.983
,0.7683904,1.0241242,903.9933214,1.1406447,3329.0,0.374139,,,830.8904817,,1,TESS,36724087.0,,0.05553406100954339,694.8068867691089,36724087.0,0.923
,0.7683904,1.0241242,903.9933214,1.1406447,3329.0,0.374139,,,830.8904817,,1,TESS,36724087.0,,0.05553406100954339,694.8068867691089,36724087.0,0.923
,0.7683904,1.0241242,903.9933214,1.1406447,3329.0,0.374139,,,830.8904817,,1,TESS,36724087.0,,0.05553406100954339,694.8068867691089,36724087.0,0.995
,0.7683904,1.0241242,903.9933214,1.1406447,3329.0,0.374139,,,830.8904817,,1,TESS,36724087.0,,0.05553406100954339,694.8068867691089,36724087.0,0.995
,0.7683904,1.0241242,903.9933214,1.1406447,3329.0,0.374139,,,830.8904817,,1,TESS,36724087.0,,0.05553406100954339,694.8068867691089,36724087.0,0.995
,0.7683904,1.0241242,903.9933214,1.1406447,3329.0,0.374139,,,830.8904817,,1,TESS,36724087.0,,0.05553406100954339,694.8068867691089,36724087.0,0.995
,0.7683904,1.0241242,903.9933214,1.1406447,3329.0,0.374139,,,830.8904817,,1,TESS,36724087.0,,0.05553406100954339,694.8068867691089,36724087.0,0.986
,0.7683904,1.0241242,903.9933214,1.1406447,3329.0,0.374139,,,830.8904817,,1,TESS,36724087.0,,0.05553406100954339,694.8068867691089,36724087.0,0.986
,0.7683904,1.0241242,903.9933214,1.1406447,3329.0,0.374139,,,830.8904817,,1,TESS,36724087.0,,0.05553406100954339,694.8068867691089,36724087.0,0.983
,0.7683904,1.0241242,903.9933214,1.1406447,3329.0,0.374139,,,830.8904817,,1,TESS,36724087.0,,0.05553406100954339,694.8068867691089,36724087.0,0.983
,0.7683904,1.0241242,903.9933214,1.1406447,3329.0,0.374139,,,830.8904817,,1,TESS,36724087.0,,0.05553406100954339,694.8068867691089,36724087.0,0.923
,0.7683904,1.0241242,903.9933214,1.1406447,3329.0,0.374139,,,830.8904817,,1,TESS,36724087.0,,0.05553406100954339,694.8068867691089,36724087.0,0.923
,12.2534308,1.369949,3729.6347091,2.2967944,3329.0,0.374139,,,330.1048127,,1,TESS,36724087.0,,0.004658385808098246,707.0041683928291,36724087.0,0.995
,12.2534308,1.369949,3729.6347091,2.2967944,3329.0,0.374139,,,330.1048127,,1,TESS,36724087.0,,0.004658385808098246,707.0041683928291,36724087.0,0.995
,12.2534308,1.369949,3729.6347091,2.2967944,3329.0,0.374139,,,330.1048127,,1,TESS,36724087.0,,0.004658385808098246,707.0041683928291,36724087.0,0.995
,12.2534308,1.369949,3729.6347091,2.2967944,3329.0,0.374139,,,330.1048127,,1,TESS,36724087.0,,0.004658385808098246,707.0041683928291,36724087.0,0.995
,12.2534308,1.369949,3729.6347091,2.2967944,3329.0,0.374139,,,330.1048127,,1,TESS,36724087.0,,0.004658385808098246,707.0041683928291,36724087.0,0.986
,12.2534308,1.369949,3729.6347091,2.2967944,3329.0,0.374139,,,330.1048127,,1,TESS,36724087.0,,0.004658385808098246,707.0041683928291,36724087.0,0.986
,12.2534308,1.369949,3729.6347091,2.2967944,3329.0,0.374139,,,330.1048127,,1,TESS,36724087.0,,0.004658385808098246,707.0041683928291,36724087.0,0.983
,12.2534308,1.369949,3729.6347091,2.2967944,3329.0,0.374139,,,330.1048127,,1,TESS,36724087.0,,0.004658385808098246,707.0041683928291,36724087.0,0.983
,12.2534308,1.369949,3729.6347091,2.2967944,3329.0,0.374139,,,330.1048127,,1,TESS,36724087.0,,0.004658385808098246,707.0041683928291,36724087.0,0.923
,12.2534308,1.369949,3729.6347091,2.2967944,3329.0,0.374139,,,330.1048127,,1,TESS,36724087.0,,0.004658385808098246,707.0041683928291,36724087.0,0.923
,12.2534308,1.369949,3729.6347091,2.2967944,3329.0,0.374139,,,330.1048127,,1,TESS,36724087.0,,0.004658385808098246,707.0041683928291,36724087.0,0.995
,12.2534308,1.369949,3729.6347091,2.2967944,3329.0,0.374139,,,330.1048127,,1,TESS,36724087.0,,0.004658385808098246,707.0041683928291,36724087.0,0.995
,12.2534308,1.369949,3729.6347091,2.2967944,3329.0,0.374139,,,330.1048127,,1,TESS,36724087.0,,0.004658385808098246,707.0041683928291,36724087.0,0.995
,12.2534308,1.369949,3729.6347091,2.2967944,3329.0,0.374139,,,330.1048127,,1,TESS,36724087.0,,0.004658385808098246,707.0041683928291,36724087.0,0.995
,12.2534308,1.369949,3729.6347091,2.2967944,3329.0,0.374139,,,330.1048127,,1,TESS,36724087.0,,0.004658385808098246,707.0041683928291,36724087.0,0.986
,12.2534308,1.369949,3729.6347091,2.2967944,3329.0,0.374139,,,330.1048127,,1,TESS,36724087.0,,0.004658385808098246,707.0041683928291,36724087.0,0.986
,12.2534308,1.369949,3729.6347091,2.2967944,3329.0,0.374139,,,330.1048127,,1,TESS,36724087.0,,0.004658385808098246,707.0041683928291,36724087.0,0.983
,12.2534308,1.369949,3729.6347091,2.2967944,3329.0,0.374139,,,330.1048127,,1,TESS,36724087.0,,0.004658385808098246,707.0041683928291,36724087.0,0.983
,12.2534308,1.369949,3729.6347091,2.2967944,3329.0,0.374139,,,330.1048127,,1,TESS,36724087.0,,0.004658385808098246,707.0041683928291,36724087.0,0.923
,12.2534308,1.369949,3729.6347091,2.2967944,3329.0,0.374139,,,330.1048127,,1,TESS,36724087.0,,0.004658385808098246,707.0041683928291,36724087.0,0.923
,54.6616036,2.388,2020.0,4.04767,5379.0,0.8,,,291.0,,0,TESS,300013921.0,,0.0018202905398142135,123.29377416591913,300013921.0,0.325
,4.8847937,2.51,478.0,1.94753,5969.0,0.94,,,1076.0,,1,TESS,106402532.0,,0.021409979389969087,126.02580188110561,106402532.0,0.982
,15.3050693,3.872,770.0,10.4166,5370.0,4.16,,,1197.0,,0,TESS,143526444.0,,0.010541169708661034,7.096410768366644,143526444.0,0.269
,1.996071,5.910879,352.76672,1.947951,6636.0,0.975121,,,1552.397488,,0,TESS,391821647.0,,0.12338570113935284,92.96756076058728,391821647.0,0.141
,11.1972769,3.061,1301.0,2.62397,4953.9,0.76,,,672.0,,1,TESS,102840239.0,,0.01139041816426509,188.955484787756,102840239.0,0.996
,11.1972769,3.061,1301.0,2.62397,4953.9,0.76,,,672.0,,1,TESS,102840239.0,,0.01139041816426509,188.955484787756,102840239.0,0.996
,11.1972769,3.061,1301.0,2.62397,4953.9,0.76,,,672.0,,1,TESS,102840239.0,,0.01139041816426509,188.955484787756,102840239.0,0.988
,11.1972769,3.061,1301.0,2.62397,4953.9,0.76,,,672.0,,1,TESS,102840239.0,,0.01139041816426509,188.955484787756,102840239.0,0.988
,11.1972769,3.061,1301.0,2.62397,4953.9,0.76,,,672.0,,1,TESS,102840239.0,,0.01139041816426509,188.955484787756,102840239.0,0.984
,11.1972769,3.061,1301.0,2.62397,4953.9,0.76,,,672.0,,1,TESS,102840239.0,,0.01139041816426509,188.955484787756,102840239.0,0.984
,11.1972769,3.061,1301.0,2.62397,4953.9,0.76,,,672.0,,1,TESS,102840239.0,,0.01139041816426509,188.955484787756,102840239.0,0.996
,11.1972769,3.061,1301.0,2.62397,4953.9,0.76,,,672.0,,1,TESS,102840239.0,,0.01139041816426509,188.955484787756,102840239.0,0.996
,11.1972769,3.061,1301.0,2.62397,4953.9,0.76,,,672.0,,1,TESS,102840239.0,,0.01139041816426509,188.955484787756,102840239.0,0.988
,11.1972769,3.061,1301.0,2.62397,4953.9,0.76,,,672.0,,1,TESS,102840239.0,,0.01139041816426509,188.955484787756,102840239.0,0.988
,11.1972769,3.061,1301.0,2.62397,4953.9,0.76,,,672.0,,1,TESS,102840239.0,,0.01139041816426509,188.955484787756,102840239.0,0.984
,11.1972769,3.061,1301.0,2.62397,4953.9,0.76,,,672.0,,1,TESS,102840239.0,,0.01139041816426509,188.955484787756,102840239.0,0.984
,734.4987702,2.529,1004.0,2.1838,4953.9,0.76,,,483.0,,1,TESS,102840239.0,,0.00014346518233833018,210.52704682908265,102840239.0,0.996
,734.4987702,2.529,1004.0,2.1838,4953.9,0.76,,,483.0,,1,TESS,102840239.0,,0.00014346518233833018,210.52704682908265,102840239.0,0.996
,734.4987702,2.529,1004.0,2.1838,4953.9,0.76,,,483.0,,1,TESS,102840239.0,,0.00014346518233833018,210.52704682908265,102840239.0,0.988
,734.4987702,2.529,1004.0,2.1838,4953.9,0.76,,,483.0,,1,TESS,102840239.0,,0.00014346518233833018,210.52704682908265,102840239.0,0.988
,734.4987702,2.529,1004.0,2.1838,4953.9,0.76,,,483.0,,1,TESS,102840239.0,,0.00014346518233833018,210.52704682908265,102840239.0,0.984
,734.4987702,2.529,1004.0,2.1838,4953.9,0.76,,,483.0,,1,TESS,102840239.0,,0.00014346518233833018,210.52704682908265,102840239.0,0.984
,734.4987702,2.529,1004.0,2.1838,4953.9,0.76,,,483.0,,1,TESS,102840239.0,,0.00014346518233833018,210.52704682908265,102840239.0,0.996
,734.4987702,2.529,1004.0,2.1838,4953.9,0.76,,,483.0,,1,TESS,102840239.0,,0.00014346518233833018,210.52704682908265,102840239.0,0.996
,734.4987702,2.529,1004.0,2.1838,4953.9,0.76,,,483.0,,1,TESS,102840239.0,,0.00014346518233833018,210.52704682908265,102840239.0,0.988
,734.4987702,2.529,1004.0,2.1838,4953.9,0.76,,,483.0,,1,TESS,102840239.0,,0.00014346518233833018,210.52704682908265,102840239.0,0.988
,734.4987702,2.529,1004.0,2.1838,4953.9,0.76,,,483.0,,1,TESS,102840239.0,,0.00014346518233833018,210.52704682908265,102840239.0,0.984
,734.4987702,2.529,1004.0,2.1838,4953.9,0.76,,,483.0,,1,TESS,102840239.0,,0.00014346518233833018,210.52704682908265,102840239.0,0.984
,9.531366,1.673,916.0,2.24794,4504.0,0.72,,,584.0,,1,TESS,150151262.0,,0.00731357216044386,181.27000937867047,150151262.0,0.556
,9.531366,1.673,916.0,2.24794,4504.0,0.72,,,584.0,,1,TESS,150151262.0,,0.00731357216044386,181.27000937867047,150151262.0,0.556
,9.531366,1.673,916.0,2.24794,4504.0,0.72,,,584.0,,1,TESS,150151262.0,,0.00731357216044386,181.27000937867047,150151262.0,0.556
,9.531366,1.673,916.0,2.24794,4504.0,0.72,,,584.0,,1,TESS,150151262.0,,0.00731357216044386,181.27000937867047,150151262.0,0.556
,9.531366,1.673,916.0,2.24794,4504.0,0.72,,,584.0,,1,TESS,150151262.0,,0.00731357216044386,181.27000937867047,150151262.0,0.556
,9.531366,1.673,916.0,2.24794,4504.0,0.72,,,584.0,,1,TESS,150151262.0,,0.00731357216044386,181.27000937867047,150151262.0,0.556
,9.531366,1.673,916.0,2.24794,4504.0,0.72,,,584.0,,1,TESS,150151262.0,,0.00731357216044386,181.27000937867047,150151262.0,0.556
,9.531366,1.673,916.0,2.24794,4504.0,0.72,,,584.0,,1,TESS,150151262.0,,0.00731357216044386,181.27000937867047,150151262.0,0.556
,9.531366,1.673,916.0,2.24794,4504.0,0.72,,,584.0,,1,TESS,150151262.0,,0.00731357216044386,181.27000937867047,150151262.0,0.556
,51.6991421,4.371,1339.0,2.45531,4504.0,0.72,,,357.0,,1,TESS,150151262.0,,0.003522785726326729,222.10986069021206,150151262.0,0.556
,51.6991421,4.371,1339.0,2.45531,4504.0,0.72,,,357.0,,1,TESS,150151262.0,,0.003522785726326729,222.10986069021206,150151262.0,0.556
,51.6991421,4.371,1339.0,2.45531,4504.0,0.72,,,357.0,,1,TESS,150151262.0,,0.003522785726326729,222.10986069021206,150151262.0,0.556
,51.6991421,4.371,1339.0,2.45531,4504.0,0.72,,,357.0,,1,TESS,150151262.0,,0.003522785726326729,222.10986069021206,150151262.0,0.556
,51.6991421,4.371,1339.0,2.45531,4504.0,0.72,,,357.0,,1,TESS,150151262.0,,0.003522785726326729,222.10986069021206,150151262.0,0.556
,51.6991421,4.371,1339.0,2.45531,4504.0,0.72,,,357.0,,1,TESS,150151262.0,,0.003522785726326729,222.10986069021206,150151262.0,0.556
,51.6991421,4.371,1339.0,2.45531,4504.0,0.72,,,357.0,,1,TESS,150151262.0,,0.003522785726326729,222.10986069021206,150151262.0,0.556
,51.6991421,4.371,1339.0,2.45531,4504.0,0.72,,,357.0,,1,TESS,150151262.0,,0.003522785726326729,222.10986069021206,150151262.0,0.556
,51.6991421,4.371,1339.0,2.45531,4504.0,0.72,,,357.0,,1,TESS,150151262.0,,0.003522785726326729,222.10986069021206,150151262.0,0.556
,3.2797206,3.5795839,11148.420202,14.0606451,5857.0,1.29747,,,1402.2649308,,1,TESS,198008005.0,,0.04547622967390081,56.39009606181634,198008005.0,0.167
,0.5666806,0.722,1530.0,8.04611,5517.0,1.65,,,1610.0,,0,TESS,293075732.0,,0.053086926076837786,23.633034714411473,293075732.0,0.2
,84.83869,5.194,1020.0,2.03857,4504.0,0.72,,,292.0,,1,TESS,150151262.0,,0.0025509194750694326,245.44195963645714,150151262.0,0.556
,84.83869,5.194,1020.0,2.03857,4504.0,0.72,,,292.0,,1,TESS,150151262.0,,0.0025509194750694326,245.44195963645714,150151262.0,0.556
,84.83869,5.194,1020.0,2.03857,4504.0,0.72,,,292.0,,1,TESS,150151262.0,,0.0025509194750694326,245.44195963645714,150151262.0,0.556
,84.83869,5.194,1020.0,2.03857,4504.0,0.72,,,292.0,,1,TESS,150151262.0,,0.0025509194750694326,245.44195963645714,150151262.0,0.556
,84.83869,5.194,1020.0,2.03857,4504.0,0.72,,,292.0,,1,TESS,150151262.0,,0.0025509194750694326,245.44195963645714,150151262.0,0.556
,84.83869,5.194,1020.0,2.03857,4504.0,0.72,,,292.0,,1,TESS,150151262.0,,0.0025509194750694326,245.44195963645714,150151262.0,0.556
,84.83869,5.194,1020.0,2.03857,4504.0,0.72,,,292.0,,1,TESS,150151262.0,,0.0025509194750694326,245.44195963645714,150151262.0,0.556
,84.83869,5.194,1020.0,2.03857,4504.0,0.72,,,292.0,,1,TESS,150151262.0,,0.0025509194750694326,245.44195963645714,150151262.0,0.556
,84.83869,5.194,1020.0,2.03857,4504.0,0.72,,,292.0,,1,TESS,150151262.0,,0.0025509194750694326,245.44195963645714,150151262.0,0.556
,14.8589888,2.8916037,4164.2633575,6.3961703,5359.0,0.951815,,,679.1312483,,1,TESS,273690178.0,,0.008108458037342862,101.78836535102121,273690178.0,0.605
,14.362738,3.2043798,541.9770506,1.6866314,4939.0,0.732189,,,565.3112203,,1,TESS,219344917.0,,0.009295986922038625,190.51991624226213,219344917.0,0.994
,14.362738,3.2043798,541.9770506,1.6866314,4939.0,0.732189,,,565.3112203,,1,TESS,219344917.0,,0.009295986922038625,190.51991624226213,219344917.0,0.282
,7.5768334,2.073,289.0,0.867887,3766.0,0.53,,,629.0,,1,TESS,359271092.0,,0.01139988105387205,383.6815358400546,359271092.0,0.998
,7.5768334,2.073,289.0,0.867887,3766.0,0.53,,,629.0,,1,TESS,359271092.0,,0.01139988105387205,383.6815358400546,359271092.0,0.997
,7.5768334,2.073,289.0,0.867887,3766.0,0.53,,,629.0,,1,TESS,359271092.0,,0.01139988105387205,383.6815358400546,359271092.0,0.994
,7.5768334,2.073,289.0,0.867887,3766.0,0.53,,,629.0,,1,TESS,359271092.0,,0.01139988105387205,383.6815358400546,359271092.0,0.991
,7.5768334,2.073,289.0,0.867887,3766.0,0.53,,,629.0,,1,TESS,359271092.0,,0.01139988105387205,383.6815358400546,359271092.0,0.98
,7.5768334,2.073,289.0,0.867887,3766.0,0.53,,,629.0,,1,TESS,359271092.0,,0.01139988105387205,383.6815358400546,359271092.0,0.791
,7.5768334,2.073,289.0,0.867887,3766.0,0.53,,,629.0,,1,TESS,359271092.0,,0.01139988105387205,383.6815358400546,359271092.0,0.47
,2.5735943,2.4810064,739.6008283,2.7779229,4935.0,0.816999,,,1063.0980928,,1,TESS,34077285.0,,0.04016766162134184,95.84224030092587,34077285.0,0.994
,2.5735943,2.4810064,739.6008283,2.7779229,4935.0,0.816999,,,1063.0980928,,1,TESS,34077285.0,,0.04016766162134184,95.84224030092587,34077285.0,0.981
,2.5735943,2.4810064,739.6008283,2.7779229,4935.0,0.816999,,,1063.0980928,,1,TESS,34077285.0,,0.04016766162134184,95.84224030092587,34077285.0,0.888
,10.8772748,2.6829533,1827.2189379,2.309613,3992.0,0.532439,,,433.1214112,,1,TESS,261257684.0,,0.01027736473156951,342.5406169539727,261257684.0,0.86
,10.8772748,2.6829533,1827.2189379,2.309613,3992.0,0.532439,,,433.1214112,,1,TESS,261257684.0,,0.01027736473156951,342.5406169539727,261257684.0,0.86
,10.8772748,2.6829533,1827.2189379,2.309613,3992.0,0.532439,,,433.1214112,,1,TESS,261257684.0,,0.01027736473156951,342.5406169539727,261257684.0,0.85
,10.8772748,2.6829533,1827.2189379,2.309613,3992.0,0.532439,,,433.1214112,,1,TESS,261257684.0,,0.01027736473156951,342.5406169539727,261257684.0,0.85
,10.8772748,2.6829533,1827.2189379,2.309613,3992.0,0.532439,,,433.1214112,,1,TESS,261257684.0,,0.01027736473156951,342.5406169539727,261257684.0,0.749
,10.8772748,2.6829533,1827.2189379,2.309613,3992.0,0.532439,,,433.1214112,,1,TESS,261257684.0,,0.01027736473156951,342.5406169539727,261257684.0,0.749
,10.8772748,2.6829533,1827.2189379,2.309613,3992.0,0.532439,,,433.1214112,,1,TESS,261257684.0,,0.01027736473156951,342.5406169539727,261257684.0,0.141
,10.8772748,2.6829533,1827.2189379,2.309613,3992.0,0.532439,,,433.1214112,,1,TESS,261257684.0,,0.01027736473156951,342.5406169539727,261257684.0,0.141
,10.8772748,2.6829533,1827.2189379,2.309613,3992.0,0.532439,,,433.1214112,,1,TESS,261257684.0,,0.01027736473156951,342.5406169539727,261257684.0,0.86
,10.8772748,2.6829533,1827.2189379,2.309613,3992.0,0.532439,,,433.1214112,,1,TESS,261257684.0,,0.01027736473156951,342.5406169539727,261257684.0,0.86
,10.8772748,2.6829533,1827.2189379,2.309613,3992.0,0.532439,,,433.1214112,,1,TESS,261257684.0,,0.01027736473156951,342.5406169539727,261257684.0,0.85
,10.8772748,2.6829533,1827.2189379,2.309613,3992.0,0.532439,,,433.1214112,,1,TESS,261257684.0,,0.01027736473156951,342.5406169539727,261257684.0,0.85
,10.8772748,2.6829533,1827.2189379,2.309613,3992.0,0.532439,,,433.1214112,,1,TESS,261257684.0,,0.01027736473156951,342.5406169539727,261257684.0,0.749
,10.8772748,2.6829533,1827.2189379,2.309613,3992.0,0.532439,,,433.1214112,,1,TESS,261257684.0,,0.01027736473156951,342.5406169539727,261257684.0,0.749
,10.8772748,2.6829533,1827.2189379,2.309613,3992.0,0.532439,,,433.1214112,,1,TESS,261257684.0,,0.01027736473156951,342.5406169539727,261257684.0,0.141
,10.8772748,2.6829533,1827.2189379,2.309613,3992.0,0.532439,,,433.1214112,,1,TESS,261257684.0,,0.01027736473156951,342.5406169539727,261257684.0,0.141
,83.9993991,4.9317658,1856.5912767,2.3408341,3992.0,0.532439,,,219.1245115,,1,TESS,261257684.0,,0.0024463298995758675,338.8246165607528,261257684.0,0.86
,83.9993991,4.9317658,1856.5912767,2.3408341,3992.0,0.532439,,,219.1245115,,1,TESS,261257684.0,,0.0024463298995758675,338.8246165607528,261257684.0,0.86
,83.9993991,4.9317658,1856.5912767,2.3408341,3992.0,0.532439,,,219.1245115,,1,TESS,261257684.0,,0.0024463298995758675,338.8246165607528,261257684.0,0.85
,83.9993991,4.9317658,1856.5912767,2.3408341,3992.0,0.532439,,,219.1245115,,1,TESS,261257684.0,,0.0024463298995758675,338.8246165607528,261257684.0,0.85
,83.9993991,4.9317658,1856.5912767,2.3408341,3992.0,0.532439,,,219.1245115,,1,TESS,261257684.0,,0.0024463298995758675,338.8246165607528,261257684.0,0.749
,83.9993991,4.9317658,1856.5912767,2.3408341,3992.0,0.532439,,,219.1245115,,1,TESS,261257684.0,,0.0024463298995758675,338.8246165607528,261257684.0,0.749
,83.9993991,4.9317658,1856.5912767,2.3408341,3992.0,0.532439,,,219.1245115,,1,TESS,261257684.0,,0.0024463298995758675,338.8246165607528,261257684.0,0.141
,83.9993991,4.9317658,1856.5912767,2.3408341,3992.0,0.532439,,,219.1245115,,1,TESS,261257684.0,,0.0024463298995758675,338.8246165607528,261257684.0,0.141
,83.9993991,4.9317658,1856.5912767,2.3408341,3992.0,0.532439,,,219.1245115,,1,TESS,261257684.0,,0.0024463298995758675,338.8246165607528,261257684.0,0.86
,83.9993991,4.9317658,1856.5912767,2.3408341,3992.0,0.532439,,,219.1245115,,1,TESS,261257684.0,,0.0024463298995758675,338.8246165607528,261257684.0,0.86
,83.9993991,4.9317658,1856.5912767,2.3408341,3992.0,0.532439,,,219.1245115,,1,TESS,261257684.0,,0.0024463298995758675,338.8246165607528,261257684.0,0.85
,83.9993991,4.9317658,1856.5912767,2.3408341,3992.0,0.532439,,,219.1245115,,1,TESS,261257684.0,,0.0024463298995758675,338.8246165607528,261257684.0,0.85
,83.9993991,4.9317658,1856.5912767,2.3408341,3992.0,0.532439,,,219.1245115,,1,TESS,261257684.0,,0.0024463298995758675,338.8246165607528,261257684.0,0.749
,83.9993991,4.9317658,1856.5912767,2.3408341,3992.0,0.532439,,,219.1245115,,1,TESS,261257684.0,,0.0024463298995758675,338.8246165607528,261257684.0,0.749
,83.9993991,4.9317658,1856.5912767,2.3408341,3992.0,0.532439,,,219.1245115,,1,TESS,261257684.0,,0.0024463298995758675,338.8246165607528,261257684.0,0.141
,83.9993991,4.9317658,1856.5912767,2.3408341,3992.0,0.532439,,,219.1245115,,1,TESS,261257684.0,,0.0024463298995758675,338.8246165607528,261257684.0,0.141
,4.5849129,5.2493974,2101.0682794,9.6158851,6272.0,2.0597899,,,1644.7907422,,1,TESS,305424003.0,,0.047705353285761136,22.722788742172842,305424003.0,0.988
,4.5849129,5.2493974,2101.0682794,9.6158851,6272.0,2.0597899,,,1644.7907422,,1,TESS,305424003.0,,0.047705353285761136,22.722788742172842,305424003.0,0.986
,4.5849129,5.2493974,2101.0682794,9.6158851,6272.0,2.0597899,,,1644.7907422,,1,TESS,305424003.0,,0.047705353285761136,22.722788742172842,305424003.0,0.813
,4.678059,1.8117452,2029.239148,2.2524868,3566.0,0.426465,,,495.2259613,,1,TESS,406941612.0,,0.01613690264722236,399.95270398831315,406941612.0,0.998
,4.678059,1.8117452,2029.239148,2.2524868,3566.0,0.426465,,,495.2259613,,1,TESS,406941612.0,,0.01613690264722236,399.95270398831315,406941612.0,0.998
,4.678059,1.8117452,2029.239148,2.2524868,3566.0,0.426465,,,495.2259613,,1,TESS,406941612.0,,0.01613690264722236,399.95270398831315,406941612.0,0.997
,4.678059,1.8117452,2029.239148,2.2524868,3566.0,0.426465,,,495.2259613,,1,TESS,406941612.0,,0.01613690264722236,399.95270398831315,406941612.0,0.997
,4.678059,1.8117452,2029.239148,2.2524868,3566.0,0.426465,,,495.2259613,,1,TESS,406941612.0,,0.01613690264722236,399.95270398831315,406941612.0,0.996
,4.678059,1.8117452,2029.239148,2.2524868,3566.0,0.426465,,,495.2259613,,1,TESS,406941612.0,,0.01613690264722236,399.95270398831315,406941612.0,0.989
,4.678059,1.8117452,2029.239148,2.2524868,3566.0,0.426465,,,495.2259613,,1,TESS,406941612.0,,0.01613690264722236,399.95270398831315,406941612.0,0.987
,4.678059,1.8117452,2029.239148,2.2524868,3566.0,0.426465,,,495.2259613,,1,TESS,406941612.0,,0.01613690264722236,399.95270398831315,406941612.0,0.963
,11.099348,3.2464373,1159.3892018,2.4827074,4948.0,0.732535,,,621.420415,,1,TESS,407126408.0,,0.01218704200693049,188.09536906994478,407126408.0,0.866
,0.8602406,0.5124345,719.5357708,0.9718795,3450.0,0.33819,,,830.4405814,,1,TESS,77156829.0,,0.024820307790425735,761.7756497068881,77156829.0,0.878
,0.8602406,0.5124345,719.5357708,0.9718795,3450.0,0.33819,,,830.4405814,,1,TESS,77156829.0,,0.024820307790425735,761.7756497068881,77156829.0,0.878
,0.8602406,0.5124345,719.5357708,0.9718795,3450.0,0.33819,,,830.4405814,,1,TESS,77156829.0,,0.024820307790425735,761.7756497068881,77156829.0,0.878
,0.8602406,0.5124345,719.5357708,0.9718795,3450.0,0.33819,,,830.4405814,,1,TESS,77156829.0,,0.024820307790425735,761.7756497068881,77156829.0,0.792
,0.8602406,0.5124345,719.5357708,0.9718795,3450.0,0.33819,,,830.4405814,,1,TESS,77156829.0,,0.024820307790425735,761.7756497068881,77156829.0,0.792
,0.8602406,0.5124345,719.5357708,0.9718795,3450.0,0.33819,,,830.4405814,,1,TESS,77156829.0,,0.024820307790425735,761.7756497068881,77156829.0,0.792
,0.8602406,0.5124345,719.5357708,0.9718795,3450.0,0.33819,,,830.4405814,,1,TESS,77156829.0,,0.024820307790425735,761.7756497068881,77156829.0,0.775
,0.8602406,0.5124345,719.5357708,0.9718795,3450.0,0.33819,,,830.4405814,,1,TESS,77156829.0,,0.024820307790425735,761.7756497068881,77156829.0,0.775
,0.8602406,0.5124345,719.5357708,0.9718795,3450.0,0.33819,,,830.4405814,,1,TESS,77156829.0,,0.024820307790425735,761.7756497068881,77156829.0,0.775
,0.8602406,0.5124345,719.5357708,0.9718795,3450.0,0.33819,,,830.4405814,,1,TESS,77156829.0,,0.024820307790425735,761.7756497068881,77156829.0,0.878
,0.8602406,0.5124345,719.5357708,0.9718795,3450.0,0.33819,,,830.4405814,,1,TESS,77156829.0,,0.024820307790425735,761.7756497068881,77156829.0,0.878
,0.8602406,0.5124345,719.5357708,0.9718795,3450.0,0.33819,,,830.4405814,,1,TESS,77156829.0,,0.024820307790425735,761.7756497068881,77156829.0,0.878
,0.8602406,0.5124345,719.5357708,0.9718795,3450.0,0.33819,,,830.4405814,,1,TESS,77156829.0,,0.024820307790425735,761.7756497068881,77156829.0,0.792
,0.8602406,0.5124345,719.5357708,0.9718795,3450.0,0.33819,,,830.4405814,,1,TESS,77156829.0,,0.024820307790425735,761.7756497068881,77156829.0,0.792
,0.8602406,0.5124345,719.5357708,0.9718795,3450.0,0.33819,,,830.4405814,,1,TESS,77156829.0,,0.024820307790425735,761.7756497068881,77156829.0,0.792
,0.8602406,0.5124345,719.5357708,0.9718795,3450.0,0.33819,,,830.4405814,,1,TESS,77156829.0,,0.024820307790425735,761.7756497068881,77156829.0,0.775
,0.8602406,0.5124345,719.5357708,0.9718795,3450.0,0.33819,,,830.4405814,,1,TESS,77156829.0,,0.024820307790425735,761.7756497068881,77156829.0,0.775
,0.8602406,0.5124345,719.5357708,0.9718795,3450.0,0.33819,,,830.4405814,,1,TESS,77156829.0,,0.024820307790425735,761.7756497068881,77156829.0,0.775
,0.8602406,0.5124345,719.5357708,0.9718795,3450.0,0.33819,,,830.4405814,,1,TESS,77156829.0,,0.024820307790425735,761.7756497068881,77156829.0,0.878
,0.8602406,0.5124345,719.5357708,0.9718795,3450.0,0.33819,,,830.4405814,,1,TESS,77156829.0,,0.024820307790425735,761.7756497068881,77156829.0,0.878
,0.8602406,0.5124345,719.5357708,0.9718795,3450.0,0.33819,,,830.4405814,,1,TESS,77156829.0,,0.024820307790425735,761.7756497068881,77156829.0,0.878
,0.8602406,0.5124345,719.5357708,0.9718795,3450.0,0.33819,,,830.4405814,,1,TESS,77156829.0,,0.024820307790425735,761.7756497068881,77156829.0,0.792
,0.8602406,0.5124345,719.5357708,0.9718795,3450.0,0.33819,,,830.4405814,,1,TESS,77156829.0,,0.024820307790425735,761.7756497068881,77156829.0,0.792
,0.8602406,0.5124345,719.5357708,0.9718795,3450.0,0.33819,,,830.4405814,,1,TESS,77156829.0,,0.024820307790425735,761.7756497068881,77156829.0,0.792
,0.8602406,0.5124345,719.5357708,0.9718795,3450.0,0.33819,,,830.4405814,,1,TESS,77156829.0,,0.024820307790425735,761.7756497068881,77156829.0,0.775
,0.8602406,0.5124345,719.5357708,0.9718795,3450.0,0.33819,,,830.4405814,,1,TESS,77156829.0,,0.024820307790425735,761.7756497068881,77156829.0,0.775
,0.8602406,0.5124345,719.5357708,0.9718795,3450.0,0.33819,,,830.4405814,,1,TESS,77156829.0,,0.024820307790425735,761.7756497068881,77156829.0,0.775
,3.6942604,1.1278521,832.8225921,1.0428407,3450.0,0.33819,,,510.9040793,,1,TESS,77156829.0,,0.012720770027464202,765.8013957046293,77156829.0,0.878
,3.6942604,1.1278521,832.8225921,1.0428407,3450.0,0.33819,,,510.9040793,,1,TESS,77156829.0,,0.012720770027464202,765.8013957046293,77156829.0,0.878
,3.6942604,1.1278521,832.8225921,1.0428407,3450.0,0.33819,,,510.9040793,,1,TESS,77156829.0,,0.012720770027464202,765.8013957046293,77156829.0,0.878
,3.6942604,1.1278521,832.8225921,1.0428407,3450.0,0.33819,,,510.9040793,,1,TESS,77156829.0,,0.012720770027464202,765.8013957046293,77156829.0,0.792
,3.6942604,1.1278521,832.8225921,1.0428407,3450.0,0.33819,,,510.9040793,,1,TESS,77156829.0,,0.012720770027464202,765.8013957046293,77156829.0,0.792
,3.6942604,1.1278521,832.8225921,1.0428407,3450.0,0.33819,,,510.9040793,,1,TESS,77156829.0,,0.012720770027464202,765.8013957046293,77156829.0,0.792
,3.6942604,1.1278521,832.8225921,1.0428407,3450.0,0.33819,,,510.9040793,,1,TESS,77156829.0,,0.012720770027464202,765.8013957046293,77156829.0,0.775
,3.6942604,1.1278521,832.8225921,1.0428407,3450.0,0.33819,,,510.9040793,,1,TESS,77156829.0,,0.012720770027464202,765.8013957046293,77156829.0,0.775
,3.6942604,1.1278521,832.8225921,1.0428407,3450.0,0.33819,,,510.9040793,,1,TESS,77156829.0,,0.012720770027464202,765.8013957046293,77156829.0,0.775
,3.6942604,1.1278521,832.8225921,1.0428407,3450.0,0.33819,,,510.9040793,,1,TESS,77156829.0,,0.012720770027464202,765.8013957046293,77156829.0,0.878
,3.6942604,1.1278521,832.8225921,1.0428407,3450.0,0.33819,,,510.9040793,,1,TESS,77156829.0,,0.012720770027464202,765.8013957046293,77156829.0,0.878
,3.6942604,1.1278521,832.8225921,1.0428407,3450.0,0.33819,,,510.9040793,,1,TESS,77156829.0,,0.012720770027464202,765.8013957046293,77156829.0,0.878
,3.6942604,1.1278521,832.8225921,1.0428407,3450.0,0.33819,,,510.9040793,,1,TESS,77156829.0,,0.012720770027464202,765.8013957046293,77156829.0,0.792
,3.6942604,1.1278521,832.8225921,1.0428407,3450.0,0.33819,,,510.9040793,,1,TESS,77156829.0,,0.012720770027464202,765.8013957046293,77156829.0,0.792
,3.6942604,1.1278521,832.8225921,1.0428407,3450.0,0.33819,,,510.9040793,,1,TESS,77156829.0,,0.012720770027464202,765.8013957046293,77156829.0,0.792
,3.6942604,1.1278521,832.8225921,1.0428407,3450.0,0.33819,,,510.9040793,,1,TESS,77156829.0,,0.012720770027464202,765.8013957046293,77156829.0,0.775
,3.6942604,1.1278521,832.8225921,1.0428407,3450.0,0.33819,,,510.9040793,,1,TESS,77156829.0,,0.012720770027464202,765.8013957046293,77156829.0,0.775
,3.6942604,1.1278521,832.8225921,1.0428407,3450.0,0.33819,,,510.9040793,,1,TESS,77156829.0,,0.012720770027464202,765.8013957046293,77156829.0,0.775
,3.6942604,1.1278521,832.8225921,1.0428407,3450.0,0.33819,,,510.9040793,,1,TESS,77156829.0,,0.012720770027464202,765.8013957046293,77156829.0,0.878
,3.6942604,1.1278521,832.8225921,1.0428407,3450.0,0.33819,,,510.9040793,,1,TESS,77156829.0,,0.012720770027464202,765.8013957046293,77156829.0,0.878
,3.6942604,1.1278521,832.8225921,1.0428407,3450.0,0.33819,,,510.9040793,,1,TESS,77156829.0,,0.012720770027464202,765.8013957046293,77156829.0,0.878
,3.6942604,1.1278521,832.8225921,1.0428407,3450.0,0.33819,,,510.9040793,,1,TESS,77156829.0,,0.012720770027464202,765.8013957046293,77156829.0,0.792
,3.6942604,1.1278521,832.8225921,1.0428407,3450.0,0.33819,,,510.9040793,,1,TESS,77156829.0,,0.012720770027464202,765.8013957046293,77156829.0,0.792
,3.6942604,1.1278521,832.8225921,1.0428407,3450.0,0.33819,,,510.9040793,,1,TESS,77156829.0,,0.012720770027464202,765.8013957046293,77156829.0,0.792
,3.6942604,1.1278521,832.8225921,1.0428407,3450.0,0.33819,,,510.9040793,,1,TESS,77156829.0,,0.012720770027464202,765.8013957046293,77156829.0,0.775
,3.6942604,1.1278521,832.8225921,1.0428407,3450.0,0.33819,,,510.9040793,,1,TESS,77156829.0,,0.012720770027464202,765.8013957046293,77156829.0,0.775
,3.6942604,1.1278521,832.8225921,1.0428407,3450.0,0.33819,,,510.9040793,,1,TESS,77156829.0,,0.012720770027464202,765.8013957046293,77156829.0,0.775
,4.9652069,0.9361524,633.0580849,0.8566925,3450.0,0.33819,,,462.9521337,,1,TESS,77156829.0,,0.00785593641076051,862.5673957350683,77156829.0,0.878
,4.9652069,0.9361524,633.0580849,0.8566925,3450.0,0.33819,,,462.9521337,,1,TESS,77156829.0,,0.00785593641076051,862.5673957350683,77156829.0,0.878
,4.9652069,0.9361524,633.0580849,0.8566925,3450.0,0.33819,,,462.9521337,,1,TESS,77156829.0,,0.00785593641076051,862.5673957350683,77156829.0,0.878
,4.9652069,0.9361524,633.0580849,0.8566925,3450.0,0.33819,,,462.9521337,,1,TESS,77156829.0,,0.00785593641076051,862.5673957350683,77156829.0,0.792
,4.9652069,0.9361524,633.0580849,0.8566925,3450.0,0.33819,,,462.9521337,,1,TESS,77156829.0,,0.00785593641076051,862.5673957350683,77156829.0,0.792
,4.9652069,0.9361524,633.0580849,0.8566925,3450.0,0.33819,,,462.9521337,,1,TESS,77156829.0,,0.00785593641076051,862.5673957350683,77156829.0,0.792
,4.9652069,0.9361524,633.0580849,0.8566925,3450.0,0.33819,,,462.9521337,,1,TESS,77156829.0,,0.00785593641076051,862.5673957350683,77156829.0,0.775
,4.9652069,0.9361524,633.0580849,0.8566925,3450.0,0.33819,,,462.9521337,,1,TESS,77156829.0,,0.00785593641076051,862.5673957350683,77156829.0,0.775
,4.9652069,0.9361524,633.0580849,0.8566925,3450.0,0.33819,,,462.9521337,,1,TESS,77156829.0,,0.00785593641076051,862.5673957350683,77156829.0,0.775
,4.9652069,0.9361524,633.0580849,0.8566925,3450.0,0.33819,,,462.9521337,,1,TESS,77156829.0,,0.00785593641076051,862.5673957350683,77156829.0,0.878
,4.9652069,0.9361524,633.0580849,0.8566925,3450.0,0.33819,,,462.9521337,,1,TESS,77156829.0,,0.00785593641076051,862.5673957350683,77156829.0,0.878
,4.9652069,0.9361524,633.0580849,0.8566925,3450.0,0.33819,,,462.9521337,,1,TESS,77156829.0,,0.00785593641076051,862.5673957350683,77156829.0,0.878
,4.9652069,0.9361524,633.0580849,0.8566925,3450.0,0.33819,,,462.9521337,,1,TESS,77156829.0,,0.00785593641076051,862.5673957350683,77156829.0,0.792
,4.9652069,0.9361524,633.0580849,0.8566925,3450.0,0.33819,,,462.9521337,,1,TESS,77156829.0,,0.00785593641076051,862.5673957350683,77156829.0,0.792
,4.9652069,0.9361524,633.0580849,0.8566925,3450.0,0.33819,,,462.9521337,,1,TESS,77156829.0,,0.00785593641076051,862.5673957350683,77156829.0,0.792
,4.9652069,0.9361524,633.0580849,0.8566925,3450.0,0.33819,,,462.9521337,,1,TESS,77156829.0,,0.00785593641076051,862.5673957350683,77156829.0,0.775
,4.9652069,0.9361524,633.0580849,0.8566925,3450.0,0.33819,,,462.9521337,,1,TESS,77156829.0,,0.00785593641076051,862.5673957350683,77156829.0,0.775
,4.9652069,0.9361524,633.0580849,0.8566925,3450.0,0.33819,,,462.9521337,,1,TESS,77156829.0,,0.00785593641076051,862.5673957350683,77156829.0,0.775
,4.9652069,0.9361524,633.0580849,0.8566925,3450.0,0.33819,,,462.9521337,,1,TESS,77156829.0,,0.00785593641076051,862.5673957350683,77156829.0,0.878
,4.9652069,0.9361524,633.0580849,0.8566925,3450.0,0.33819,,,462.9521337,,1,TESS,77156829.0,,0.00785593641076051,862.5673957350683,77156829.0,0.878
,4.9652069,0.9361524,633.0580849,0.8566925,3450.0,0.33819,,,462.9521337,,1,TESS,77156829.0,,0.00785593641076051,862.5673957350683,77156829.0,0.878
,4.9652069,0.9361524,633.0580849,0.8566925,3450.0,0.33819,,,462.9521337,,1,TESS,77156829.0,,0.00785593641076051,862.5673957350683,77156829.0,0.792
,4.9652069,0.9361524,633.0580849,0.8566925,3450.0,0.33819,,,462.9521337,,1,TESS,77156829.0,,0.00785593641076051,862.5673957350683,77156829.0,0.792
,4.9652069,0.9361524,633.0580849,0.8566925,3450.0,0.33819,,,462.9521337,,1,TESS,77156829.0,,0.00785593641076051,862.5673957350683,77156829.0,0.792
,4.9652069,0.9361524,633.0580849,0.8566925,3450.0,0.33819,,,462.9521337,,1,TESS,77156829.0,,0.00785593641076051,862.5673957350683,77156829.0,0.775
,4.9652069,0.9361524,633.0580849,0.8566925,3450.0,0.33819,,,462.9521337,,1,TESS,77156829.0,,0.00785593641076051,862.5673957350683,77156829.0,0.775
,4.9652069,0.9361524,633.0580849,0.8566925,3450.0,0.33819,,,462.9521337,,1,TESS,77156829.0,,0.00785593641076051,862.5673957350683,77156829.0,0.775
